open_time_brasilia,open,high,low,close,volume,close_time_brasilia,quote_volume,trades
2026-05-21 00:00:00,1.21000000,1.21100000,1.21000000,1.21100000,1186.99000000,2026-05-21 00:04:59,1437.36232000,14
2026-05-21 00:05:00,1.21200000,1.21500000,1.21200000,1.21500000,3865.64000000,2026-05-21 00:09:59,4689.42692000,35
2026-05-21 00:10:00,1.21600000,1.21600000,1.21300000,1.21400000,2049.33000000,2026-05-21 00:14:59,2488.40182000,19
2026-05-21 00:15:00,1.21500000,1.21500000,1.21400000,1.21400000,577.05000000,2026-05-21 00:19:59,700.70683000,13
2026-05-21 00:20:00,1.21500000,1.21500000,1.21500000,1.21500000,5119.74000000,2026-05-21 00:24:59,6220.48410000,19
2026-05-21 00:25:00,1.21600000,1.21700000,1.21500000,1.21600000,844.55000000,2026-05-21 00:29:59,1027.00735000,16
2026-05-21 00:30:00,1.21600000,1.21600000,1.21500000,1.21600000,652.80000000,2026-05-21 00:34:59,793.19473000,16
2026-05-21 00:35:00,1.21500000,1.21500000,1.21400000,1.21400000,59.69000000,2026-05-21 00:39:59,72.48835000,5
2026-05-21 00:40:00,1.21400000,1.21400000,1.21200000,1.21200000,2893.72000000,2026-05-21 00:44:59,3509.37638000,21
2026-05-21 00:45:00,1.21200000,1.21300000,1.21200000,1.21200000,1398.54000000,2026-05-21 00:49:59,1695.74115000,16
2026-05-21 00:50:00,1.21200000,1.21200000,1.21100000,1.21200000,1000.13000000,2026-05-21 00:54:59,1212.12256000,13
2026-05-21 00:55:00,1.21200000,1.21400000,1.21200000,1.21400000,1107.02000000,2026-05-21 00:59:59,1343.14358000,16
2026-05-21 01:00:00,1.21300000,1.21500000,1.21300000,1.21300000,911.85000000,2026-05-21 01:04:59,1106.94179000,14
2026-05-21 01:05:00,1.21400000,1.21600000,1.21400000,1.21600000,1092.15000000,2026-05-21 01:09:59,1326.57328000,20
2026-05-21 01:10:00,1.21500000,1.21500000,1.21400000,1.21400000,1570.17000000,2026-05-21 01:14:59,1906.91605000,19
2026-05-21 01:15:00,1.21300000,1.21400000,1.21300000,1.21400000,1330.60000000,2026-05-21 01:19:59,1614.78377000,22
2026-05-21 01:20:00,1.21300000,1.21400000,1.21300000,1.21400000,958.56000000,2026-05-21 01:24:59,1163.05231000,17
2026-05-21 01:25:00,1.21300000,1.21400000,1.21100000,1.21100000,4652.45000000,2026-05-21 01:29:59,5639.92622000,24
2026-05-21 01:30:00,1.21100000,1.21200000,1.20900000,1.20900000,1417.09000000,2026-05-21 01:34:59,1716.15804000,17
2026-05-21 01:35:00,1.21000000,1.21000000,1.20800000,1.20900000,1492.31000000,2026-05-21 01:39:59,1804.07190000,22
2026-05-21 01:40:00,1.21000000,1.21100000,1.21000000,1.21100000,509.72000000,2026-05-21 01:44:59,616.91261000,11
2026-05-21 01:45:00,1.21100000,1.21100000,1.21000000,1.21000000,361.10000000,2026-05-21 01:49:59,437.20772000,3
2026-05-21 01:50:00,1.21100000,1.21200000,1.21100000,1.21200000,1919.30000000,2026-05-21 01:54:59,2324.66903000,22
2026-05-21 01:55:00,1.21100000,1.21200000,1.21100000,1.21200000,602.88000000,2026-05-21 01:59:59,730.60805000,8
2026-05-21 02:00:00,1.21100000,1.21200000,1.21000000,1.21200000,1124.83000000,2026-05-21 02:04:59,1362.28378000,22
2026-05-21 02:05:00,1.21300000,1.21300000,1.21200000,1.21200000,621.57000000,2026-05-21 02:09:59,753.81953000,10
2026-05-21 02:10:00,1.21300000,1.21300000,1.21000000,1.21000000,760.79000000,2026-05-21 02:14:59,922.02919000,16
2026-05-21 02:15:00,1.21000000,1.21000000,1.20900000,1.21000000,983.65000000,2026-05-21 02:19:59,1189.86857000,14
2026-05-21 02:20:00,1.21000000,1.21000000,1.20900000,1.21000000,3205.87000000,2026-05-21 02:24:59,3878.02064000,13
2026-05-21 02:25:00,1.21000000,1.21000000,1.20600000,1.20600000,1952.32000000,2026-05-21 02:29:59,2360.88978000,28
2026-05-21 02:30:00,1.20600000,1.20700000,1.20400000,1.20700000,1711.86000000,2026-05-21 02:34:59,2064.11793000,32
2026-05-21 02:35:00,1.20600000,1.20600000,1.20500000,1.20500000,1063.87000000,2026-05-21 02:39:59,1282.43721000,20
2026-05-21 02:40:00,1.20600000,1.20600000,1.20600000,1.20600000,3931.01000000,2026-05-21 02:44:59,4740.79806000,19
2026-05-21 02:45:00,1.20600000,1.20700000,1.20200000,1.20400000,7699.52000000,2026-05-21 02:49:59,9268.86538000,53
2026-05-21 02:50:00,1.20500000,1.20600000,1.20500000,1.20500000,773.46000000,2026-05-21 02:54:59,932.10318000,11
2026-05-21 02:55:00,1.20500000,1.20500000,1.19300000,1.20300000,98447.52000000,2026-05-21 02:59:59,117960.83473000,617
2026-05-21 03:00:00,1.20300000,1.20400000,1.20200000,1.20400000,5001.84000000,2026-05-21 03:04:59,6014.47262000,43
2026-05-21 03:05:00,1.20400000,1.20600000,1.20400000,1.20500000,7329.75000000,2026-05-21 03:09:59,8832.07567000,59
2026-05-21 03:10:00,1.20500000,1.20700000,1.20500000,1.20500000,5949.11000000,2026-05-21 03:14:59,7170.83915000,52
2026-05-21 03:15:00,1.20600000,1.20600000,1.20300000,1.20400000,6284.48000000,2026-05-21 03:19:59,7568.14191000,62
2026-05-21 03:20:00,1.20400000,1.20700000,1.20400000,1.20600000,8527.85000000,2026-05-21 03:24:59,10277.21028000,59
2026-05-21 03:25:00,1.20700000,1.20800000,1.20500000,1.20500000,24683.92000000,2026-05-21 03:29:59,29799.18562000,88
2026-05-21 03:30:00,1.20500000,1.20500000,1.20300000,1.20400000,8966.44000000,2026-05-21 03:34:59,10791.75174000,63
2026-05-21 03:35:00,1.20400000,1.20500000,1.20300000,1.20400000,7816.21000000,2026-05-21 03:39:59,9414.00590000,39
2026-05-21 03:40:00,1.20400000,1.20500000,1.20400000,1.20400000,6199.22000000,2026-05-21 03:44:59,7467.78083000,29
2026-05-21 03:45:00,1.20400000,1.20400000,1.20300000,1.20300000,3708.04000000,2026-05-21 03:49:59,4461.56338000,45
2026-05-21 03:50:00,1.20400000,1.20500000,1.20300000,1.20400000,5791.76000000,2026-05-21 03:54:59,6972.83992000,62
2026-05-21 03:55:00,1.20300000,1.20300000,1.20100000,1.20200000,1179.56000000,2026-05-21 03:59:59,1416.98523000,27
2026-05-21 04:00:00,1.20100000,1.20300000,1.20000000,1.20100000,1850.46000000,2026-05-21 04:04:59,2223.38089000,34
2026-05-21 04:05:00,1.20100000,1.20200000,1.20100000,1.20200000,1341.61000000,2026-05-21 04:09:59,1612.47034000,15
2026-05-21 04:10:00,1.20200000,1.20200000,1.19900000,1.19900000,5191.69000000,2026-05-21 04:14:59,6231.58556000,55
2026-05-21 04:15:00,1.19900000,1.20100000,1.19700000,1.19800000,4633.92000000,2026-05-21 04:19:59,5557.27079000,48
2026-05-21 04:20:00,1.19900000,1.20000000,1.19700000,1.19900000,20136.50000000,2026-05-21 04:24:59,24136.09286000,70
2026-05-21 04:25:00,1.20000000,1.20000000,1.19800000,1.19800000,131.06000000,2026-05-21 04:29:59,157.11443000,5
2026-05-21 04:30:00,1.20000000,1.20300000,1.20000000,1.20300000,1401.98000000,2026-05-21 04:34:59,1683.79477000,19
2026-05-21 04:35:00,1.20400000,1.20600000,1.20400000,1.20600000,2139.25000000,2026-05-21 04:39:59,2577.06382000,28
2026-05-21 04:40:00,1.20700000,1.20700000,1.20600000,1.20600000,3030.05000000,2026-05-21 04:44:59,3654.25437000,22
2026-05-21 04:45:00,1.20700000,1.20700000,1.20600000,1.20600000,2043.97000000,2026-05-21 04:49:59,2465.99324000,14
2026-05-21 04:50:00,1.20700000,1.20700000,1.20700000,1.20700000,411.48000000,2026-05-21 04:54:59,496.65636000,7
2026-05-21 04:55:00,1.20700000,1.20700000,1.20600000,1.20600000,1469.06000000,2026-05-21 04:59:59,1772.09548000,9
2026-05-21 05:00:00,1.20600000,1.20800000,1.20600000,1.20800000,2265.84000000,2026-05-21 05:04:59,2733.35220000,23
2026-05-21 05:05:00,1.20900000,1.21100000,1.20800000,1.21000000,3347.25000000,2026-05-21 05:09:59,4047.34064000,39
2026-05-21 05:10:00,1.20900000,1.20900000,1.20800000,1.20800000,2799.67000000,2026-05-21 05:14:59,3383.77724000,22
2026-05-21 05:15:00,1.20900000,1.21000000,1.20800000,1.20800000,3085.24000000,2026-05-21 05:19:59,3730.63434000,31
2026-05-21 05:20:00,1.20700000,1.20800000,1.20600000,1.20800000,1372.40000000,2026-05-21 05:24:59,1655.77268000,20
2026-05-21 05:25:00,1.20900000,1.20900000,1.20800000,1.20900000,789.65000000,2026-05-21 05:29:59,954.15100000,12
2026-05-21 05:30:00,1.20900000,1.20900000,1.20600000,1.20700000,2164.27000000,2026-05-21 05:34:59,2614.15814000,15
2026-05-21 05:35:00,1.20600000,1.20600000,1.20500000,1.20600000,910.37000000,2026-05-21 05:39:59,1097.88122000,19
2026-05-21 05:40:00,1.20600000,1.20700000,1.20600000,1.20700000,388.30000000,2026-05-21 05:44:59,468.29493000,8
2026-05-21 05:45:00,1.20600000,1.20600000,1.20400000,1.20500000,700.58000000,2026-05-21 05:49:59,844.30767000,12
2026-05-21 05:50:00,1.20500000,1.20500000,1.20300000,1.20300000,2387.37000000,2026-05-21 05:54:59,2873.76020000,22
2026-05-21 05:55:00,1.20400000,1.20400000,1.20300000,1.20400000,1498.45000000,2026-05-21 05:59:59,1803.65851000,16
2026-05-21 06:00:00,1.20500000,1.20700000,1.20500000,1.20700000,1530.81000000,2026-05-21 06:04:59,1844.67181000,19
2026-05-21 06:05:00,1.20800000,1.20800000,1.20500000,1.20600000,2803.35000000,2026-05-21 06:09:59,3381.93494000,30
2026-05-21 06:10:00,1.20700000,1.20800000,1.20700000,1.20700000,1428.55000000,2026-05-21 06:14:59,1724.59587000,19
2026-05-21 06:15:00,1.20700000,1.20700000,1.20500000,1.20500000,329.81000000,2026-05-21 06:19:59,397.44206000,11
2026-05-21 06:20:00,1.20500000,1.20600000,1.20500000,1.20600000,1469.96000000,2026-05-21 06:24:59,1771.97329000,25
2026-05-21 06:25:00,1.20500000,1.20500000,1.20500000,1.20500000,423.43000000,2026-05-21 06:29:59,510.23315000,10
2026-05-21 06:30:00,1.20500000,1.20500000,1.20100000,1.20100000,1608.93000000,2026-05-21 06:34:59,1934.50056000,49
2026-05-21 06:35:00,1.20000000,1.20200000,1.19800000,1.19800000,8724.12000000,2026-05-21 06:39:59,10464.41966000,90
2026-05-21 06:40:00,1.19900000,1.20100000,1.19900000,1.20100000,4114.01000000,2026-05-21 06:44:59,4937.24634000,40
2026-05-21 06:45:00,1.20100000,1.20200000,1.20000000,1.20200000,2849.39000000,2026-05-21 06:49:59,3424.31447000,20
2026-05-21 06:50:00,1.20200000,1.20300000,1.19600000,1.19900000,43947.76000000,2026-05-21 06:54:59,52676.28825000,187
2026-05-21 06:55:00,1.19900000,1.19900000,1.19700000,1.19700000,3814.16000000,2026-05-21 06:59:59,4569.99882000,52
2026-05-21 07:00:00,1.19700000,1.20000000,1.19700000,1.19900000,3417.51000000,2026-05-21 07:04:59,4092.58432000,38
2026-05-21 07:05:00,1.19900000,1.19900000,1.19600000,1.19800000,6619.74000000,2026-05-21 07:09:59,7927.32054000,54
2026-05-21 07:10:00,1.19800000,1.19900000,1.19700000,1.19800000,5855.79000000,2026-05-21 07:14:59,7015.48955000,37
2026-05-21 07:15:00,1.19800000,1.20000000,1.19800000,1.20000000,4367.73000000,2026-05-21 07:19:59,5235.34331000,22
2026-05-21 07:20:00,1.19900000,1.20100000,1.19900000,1.20100000,832.98000000,2026-05-21 07:24:59,1000.09715000,14
2026-05-21 07:25:00,1.20000000,1.20000000,1.18800000,1.19100000,26346.00000000,2026-05-21 07:29:59,31443.07538000,239
2026-05-21 07:30:00,1.19000000,1.19200000,1.18600000,1.19200000,3318.59000000,2026-05-21 07:34:59,3946.01423000,75
2026-05-21 07:35:00,1.19300000,1.19300000,1.18500000,1.18600000,7458.22000000,2026-05-21 07:39:59,8868.77887000,92
2026-05-21 07:40:00,1.18700000,1.18900000,1.18500000,1.18900000,3835.71000000,2026-05-21 07:44:59,4553.99802000,73
2026-05-21 07:45:00,1.18800000,1.18800000,1.18700000,1.18800000,781.38000000,2026-05-21 07:49:59,928.19118000,18
2026-05-21 07:50:00,1.18800000,1.18800000,1.18500000,1.18600000,2564.63000000,2026-05-21 07:54:59,3045.06457000,35
2026-05-21 07:55:00,1.18600000,1.18700000,1.18400000,1.18600000,4501.22000000,2026-05-21 07:59:59,5337.33182000,77
2026-05-21 08:00:00,1.18500000,1.18800000,1.18300000,1.18700000,4680.85000000,2026-05-21 08:04:59,5547.85696000,82
2026-05-21 08:05:00,1.18600000,1.18800000,1.18500000,1.18700000,1303.25000000,2026-05-21 08:09:59,1545.39490000,26
2026-05-21 08:10:00,1.18700000,1.18900000,1.18700000,1.18900000,855.14000000,2026-05-21 08:14:59,1016.48020000,14
2026-05-21 08:15:00,1.19000000,1.19000000,1.18900000,1.18900000,1419.54000000,2026-05-21 08:19:59,1688.89927000,25
2026-05-21 08:20:00,1.19000000,1.19100000,1.18900000,1.18900000,2621.89000000,2026-05-21 08:24:59,3120.50317000,36
2026-05-21 08:25:00,1.18900000,1.18900000,1.18900000,1.18900000,3434.99000000,2026-05-21 08:29:59,4084.20311000,15
2026-05-21 08:30:00,1.19000000,1.19000000,1.18900000,1.19000000,2046.42000000,2026-05-21 08:34:59,2435.05211000,19
2026-05-21 08:35:00,1.19000000,1.19000000,1.18800000,1.19000000,945.49000000,2026-05-21 08:39:59,1124.66715000,25
2026-05-21 08:40:00,1.19000000,1.19000000,1.18800000,1.18800000,412.49000000,2026-05-21 08:44:59,490.57377000,7
2026-05-21 08:45:00,1.18900000,1.18900000,1.18900000,1.18900000,504.59000000,2026-05-21 08:49:59,599.95751000,6
2026-05-21 08:50:00,1.18900000,1.18900000,1.18900000,1.18900000,311.54000000,2026-05-21 08:54:59,370.42106000,9
2026-05-21 08:55:00,1.18900000,1.18900000,1.18700000,1.18900000,1109.77000000,2026-05-21 08:59:59,1318.41165000,21
2026-05-21 09:00:00,1.18900000,1.19000000,1.18700000,1.19000000,1876.42000000,2026-05-21 09:04:59,2229.76112000,43
2026-05-21 09:05:00,1.19000000,1.19000000,1.18700000,1.19000000,1959.73000000,2026-05-21 09:09:59,2329.36344000,29
2026-05-21 09:10:00,1.19000000,1.19000000,1.18700000,1.18800000,670.98000000,2026-05-21 09:14:59,797.46364000,10
2026-05-21 09:15:00,1.18800000,1.18900000,1.18800000,1.18900000,1061.67000000,2026-05-21 09:19:59,1262.20678000,15
2026-05-21 09:20:00,1.18900000,1.18900000,1.18800000,1.18900000,599.95000000,2026-05-21 09:24:59,713.31555000,8
2026-05-21 09:25:00,1.19000000,1.19000000,1.18900000,1.18900000,1005.90000000,2026-05-21 09:29:59,1196.89892000,9
2026-05-21 09:30:00,1.18800000,1.19300000,1.18700000,1.19300000,4833.95000000,2026-05-21 09:34:59,5752.99234000,70
2026-05-21 09:35:00,1.19300000,1.19400000,1.19300000,1.19400000,1042.94000000,2026-05-21 09:39:59,1244.44446000,23
2026-05-21 09:40:00,1.19300000,1.19300000,1.19200000,1.19200000,508.62000000,2026-05-21 09:44:59,606.64628000,16
2026-05-21 09:45:00,1.19300000,1.19400000,1.19300000,1.19400000,1249.26000000,2026-05-21 09:49:59,1490.56694000,21
2026-05-21 09:50:00,1.19300000,1.19300000,1.19200000,1.19200000,8273.90000000,2026-05-21 09:54:59,9862.82001000,31
2026-05-21 09:55:00,1.19200000,1.19200000,1.18900000,1.18900000,1028.09000000,2026-05-21 09:59:59,1224.33190000,23
2026-05-21 10:00:00,1.19000000,1.19200000,1.19000000,1.19100000,557.64000000,2026-05-21 10:04:59,664.38274000,12
2026-05-21 10:05:00,1.19200000,1.19200000,1.19100000,1.19100000,1920.02000000,2026-05-21 10:09:59,2287.23352000,27
2026-05-21 10:10:00,1.19100000,1.19100000,1.19000000,1.19100000,1496.76000000,2026-05-21 10:14:59,1782.55482000,15
2026-05-21 10:15:00,1.19100000,1.19100000,1.18900000,1.19000000,2522.37000000,2026-05-21 10:19:59,3001.06475000,26
2026-05-21 10:20:00,1.19000000,1.19200000,1.19000000,1.19100000,1222.27000000,2026-05-21 10:24:59,1455.51000000,22
2026-05-21 10:25:00,1.19200000,1.19400000,1.19200000,1.19400000,1565.31000000,2026-05-21 10:29:59,1866.68720000,16
2026-05-21 10:30:00,1.19400000,1.19400000,1.18900000,1.19000000,3873.84000000,2026-05-21 10:34:59,4617.76169000,59
2026-05-21 10:35:00,1.19000000,1.19100000,1.18700000,1.18800000,2141.78000000,2026-05-21 10:39:59,2546.13973000,63
2026-05-21 10:40:00,1.18700000,1.19100000,1.18500000,1.18500000,2540.83000000,2026-05-21 10:44:59,3020.54739000,47
2026-05-21 10:45:00,1.18600000,1.18900000,1.18600000,1.18800000,2633.60000000,2026-05-21 10:49:59,3126.62372000,41
2026-05-21 10:50:00,1.18800000,1.19400000,1.18800000,1.19400000,5597.16000000,2026-05-21 10:54:59,6670.55742000,86
2026-05-21 10:55:00,1.19400000,1.19600000,1.19400000,1.19600000,6204.10000000,2026-05-21 10:59:59,7417.20433000,87
2026-05-21 11:00:00,1.19600000,1.19800000,1.19600000,1.19700000,3668.88000000,2026-05-21 11:04:59,4392.01804000,58
2026-05-21 11:05:00,1.19700000,1.19700000,1.19300000,1.19500000,2593.16000000,2026-05-21 11:09:59,3097.49524000,36
2026-05-21 11:10:00,1.19500000,1.19500000,1.19000000,1.19200000,3241.61000000,2026-05-21 11:14:59,3863.91774000,59
2026-05-21 11:15:00,1.19100000,1.19100000,1.18700000,1.18700000,5997.09000000,2026-05-21 11:19:59,7130.14264000,145
2026-05-21 11:20:00,1.18700000,1.18900000,1.18400000,1.18800000,6256.67000000,2026-05-21 11:24:59,7423.63836000,124
2026-05-21 11:25:00,1.18700000,1.18800000,1.18700000,1.18800000,2158.32000000,2026-05-21 11:29:59,2563.51651000,33
2026-05-21 11:30:00,1.18900000,1.19000000,1.18800000,1.18900000,2338.34000000,2026-05-21 11:34:59,2780.60580000,37
2026-05-21 11:35:00,1.18900000,1.18900000,1.18700000,1.18700000,1270.91000000,2026-05-21 11:39:59,1510.03238000,24
2026-05-21 11:40:00,1.18600000,1.18600000,1.18300000,1.18300000,4046.29000000,2026-05-21 11:44:59,4792.09682000,61
2026-05-21 11:45:00,1.18400000,1.18400000,1.18100000,1.18200000,8009.87000000,2026-05-21 11:49:59,9474.00551000,80
2026-05-21 11:50:00,1.18100000,1.18500000,1.18100000,1.18500000,2801.14000000,2026-05-21 11:54:59,3313.22999000,48
2026-05-21 11:55:00,1.18500000,1.18500000,1.18300000,1.18400000,2677.59000000,2026-05-21 11:59:59,3170.35885000,27
2026-05-21 12:00:00,1.18400000,1.18400000,1.18200000,1.18200000,5906.80000000,2026-05-21 12:04:59,6985.95742000,66
2026-05-21 12:05:00,1.18200000,1.18200000,1.17700000,1.17900000,3439.17000000,2026-05-21 12:09:59,4057.40640000,69
2026-05-21 12:10:00,1.17900000,1.18600000,1.17800000,1.18300000,4380.93000000,2026-05-21 12:14:59,5177.54312000,96
2026-05-21 12:15:00,1.18200000,1.18700000,1.18200000,1.18700000,3553.84000000,2026-05-21 12:19:59,4209.36401000,94
2026-05-21 12:20:00,1.18700000,1.18900000,1.18600000,1.18900000,2930.63000000,2026-05-21 12:24:59,3480.99873000,50
2026-05-21 12:25:00,1.18800000,1.19000000,1.18800000,1.18900000,3475.42000000,2026-05-21 12:29:59,4135.09448000,37
2026-05-21 12:30:00,1.19000000,1.19100000,1.18500000,1.18500000,5081.64000000,2026-05-21 12:34:59,6036.16203000,77
2026-05-21 12:35:00,1.18600000,1.18800000,1.18600000,1.18800000,2498.21000000,2026-05-21 12:39:59,2966.10043000,50
2026-05-21 12:40:00,1.18800000,1.18800000,1.18700000,1.18700000,182.76000000,2026-05-21 12:44:59,217.11436000,3
2026-05-21 12:45:00,1.18700000,1.19100000,1.18700000,1.18900000,1276.94000000,2026-05-21 12:49:59,1518.68934000,29
2026-05-21 12:50:00,1.18900000,1.18900000,1.18500000,1.18500000,1515.07000000,2026-05-21 12:54:59,1799.83889000,19
2026-05-21 12:55:00,1.18500000,1.18700000,1.18500000,1.18700000,1321.98000000,2026-05-21 12:59:59,1567.28254000,29
2026-05-21 13:00:00,1.18700000,1.18900000,1.18700000,1.18800000,2457.65000000,2026-05-21 13:04:59,2920.55645000,41
2026-05-21 13:05:00,1.18700000,1.18800000,1.18500000,1.18800000,2076.23000000,2026-05-21 13:09:59,2462.60028000,26
2026-05-21 13:10:00,1.18800000,1.18800000,1.18400000,1.18600000,2189.90000000,2026-05-21 13:14:59,2595.81965000,47
2026-05-21 13:15:00,1.18500000,1.18500000,1.18300000,1.18300000,669.70000000,2026-05-21 13:19:59,792.73978000,14
2026-05-21 13:20:00,1.18400000,1.18400000,1.18100000,1.18300000,1029.39000000,2026-05-21 13:24:59,1217.32087000,20
2026-05-21 13:25:00,1.18100000,1.18300000,1.18100000,1.18300000,175.89000000,2026-05-21 13:29:59,207.98217000,7
2026-05-21 13:30:00,1.18300000,1.18500000,1.18300000,1.18500000,554.87000000,2026-05-21 13:34:59,657.20715000,16
2026-05-21 13:35:00,1.18400000,1.18400000,1.18200000,1.18200000,2755.50000000,2026-05-21 13:39:59,3257.69989000,20
2026-05-21 13:40:00,1.18200000,1.18200000,1.18100000,1.18100000,519.71000000,2026-05-21 13:44:59,614.26025000,13
2026-05-21 13:45:00,1.18100000,1.18200000,1.18100000,1.18100000,606.33000000,2026-05-21 13:49:59,716.18973000,7
2026-05-21 13:50:00,1.18100000,1.18200000,1.18000000,1.18100000,1516.93000000,2026-05-21 13:54:59,1791.43550000,25
2026-05-21 13:55:00,1.18200000,1.18300000,1.18200000,1.18300000,205.16000000,2026-05-21 13:59:59,242.66473000,7
2026-05-21 14:00:00,1.18400000,1.18600000,1.18400000,1.18400000,1384.75000000,2026-05-21 14:04:59,1641.74299000,25
2026-05-21 14:05:00,1.18400000,1.18500000,1.18400000,1.18400000,802.51000000,2026-05-21 14:09:59,950.18027000,9
2026-05-21 14:10:00,1.18400000,1.19200000,1.18400000,1.19000000,10240.98000000,2026-05-21 14:14:59,12174.42654000,111
2026-05-21 14:15:00,1.19100000,1.19600000,1.19100000,1.19500000,17201.91000000,2026-05-21 14:19:59,20539.98596000,153
2026-05-21 14:20:00,1.19600000,1.20000000,1.19400000,1.19900000,25109.26000000,2026-05-21 14:24:59,30090.95856000,209
2026-05-21 14:25:00,1.20000000,1.20100000,1.20000000,1.20000000,5782.62000000,2026-05-21 14:29:59,6941.42029000,47
2026-05-21 14:30:00,1.20100000,1.20100000,1.19900000,1.20100000,2469.56000000,2026-05-21 14:34:59,2964.32619000,38
2026-05-21 14:35:00,1.20200000,1.20300000,1.20200000,1.20200000,2865.46000000,2026-05-21 14:39:59,3445.40485000,28
2026-05-21 14:40:00,1.20300000,1.20400000,1.20200000,1.20300000,4122.20000000,2026-05-21 14:44:59,4957.95759000,25
2026-05-21 14:45:00,1.20300000,1.20400000,1.20200000,1.20400000,8478.84000000,2026-05-21 14:49:59,10195.76981000,37
2026-05-21 14:50:00,1.20500000,1.21000000,1.20500000,1.20800000,6726.99000000,2026-05-21 14:54:59,8129.33187000,55
2026-05-21 14:55:00,1.20900000,1.20900000,1.20400000,1.20400000,4007.50000000,2026-05-21 14:59:59,4840.40950000,43
2026-05-21 15:00:00,1.20400000,1.20700000,1.20300000,1.20400000,2654.27000000,2026-05-21 15:04:59,3197.51594000,45
2026-05-21 15:05:00,1.20400000,1.20500000,1.20300000,1.20500000,801.37000000,2026-05-21 15:09:59,964.77093000,15
2026-05-21 15:10:00,1.20500000,1.20500000,1.20400000,1.20500000,1060.52000000,2026-05-21 15:14:59,1277.68212000,19
2026-05-21 15:15:00,1.20400000,1.20700000,1.20300000,1.20700000,3277.96000000,2026-05-21 15:19:59,3946.95937000,40
2026-05-21 15:20:00,1.20700000,1.20800000,1.20600000,1.20800000,1095.35000000,2026-05-21 15:24:59,1322.11458000,20
2026-05-21 15:25:00,1.20900000,1.21000000,1.20800000,1.20800000,1393.75000000,2026-05-21 15:29:59,1684.66682000,19
2026-05-21 15:30:00,1.20700000,1.20700000,1.20600000,1.20600000,263.23000000,2026-05-21 15:34:59,317.49220000,8
2026-05-21 15:35:00,1.20600000,1.20600000,1.20600000,1.20600000,189.95000000,2026-05-21 15:39:59,229.07970000,7
2026-05-21 15:40:00,1.20600000,1.20700000,1.20600000,1.20700000,869.99000000,2026-05-21 15:44:59,1049.59668000,14
2026-05-21 15:45:00,1.20600000,1.20600000,1.20000000,1.20100000,2019.02000000,2026-05-21 15:49:59,2428.45532000,25
2026-05-21 15:50:00,1.20100000,1.20300000,1.19800000,1.19900000,6579.55000000,2026-05-21 15:54:59,7900.35102000,78
2026-05-21 15:55:00,1.19900000,1.20100000,1.19900000,1.20100000,3151.10000000,2026-05-21 15:59:59,3781.00243000,30
2026-05-21 16:00:00,1.20200000,1.20400000,1.20200000,1.20300000,2019.50000000,2026-05-21 16:04:59,2428.72781000,27
2026-05-21 16:05:00,1.20200000,1.20300000,1.20100000,1.20300000,3544.64000000,2026-05-21 16:09:59,4260.21724000,33
2026-05-21 16:10:00,1.20400000,1.20400000,1.20200000,1.20300000,2661.96000000,2026-05-21 16:14:59,3201.19041000,23
2026-05-21 16:15:00,1.20400000,1.20400000,1.20300000,1.20400000,459.21000000,2026-05-21 16:19:59,552.44663000,7
2026-05-21 16:20:00,1.20300000,1.20300000,1.20300000,1.20300000,1107.35000000,2026-05-21 16:24:59,1332.14205000,14
2026-05-21 16:25:00,1.20200000,1.20300000,1.20100000,1.20100000,1074.66000000,2026-05-21 16:29:59,1292.35816000,20
2026-05-21 16:30:00,1.20100000,1.20300000,1.20100000,1.20300000,967.82000000,2026-05-21 16:34:59,1164.06573000,11
2026-05-21 16:35:00,1.20400000,1.20500000,1.20300000,1.20500000,5315.25000000,2026-05-21 16:39:59,6401.31549000,32
2026-05-21 16:40:00,1.20400000,1.20400000,1.20300000,1.20400000,2092.06000000,2026-05-21 16:44:59,2517.65106000,18
2026-05-21 16:45:00,1.20400000,1.20700000,1.20400000,1.20600000,693.54000000,2026-05-21 16:49:59,835.87195000,17
2026-05-21 16:50:00,1.20700000,1.20800000,1.20500000,1.20700000,1122.83000000,2026-05-21 16:54:59,1354.91344000,33
2026-05-21 16:55:00,1.20600000,1.20900000,1.20500000,1.20800000,10112.13000000,2026-05-21 16:59:59,12218.48093000,51
2026-05-21 17:00:00,1.20700000,1.20700000,1.20600000,1.20600000,391.45000000,2026-05-21 17:04:59,472.43353000,10
2026-05-21 17:05:00,1.20700000,1.20900000,1.20700000,1.20800000,1150.81000000,2026-05-21 17:09:59,1390.28343000,17
2026-05-21 17:10:00,1.20800000,1.20800000,1.20800000,1.20800000,817.71000000,2026-05-21 17:14:59,987.79368000,13
2026-05-21 17:15:00,1.20700000,1.20700000,1.20700000,1.20700000,341.78000000,2026-05-21 17:19:59,412.52846000,5
2026-05-21 17:20:00,1.20700000,1.20700000,1.20600000,1.20700000,854.17000000,2026-05-21 17:24:59,1030.89513000,7
2026-05-21 17:25:00,1.20700000,1.20700000,1.20600000,1.20600000,613.52000000,2026-05-21 17:29:59,740.23274000,11
2026-05-21 17:30:00,1.20700000,1.20800000,1.20700000,1.20800000,242.06000000,2026-05-21 17:34:59,292.29906000,8
2026-05-21 17:35:00,1.20800000,1.20800000,1.20800000,1.20800000,807.48000000,2026-05-21 17:39:59,975.43584000,7
2026-05-21 17:40:00,1.20800000,1.20900000,1.20800000,1.20900000,384.58000000,2026-05-21 17:44:59,464.75199000,5
2026-05-21 17:45:00,1.21000000,1.21100000,1.21000000,1.21100000,2424.81000000,2026-05-21 17:49:59,2934.81557000,17
2026-05-21 17:50:00,1.21100000,1.21100000,1.20800000,1.20800000,1813.02000000,2026-05-21 17:54:59,2192.26789000,17
2026-05-21 17:55:00,1.20800000,1.20800000,1.20800000,1.20800000,686.78000000,2026-05-21 17:59:59,829.63024000,6
2026-05-21 18:00:00,1.20900000,1.20900000,1.20800000,1.20900000,9835.43000000,2026-05-21 18:04:59,11882.90592000,54
2026-05-21 18:05:00,1.20900000,1.20900000,1.20900000,1.20900000,12.13000000,2026-05-21 18:09:59,14.66517000,2
2026-05-21 18:10:00,1.21000000,1.21100000,1.20900000,1.20900000,1022.38000000,2026-05-21 18:14:59,1237.32767000,16
2026-05-21 18:15:00,1.20800000,1.20900000,1.20800000,1.20800000,1799.99000000,2026-05-21 18:19:59,2174.39237000,19
2026-05-21 18:20:00,1.20800000,1.20900000,1.20800000,1.20800000,1949.89000000,2026-05-21 18:24:59,2355.86905000,23
2026-05-21 18:25:00,1.20800000,1.20800000,1.20800000,1.20800000,4.13000000,2026-05-21 18:29:59,4.98904000,1
2026-05-21 18:30:00,1.20800000,1.20900000,1.20800000,1.20900000,588.98000000,2026-05-21 18:34:59,711.50434000,8
2026-05-21 18:35:00,1.20800000,1.20800000,1.20700000,1.20800000,2111.85000000,2026-05-21 18:39:59,2550.82669000,35
2026-05-21 18:40:00,1.20700000,1.20800000,1.20700000,1.20800000,546.38000000,2026-05-21 18:44:59,659.63996000,3
2026-05-21 18:45:00,1.20800000,1.20800000,1.20700000,1.20700000,2432.62000000,2026-05-21 18:49:59,2936.24134000,8
2026-05-21 18:50:00,1.20700000,1.20800000,1.20700000,1.20800000,2179.25000000,2026-05-21 18:54:59,2630.51154000,9
2026-05-21 18:55:00,1.20900000,1.20900000,1.20700000,1.20700000,1207.70000000,2026-05-21 18:59:59,1458.93136000,24
2026-05-21 19:00:00,1.20700000,1.20700000,1.20200000,1.20500000,16137.43000000,2026-05-21 19:04:59,19419.59740000,78
2026-05-21 19:05:00,1.20600000,1.20700000,1.20600000,1.20700000,165.06000000,2026-05-21 19:09:59,199.17786000,4
2026-05-21 19:10:00,1.20600000,1.20600000,1.20500000,1.20600000,427.31000000,2026-05-21 19:14:59,515.13675000,9
2026-05-21 19:15:00,1.20600000,1.20600000,1.20500000,1.20600000,2180.68000000,2026-05-21 19:19:59,2629.40924000,15
2026-05-21 19:20:00,1.20600000,1.20600000,1.20600000,1.20600000,170.39000000,2026-05-21 19:24:59,205.49034000,3
2026-05-21 19:25:00,1.20700000,1.20800000,1.20700000,1.20700000,452.06000000,2026-05-21 19:29:59,545.66290000,9
2026-05-21 19:30:00,1.20800000,1.20800000,1.20600000,1.20600000,401.64000000,2026-05-21 19:34:59,485.13050000,12
2026-05-21 19:35:00,1.20500000,1.20500000,1.20400000,1.20400000,401.69000000,2026-05-21 19:39:59,483.81059000,7
2026-05-21 19:40:00,1.20400000,1.20400000,1.20300000,1.20400000,1448.32000000,2026-05-21 19:44:59,1743.74270000,16
2026-05-21 19:45:00,1.20500000,1.20600000,1.20500000,1.20500000,752.19000000,2026-05-21 19:49:59,906.46011000,10
2026-05-21 19:50:00,1.20400000,1.20500000,1.20400000,1.20500000,1442.65000000,2026-05-21 19:54:59,1736.95474000,13
2026-05-21 19:55:00,1.20400000,1.20400000,1.20300000,1.20300000,1215.67000000,2026-05-21 19:59:59,1462.69661000,10
2026-05-21 20:00:00,1.20200000,1.20200000,1.20000000,1.20100000,686.01000000,2026-05-21 20:04:59,823.92529000,18
2026-05-21 20:05:00,1.20100000,1.20300000,1.20100000,1.20100000,3997.96000000,2026-05-21 20:09:59,4802.85990000,28
2026-05-21 20:10:00,1.20100000,1.20200000,1.19800000,1.19900000,1315.30000000,2026-05-21 20:14:59,1579.56389000,29
2026-05-21 20:15:00,1.19800000,1.20000000,1.19700000,1.20000000,1747.15000000,2026-05-21 20:19:59,2093.74404000,26
2026-05-21 20:20:00,1.19900000,1.19900000,1.19900000,1.19900000,306.41000000,2026-05-21 20:24:59,367.38559000,5
2026-05-21 20:25:00,1.20000000,1.20000000,1.20000000,1.20000000,44.79000000,2026-05-21 20:29:59,53.74800000,4
2026-05-21 20:30:00,1.20000000,1.20100000,1.20000000,1.20100000,274.61000000,2026-05-21 20:34:59,329.67758000,6
2026-05-21 20:35:00,1.20100000,1.20200000,1.20100000,1.20200000,36.28000000,2026-05-21 20:39:59,43.58925000,4
2026-05-21 20:40:00,1.20200000,1.20200000,1.20100000,1.20100000,705.11000000,2026-05-21 20:44:59,846.84237000,10
2026-05-21 20:45:00,1.20000000,1.20200000,1.20000000,1.20200000,1387.21000000,2026-05-21 20:49:59,1665.38623000,16
2026-05-21 20:50:00,1.20200000,1.20500000,1.20200000,1.20400000,4769.22000000,2026-05-21 20:54:59,5740.99101000,33
2026-05-21 20:55:00,1.20400000,1.20400000,1.20300000,1.20300000,824.89000000,2026-05-21 20:59:59,992.42572000,13
2026-05-21 21:00:00,1.20400000,1.20400000,1.20200000,1.20400000,3072.48000000,2026-05-21 21:04:59,3695.56767000,35
2026-05-21 21:05:00,1.20500000,1.20600000,1.20300000,1.20600000,3451.86000000,2026-05-21 21:09:59,4160.10103000,41
2026-05-21 21:10:00,1.20400000,1.20400000,1.20100000,1.20100000,1040.54000000,2026-05-21 21:14:59,1252.50538000,17
2026-05-21 21:15:00,1.20100000,1.20100000,1.19900000,1.19900000,3983.29000000,2026-05-21 21:19:59,4779.54433000,24
2026-05-21 21:20:00,1.19800000,1.20000000,1.19500000,1.19700000,4241.87000000,2026-05-21 21:24:59,5077.48720000,69
2026-05-21 21:25:00,1.19700000,1.19700000,1.19500000,1.19500000,2974.79000000,2026-05-21 21:29:59,3557.30311000,27
2026-05-21 21:30:00,1.19500000,1.19900000,1.19500000,1.19700000,3002.21000000,2026-05-21 21:34:59,3594.73220000,39
2026-05-21 21:35:00,1.19800000,1.19900000,1.19800000,1.19800000,1948.76000000,2026-05-21 21:39:59,2335.50931000,31
2026-05-21 21:40:00,1.19700000,1.19800000,1.19600000,1.19700000,1692.11000000,2026-05-21 21:44:59,2025.08552000,23
2026-05-21 21:45:00,1.19700000,1.19700000,1.19600000,1.19600000,1533.94000000,2026-05-21 21:49:59,1834.92254000,16
2026-05-21 21:50:00,1.19600000,1.19600000,1.19500000,1.19500000,418.60000000,2026-05-21 21:54:59,500.50605000,9
2026-05-21 21:55:00,1.19500000,1.19500000,1.19400000,1.19500000,281.37000000,2026-05-21 21:59:59,336.14896000,5
2026-05-21 22:00:00,1.19300000,1.19400000,1.19200000,1.19300000,436.18000000,2026-05-21 22:04:59,520.07742000,19
2026-05-21 22:05:00,1.19300000,1.19400000,1.19200000,1.19400000,161.33000000,2026-05-21 22:09:59,192.44988000,13
2026-05-21 22:10:00,1.19500000,1.19800000,1.19400000,1.19800000,1089.85000000,2026-05-21 22:14:59,1302.39509000,27
2026-05-21 22:15:00,1.19800000,1.19900000,1.19600000,1.19900000,3507.60000000,2026-05-21 22:19:59,4198.77539000,33
2026-05-21 22:20:00,1.19800000,1.19800000,1.19500000,1.19500000,2112.83000000,2026-05-21 22:24:59,2529.13182000,19
2026-05-21 22:25:00,1.19600000,1.19700000,1.19600000,1.19700000,298.44000000,2026-05-21 22:29:59,356.95130000,8
2026-05-21 22:30:00,1.19800000,1.19800000,1.19500000,1.19500000,864.44000000,2026-05-21 22:34:59,1034.01792000,15
2026-05-21 22:35:00,1.19400000,1.19500000,1.19300000,1.19500000,326.99000000,2026-05-21 22:39:59,390.54099000,13
2026-05-21 22:40:00,1.19400000,1.19500000,1.19400000,1.19500000,5143.47000000,2026-05-21 22:44:59,6146.15794000,12
2026-05-21 22:45:00,1.19600000,1.19800000,1.19600000,1.19800000,1281.00000000,2026-05-21 22:49:59,1533.87404000,17
2026-05-21 22:50:00,1.19900000,1.19900000,1.19900000,1.19900000,192.63000000,2026-05-21 22:54:59,230.96337000,7
2026-05-21 22:55:00,1.19700000,1.19900000,1.19700000,1.19900000,624.40000000,2026-05-21 22:59:59,747.86745000,12
2026-05-21 23:00:00,1.20000000,1.20200000,1.19900000,1.20200000,368.37000000,2026-05-21 23:04:59,442.18846000,10
2026-05-21 23:05:00,1.20200000,1.20200000,1.20100000,1.20200000,1005.81000000,2026-05-21 23:09:59,1208.96668000,16
2026-05-21 23:10:00,1.20100000,1.20100000,1.20100000,1.20100000,82.44000000,2026-05-21 23:14:59,99.01044000,4
2026-05-21 23:15:00,1.20200000,1.20300000,1.20200000,1.20300000,430.45000000,2026-05-21 23:19:59,517.65328000,9
2026-05-21 23:20:00,1.20400000,1.20400000,1.20200000,1.20200000,626.95000000,2026-05-21 23:24:59,754.42402000,15
2026-05-21 23:25:00,1.20200000,1.20200000,1.20100000,1.20200000,994.10000000,2026-05-21 23:29:59,1194.51490000,20
2026-05-21 23:30:00,1.20200000,1.20500000,1.20200000,1.20200000,1632.44000000,2026-05-21 23:34:59,1962.98008000,37
2026-05-21 23:35:00,1.20200000,1.20400000,1.20200000,1.20400000,291.78000000,2026-05-21 23:39:59,350.84234000,4
2026-05-21 23:40:00,1.20400000,1.20600000,1.20400000,1.20500000,1962.89000000,2026-05-21 23:44:59,2363.85876000,20
2026-05-21 23:45:00,1.20400000,1.20600000,1.20400000,1.20400000,1837.32000000,2026-05-21 23:49:59,2213.49720000,23
2026-05-21 23:50:00,1.20500000,1.20500000,1.20400000,1.20400000,121.07000000,2026-05-21 23:54:59,145.80754000,5
2026-05-21 23:55:00,1.20300000,1.20600000,1.20300000,1.20600000,389.43000000,2026-05-21 23:59:59,469.00989000,12
2026-05-22 00:00:00,1.20600000,1.20900000,1.20500000,1.20900000,3033.26000000,2026-05-22 00:04:59,3663.11842000,42
2026-05-22 00:05:00,1.21000000,1.21000000,1.20800000,1.20800000,7572.31000000,2026-05-22 00:09:59,9154.32552000,57
2026-05-22 00:10:00,1.20700000,1.20700000,1.20600000,1.20600000,1385.79000000,2026-05-22 00:14:59,1672.46583000,25
2026-05-22 00:15:00,1.20600000,1.20600000,1.20400000,1.20400000,2271.48000000,2026-05-22 00:19:59,2737.77031000,35
2026-05-22 00:20:00,1.20500000,1.20800000,1.20500000,1.20800000,6553.75000000,2026-05-22 00:24:59,7908.35093000,42
2026-05-22 00:25:00,1.20700000,1.20700000,1.20700000,1.20700000,1236.90000000,2026-05-22 00:29:59,1492.93830000,16
2026-05-22 00:30:00,1.20700000,1.20900000,1.20700000,1.20900000,1870.68000000,2026-05-22 00:34:59,2260.16624000,26
2026-05-22 00:35:00,1.21000000,1.21100000,1.20900000,1.21000000,3832.33000000,2026-05-22 00:39:59,4637.06551000,18
2026-05-22 00:40:00,1.21000000,1.21000000,1.20900000,1.20900000,812.54000000,2026-05-22 00:44:59,982.52071000,15
2026-05-22 00:45:00,1.20900000,1.20900000,1.20800000,1.20800000,101.13000000,2026-05-22 00:49:59,122.25895000,4
2026-05-22 00:50:00,1.21000000,1.21000000,1.20900000,1.20900000,1340.00000000,2026-05-22 00:54:59,1621.05700000,11
2026-05-22 00:55:00,1.20900000,1.20900000,1.20800000,1.20800000,526.81000000,2026-05-22 00:59:59,636.69729000,13
2026-05-22 01:00:00,1.20900000,1.21000000,1.20900000,1.21000000,891.75000000,2026-05-22 01:04:59,1078.50556000,22
2026-05-22 01:05:00,1.21000000,1.21300000,1.21000000,1.21200000,532.48000000,2026-05-22 01:09:59,645.21465000,16
2026-05-22 01:10:00,1.21200000,1.21300000,1.21200000,1.21200000,1784.49000000,2026-05-22 01:14:59,2164.00620000,14
2026-05-22 01:15:00,1.21200000,1.21300000,1.21000000,1.21000000,984.64000000,2026-05-22 01:19:59,1192.21619000,24
2026-05-22 01:20:00,1.21000000,1.21100000,1.21000000,1.21100000,1482.95000000,2026-05-22 01:24:59,1795.25049000,16
2026-05-22 01:25:00,1.21100000,1.21200000,1.20900000,1.20900000,12234.52000000,2026-05-22 01:29:59,14793.89857000,40
2026-05-22 01:30:00,1.20900000,1.21000000,1.20900000,1.20900000,1416.06000000,2026-05-22 01:34:59,1712.96392000,19
2026-05-22 01:35:00,1.20900000,1.20900000,1.20700000,1.20700000,1253.75000000,2026-05-22 01:39:59,1513.64109000,23
2026-05-22 01:40:00,1.20600000,1.20600000,1.20500000,1.20500000,296.83000000,2026-05-22 01:44:59,357.95594000,10
2026-05-22 01:45:00,1.20500000,1.20500000,1.20200000,1.20200000,449.96000000,2026-05-22 01:49:59,541.25912000,16
2026-05-22 01:50:00,1.20300000,1.20400000,1.20300000,1.20400000,2352.78000000,2026-05-22 01:54:59,2831.63807000,30
2026-05-22 01:55:00,1.20400000,1.20500000,1.20300000,1.20500000,1267.16000000,2026-05-22 01:59:59,1525.47531000,19
2026-05-22 02:00:00,1.20500000,1.20500000,1.20200000,1.20300000,1114.82000000,2026-05-22 02:04:59,1341.70132000,21
2026-05-22 02:05:00,1.20500000,1.20500000,1.20500000,1.20500000,911.75000000,2026-05-22 02:09:59,1098.65875000,17
2026-05-22 02:10:00,1.20600000,1.20800000,1.20600000,1.20800000,494.79000000,2026-05-22 02:14:59,597.19391000,17
2026-05-22 02:15:00,1.20900000,1.20900000,1.20800000,1.20800000,486.61000000,2026-05-22 02:19:59,588.01842000,10
2026-05-22 02:20:00,1.20700000,1.20800000,1.20600000,1.20600000,1636.05000000,2026-05-22 02:24:59,1974.14945000,33
2026-05-22 02:25:00,1.20600000,1.20700000,1.20600000,1.20600000,685.30000000,2026-05-22 02:29:59,827.09637000,17
2026-05-22 02:30:00,1.20700000,1.20700000,1.20500000,1.20700000,904.81000000,2026-05-22 02:34:59,1090.90292000,17
2026-05-22 02:35:00,1.20500000,1.20500000,1.20400000,1.20400000,1558.64000000,2026-05-22 02:39:59,1877.87555000,23
2026-05-22 02:40:00,1.20400000,1.20600000,1.20300000,1.20500000,780.38000000,2026-05-22 02:44:59,940.28178000,23
2026-05-22 02:45:00,1.20600000,1.21000000,1.20600000,1.21000000,377.94000000,2026-05-22 02:49:59,456.59118000,17
2026-05-22 02:50:00,1.21100000,1.21200000,1.21000000,1.21000000,2098.10000000,2026-05-22 02:54:59,2540.67200000,40
2026-05-22 02:55:00,1.20900000,1.21000000,1.20500000,1.20600000,988.99000000,2026-05-22 02:59:59,1193.96925000,26
2026-05-22 03:00:00,1.20600000,1.20600000,1.20500000,1.20600000,1489.51000000,2026-05-22 03:04:59,1795.58167000,20
2026-05-22 03:05:00,1.20600000,1.20600000,1.20500000,1.20600000,478.67000000,2026-05-22 03:09:59,577.19363000,13
2026-05-22 03:10:00,1.20700000,1.20800000,1.20700000,1.20800000,157.03000000,2026-05-22 03:14:59,189.66621000,6
2026-05-22 03:15:00,1.20800000,1.20900000,1.20800000,1.20800000,1987.56000000,2026-05-22 03:19:59,2401.12484000,22
2026-05-22 03:20:00,1.20800000,1.20900000,1.20700000,1.20700000,1626.35000000,2026-05-22 03:24:59,1965.53622000,27
2026-05-22 03:25:00,1.20700000,1.20700000,1.20600000,1.20700000,1235.28000000,2026-05-22 03:29:59,1490.31989000,18
2026-05-22 03:30:00,1.20800000,1.20800000,1.20700000,1.20700000,997.03000000,2026-05-22 03:34:59,1203.94038000,17
2026-05-22 03:35:00,1.20800000,1.20800000,1.20600000,1.20600000,2859.06000000,2026-05-22 03:39:59,3450.85517000,14
2026-05-22 03:40:00,1.20600000,1.20700000,1.20400000,1.20600000,713.09000000,2026-05-22 03:44:59,859.84011000,31
2026-05-22 03:45:00,1.20500000,1.20800000,1.20500000,1.20700000,1292.11000000,2026-05-22 03:49:59,1559.24579000,37
2026-05-22 03:50:00,1.20700000,1.20700000,1.20500000,1.20500000,500.73000000,2026-05-22 03:54:59,604.25177000,26
2026-05-22 03:55:00,1.20500000,1.20500000,1.20400000,1.20400000,3840.88000000,2026-05-22 03:59:59,4627.91495000,20
2026-05-22 04:00:00,1.20400000,1.20400000,1.19800000,1.20200000,3052.16000000,2026-05-22 04:04:59,3666.84946000,76
2026-05-22 04:05:00,1.20200000,1.20300000,1.20100000,1.20300000,856.05000000,2026-05-22 04:09:59,1029.28374000,30
2026-05-22 04:10:00,1.20300000,1.20800000,1.20300000,1.20600000,3560.12000000,2026-05-22 04:14:59,4294.18295000,74
2026-05-22 04:15:00,1.20800000,1.21000000,1.20800000,1.21000000,1533.02000000,2026-05-22 04:19:59,1854.85573000,19
2026-05-22 04:20:00,1.21100000,1.21200000,1.20900000,1.21000000,1697.51000000,2026-05-22 04:24:59,2054.79994000,31
2026-05-22 04:25:00,1.21000000,1.21300000,1.20900000,1.21200000,4020.76000000,2026-05-22 04:29:59,4871.98382000,36
2026-05-22 04:30:00,1.21100000,1.21200000,1.20800000,1.20800000,796.78000000,2026-05-22 04:34:59,964.01609000,21
2026-05-22 04:35:00,1.20800000,1.21300000,1.20800000,1.21000000,13366.55000000,2026-05-22 04:39:59,16199.53308000,52
2026-05-22 04:40:00,1.21000000,1.21400000,1.20900000,1.21300000,7050.86000000,2026-05-22 04:44:59,8544.17168000,31
2026-05-22 04:45:00,1.21300000,1.21300000,1.21200000,1.21300000,825.82000000,2026-05-22 04:49:59,1001.56992000,14
2026-05-22 04:50:00,1.21300000,1.21300000,1.21100000,1.21100000,2608.13000000,2026-05-22 04:54:59,3160.57196000,28
2026-05-22 04:55:00,1.21000000,1.21100000,1.21000000,1.21100000,1098.31000000,2026-05-22 04:59:59,1329.50597000,20
2026-05-22 05:00:00,1.21100000,1.21400000,1.21100000,1.21400000,4097.57000000,2026-05-22 05:04:59,4968.57762000,44
2026-05-22 05:05:00,1.21300000,1.21400000,1.21200000,1.21200000,2481.63000000,2026-05-22 05:09:59,3009.91806000,43
2026-05-22 05:10:00,1.21200000,1.21500000,1.21200000,1.21400000,1761.60000000,2026-05-22 05:14:59,2139.05534000,40
2026-05-22 05:15:00,1.21500000,1.21800000,1.21400000,1.21800000,3186.64000000,2026-05-22 05:19:59,3877.74938000,46
2026-05-22 05:20:00,1.21900000,1.21900000,1.21600000,1.21700000,3064.99000000,2026-05-22 05:24:59,3731.99852000,65
2026-05-22 05:25:00,1.21600000,1.21900000,1.21600000,1.21900000,930.57000000,2026-05-22 05:29:59,1132.20677000,22
2026-05-22 05:30:00,1.21900000,1.22000000,1.21300000,1.21300000,5993.24000000,2026-05-22 05:34:59,7303.49910000,61
2026-05-22 05:35:00,1.21200000,1.21400000,1.20900000,1.21400000,4409.12000000,2026-05-22 05:39:59,5336.91565000,43
2026-05-22 05:40:00,1.21400000,1.21400000,1.21300000,1.21400000,1558.43000000,2026-05-22 05:44:59,1891.76368000,20
2026-05-22 05:45:00,1.21400000,1.21500000,1.21400000,1.21500000,2160.59000000,2026-05-22 05:49:59,2624.33274000,37
2026-05-22 05:50:00,1.21400000,1.21600000,1.21400000,1.21500000,3226.01000000,2026-05-22 05:54:59,3919.67563000,37
2026-05-22 05:55:00,1.21600000,1.21900000,1.21600000,1.21600000,2432.34000000,2026-05-22 05:59:59,2961.00028000,42
2026-05-22 06:00:00,1.21500000,1.21700000,1.21400000,1.21600000,5350.61000000,2026-05-22 06:04:59,6504.21981000,52
2026-05-22 06:05:00,1.21600000,1.21700000,1.21500000,1.21700000,1415.05000000,2026-05-22 06:09:59,1720.95593000,26
2026-05-22 06:10:00,1.21800000,1.21900000,1.21700000,1.21800000,3942.88000000,2026-05-22 06:14:59,4803.59544000,69
2026-05-22 06:15:00,1.21800000,1.22100000,1.21800000,1.22100000,5093.28000000,2026-05-22 06:19:59,6214.37826000,54
2026-05-22 06:20:00,1.22000000,1.22600000,1.22000000,1.22500000,12491.32000000,2026-05-22 06:24:59,15282.26354000,119
2026-05-22 06:25:00,1.22500000,1.22500000,1.22200000,1.22300000,2054.76000000,2026-05-22 06:29:59,2514.85775000,42
2026-05-22 06:30:00,1.22400000,1.22600000,1.22400000,1.22500000,2835.77000000,2026-05-22 06:34:59,3472.93978000,38
2026-05-22 06:35:00,1.22500000,1.22500000,1.22100000,1.22400000,1458.81000000,2026-05-22 06:39:59,1783.95225000,31
2026-05-22 06:40:00,1.22400000,1.22900000,1.22300000,1.22800000,11298.02000000,2026-05-22 06:44:59,13854.40353000,98
2026-05-22 06:45:00,1.22800000,1.22800000,1.22400000,1.22700000,4863.34000000,2026-05-22 06:49:59,5961.22574000,60
2026-05-22 06:50:00,1.22700000,1.22800000,1.22500000,1.22600000,2596.59000000,2026-05-22 06:54:59,3184.82307000,32
2026-05-22 06:55:00,1.22500000,1.22500000,1.22200000,1.22300000,4096.44000000,2026-05-22 06:59:59,5011.96447000,38
2026-05-22 07:00:00,1.22200000,1.22200000,1.22000000,1.22000000,1599.32000000,2026-05-22 07:04:59,1953.14091000,29
2026-05-22 07:05:00,1.22000000,1.22200000,1.21900000,1.22200000,1920.85000000,2026-05-22 07:09:59,2345.10187000,29
2026-05-22 07:10:00,1.22100000,1.22100000,1.21800000,1.21900000,2192.28000000,2026-05-22 07:14:59,2673.54366000,45
2026-05-22 07:15:00,1.21800000,1.21800000,1.21100000,1.21400000,5629.42000000,2026-05-22 07:19:59,6834.09891000,101
2026-05-22 07:20:00,1.21400000,1.21800000,1.21400000,1.21800000,4560.05000000,2026-05-22 07:24:59,5547.43167000,30
2026-05-22 07:25:00,1.21600000,1.21600000,1.21500000,1.21500000,678.35000000,2026-05-22 07:29:59,824.29250000,16
2026-05-22 07:30:00,1.21600000,1.21700000,1.21600000,1.21600000,440.64000000,2026-05-22 07:34:59,535.97576000,12
2026-05-22 07:35:00,1.21500000,1.21600000,1.21300000,1.21400000,946.66000000,2026-05-22 07:39:59,1148.82654000,27
2026-05-22 07:40:00,1.21400000,1.21500000,1.21200000,1.21400000,7089.71000000,2026-05-22 07:44:59,8598.18631000,52
2026-05-22 07:45:00,1.21300000,1.21300000,1.21000000,1.21300000,2083.04000000,2026-05-22 07:49:59,2524.93513000,46
2026-05-22 07:50:00,1.21200000,1.21300000,1.21000000,1.21200000,2127.43000000,2026-05-22 07:54:59,2577.67913000,35
2026-05-22 07:55:00,1.21200000,1.21300000,1.21200000,1.21200000,1680.21000000,2026-05-22 07:59:59,2037.62410000,19
2026-05-22 08:00:00,1.21300000,1.21500000,1.21200000,1.21300000,2843.01000000,2026-05-22 08:04:59,3448.75349000,34
2026-05-22 08:05:00,1.21200000,1.21300000,1.21200000,1.21300000,1726.70000000,2026-05-22 08:09:59,2093.57124000,36
2026-05-22 08:10:00,1.21300000,1.21400000,1.21200000,1.21300000,1061.06000000,2026-05-22 08:14:59,1287.46702000,22
2026-05-22 08:15:00,1.21200000,1.21200000,1.20900000,1.21000000,1874.97000000,2026-05-22 08:19:59,2269.52732000,27
2026-05-22 08:20:00,1.20900000,1.21100000,1.20800000,1.21000000,1262.99000000,2026-05-22 08:24:59,1527.95252000,34
2026-05-22 08:25:00,1.21100000,1.21400000,1.21100000,1.21300000,2260.68000000,2026-05-22 08:29:59,2742.70599000,28
2026-05-22 08:30:00,1.21300000,1.21400000,1.21300000,1.21300000,1468.73000000,2026-05-22 08:34:59,1781.64392000,15
2026-05-22 08:35:00,1.21300000,1.21400000,1.21200000,1.21200000,411.00000000,2026-05-22 08:39:59,498.62502000,19
2026-05-22 08:40:00,1.21300000,1.21400000,1.21300000,1.21300000,1053.35000000,2026-05-22 08:44:59,1278.24462000,15
2026-05-22 08:45:00,1.21300000,1.21700000,1.21300000,1.21600000,6074.30000000,2026-05-22 08:49:59,7384.50430000,72
2026-05-22 08:50:00,1.21600000,1.21600000,1.21500000,1.21600000,1868.03000000,2026-05-22 08:54:59,2271.39344000,11
2026-05-22 08:55:00,1.21500000,1.21500000,1.21400000,1.21500000,2746.86000000,2026-05-22 08:59:59,3335.98140000,31
2026-05-22 09:00:00,1.21500000,1.21600000,1.21500000,1.21600000,217.28000000,2026-05-22 09:04:59,263.99962000,5
2026-05-22 09:05:00,1.21700000,1.21800000,1.21600000,1.21600000,1212.69000000,2026-05-22 09:09:59,1476.17713000,22
2026-05-22 09:10:00,1.21500000,1.22100000,1.21500000,1.21800000,5033.68000000,2026-05-22 09:14:59,6132.66280000,85
2026-05-22 09:15:00,1.21800000,1.21900000,1.21600000,1.21800000,1500.66000000,2026-05-22 09:19:59,1826.71361000,27
2026-05-22 09:20:00,1.21700000,1.21700000,1.21400000,1.21500000,4763.01000000,2026-05-22 09:24:59,5786.62323000,40
2026-05-22 09:25:00,1.21500000,1.21500000,1.21300000,1.21300000,2032.13000000,2026-05-22 09:29:59,2466.88500000,13
2026-05-22 09:30:00,1.21300000,1.21300000,1.21300000,1.21300000,44.73000000,2026-05-22 09:34:59,54.25749000,2
2026-05-22 09:35:00,1.21300000,1.21500000,1.21300000,1.21500000,529.88000000,2026-05-22 09:39:59,643.18897000,11
2026-05-22 09:40:00,1.21500000,1.21700000,1.21500000,1.21600000,1163.74000000,2026-05-22 09:44:59,1415.90684000,23
2026-05-22 09:45:00,1.21600000,1.21800000,1.21500000,1.21700000,24767.39000000,2026-05-22 09:49:59,30121.18823000,104
2026-05-22 09:50:00,1.21700000,1.21900000,1.21500000,1.21900000,33470.71000000,2026-05-22 09:54:59,40711.05876000,299
2026-05-22 09:55:00,1.21800000,1.22300000,1.21800000,1.22300000,7527.30000000,2026-05-22 09:59:59,9177.54874000,71
2026-05-22 10:00:00,1.22300000,1.22300000,1.21800000,1.21900000,20231.35000000,2026-05-22 10:04:59,24667.11580000,110
2026-05-22 10:05:00,1.21900000,1.22000000,1.21800000,1.22000000,3974.10000000,2026-05-22 10:09:59,4842.16655000,38
2026-05-22 10:10:00,1.22000000,1.22000000,1.21800000,1.21800000,11051.93000000,2026-05-22 10:14:59,13471.00546000,89
2026-05-22 10:15:00,1.21900000,1.22000000,1.21900000,1.21900000,9518.98000000,2026-05-22 10:19:59,11611.43092000,30
2026-05-22 10:20:00,1.21800000,1.21800000,1.21600000,1.21600000,4772.18000000,2026-05-22 10:24:59,5810.77386000,42
2026-05-22 10:25:00,1.21600000,1.21700000,1.21400000,1.21400000,1121.07000000,2026-05-22 10:29:59,1362.70595000,22
2026-05-22 10:30:00,1.21400000,1.21500000,1.20800000,1.21000000,5180.21000000,2026-05-22 10:34:59,6271.67294000,71
2026-05-22 10:35:00,1.21100000,1.21300000,1.21100000,1.21200000,898.58000000,2026-05-22 10:39:59,1089.73932000,24
2026-05-22 10:40:00,1.21300000,1.21400000,1.20700000,1.20900000,8493.45000000,2026-05-22 10:44:59,10273.30898000,110
2026-05-22 10:45:00,1.21100000,1.21200000,1.20900000,1.20900000,3829.83000000,2026-05-22 10:49:59,4635.49436000,41
2026-05-22 10:50:00,1.21000000,1.21000000,1.20600000,1.20900000,1455.51000000,2026-05-22 10:54:59,1758.33371000,31
2026-05-22 10:55:00,1.21000000,1.21100000,1.20700000,1.20800000,4781.43000000,2026-05-22 10:59:59,5775.02184000,45
2026-05-22 11:00:00,1.20800000,1.20800000,1.20100000,1.20200000,20225.95000000,2026-05-22 11:04:59,24357.20739000,207
2026-05-22 11:05:00,1.20200000,1.20300000,1.19800000,1.20300000,6418.28000000,2026-05-22 11:09:59,7701.82098000,79
2026-05-22 11:10:00,1.20200000,1.20500000,1.20200000,1.20200000,3565.43000000,2026-05-22 11:14:59,4289.43183000,50
2026-05-22 11:15:00,1.20200000,1.20300000,1.19700000,1.19800000,2977.31000000,2026-05-22 11:19:59,3571.11065000,44
2026-05-22 11:20:00,1.19700000,1.19800000,1.19200000,1.19500000,3017.32000000,2026-05-22 11:24:59,3603.73369000,51
2026-05-22 11:25:00,1.19600000,1.19800000,1.19600000,1.19800000,998.24000000,2026-05-22 11:29:59,1195.70927000,26
2026-05-22 11:30:00,1.19800000,1.19900000,1.19800000,1.19900000,11189.47000000,2026-05-22 11:34:59,13413.53643000,55
2026-05-22 11:35:00,1.19900000,1.20000000,1.19900000,1.19900000,417.16000000,2026-05-22 11:39:59,500.26691000,14
2026-05-22 11:40:00,1.19900000,1.19900000,1.19800000,1.19800000,582.84000000,2026-05-22 11:44:59,698.42997000,11
2026-05-22 11:45:00,1.19800000,1.19800000,1.19600000,1.19600000,2198.51000000,2026-05-22 11:49:59,2631.58844000,43
2026-05-22 11:50:00,1.19600000,1.19600000,1.19200000,1.19400000,3142.32000000,2026-05-22 11:54:59,3750.30689000,63
2026-05-22 11:55:00,1.19400000,1.19500000,1.19300000,1.19300000,890.97000000,2026-05-22 11:59:59,1063.45501000,12
2026-05-22 12:00:00,1.19300000,1.19300000,1.19000000,1.19200000,3239.13000000,2026-05-22 12:04:59,3856.63055000,35
2026-05-22 12:05:00,1.19300000,1.19300000,1.19000000,1.19000000,863.62000000,2026-05-22 12:09:59,1028.94554000,15
2026-05-22 12:10:00,1.19000000,1.19000000,1.18600000,1.18700000,5310.72000000,2026-05-22 12:14:59,6308.86165000,53
2026-05-22 12:15:00,1.18800000,1.19200000,1.18800000,1.19200000,10930.99000000,2026-05-22 12:19:59,13016.81952000,56
2026-05-22 12:20:00,1.19200000,1.19400000,1.18900000,1.18900000,22292.27000000,2026-05-22 12:24:59,26576.67474000,124
2026-05-22 12:25:00,1.18900000,1.19600000,1.18800000,1.19600000,1799.17000000,2026-05-22 12:29:59,2140.89419000,37
2026-05-22 12:30:00,1.19600000,1.20000000,1.19600000,1.20000000,5088.81000000,2026-05-22 12:34:59,6098.56737000,45
2026-05-22 12:35:00,1.19900000,1.19900000,1.19600000,1.19600000,2171.11000000,2026-05-22 12:39:59,2601.29552000,32
2026-05-22 12:40:00,1.19700000,1.19700000,1.19500000,1.19600000,13650.26000000,2026-05-22 12:44:59,16312.91302000,54
2026-05-22 12:45:00,1.19600000,1.19700000,1.19600000,1.19600000,469.22000000,2026-05-22 12:49:59,561.20418000,12
2026-05-22 12:50:00,1.19500000,1.19700000,1.19400000,1.19700000,1615.68000000,2026-05-22 12:54:59,1933.55980000,39
2026-05-22 12:55:00,1.19800000,1.19800000,1.19600000,1.19700000,1821.24000000,2026-05-22 12:59:59,2181.22228000,34
2026-05-22 13:00:00,1.19600000,1.20000000,1.19500000,1.20000000,2201.82000000,2026-05-22 13:04:59,2636.72651000,38
2026-05-22 13:05:00,1.20000000,1.20000000,1.19700000,1.19700000,1730.66000000,2026-05-22 13:09:59,2075.87635000,26
2026-05-22 13:10:00,1.19600000,1.19800000,1.19600000,1.19700000,606.91000000,2026-05-22 13:14:59,726.52608000,16
2026-05-22 13:15:00,1.19600000,1.19600000,1.19400000,1.19500000,2862.50000000,2026-05-22 13:19:59,3420.08370000,30
2026-05-22 13:20:00,1.19400000,1.19600000,1.19300000,1.19300000,1110.46000000,2026-05-22 13:24:59,1326.87252000,23
2026-05-22 13:25:00,1.19300000,1.19600000,1.19300000,1.19600000,3186.65000000,2026-05-22 13:29:59,3804.77668000,52
2026-05-22 13:30:00,1.19700000,1.19700000,1.19500000,1.19500000,2210.71000000,2026-05-22 13:34:59,2645.37617000,35
2026-05-22 13:35:00,1.19400000,1.19500000,1.19300000,1.19400000,555.29000000,2026-05-22 13:39:59,663.30422000,16
2026-05-22 13:40:00,1.19300000,1.19300000,1.19200000,1.19300000,206.44000000,2026-05-22 13:44:59,246.11692000,15
2026-05-22 13:45:00,1.19400000,1.19600000,1.19400000,1.19600000,332.41000000,2026-05-22 13:49:59,397.37664000,16
2026-05-22 13:50:00,1.19700000,1.19800000,1.19700000,1.19700000,2111.51000000,2026-05-22 13:54:59,2529.55939000,19
2026-05-22 13:55:00,1.19900000,1.19900000,1.19600000,1.19700000,320.07000000,2026-05-22 13:59:59,383.28950000,11
2026-05-22 14:00:00,1.19800000,1.20000000,1.19800000,1.20000000,10980.01000000,2026-05-22 14:04:59,13167.01581000,53
2026-05-22 14:05:00,1.20000000,1.20000000,1.19800000,1.19800000,734.49000000,2026-05-22 14:09:59,880.65434000,17
2026-05-22 14:10:00,1.19800000,1.19900000,1.19800000,1.19800000,362.66000000,2026-05-22 14:14:59,434.75858000,7
2026-05-22 14:15:00,1.19800000,1.19800000,1.19300000,1.19300000,1546.95000000,2026-05-22 14:19:59,1847.70712000,30
2026-05-22 14:20:00,1.19300000,1.19400000,1.19200000,1.19400000,2289.56000000,2026-05-22 14:24:59,2731.85962000,24
2026-05-22 14:25:00,1.19400000,1.20100000,1.19400000,1.20100000,4761.62000000,2026-05-22 14:29:59,5707.94081000,75
2026-05-22 14:30:00,1.20200000,1.20200000,1.20000000,1.20000000,767.49000000,2026-05-22 14:34:59,921.95798000,15
2026-05-22 14:35:00,1.20100000,1.20200000,1.20100000,1.20200000,39.90000000,2026-05-22 14:39:59,47.92437000,2
2026-05-22 14:40:00,1.20200000,1.20200000,1.20100000,1.20100000,1030.12000000,2026-05-22 14:44:59,1238.06158000,14
2026-05-22 14:45:00,1.20000000,1.20000000,1.19500000,1.19700000,7601.06000000,2026-05-22 14:49:59,9096.47193000,58
2026-05-22 14:50:00,1.19700000,1.19700000,1.19500000,1.19600000,421.58000000,2026-05-22 14:54:59,504.35220000,6
2026-05-22 14:55:00,1.19600000,1.19600000,1.19300000,1.19400000,1902.75000000,2026-05-22 14:59:59,2273.10436000,24
2026-05-22 15:00:00,1.19300000,1.19300000,1.18700000,1.18900000,15045.26000000,2026-05-22 15:04:59,17892.93000000,120
2026-05-22 15:05:00,1.18900000,1.19000000,1.18900000,1.18900000,640.66000000,2026-05-22 15:09:59,761.98490000,11
2026-05-22 15:10:00,1.18900000,1.19100000,1.18900000,1.19100000,782.27000000,2026-05-22 15:14:59,930.57591000,18
2026-05-22 15:15:00,1.19100000,1.19400000,1.19100000,1.19400000,550.00000000,2026-05-22 15:19:59,655.95588000,16
2026-05-22 15:20:00,1.19300000,1.19400000,1.19300000,1.19400000,622.79000000,2026-05-22 15:24:59,743.30295000,9
2026-05-22 15:25:00,1.19300000,1.19300000,1.19000000,1.19000000,949.78000000,2026-05-22 15:29:59,1132.42401000,11
2026-05-22 15:30:00,1.18900000,1.19000000,1.18700000,1.18800000,592.82000000,2026-05-22 15:34:59,704.54261000,22
2026-05-22 15:35:00,1.18800000,1.18800000,1.18200000,1.18700000,24665.37000000,2026-05-22 15:39:59,29256.72591000,162
2026-05-22 15:40:00,1.18700000,1.18700000,1.18200000,1.18200000,3039.20000000,2026-05-22 15:44:59,3595.94195000,17
2026-05-22 15:45:00,1.18200000,1.18300000,1.16500000,1.17300000,42054.72000000,2026-05-22 15:49:59,49307.13083000,464
2026-05-22 15:50:00,1.17100000,1.17600000,1.16900000,1.17500000,5123.10000000,2026-05-22 15:54:59,6006.20127000,61
2026-05-22 15:55:00,1.17500000,1.17600000,1.17300000,1.17400000,2969.68000000,2026-05-22 15:59:59,3484.55096000,26
2026-05-22 16:00:00,1.17300000,1.17600000,1.16600000,1.16900000,28924.53000000,2026-05-22 16:04:59,33882.59531000,179
2026-05-22 16:05:00,1.16700000,1.16800000,1.16400000,1.16400000,3355.98000000,2026-05-22 16:09:59,3911.25272000,37
2026-05-22 16:10:00,1.16600000,1.17000000,1.16600000,1.16700000,6508.73000000,2026-05-22 16:14:59,7598.36991000,48
2026-05-22 16:15:00,1.16700000,1.17000000,1.16600000,1.17000000,5395.32000000,2026-05-22 16:19:59,6302.42716000,38
2026-05-22 16:20:00,1.17000000,1.17200000,1.17000000,1.17100000,1177.55000000,2026-05-22 16:24:59,1378.47630000,19
2026-05-22 16:25:00,1.17000000,1.17000000,1.16500000,1.16600000,4328.08000000,2026-05-22 16:29:59,5047.48520000,37
2026-05-22 16:30:00,1.16600000,1.16600000,1.15100000,1.15500000,57401.93000000,2026-05-22 16:34:59,66405.11076000,474
2026-05-22 16:35:00,1.15600000,1.15900000,1.15400000,1.15400000,3529.48000000,2026-05-22 16:39:59,4084.07024000,58
2026-05-22 16:40:00,1.15300000,1.15400000,1.14800000,1.15400000,7976.92000000,2026-05-22 16:44:59,9175.89199000,104
2026-05-22 16:45:00,1.15400000,1.15700000,1.15300000,1.15500000,1908.64000000,2026-05-22 16:49:59,2205.35260000,38
2026-05-22 16:50:00,1.15400000,1.16200000,1.15300000,1.16200000,22610.11000000,2026-05-22 16:54:59,26189.79455000,150
2026-05-22 16:55:00,1.16200000,1.16200000,1.15900000,1.15900000,546.23000000,2026-05-22 16:59:59,633.53840000,13
2026-05-22 17:00:00,1.15800000,1.16400000,1.15800000,1.16400000,17375.91000000,2026-05-22 17:04:59,20190.91007000,85
2026-05-22 17:05:00,1.16400000,1.16500000,1.16400000,1.16400000,779.31000000,2026-05-22 17:09:59,907.59665000,14
2026-05-22 17:10:00,1.16500000,1.16500000,1.16200000,1.16200000,614.63000000,2026-05-22 17:14:59,715.86225000,14
2026-05-22 17:15:00,1.16300000,1.16600000,1.16200000,1.16200000,4162.42000000,2026-05-22 17:19:59,4844.50995000,31
2026-05-22 17:20:00,1.16300000,1.16400000,1.16200000,1.16200000,2949.94000000,2026-05-22 17:24:59,3430.08766000,30
2026-05-22 17:25:00,1.16100000,1.16500000,1.16100000,1.16400000,1860.18000000,2026-05-22 17:29:59,2165.29834000,30
2026-05-22 17:30:00,1.16300000,1.16300000,1.15900000,1.16200000,9654.34000000,2026-05-22 17:34:59,11209.53315000,121
2026-05-22 17:35:00,1.16200000,1.16400000,1.16200000,1.16400000,1003.27000000,2026-05-22 17:39:59,1166.66631000,10
2026-05-22 17:40:00,1.16500000,1.16700000,1.16500000,1.16600000,2135.70000000,2026-05-22 17:44:59,2490.02405000,24
2026-05-22 17:45:00,1.16500000,1.16800000,1.16500000,1.16800000,1250.22000000,2026-05-22 17:49:59,1458.46725000,21
2026-05-22 17:50:00,1.16700000,1.16900000,1.16700000,1.16800000,2493.57000000,2026-05-22 17:54:59,2913.46748000,20
2026-05-22 17:55:00,1.16800000,1.17000000,1.16700000,1.17000000,5595.36000000,2026-05-22 17:59:59,6542.42342000,45
2026-05-22 18:00:00,1.16900000,1.17200000,1.16900000,1.17000000,7123.89000000,2026-05-22 18:04:59,8339.01198000,37
2026-05-22 18:05:00,1.17000000,1.17000000,1.16900000,1.16900000,496.67000000,2026-05-22 18:09:59,580.85518000,8
2026-05-22 18:10:00,1.16900000,1.17100000,1.16900000,1.16900000,750.54000000,2026-05-22 18:14:59,878.34022000,19
2026-05-22 18:15:00,1.16800000,1.17000000,1.16800000,1.17000000,1181.46000000,2026-05-22 18:19:59,1381.23319000,15
2026-05-22 18:20:00,1.17100000,1.17300000,1.17100000,1.17300000,4576.03000000,2026-05-22 18:24:59,5363.63029000,38
2026-05-22 18:25:00,1.17300000,1.17400000,1.17200000,1.17200000,3143.37000000,2026-05-22 18:29:59,3688.52746000,15
2026-05-22 18:30:00,1.17300000,1.17500000,1.17300000,1.17500000,3972.56000000,2026-05-22 18:34:59,4665.04593000,16
2026-05-22 18:35:00,1.17500000,1.17600000,1.17500000,1.17600000,1257.90000000,2026-05-22 18:39:59,1479.27689000,13
2026-05-22 18:40:00,1.17600000,1.17800000,1.17600000,1.17800000,4967.14000000,2026-05-22 18:44:59,5844.53543000,43
2026-05-22 18:45:00,1.17700000,1.17700000,1.17700000,1.17700000,646.36000000,2026-05-22 18:49:59,760.76572000,6
2026-05-22 18:50:00,1.17700000,1.17700000,1.17700000,1.17700000,277.84000000,2026-05-22 18:54:59,327.01768000,3
2026-05-22 18:55:00,1.17700000,1.17700000,1.17500000,1.17500000,8539.71000000,2026-05-22 18:59:59,10035.17295000,100
2026-05-22 19:00:00,1.17500000,1.17500000,1.17500000,1.17500000,4.49000000,2026-05-22 19:04:59,5.27575000,1
2026-05-22 19:05:00,1.17500000,1.17500000,1.17200000,1.17200000,8732.02000000,2026-05-22 19:09:59,10248.21798000,37
2026-05-22 19:10:00,1.17300000,1.17300000,1.17100000,1.17100000,923.95000000,2026-05-22 19:14:59,1081.98494000,12
2026-05-22 19:15:00,1.17100000,1.17100000,1.17000000,1.17000000,934.17000000,2026-05-22 19:19:59,1093.14098000,17
2026-05-22 19:20:00,1.16900000,1.17000000,1.16900000,1.17000000,376.56000000,2026-05-22 19:24:59,440.25253000,10
2026-05-22 19:25:00,1.17000000,1.17000000,1.16800000,1.16800000,435.38000000,2026-05-22 19:29:59,508.86030000,10
2026-05-22 19:30:00,1.16700000,1.16700000,1.16500000,1.16500000,309.02000000,2026-05-22 19:34:59,360.09963000,12
2026-05-22 19:35:00,1.16500000,1.16600000,1.16400000,1.16600000,662.32000000,2026-05-22 19:39:59,771.38192000,15
2026-05-22 19:40:00,1.16400000,1.16400000,1.16100000,1.16300000,2819.45000000,2026-05-22 19:44:59,3274.93537000,43
2026-05-22 19:45:00,1.16400000,1.16500000,1.16300000,1.16400000,1001.87000000,2026-05-22 19:49:59,1166.11257000,20
2026-05-22 19:50:00,1.16500000,1.16600000,1.16500000,1.16500000,307.46000000,2026-05-22 19:54:59,358.29903000,8
2026-05-22 19:55:00,1.16400000,1.16500000,1.16400000,1.16500000,643.19000000,2026-05-22 19:59:59,749.30949000,8
2026-05-22 20:00:00,1.16500000,1.16700000,1.16500000,1.16700000,1460.67000000,2026-05-22 20:04:59,1703.45940000,17
2026-05-22 20:05:00,1.16700000,1.16800000,1.16700000,1.16700000,391.30000000,2026-05-22 20:09:59,456.74959000,9
2026-05-22 20:10:00,1.16600000,1.16700000,1.16600000,1.16700000,958.66000000,2026-05-22 20:14:59,1117.80202000,10
2026-05-22 20:15:00,1.16600000,1.16600000,1.16100000,1.16100000,2794.74000000,2026-05-22 20:19:59,3252.42090000,20
2026-05-22 20:20:00,1.16100000,1.16200000,1.16100000,1.16100000,934.88000000,2026-05-22 20:24:59,1085.43199000,19
2026-05-22 20:25:00,1.16100000,1.16100000,1.15700000,1.15700000,1594.31000000,2026-05-22 20:29:59,1848.75403000,32
2026-05-22 20:30:00,1.15600000,1.15900000,1.15500000,1.15900000,2405.47000000,2026-05-22 20:34:59,2782.95956000,33
2026-05-22 20:35:00,1.16000000,1.16100000,1.15900000,1.16100000,2506.23000000,2026-05-22 20:39:59,2907.47379000,20
2026-05-22 20:40:00,1.16100000,1.16100000,1.16000000,1.16100000,1420.64000000,2026-05-22 20:44:59,1649.19927000,17
2026-05-22 20:45:00,1.16000000,1.16000000,1.14000000,1.14200000,46555.31000000,2026-05-22 20:49:59,53432.98619000,443
2026-05-22 20:50:00,1.14400000,1.15000000,1.14400000,1.14900000,3900.31000000,2026-05-22 20:54:59,4473.83524000,69
2026-05-22 20:55:00,1.15000000,1.15100000,1.14900000,1.14900000,7987.95000000,2026-05-22 20:59:59,9187.45781000,42
2026-05-22 21:00:00,1.15000000,1.15000000,1.14000000,1.14400000,23597.60000000,2026-05-22 21:04:59,27000.12555000,298
2026-05-22 21:05:00,1.14400000,1.14700000,1.14300000,1.14600000,16398.34000000,2026-05-22 21:09:59,18785.56585000,110
2026-05-22 21:10:00,1.14600000,1.14700000,1.14200000,1.14500000,3044.78000000,2026-05-22 21:14:59,3484.67442000,32
2026-05-22 21:15:00,1.14500000,1.14700000,1.14300000,1.14500000,2164.79000000,2026-05-22 21:19:59,2479.15363000,31
2026-05-22 21:20:00,1.14500000,1.14700000,1.14500000,1.14700000,3038.12000000,2026-05-22 21:24:59,3482.45532000,29
2026-05-22 21:25:00,1.14700000,1.14800000,1.14600000,1.14700000,836.38000000,2026-05-22 21:29:59,959.66899000,16
2026-05-22 21:30:00,1.14800000,1.14900000,1.14700000,1.14900000,2700.55000000,2026-05-22 21:34:59,3099.81159000,23
2026-05-22 21:35:00,1.14900000,1.14900000,1.14600000,1.14700000,2471.43000000,2026-05-22 21:39:59,2837.61148000,32
2026-05-22 21:40:00,1.14700000,1.14900000,1.14300000,1.14900000,9178.06000000,2026-05-22 21:44:59,10512.03573000,48
2026-05-22 21:45:00,1.14900000,1.15200000,1.14900000,1.15200000,837.28000000,2026-05-22 21:49:59,963.61869000,14
2026-05-22 21:50:00,1.15200000,1.15400000,1.15200000,1.15400000,3179.09000000,2026-05-22 21:54:59,3666.55037000,47
2026-05-22 21:55:00,1.15500000,1.15700000,1.15500000,1.15700000,2272.01000000,2026-05-22 21:59:59,2626.29096000,25
2026-05-22 22:00:00,1.15800000,1.16100000,1.15800000,1.16000000,3004.43000000,2026-05-22 22:04:59,3484.90985000,36
2026-05-22 22:05:00,1.15900000,1.15900000,1.15700000,1.15800000,1004.18000000,2026-05-22 22:09:59,1162.73944000,16
2026-05-22 22:10:00,1.15800000,1.15800000,1.15400000,1.15600000,2222.77000000,2026-05-22 22:14:59,2569.90858000,26
2026-05-22 22:15:00,1.15600000,1.15700000,1.15400000,1.15700000,3025.25000000,2026-05-22 22:19:59,3491.85855000,41
2026-05-22 22:20:00,1.15800000,1.15900000,1.15800000,1.15800000,444.60000000,2026-05-22 22:24:59,515.11851000,10
2026-05-22 22:25:00,1.15900000,1.15900000,1.15800000,1.15800000,900.23000000,2026-05-22 22:29:59,1042.58565000,15
2026-05-22 22:30:00,1.15900000,1.16000000,1.15900000,1.16000000,935.40000000,2026-05-22 22:34:59,1084.54779000,18
2026-05-22 22:35:00,1.16100000,1.16100000,1.16000000,1.16000000,3100.03000000,2026-05-22 22:39:59,3597.89877000,28
2026-05-22 22:40:00,1.15900000,1.15900000,1.15900000,1.15900000,456.04000000,2026-05-22 22:44:59,528.55036000,6
2026-05-22 22:45:00,1.15900000,1.16200000,1.15900000,1.16200000,11084.99000000,2026-05-22 22:49:59,12856.20949000,63
2026-05-22 22:50:00,1.16200000,1.16200000,1.16000000,1.16200000,812.94000000,2026-05-22 22:54:59,944.34124000,10
2026-05-22 22:55:00,1.16200000,1.16200000,1.16200000,1.16200000,618.27000000,2026-05-22 22:59:59,718.42974000,9
2026-05-22 23:00:00,1.16300000,1.16500000,1.16300000,1.16300000,1175.31000000,2026-05-22 23:04:59,1368.22050000,22
2026-05-22 23:05:00,1.16300000,1.16300000,1.16200000,1.16200000,188.19000000,2026-05-22 23:09:59,218.85771000,4
2026-05-22 23:10:00,1.16200000,1.16800000,1.16200000,1.16600000,15500.32000000,2026-05-22 23:14:59,18074.13246000,91
2026-05-22 23:15:00,1.16600000,1.16600000,1.16300000,1.16400000,1744.45000000,2026-05-22 23:19:59,2032.00312000,19
2026-05-22 23:20:00,1.16500000,1.16600000,1.16300000,1.16300000,626.27000000,2026-05-22 23:24:59,729.36171000,14
2026-05-22 23:25:00,1.16300000,1.16400000,1.16300000,1.16400000,744.43000000,2026-05-22 23:29:59,866.51190000,10
2026-05-22 23:30:00,1.16500000,1.16500000,1.16400000,1.16500000,567.66000000,2026-05-22 23:34:59,661.08476000,12
2026-05-22 23:35:00,1.16500000,1.16600000,1.16500000,1.16600000,1848.48000000,2026-05-22 23:39:59,2155.07329000,16
2026-05-22 23:40:00,1.16500000,1.16500000,1.16300000,1.16300000,1016.39000000,2026-05-22 23:44:59,1182.87690000,12
2026-05-22 23:45:00,1.16400000,1.16500000,1.16400000,1.16500000,327.43000000,2026-05-22 23:49:59,381.44783000,4
2026-05-22 23:50:00,1.16500000,1.16600000,1.16500000,1.16600000,272.76000000,2026-05-22 23:54:59,317.94971000,10
2026-05-22 23:55:00,1.16500000,1.16600000,1.16400000,1.16600000,256.35000000,2026-05-22 23:59:59,298.68857000,8
2026-05-23 00:00:00,1.16700000,1.16700000,1.16600000,1.16600000,6362.67000000,2026-05-23 00:04:59,7418.87784000,11
2026-05-23 00:05:00,1.16600000,1.16700000,1.16600000,1.16600000,406.39000000,2026-05-23 00:09:59,473.96919000,8
2026-05-23 00:10:00,1.16700000,1.16900000,1.16700000,1.16800000,480.50000000,2026-05-23 00:14:59,560.96897000,11
2026-05-23 00:15:00,1.16800000,1.16800000,1.16700000,1.16800000,1736.29000000,2026-05-23 00:19:59,2026.98953000,16
2026-05-23 00:20:00,1.16800000,1.16900000,1.16700000,1.16700000,6018.70000000,2026-05-23 00:24:59,7033.95165000,22
2026-05-23 00:25:00,1.16700000,1.16700000,1.16700000,1.16700000,254.38000000,2026-05-23 00:29:59,296.86146000,3
2026-05-23 00:30:00,1.16800000,1.17000000,1.16800000,1.17000000,2259.13000000,2026-05-23 00:34:59,2641.86864000,20
2026-05-23 00:35:00,1.17000000,1.17000000,1.16800000,1.16900000,2304.28000000,2026-05-23 00:39:59,2692.75327000,22
2026-05-23 00:40:00,1.16900000,1.16900000,1.16800000,1.16800000,9.68000000,2026-05-23 00:44:59,11.31056000,2
2026-05-23 00:45:00,1.16900000,1.16900000,1.16900000,1.16900000,100.00000000,2026-05-23 00:49:59,116.90000000,1
2026-05-23 00:50:00,1.16900000,1.17000000,1.16800000,1.17000000,833.85000000,2026-05-23 00:54:59,974.74112000,15
2026-05-23 00:55:00,1.17000000,1.17000000,1.16800000,1.16800000,3071.00000000,2026-05-23 00:59:59,3589.06725000,35
2026-05-23 01:00:00,1.16800000,1.16800000,1.16600000,1.16600000,2113.35000000,2026-05-23 01:04:59,2466.75530000,16
2026-05-23 01:05:00,1.16700000,1.16800000,1.16500000,1.16600000,950.34000000,2026-05-23 01:09:59,1108.33645000,17
2026-05-23 01:10:00,1.16600000,1.16700000,1.16600000,1.16700000,1625.14000000,2026-05-23 01:14:59,1896.35008000,21
2026-05-23 01:15:00,1.16600000,1.16600000,1.16300000,1.16500000,410.99000000,2026-05-23 01:19:59,478.76880000,13
2026-05-23 01:20:00,1.16400000,1.16400000,1.16300000,1.16400000,152.61000000,2026-05-23 01:24:59,177.62327000,6
2026-05-23 01:25:00,1.16200000,1.16200000,1.16200000,1.16200000,158.19000000,2026-05-23 01:29:59,183.81678000,4
2026-05-23 01:30:00,1.16200000,1.16400000,1.16200000,1.16400000,632.91000000,2026-05-23 01:34:59,735.99051000,13
2026-05-23 01:35:00,1.16300000,1.16300000,1.16100000,1.16100000,1493.80000000,2026-05-23 01:39:59,1734.68473000,20
2026-05-23 01:40:00,1.16000000,1.16000000,1.16000000,1.16000000,288.92000000,2026-05-23 01:44:59,335.14720000,5
2026-05-23 01:45:00,1.15900000,1.16000000,1.15800000,1.16000000,4285.71000000,2026-05-23 01:49:59,4965.70009000,29
2026-05-23 01:50:00,1.16100000,1.16100000,1.15900000,1.15900000,2263.85000000,2026-05-23 01:54:59,2626.25985000,11
2026-05-23 01:55:00,1.15900000,1.16000000,1.15900000,1.15900000,1551.61000000,2026-05-23 01:59:59,1798.51781000,15
2026-05-23 02:00:00,1.15800000,1.15800000,1.15700000,1.15800000,931.92000000,2026-05-23 02:04:59,1078.82789000,13
2026-05-23 02:05:00,1.15900000,1.15900000,1.15800000,1.15900000,1013.99000000,2026-05-23 02:09:59,1175.20875000,16
2026-05-23 02:10:00,1.15800000,1.15800000,1.15800000,1.15800000,154.63000000,2026-05-23 02:14:59,179.06154000,9
2026-05-23 02:15:00,1.15700000,1.15700000,1.15600000,1.15600000,3266.71000000,2026-05-23 02:19:59,3778.16455000,27
2026-05-23 02:20:00,1.15500000,1.15600000,1.15400000,1.15400000,977.54000000,2026-05-23 02:24:59,1128.79971000,16
2026-05-23 02:25:00,1.15500000,1.15600000,1.15400000,1.15500000,845.51000000,2026-05-23 02:29:59,976.59083000,19
2026-05-23 02:30:00,1.15400000,1.15600000,1.15400000,1.15500000,279.78000000,2026-05-23 02:34:59,323.03292000,10
2026-05-23 02:35:00,1.15400000,1.15800000,1.15400000,1.15800000,8244.38000000,2026-05-23 02:39:59,9543.17226000,47
2026-05-23 02:40:00,1.15700000,1.16000000,1.15700000,1.16000000,972.67000000,2026-05-23 02:44:59,1126.05248000,23
2026-05-23 02:45:00,1.16000000,1.16000000,1.15900000,1.16000000,480.97000000,2026-05-23 02:49:59,557.85222000,9
2026-05-23 02:50:00,1.16000000,1.16000000,1.15900000,1.15900000,944.05000000,2026-05-23 02:54:59,1094.83585000,7
2026-05-23 02:55:00,1.15800000,1.16000000,1.15800000,1.15900000,366.92000000,2026-05-23 02:59:59,425.02781000,9
2026-05-23 03:00:00,1.16000000,1.16000000,1.15800000,1.15800000,1987.65000000,2026-05-23 03:04:59,2304.78660000,24
2026-05-23 03:05:00,1.15800000,1.16000000,1.15800000,1.15900000,759.47000000,2026-05-23 03:09:59,879.98295000,13
2026-05-23 03:10:00,1.16000000,1.16200000,1.16000000,1.16200000,1520.07000000,2026-05-23 03:14:59,1765.48498000,26
2026-05-23 03:15:00,1.16200000,1.16300000,1.16200000,1.16200000,1857.02000000,2026-05-23 03:19:59,2158.26214000,27
2026-05-23 03:20:00,1.16300000,1.16300000,1.16000000,1.16000000,1486.59000000,2026-05-23 03:24:59,1727.74234000,23
2026-05-23 03:25:00,1.16100000,1.16500000,1.16000000,1.16200000,10136.09000000,2026-05-23 03:29:59,11786.58266000,71
2026-05-23 03:30:00,1.16300000,1.16300000,1.16100000,1.16200000,1964.67000000,2026-05-23 03:34:59,2284.36218000,18
2026-05-23 03:35:00,1.16300000,1.16300000,1.16100000,1.16200000,8112.98000000,2026-05-23 03:39:59,9421.61368000,44
2026-05-23 03:40:00,1.16200000,1.16300000,1.16200000,1.16300000,1408.18000000,2026-05-23 03:44:59,1637.55809000,14
2026-05-23 03:45:00,1.16300000,1.16300000,1.16000000,1.16000000,4879.98000000,2026-05-23 03:49:59,5666.42827000,43
2026-05-23 03:50:00,1.15900000,1.16000000,1.15800000,1.16000000,836.45000000,2026-05-23 03:54:59,969.33893000,17
2026-05-23 03:55:00,1.16000000,1.16100000,1.16000000,1.16100000,735.90000000,2026-05-23 03:59:59,854.04842000,17
2026-05-23 04:00:00,1.16200000,1.16300000,1.16100000,1.16100000,3480.15000000,2026-05-23 04:04:59,4043.49965000,40
2026-05-23 04:05:00,1.16000000,1.16100000,1.15800000,1.16000000,4751.27000000,2026-05-23 04:09:59,5513.49605000,50
2026-05-23 04:10:00,1.16100000,1.16100000,1.15900000,1.16100000,1334.51000000,2026-05-23 04:14:59,1548.67795000,11
2026-05-23 04:15:00,1.16100000,1.16200000,1.15900000,1.16200000,1468.89000000,2026-05-23 04:19:59,1705.16406000,35
2026-05-23 04:20:00,1.16200000,1.16200000,1.16000000,1.16100000,2597.95000000,2026-05-23 04:24:59,3015.33895000,36
2026-05-23 04:25:00,1.16000000,1.16000000,1.15600000,1.15800000,3192.50000000,2026-05-23 04:29:59,3695.90471000,54
2026-05-23 04:30:00,1.15700000,1.15700000,1.15300000,1.15500000,5352.87000000,2026-05-23 04:34:59,6179.47337000,78
2026-05-23 04:35:00,1.15500000,1.15600000,1.15400000,1.15600000,2563.20000000,2026-05-23 04:39:59,2962.73673000,36
2026-05-23 04:40:00,1.15500000,1.15500000,1.15400000,1.15500000,1751.65000000,2026-05-23 04:44:59,2022.93631000,26
2026-05-23 04:45:00,1.15500000,1.15500000,1.13700000,1.13900000,98630.75000000,2026-05-23 04:49:59,112829.00977000,672
2026-05-23 04:50:00,1.13900000,1.14000000,1.11700000,1.12400000,105461.00000000,2026-05-23 04:54:59,118659.28007000,838
2026-05-23 04:55:00,1.12300000,1.12800000,1.12300000,1.12800000,18474.51000000,2026-05-23 04:59:59,20791.13624000,135
2026-05-23 05:00:00,1.12800000,1.12900000,1.12200000,1.12600000,16845.74000000,2026-05-23 05:04:59,18953.79834000,107
2026-05-23 05:05:00,1.12600000,1.12700000,1.12200000,1.12500000,2626.40000000,2026-05-23 05:09:59,2953.61036000,52
2026-05-23 05:10:00,1.12700000,1.12800000,1.12700000,1.12800000,2312.96000000,2026-05-23 05:14:59,2607.74832000,19
2026-05-23 05:15:00,1.12800000,1.13400000,1.12800000,1.13200000,3289.88000000,2026-05-23 05:19:59,3721.89339000,43
2026-05-23 05:20:00,1.13200000,1.13300000,1.12900000,1.13200000,14483.68000000,2026-05-23 05:24:59,16371.24430000,96
2026-05-23 05:25:00,1.13200000,1.13200000,1.12600000,1.12700000,10516.66000000,2026-05-23 05:29:59,11861.30265000,55
2026-05-23 05:30:00,1.12600000,1.12600000,1.12200000,1.12200000,5980.94000000,2026-05-23 05:34:59,6721.13871000,64
2026-05-23 05:35:00,1.12200000,1.12200000,1.12000000,1.12000000,2528.83000000,2026-05-23 05:39:59,2834.96711000,36
2026-05-23 05:40:00,1.12000000,1.12400000,1.12000000,1.12400000,3034.29000000,2026-05-23 05:44:59,3406.84724000,33
2026-05-23 05:45:00,1.12400000,1.13100000,1.12400000,1.13100000,2825.29000000,2026-05-23 05:49:59,3189.11799000,51
2026-05-23 05:50:00,1.13200000,1.13300000,1.12900000,1.13000000,2652.83000000,2026-05-23 05:54:59,2999.88675000,39
2026-05-23 05:55:00,1.13000000,1.13100000,1.12900000,1.12900000,9822.62000000,2026-05-23 05:59:59,11103.75731000,67
2026-05-23 06:00:00,1.13000000,1.13200000,1.13000000,1.13200000,3501.65000000,2026-05-23 06:04:59,3959.99435000,23
2026-05-23 06:05:00,1.13100000,1.13100000,1.12900000,1.12900000,1011.62000000,2026-05-23 06:09:59,1143.31439000,16
2026-05-23 06:10:00,1.13000000,1.13100000,1.12900000,1.12900000,1453.92000000,2026-05-23 06:14:59,1642.76979000,16
2026-05-23 06:15:00,1.12800000,1.12900000,1.12800000,1.12900000,1592.72000000,2026-05-23 06:19:59,1798.12391000,12
2026-05-23 06:20:00,1.12900000,1.13300000,1.12900000,1.13200000,2795.79000000,2026-05-23 06:24:59,3162.05670000,33
2026-05-23 06:25:00,1.13200000,1.13300000,1.13200000,1.13200000,729.01000000,2026-05-23 06:29:59,825.25541000,9
2026-05-23 06:30:00,1.13200000,1.13300000,1.13100000,1.13300000,2749.38000000,2026-05-23 06:34:59,3111.33825000,21
2026-05-23 06:35:00,1.13300000,1.13300000,1.13100000,1.13100000,939.07000000,2026-05-23 06:39:59,1063.09933000,19
2026-05-23 06:40:00,1.13000000,1.13200000,1.13000000,1.13000000,1882.64000000,2026-05-23 06:44:59,2128.42715000,26
2026-05-23 06:45:00,1.13000000,1.13100000,1.13000000,1.13000000,433.08000000,2026-05-23 06:49:59,489.75213000,9
2026-05-23 06:50:00,1.13000000,1.13100000,1.13000000,1.13000000,882.37000000,2026-05-23 06:54:59,997.11366000,12
2026-05-23 06:55:00,1.12900000,1.12900000,1.12800000,1.12800000,1487.76000000,2026-05-23 06:59:59,1678.43730000,13
2026-05-23 07:00:00,1.12800000,1.13000000,1.12800000,1.13000000,2492.99000000,2026-05-23 07:04:59,2813.90595000,17
2026-05-23 07:05:00,1.13100000,1.13100000,1.13000000,1.13000000,10.74000000,2026-05-23 07:09:59,12.14150000,4
2026-05-23 07:10:00,1.13100000,1.13200000,1.13100000,1.13100000,510.32000000,2026-05-23 07:14:59,577.18997000,9
2026-05-23 07:15:00,1.13200000,1.13200000,1.13000000,1.13100000,1353.13000000,2026-05-23 07:19:59,1529.56862000,14
2026-05-23 07:20:00,1.13100000,1.13100000,1.12900000,1.13000000,2270.88000000,2026-05-23 07:24:59,2566.17309000,21
2026-05-23 07:25:00,1.13000000,1.13000000,1.12900000,1.13000000,361.25000000,2026-05-23 07:29:59,408.06489000,8
2026-05-23 07:30:00,1.13000000,1.13200000,1.13000000,1.13200000,4700.91000000,2026-05-23 07:34:59,5312.92817000,38
2026-05-23 07:35:00,1.13200000,1.13200000,1.13000000,1.13000000,1360.57000000,2026-05-23 07:39:59,1538.69892000,18
2026-05-23 07:40:00,1.13000000,1.13100000,1.13000000,1.13100000,296.07000000,2026-05-23 07:44:59,334.67294000,7
2026-05-23 07:45:00,1.13100000,1.13100000,1.12800000,1.12900000,6342.21000000,2026-05-23 07:49:59,7165.06896000,49
2026-05-23 07:50:00,1.12900000,1.12900000,1.12800000,1.12800000,457.43000000,2026-05-23 07:54:59,516.16623000,9
2026-05-23 07:55:00,1.12900000,1.13000000,1.12900000,1.13000000,2597.69000000,2026-05-23 07:59:59,2932.81115000,17
2026-05-23 08:00:00,1.13000000,1.13100000,1.13000000,1.13100000,391.42000000,2026-05-23 08:04:59,442.43364000,9
2026-05-23 08:05:00,1.13100000,1.13200000,1.13000000,1.13000000,2192.50000000,2026-05-23 08:09:59,2479.63884000,21
2026-05-23 08:10:00,1.12900000,1.13000000,1.12900000,1.13000000,1157.21000000,2026-05-23 08:14:59,1307.28939000,13
2026-05-23 08:15:00,1.12900000,1.12900000,1.12800000,1.12900000,1035.88000000,2026-05-23 08:19:59,1169.44204000,9
2026-05-23 08:20:00,1.12900000,1.12900000,1.12900000,1.12900000,634.46000000,2026-05-23 08:24:59,716.30534000,9
2026-05-23 08:25:00,1.12900000,1.12900000,1.12800000,1.12800000,151.60000000,2026-05-23 08:29:59,171.13291000,4
2026-05-23 08:30:00,1.12900000,1.12900000,1.12900000,1.12900000,710.40000000,2026-05-23 08:34:59,802.04160000,7
2026-05-23 08:35:00,1.12800000,1.12800000,1.12600000,1.12600000,3142.30000000,2026-05-23 08:39:59,3542.07134000,21
2026-05-23 08:40:00,1.12700000,1.12700000,1.12600000,1.12700000,113.78000000,2026-05-23 08:44:59,128.22432000,6
2026-05-23 08:45:00,1.12700000,1.12700000,1.12600000,1.12700000,913.04000000,2026-05-23 08:49:59,1028.85153000,10
2026-05-23 08:50:00,1.12600000,1.12700000,1.12600000,1.12700000,410.06000000,2026-05-23 08:54:59,461.83909000,6
2026-05-23 08:55:00,1.12700000,1.12700000,1.12600000,1.12600000,1076.11000000,2026-05-23 08:59:59,1212.70879000,14
2026-05-23 09:00:00,1.12500000,1.12700000,1.12500000,1.12600000,1288.17000000,2026-05-23 09:04:59,1449.70652000,28
2026-05-23 09:05:00,1.12600000,1.12700000,1.12500000,1.12600000,3487.49000000,2026-05-23 09:09:59,3926.69102000,27
2026-05-23 09:10:00,1.12500000,1.12600000,1.12400000,1.12500000,1430.29000000,2026-05-23 09:14:59,1608.32283000,26
2026-05-23 09:15:00,1.12600000,1.12700000,1.12500000,1.12500000,481.89000000,2026-05-23 09:19:59,542.35767000,17
2026-05-23 09:20:00,1.12500000,1.12500000,1.12300000,1.12400000,1308.32000000,2026-05-23 09:24:59,1469.67684000,31
2026-05-23 09:25:00,1.12400000,1.12500000,1.12300000,1.12300000,1563.57000000,2026-05-23 09:29:59,1757.45399000,21
2026-05-23 09:30:00,1.12400000,1.12600000,1.12400000,1.12600000,1440.86000000,2026-05-23 09:34:59,1620.36487000,18
2026-05-23 09:35:00,1.12500000,1.12800000,1.12400000,1.12800000,1451.12000000,2026-05-23 09:39:59,1633.91778000,15
2026-05-23 09:40:00,1.12700000,1.12700000,1.12600000,1.12600000,457.51000000,2026-05-23 09:44:59,515.53695000,5
2026-05-23 09:45:00,1.12700000,1.12900000,1.12700000,1.12900000,960.04000000,2026-05-23 09:49:59,1082.95535000,13
2026-05-23 09:50:00,1.13000000,1.13000000,1.12900000,1.13000000,1402.11000000,2026-05-23 09:54:59,1583.91191000,21
2026-05-23 09:55:00,1.13000000,1.13300000,1.13000000,1.13200000,2943.81000000,2026-05-23 09:59:59,3330.06786000,28
2026-05-23 10:00:00,1.13200000,1.13800000,1.13200000,1.13700000,3266.21000000,2026-05-23 10:04:59,3709.79943000,43
2026-05-23 10:05:00,1.13700000,1.13900000,1.13600000,1.13900000,1619.35000000,2026-05-23 10:09:59,1841.80313000,26
2026-05-23 10:10:00,1.13900000,1.14000000,1.13700000,1.13700000,2704.60000000,2026-05-23 10:14:59,3082.08597000,20
2026-05-23 10:15:00,1.13900000,1.14100000,1.13800000,1.13900000,2754.54000000,2026-05-23 10:19:59,3140.55461000,41
2026-05-23 10:20:00,1.14000000,1.14100000,1.14000000,1.14100000,359.16000000,2026-05-23 10:24:59,409.69181000,8
2026-05-23 10:25:00,1.14100000,1.14100000,1.14000000,1.14000000,543.95000000,2026-05-23 10:29:59,620.33284000,13
2026-05-23 10:30:00,1.14100000,1.14200000,1.13900000,1.13900000,1150.16000000,2026-05-23 10:34:59,1311.40704000,21
2026-05-23 10:35:00,1.13900000,1.13900000,1.13700000,1.13900000,486.27000000,2026-05-23 10:39:59,553.46504000,11
2026-05-23 10:40:00,1.13700000,1.13700000,1.13600000,1.13700000,609.52000000,2026-05-23 10:44:59,692.68977000,12
2026-05-23 10:45:00,1.13700000,1.14300000,1.13700000,1.14300000,3155.48000000,2026-05-23 10:49:59,3596.56232000,34
2026-05-23 10:50:00,1.14200000,1.14200000,1.14000000,1.14100000,2271.09000000,2026-05-23 10:54:59,2591.32680000,26
2026-05-23 10:55:00,1.14100000,1.14100000,1.14000000,1.14100000,1259.52000000,2026-05-23 10:59:59,1437.09320000,15
2026-05-23 11:00:00,1.14200000,1.14200000,1.13900000,1.13900000,949.22000000,2026-05-23 11:04:59,1083.01643000,14
2026-05-23 11:05:00,1.13900000,1.14400000,1.13900000,1.14300000,4749.60000000,2026-05-23 11:09:59,5423.61362000,34
2026-05-23 11:10:00,1.14300000,1.14400000,1.14300000,1.14300000,2741.27000000,2026-05-23 11:14:59,3134.47340000,26
2026-05-23 11:15:00,1.14300000,1.14300000,1.14200000,1.14200000,3341.63000000,2026-05-23 11:19:59,3816.24146000,16
2026-05-23 11:20:00,1.14100000,1.14500000,1.14100000,1.14400000,2441.38000000,2026-05-23 11:24:59,2790.71945000,22
2026-05-23 11:25:00,1.14400000,1.14500000,1.14400000,1.14500000,1165.45000000,2026-05-23 11:29:59,1334.31158000,15
2026-05-23 11:30:00,1.14500000,1.14700000,1.14400000,1.14700000,10322.74000000,2026-05-23 11:34:59,11835.97986000,54
2026-05-23 11:35:00,1.14700000,1.14800000,1.14600000,1.14700000,9695.29000000,2026-05-23 11:39:59,11116.41518000,54
2026-05-23 11:40:00,1.14700000,1.15100000,1.14700000,1.14900000,5861.65000000,2026-05-23 11:44:59,6741.14314000,74
2026-05-23 11:45:00,1.15000000,1.15100000,1.15000000,1.15100000,1261.97000000,2026-05-23 11:49:59,1452.26290000,15
2026-05-23 11:50:00,1.15100000,1.15100000,1.14900000,1.15000000,1417.16000000,2026-05-23 11:54:59,1629.74158000,20
2026-05-23 11:55:00,1.15000000,1.15500000,1.15000000,1.15300000,17105.19000000,2026-05-23 11:59:59,19709.75495000,113
2026-05-23 12:00:00,1.15300000,1.15400000,1.15200000,1.15400000,2011.36000000,2026-05-23 12:04:59,2319.00242000,34
2026-05-23 12:05:00,1.15400000,1.16000000,1.15400000,1.15900000,2996.66000000,2026-05-23 12:09:59,3467.19624000,53
2026-05-23 12:10:00,1.15900000,1.16100000,1.15700000,1.15700000,14886.35000000,2026-05-23 12:14:59,17273.40012000,84
2026-05-23 12:15:00,1.15800000,1.15800000,1.15500000,1.15500000,1978.73000000,2026-05-23 12:19:59,2288.05559000,26
2026-05-23 12:20:00,1.15500000,1.15600000,1.15400000,1.15600000,1214.56000000,2026-05-23 12:24:59,1402.59286000,12
2026-05-23 12:25:00,1.15600000,1.15600000,1.15400000,1.15400000,938.00000000,2026-05-23 12:29:59,1082.78006000,23
2026-05-23 12:30:00,1.15400000,1.15400000,1.15300000,1.15300000,1005.41000000,2026-05-23 12:34:59,1159.77826000,14
2026-05-23 12:35:00,1.15300000,1.15500000,1.15200000,1.15200000,1174.98000000,2026-05-23 12:39:59,1355.84517000,16
2026-05-23 12:40:00,1.15300000,1.15500000,1.15300000,1.15500000,272.72000000,2026-05-23 12:44:59,314.88567000,6
2026-05-23 12:45:00,1.15600000,1.15700000,1.15600000,1.15700000,2041.36000000,2026-05-23 12:49:59,2361.09939000,21
2026-05-23 12:50:00,1.15600000,1.15700000,1.15600000,1.15600000,1070.34000000,2026-05-23 12:54:59,1238.06957000,11
2026-05-23 12:55:00,1.15600000,1.15800000,1.15600000,1.15800000,520.30000000,2026-05-23 12:59:59,602.17186000,9
2026-05-23 13:00:00,1.15800000,1.15900000,1.15800000,1.15800000,761.48000000,2026-05-23 13:04:59,881.97063000,14
2026-05-23 13:05:00,1.15800000,1.15800000,1.15600000,1.15600000,752.28000000,2026-05-23 13:09:59,870.36698000,16
2026-05-23 13:10:00,1.15600000,1.15700000,1.15600000,1.15600000,562.32000000,2026-05-23 13:14:59,650.25694000,9
2026-05-23 13:15:00,1.15700000,1.15700000,1.15600000,1.15700000,699.32000000,2026-05-23 13:19:59,809.05718000,10
2026-05-23 13:20:00,1.15600000,1.15600000,1.15500000,1.15500000,2185.85000000,2026-05-23 13:24:59,2525.80133000,22
2026-05-23 13:25:00,1.15400000,1.15600000,1.15400000,1.15500000,7477.58000000,2026-05-23 13:29:59,8632.06022000,19
2026-05-23 13:30:00,1.15700000,1.15800000,1.15700000,1.15800000,1701.40000000,2026-05-23 13:34:59,1969.77574000,22
2026-05-23 13:35:00,1.15900000,1.16200000,1.15900000,1.16200000,4521.54000000,2026-05-23 13:39:59,5245.57708000,38
2026-05-23 13:40:00,1.16100000,1.16100000,1.16000000,1.16000000,655.21000000,2026-05-23 13:44:59,760.68011000,11
2026-05-23 13:45:00,1.16000000,1.16100000,1.15900000,1.16100000,1593.04000000,2026-05-23 13:49:59,1848.76005000,34
2026-05-23 13:50:00,1.16000000,1.16100000,1.16000000,1.16100000,990.96000000,2026-05-23 13:54:59,1150.12609000,26
2026-05-23 13:55:00,1.16000000,1.16200000,1.16000000,1.16100000,2483.45000000,2026-05-23 13:59:59,2883.43013000,33
2026-05-23 14:00:00,1.16200000,1.16400000,1.16200000,1.16200000,3674.20000000,2026-05-23 14:04:59,4272.22219000,42
2026-05-23 14:05:00,1.16200000,1.16500000,1.16200000,1.16400000,4230.44000000,2026-05-23 14:09:59,4926.68154000,38
2026-05-23 14:10:00,1.16500000,1.16600000,1.16300000,1.16600000,3632.66000000,2026-05-23 14:14:59,4230.42995000,44
2026-05-23 14:15:00,1.16700000,1.16800000,1.16700000,1.16700000,3514.72000000,2026-05-23 14:19:59,4101.76385000,26
2026-05-23 14:20:00,1.16800000,1.16800000,1.16500000,1.16600000,3099.31000000,2026-05-23 14:24:59,3616.74676000,43
2026-05-23 14:25:00,1.16600000,1.16800000,1.16600000,1.16800000,1369.17000000,2026-05-23 14:29:59,1597.22020000,11
2026-05-23 14:30:00,1.16900000,1.16900000,1.16900000,1.16900000,1475.25000000,2026-05-23 14:34:59,1724.56725000,20
2026-05-23 14:35:00,1.16800000,1.16800000,1.16600000,1.16700000,1598.57000000,2026-05-23 14:39:59,1866.64868000,19
2026-05-23 14:40:00,1.16800000,1.16800000,1.16700000,1.16700000,91.15000000,2026-05-23 14:44:59,106.37744000,2
2026-05-23 14:45:00,1.16600000,1.16600000,1.16500000,1.16600000,752.43000000,2026-05-23 14:49:59,877.17103000,15
2026-05-23 14:50:00,1.16600000,1.16800000,1.16600000,1.16800000,737.23000000,2026-05-23 14:54:59,860.59083000,11
2026-05-23 14:55:00,1.16900000,1.16900000,1.16800000,1.16900000,853.97000000,2026-05-23 14:59:59,998.05403000,17
2026-05-23 15:00:00,1.16800000,1.16900000,1.16800000,1.16900000,1593.00000000,2026-05-23 15:04:59,1860.65900000,12
2026-05-23 15:05:00,1.16900000,1.17000000,1.16900000,1.17000000,1029.72000000,2026-05-23 15:09:59,1204.20385000,19
2026-05-23 15:10:00,1.17000000,1.17500000,1.17000000,1.17400000,7366.09000000,2026-05-23 15:14:59,8635.41988000,59
2026-05-23 15:15:00,1.17400000,1.17900000,1.17400000,1.17700000,3482.90000000,2026-05-23 15:19:59,4096.71554000,45
2026-05-23 15:20:00,1.17800000,1.18000000,1.17600000,1.17600000,13545.83000000,2026-05-23 15:24:59,15941.13300000,64
2026-05-23 15:25:00,1.17700000,1.17700000,1.17400000,1.17500000,2801.02000000,2026-05-23 15:29:59,3291.32800000,43
2026-05-23 15:30:00,1.17600000,1.18100000,1.17600000,1.17800000,7730.22000000,2026-05-23 15:34:59,9107.73982000,61
2026-05-23 15:35:00,1.17900000,1.17900000,1.17700000,1.17700000,1852.10000000,2026-05-23 15:39:59,2181.16876000,27
2026-05-23 15:40:00,1.17700000,1.17900000,1.17700000,1.17900000,789.66000000,2026-05-23 15:44:59,930.26056000,12
2026-05-23 15:45:00,1.17800000,1.17800000,1.17400000,1.17400000,7162.53000000,2026-05-23 15:49:59,8424.99236000,65
2026-05-23 15:50:00,1.17400000,1.17600000,1.17400000,1.17600000,1684.00000000,2026-05-23 15:54:59,1978.35195000,17
2026-05-23 15:55:00,1.17500000,1.17600000,1.17500000,1.17500000,611.86000000,2026-05-23 15:59:59,719.31910000,15
2026-05-23 16:00:00,1.17500000,1.17500000,1.17300000,1.17500000,6776.36000000,2026-05-23 16:04:59,7960.44496000,56
2026-05-23 16:05:00,1.17500000,1.17600000,1.17400000,1.17600000,4667.42000000,2026-05-23 16:09:59,5484.20770000,29
2026-05-23 16:10:00,1.17600000,1.17800000,1.17600000,1.17700000,1033.70000000,2026-05-23 16:14:59,1216.58920000,15
2026-05-23 16:15:00,1.17700000,1.18000000,1.17700000,1.17900000,4129.22000000,2026-05-23 16:19:59,4868.66757000,46
2026-05-23 16:20:00,1.18000000,1.18100000,1.17900000,1.17900000,2462.37000000,2026-05-23 16:24:59,2904.86698000,34
2026-05-23 16:25:00,1.17900000,1.17900000,1.17900000,1.17900000,2737.09000000,2026-05-23 16:29:59,3227.02911000,17
2026-05-23 16:30:00,1.18000000,1.18000000,1.17800000,1.17800000,342.91000000,2026-05-23 16:34:59,404.27465000,14
2026-05-23 16:35:00,1.17800000,1.17800000,1.17800000,1.17800000,606.23000000,2026-05-23 16:39:59,714.13894000,8
2026-05-23 16:40:00,1.17800000,1.17800000,1.17500000,1.17700000,2090.58000000,2026-05-23 16:44:59,2461.24108000,26
2026-05-23 16:45:00,1.17700000,1.17700000,1.17600000,1.17600000,775.19000000,2026-05-23 16:49:59,911.80565000,12
2026-05-23 16:50:00,1.17700000,1.17700000,1.17500000,1.17600000,595.45000000,2026-05-23 16:54:59,700.44154000,11
2026-05-23 16:55:00,1.17600000,1.17700000,1.17600000,1.17700000,2262.21000000,2026-05-23 16:59:59,2662.33154000,28
2026-05-23 17:00:00,1.17600000,1.17600000,1.17500000,1.17500000,1504.06000000,2026-05-23 17:04:59,1767.39379000,23
2026-05-23 17:05:00,1.17600000,1.17600000,1.17400000,1.17500000,1170.72000000,2026-05-23 17:09:59,1375.71739000,12
2026-05-23 17:10:00,1.17500000,1.17900000,1.17500000,1.17600000,3566.18000000,2026-05-23 17:14:59,4195.80081000,41
2026-05-23 17:15:00,1.17600000,1.17600000,1.17500000,1.17500000,1161.32000000,2026-05-23 17:19:59,1364.81594000,7
2026-05-23 17:20:00,1.17600000,1.17600000,1.17400000,1.17400000,558.62000000,2026-05-23 17:24:59,656.49659000,16
2026-05-23 17:25:00,1.17400000,1.17500000,1.17400000,1.17400000,710.33000000,2026-05-23 17:29:59,834.15826000,9
2026-05-23 17:30:00,1.17400000,1.18000000,1.17400000,1.17900000,3163.27000000,2026-05-23 17:34:59,3725.02823000,45
2026-05-23 17:35:00,1.17900000,1.19000000,1.17900000,1.19000000,7483.18000000,2026-05-23 17:39:59,8863.96630000,122
2026-05-23 17:40:00,1.19100000,1.19800000,1.19100000,1.19600000,16987.98000000,2026-05-23 17:44:59,20300.50326000,155
2026-05-23 17:45:00,1.19600000,1.19900000,1.19400000,1.19900000,6613.09000000,2026-05-23 17:49:59,7916.91627000,71
2026-05-23 17:50:00,1.19900000,1.19900000,1.19600000,1.19700000,2288.09000000,2026-05-23 17:54:59,2740.66126000,56
2026-05-23 17:55:00,1.19800000,1.20500000,1.19800000,1.20500000,9820.26000000,2026-05-23 17:59:59,11810.95460000,90
2026-05-23 18:00:00,1.20600000,1.21000000,1.19900000,1.20100000,10349.42000000,2026-05-23 18:04:59,12478.57705000,174
2026-05-23 18:05:00,1.20200000,1.20400000,1.20000000,1.20300000,6302.84000000,2026-05-23 18:09:59,7575.19839000,48
2026-05-23 18:10:00,1.20300000,1.20500000,1.20300000,1.20400000,13180.73000000,2026-05-23 18:14:59,15864.21998000,66
2026-05-23 18:15:00,1.20400000,1.20400000,1.19800000,1.20000000,3040.35000000,2026-05-23 18:19:59,3647.07748000,39
2026-05-23 18:20:00,1.20000000,1.20400000,1.20000000,1.20200000,9376.48000000,2026-05-23 18:24:59,11277.03061000,104
2026-05-23 18:25:00,1.20100000,1.20100000,1.19800000,1.19800000,1451.03000000,2026-05-23 18:29:59,1739.63788000,47
2026-05-23 18:30:00,1.19700000,1.19800000,1.19300000,1.19800000,3851.04000000,2026-05-23 18:34:59,4598.14419000,32
2026-05-23 18:35:00,1.19900000,1.20100000,1.19800000,1.19800000,2737.42000000,2026-05-23 18:39:59,3282.94583000,54
2026-05-23 18:40:00,1.19800000,1.19800000,1.19500000,1.19600000,4127.91000000,2026-05-23 18:44:59,4941.75974000,49
2026-05-23 18:45:00,1.19600000,1.19700000,1.19100000,1.19200000,1669.21000000,2026-05-23 18:49:59,1993.48342000,29
2026-05-23 18:50:00,1.19300000,1.19600000,1.19300000,1.19600000,1809.45000000,2026-05-23 18:54:59,2162.20383000,18
2026-05-23 18:55:00,1.19600000,1.19700000,1.19500000,1.19700000,1809.89000000,2026-05-23 18:59:59,2165.99854000,21
2026-05-23 19:00:00,1.19700000,1.20200000,1.19700000,1.20200000,2540.81000000,2026-05-23 19:04:59,3049.43323000,41
2026-05-23 19:05:00,1.20100000,1.20100000,1.19900000,1.19900000,2149.32000000,2026-05-23 19:09:59,2580.40295000,23
2026-05-23 19:10:00,1.19800000,1.19800000,1.19800000,1.19800000,436.40000000,2026-05-23 19:14:59,522.80720000,4
2026-05-23 19:15:00,1.19800000,1.20000000,1.19800000,1.20000000,3643.65000000,2026-05-23 19:19:59,4369.08678000,30
2026-05-23 19:20:00,1.20100000,1.20100000,1.19800000,1.19800000,1891.47000000,2026-05-23 19:24:59,2269.55444000,34
2026-05-23 19:25:00,1.19900000,1.20000000,1.19800000,1.19800000,958.31000000,2026-05-23 19:29:59,1148.75071000,20
2026-05-23 19:30:00,1.19800000,1.19800000,1.19500000,1.19800000,4470.23000000,2026-05-23 19:34:59,5350.27176000,57
2026-05-23 19:35:00,1.19700000,1.19700000,1.19100000,1.19400000,7570.09000000,2026-05-23 19:39:59,9032.66370000,112
2026-05-23 19:40:00,1.19500000,1.20000000,1.19500000,1.19800000,15029.36000000,2026-05-23 19:44:59,18020.86735000,97
2026-05-23 19:45:00,1.19900000,1.20000000,1.19700000,1.20000000,1665.91000000,2026-05-23 19:49:59,1996.50389000,26
2026-05-23 19:50:00,1.19900000,1.20000000,1.19800000,1.19900000,2406.55000000,2026-05-23 19:54:59,2887.26306000,21
2026-05-23 19:55:00,1.20000000,1.20100000,1.20000000,1.20000000,1021.22000000,2026-05-23 19:59:59,1226.06419000,17
2026-05-23 20:00:00,1.19900000,1.19900000,1.19600000,1.19700000,1268.85000000,2026-05-23 20:04:59,1520.05811000,25
2026-05-23 20:05:00,1.19800000,1.20200000,1.19800000,1.20000000,8790.86000000,2026-05-23 20:09:59,10550.51009000,62
2026-05-23 20:10:00,1.20000000,1.20000000,1.19900000,1.19900000,2101.73000000,2026-05-23 20:14:59,2520.13552000,16
2026-05-23 20:15:00,1.20000000,1.20100000,1.20000000,1.20000000,885.29000000,2026-05-23 20:19:59,1062.78264000,15
2026-05-23 20:20:00,1.20000000,1.20000000,1.19800000,1.19800000,824.63000000,2026-05-23 20:24:59,989.17481000,16
2026-05-23 20:25:00,1.19700000,1.19800000,1.19700000,1.19700000,567.23000000,2026-05-23 20:29:59,679.13511000,16
2026-05-23 20:30:00,1.19800000,1.20000000,1.19800000,1.19800000,4605.19000000,2026-05-23 20:34:59,5521.40441000,34
2026-05-23 20:35:00,1.19800000,1.19800000,1.19600000,1.19600000,523.38000000,2026-05-23 20:39:59,626.74022000,11
2026-05-23 20:40:00,1.19600000,1.19700000,1.19600000,1.19700000,2300.59000000,2026-05-23 20:44:59,2753.70381000,19
2026-05-23 20:45:00,1.19600000,1.19700000,1.19600000,1.19700000,1056.16000000,2026-05-23 20:49:59,1264.21098000,12
2026-05-23 20:50:00,1.19500000,1.19800000,1.19500000,1.19800000,309.03000000,2026-05-23 20:54:59,369.50020000,12
2026-05-23 20:55:00,1.19700000,1.19900000,1.19700000,1.19700000,1786.57000000,2026-05-23 20:59:59,2139.29508000,21
2026-05-23 21:00:00,1.19800000,1.19900000,1.19600000,1.19600000,9701.75000000,2026-05-23 21:04:59,11626.48503000,59
2026-05-23 21:05:00,1.19500000,1.19500000,1.19500000,1.19500000,416.80000000,2026-05-23 21:09:59,498.07600000,5
2026-05-23 21:10:00,1.19400000,1.19400000,1.19200000,1.19400000,3779.67000000,2026-05-23 21:14:59,4508.68454000,33
2026-05-23 21:15:00,1.19500000,1.19500000,1.19300000,1.19300000,4016.74000000,2026-05-23 21:19:59,4794.60615000,29
2026-05-23 21:20:00,1.19400000,1.19400000,1.19200000,1.19200000,4086.67000000,2026-05-23 21:24:59,4875.60905000,20
2026-05-23 21:25:00,1.19200000,1.19600000,1.19200000,1.19600000,2276.53000000,2026-05-23 21:29:59,2717.50338000,25
2026-05-23 21:30:00,1.19600000,1.19800000,1.19600000,1.19600000,1170.46000000,2026-05-23 21:34:59,1400.66787000,15
2026-05-23 21:35:00,1.19600000,1.19600000,1.19500000,1.19500000,751.86000000,2026-05-23 21:39:59,898.90734000,8
2026-05-23 21:40:00,1.19500000,1.19500000,1.19400000,1.19400000,1503.71000000,2026-05-23 21:44:59,1796.44711000,21
2026-05-23 21:45:00,1.19500000,1.19900000,1.19500000,1.19700000,5616.86000000,2026-05-23 21:49:59,6728.39924000,47
2026-05-23 21:50:00,1.19600000,1.19600000,1.19600000,1.19600000,1294.29000000,2026-05-23 21:54:59,1547.97084000,16
2026-05-23 21:55:00,1.19600000,1.19800000,1.19600000,1.19800000,255.81000000,2026-05-23 21:59:59,306.28593000,7
2026-05-23 22:00:00,1.19900000,1.20100000,1.19900000,1.20000000,1272.92000000,2026-05-23 22:04:59,1527.59133000,20
2026-05-23 22:05:00,1.19800000,1.19800000,1.19600000,1.19700000,523.18000000,2026-05-23 22:09:59,626.14827000,12
2026-05-23 22:10:00,1.19700000,1.19700000,1.19500000,1.19600000,603.23000000,2026-05-23 22:14:59,721.77005000,12
2026-05-23 22:15:00,1.19500000,1.19500000,1.19400000,1.19400000,281.23000000,2026-05-23 22:19:59,335.80567000,8
2026-05-23 22:20:00,1.19500000,1.19500000,1.19400000,1.19500000,748.97000000,2026-05-23 22:24:59,894.90377000,6
2026-05-23 22:25:00,1.19400000,1.19400000,1.19300000,1.19300000,285.52000000,2026-05-23 22:29:59,340.75572000,7
2026-05-23 22:30:00,1.19200000,1.19400000,1.19200000,1.19300000,2383.11000000,2026-05-23 22:34:59,2842.31119000,24
2026-05-23 22:35:00,1.19300000,1.19300000,1.19200000,1.19300000,2667.41000000,2026-05-23 22:39:59,3181.70788000,22
2026-05-23 22:40:00,1.19300000,1.19300000,1.19100000,1.19100000,8182.89000000,2026-05-23 22:44:59,9746.86322000,27
2026-05-23 22:45:00,1.19300000,1.19300000,1.19100000,1.19200000,1498.09000000,2026-05-23 22:49:59,1784.41295000,16
2026-05-23 22:50:00,1.19200000,1.19200000,1.19100000,1.19100000,267.67000000,2026-05-23 22:54:59,318.88985000,6
2026-05-23 22:55:00,1.19100000,1.19100000,1.19000000,1.19100000,855.60000000,2026-05-23 22:59:59,1018.98412000,13
2026-05-23 23:00:00,1.19100000,1.19200000,1.19000000,1.19000000,1142.68000000,2026-05-23 23:04:59,1360.91430000,7
2026-05-23 23:05:00,1.19100000,1.19100000,1.18900000,1.19100000,928.23000000,2026-05-23 23:09:59,1104.57539000,15
2026-05-23 23:10:00,1.19000000,1.19000000,1.19000000,1.19000000,4.73000000,2026-05-23 23:14:59,5.62870000,1
2026-05-23 23:15:00,1.19000000,1.19000000,1.18800000,1.18900000,1520.56000000,2026-05-23 23:19:59,1807.80350000,25
2026-05-23 23:20:00,1.18800000,1.18900000,1.18600000,1.18600000,297.85000000,2026-05-23 23:24:59,353.37835000,13
2026-05-23 23:25:00,1.18500000,1.18500000,1.18400000,1.18400000,102.79000000,2026-05-23 23:29:59,121.78186000,9
2026-05-23 23:30:00,1.18400000,1.18400000,1.18400000,1.18400000,1613.37000000,2026-05-23 23:34:59,1910.23008000,13
2026-05-23 23:35:00,1.18400000,1.18500000,1.18400000,1.18400000,3906.13000000,2026-05-23 23:39:59,4624.96109000,15
2026-05-23 23:40:00,1.18400000,1.18500000,1.18400000,1.18500000,267.08000000,2026-05-23 23:44:59,316.48123000,5
2026-05-23 23:45:00,1.18600000,1.18700000,1.18600000,1.18600000,461.88000000,2026-05-23 23:49:59,547.79422000,6
2026-05-23 23:50:00,1.18700000,1.18700000,1.18700000,1.18700000,342.40000000,2026-05-23 23:54:59,406.42880000,4
2026-05-23 23:55:00,1.18700000,1.18700000,1.18700000,1.18700000,167.50000000,2026-05-23 23:59:59,198.82250000,2
2026-05-24 00:00:00,1.18600000,1.18600000,1.18400000,1.18600000,1566.01000000,2026-05-24 00:04:59,1855.79793000,22
2026-05-24 00:05:00,1.18600000,1.18700000,1.18600000,1.18600000,1263.08000000,2026-05-24 00:09:59,1499.02649000,15
2026-05-24 00:10:00,1.18700000,1.18700000,1.18500000,1.18500000,352.86000000,2026-05-24 00:14:59,418.72815000,6
2026-05-24 00:15:00,1.18400000,1.18500000,1.18300000,1.18500000,2026.89000000,2026-05-24 00:19:59,2399.26546000,16
2026-05-24 00:20:00,1.18500000,1.18500000,1.18400000,1.18500000,235.24000000,2026-05-24 00:24:59,278.53578000,6
2026-05-24 00:25:00,1.18600000,1.18600000,1.18500000,1.18500000,582.18000000,2026-05-24 00:29:59,690.08120000,8
2026-05-24 00:30:00,1.18400000,1.18400000,1.18200000,1.18200000,508.90000000,2026-05-24 00:34:59,601.71755000,10
2026-05-24 00:35:00,1.18200000,1.18200000,1.17900000,1.17900000,6170.54000000,2026-05-24 00:39:59,7282.10370000,33
2026-05-24 00:40:00,1.18000000,1.18000000,1.17900000,1.17900000,978.83000000,2026-05-24 00:44:59,1154.69940000,18
2026-05-24 00:45:00,1.18000000,1.18000000,1.18000000,1.18000000,235.69000000,2026-05-24 00:49:59,278.11420000,2
2026-05-24 00:50:00,1.18100000,1.18200000,1.18100000,1.18200000,1444.70000000,2026-05-24 00:54:59,1707.34997000,17
2026-05-24 00:55:00,1.18200000,1.18300000,1.18200000,1.18200000,518.99000000,2026-05-24 00:59:59,613.86961000,7
2026-05-24 01:00:00,1.18400000,1.18500000,1.18400000,1.18400000,5454.95000000,2026-05-24 01:04:59,6462.36320000,29
2026-05-24 01:05:00,1.18400000,1.18400000,1.18100000,1.18100000,501.78000000,2026-05-24 01:09:59,593.03764000,14
2026-05-24 01:10:00,1.18000000,1.18400000,1.18000000,1.18300000,4611.47000000,2026-05-24 01:14:59,5450.78835000,31
2026-05-24 01:15:00,1.18400000,1.18400000,1.18400000,1.18400000,266.08000000,2026-05-24 01:19:59,315.03872000,4
2026-05-24 01:20:00,1.18300000,1.18400000,1.18200000,1.18200000,854.01000000,2026-05-24 01:24:59,1010.28083000,11
2026-05-24 01:25:00,1.18200000,1.18200000,1.18200000,1.18200000,200.77000000,2026-05-24 01:29:59,237.31014000,3
2026-05-24 01:30:00,1.18200000,1.18300000,1.18200000,1.18300000,287.56000000,2026-05-24 01:34:59,340.02148000,3
2026-05-24 01:35:00,1.18300000,1.18300000,1.18300000,1.18300000,743.07000000,2026-05-24 01:39:59,879.05181000,3
2026-05-24 01:40:00,1.18300000,1.18400000,1.18300000,1.18400000,242.91000000,2026-05-24 01:44:59,287.60026000,4
2026-05-24 01:45:00,1.18300000,1.18300000,1.18200000,1.18300000,986.07000000,2026-05-24 01:49:59,1165.95444000,14
2026-05-24 01:50:00,1.18300000,1.18500000,1.18300000,1.18400000,542.12000000,2026-05-24 01:54:59,641.72571000,10
2026-05-24 01:55:00,1.18400000,1.18400000,1.18400000,1.18400000,144.88000000,2026-05-24 01:59:59,171.53792000,2
2026-05-24 02:00:00,1.18400000,1.18400000,1.18200000,1.18200000,1050.36000000,2026-05-24 02:04:59,1242.33958000,15
2026-05-24 02:05:00,1.18100000,1.18100000,1.18000000,1.18000000,107.68000000,2026-05-24 02:09:59,127.16432000,5
2026-05-24 02:10:00,1.18000000,1.18000000,1.18000000,1.18000000,773.08000000,2026-05-24 02:14:59,912.23440000,10
2026-05-24 02:15:00,1.17900000,1.17900000,1.17800000,1.17900000,3855.00000000,2026-05-24 02:19:59,4541.65889000,29
2026-05-24 02:20:00,1.17900000,1.17900000,1.17900000,1.17900000,132.84000000,2026-05-24 02:24:59,156.61836000,11
2026-05-24 02:25:00,1.17800000,1.18000000,1.17800000,1.17800000,3060.48000000,2026-05-24 02:29:59,3607.81179000,32
2026-05-24 02:30:00,1.18000000,1.18000000,1.17700000,1.17800000,597.67000000,2026-05-24 02:34:59,704.27675000,24
2026-05-24 02:35:00,1.17800000,1.17800000,1.17600000,1.17600000,368.28000000,2026-05-24 02:39:59,433.38408000,16
2026-05-24 02:40:00,1.17600000,1.17600000,1.17400000,1.17500000,2908.55000000,2026-05-24 02:44:59,3414.85181000,31
2026-05-24 02:45:00,1.17600000,1.17700000,1.17500000,1.17700000,2207.03000000,2026-05-24 02:49:59,2593.78931000,25
2026-05-24 02:50:00,1.17800000,1.17900000,1.17800000,1.17800000,1551.83000000,2026-05-24 02:54:59,1828.30610000,22
2026-05-24 02:55:00,1.17800000,1.17800000,1.17800000,1.17800000,192.38000000,2026-05-24 02:59:59,226.62364000,2
2026-05-24 03:00:00,1.17900000,1.17900000,1.17800000,1.17800000,457.01000000,2026-05-24 03:04:59,538.63952000,8
2026-05-24 03:05:00,1.17800000,1.17900000,1.17800000,1.17900000,96.96000000,2026-05-24 03:09:59,114.26888000,4
2026-05-24 03:10:00,1.17900000,1.17900000,1.17800000,1.17900000,411.64000000,2026-05-24 03:14:59,485.30749000,4
2026-05-24 03:15:00,1.17900000,1.17900000,1.17800000,1.17900000,247.22000000,2026-05-24 03:19:59,291.46639000,4
2026-05-24 03:20:00,1.17900000,1.17900000,1.17800000,1.17800000,257.42000000,2026-05-24 03:24:59,303.36590000,4
2026-05-24 03:25:00,1.17900000,1.17900000,1.17700000,1.17800000,537.96000000,2026-05-24 03:29:59,633.20917000,13
2026-05-24 03:30:00,1.17700000,1.17700000,1.17600000,1.17600000,381.76000000,2026-05-24 03:34:59,449.07666000,7
2026-05-24 03:35:00,1.17600000,1.17800000,1.17600000,1.17800000,876.00000000,2026-05-24 03:39:59,1031.27870000,11
2026-05-24 03:40:00,1.17900000,1.17900000,1.17800000,1.17900000,1037.19000000,2026-05-24 03:44:59,1222.33963000,11
2026-05-24 03:45:00,1.17900000,1.18000000,1.17900000,1.18000000,311.44000000,2026-05-24 03:49:59,367.35432000,3
2026-05-24 03:50:00,1.18000000,1.18300000,1.18000000,1.18100000,1783.94000000,2026-05-24 03:54:59,2108.19464000,22
2026-05-24 03:55:00,1.18100000,1.18100000,1.18100000,1.18100000,2058.60000000,2026-05-24 03:59:59,2431.20660000,15
2026-05-24 04:00:00,1.18000000,1.18100000,1.18000000,1.18100000,2551.39000000,2026-05-24 04:04:59,3012.95428000,33
2026-05-24 04:05:00,1.18000000,1.18000000,1.18000000,1.18000000,268.28000000,2026-05-24 04:09:59,316.57040000,3
2026-05-24 04:10:00,1.18100000,1.18100000,1.17900000,1.17900000,853.68000000,2026-05-24 04:14:59,1007.19055000,14
2026-05-24 04:15:00,1.17900000,1.17900000,1.17800000,1.17800000,168.73000000,2026-05-24 04:19:59,198.92645000,4
2026-05-24 04:20:00,1.17900000,1.17900000,1.17800000,1.17900000,204.72000000,2026-05-24 04:24:59,241.33935000,4
2026-05-24 04:25:00,1.17900000,1.17900000,1.17900000,1.17900000,160.52000000,2026-05-24 04:29:59,189.25308000,6
2026-05-24 04:30:00,1.17900000,1.18000000,1.17900000,1.18000000,132.86000000,2026-05-24 04:34:59,156.68650000,3
2026-05-24 04:35:00,1.18100000,1.18100000,1.17900000,1.17900000,527.97000000,2026-05-24 04:39:59,623.18504000,10
2026-05-24 04:40:00,1.18000000,1.18000000,1.18000000,1.18000000,563.62000000,2026-05-24 04:44:59,665.07160000,4
2026-05-24 04:45:00,1.17900000,1.17900000,1.17800000,1.17800000,579.51000000,2026-05-24 04:49:59,683.02745000,10
2026-05-24 04:50:00,1.17800000,1.17800000,1.17700000,1.17800000,3999.92000000,2026-05-24 04:54:59,4709.19983000,20
2026-05-24 04:55:00,1.17700000,1.17700000,1.17700000,1.17700000,362.94000000,2026-05-24 04:59:59,427.18038000,3
2026-05-24 05:00:00,1.17800000,1.17800000,1.17700000,1.17700000,190.57000000,2026-05-24 05:04:59,224.46146000,4
2026-05-24 05:05:00,1.17700000,1.17700000,1.17600000,1.17700000,2376.26000000,2026-05-24 05:09:59,2796.84802000,18
2026-05-24 05:10:00,1.17700000,1.17700000,1.17700000,1.17700000,18.00000000,2026-05-24 05:14:59,21.18600000,1
2026-05-24 05:15:00,1.17700000,1.17800000,1.17700000,1.17800000,531.49000000,2026-05-24 05:19:59,626.08616000,7
2026-05-24 05:20:00,1.17900000,1.18100000,1.17900000,1.18100000,228.74000000,2026-05-24 05:24:59,269.99330000,4
2026-05-24 05:25:00,1.18100000,1.18200000,1.18000000,1.18100000,1134.39000000,2026-05-24 05:29:59,1339.72999000,14
2026-05-24 05:30:00,1.18000000,1.18100000,1.17900000,1.17900000,921.28000000,2026-05-24 05:34:59,1087.13117000,10
2026-05-24 05:35:00,1.17900000,1.18300000,1.17900000,1.18200000,9398.61000000,2026-05-24 05:39:59,11110.85059000,50
2026-05-24 05:40:00,1.18200000,1.18200000,1.18000000,1.18000000,2291.91000000,2026-05-24 05:44:59,2707.68096000,13
2026-05-24 05:45:00,1.18000000,1.18100000,1.18000000,1.18000000,197.18000000,2026-05-24 05:49:59,232.76070000,4
2026-05-24 05:50:00,1.18000000,1.18000000,1.18000000,1.18000000,4.55000000,2026-05-24 05:54:59,5.36900000,1
2026-05-24 05:55:00,1.18100000,1.18100000,1.18000000,1.18000000,81.60000000,2026-05-24 05:59:59,96.36260000,2
2026-05-24 06:00:00,1.18000000,1.18000000,1.18000000,1.18000000,169.04000000,2026-05-24 06:04:59,199.46720000,2
2026-05-24 06:05:00,1.18000000,1.18000000,1.18000000,1.18000000,611.39000000,2026-05-24 06:09:59,721.44020000,8
2026-05-24 06:10:00,1.18100000,1.18200000,1.18100000,1.18200000,263.10000000,2026-05-24 06:14:59,310.80424000,4
2026-05-24 06:15:00,1.18100000,1.18100000,1.18100000,1.18100000,990.74000000,2026-05-24 06:19:59,1170.06394000,6
2026-05-24 06:20:00,1.18100000,1.18200000,1.18100000,1.18200000,7163.41000000,2026-05-24 06:24:59,8466.19201000,25
2026-05-24 06:25:00,1.18200000,1.18200000,1.17900000,1.17900000,4854.65000000,2026-05-24 06:29:59,5733.88702000,35
2026-05-24 06:30:00,1.18000000,1.18000000,1.17900000,1.17900000,1998.73000000,2026-05-24 06:34:59,2356.59712000,18
2026-05-24 06:35:00,1.18000000,1.18200000,1.18000000,1.18100000,996.68000000,2026-05-24 06:39:59,1177.93263000,13
2026-05-24 06:40:00,1.18000000,1.18100000,1.18000000,1.18000000,915.78000000,2026-05-24 06:44:59,1080.66940000,10
2026-05-24 06:45:00,1.18000000,1.18100000,1.18000000,1.18000000,2736.39000000,2026-05-24 06:49:59,3231.56842000,23
2026-05-24 06:50:00,1.18100000,1.18100000,1.18000000,1.18100000,2176.56000000,2026-05-24 06:54:59,2570.09364000,30
2026-05-24 06:55:00,1.18000000,1.18100000,1.18000000,1.18100000,533.78000000,2026-05-24 06:59:59,629.94344000,15
2026-05-24 07:00:00,1.17900000,1.18000000,1.17600000,1.17700000,4017.45000000,2026-05-24 07:04:59,4730.76145000,68
2026-05-24 07:05:00,1.17700000,1.17800000,1.17700000,1.17700000,398.41000000,2026-05-24 07:09:59,469.12159000,8
2026-05-24 07:10:00,1.17600000,1.17600000,1.17500000,1.17600000,1053.48000000,2026-05-24 07:14:59,1238.63744000,18
2026-05-24 07:15:00,1.17600000,1.17900000,1.17600000,1.17800000,29100.62000000,2026-05-24 07:19:59,34272.15346000,63
2026-05-24 07:20:00,1.17800000,1.17800000,1.17700000,1.17700000,857.20000000,2026-05-24 07:24:59,1009.77704000,3
2026-05-24 07:25:00,1.17600000,1.18400000,1.17600000,1.17900000,10693.82000000,2026-05-24 07:29:59,12638.96195000,82
2026-05-24 07:30:00,1.17900000,1.17900000,1.17700000,1.17800000,761.97000000,2026-05-24 07:34:59,897.25658000,15
2026-05-24 07:35:00,1.17800000,1.17900000,1.17800000,1.17900000,1086.17000000,2026-05-24 07:39:59,1279.99406000,13
2026-05-24 07:40:00,1.17800000,1.17800000,1.17800000,1.17800000,162.00000000,2026-05-24 07:44:59,190.83600000,1
2026-05-24 07:45:00,1.17800000,1.17800000,1.17500000,1.17500000,5092.27000000,2026-05-24 07:49:59,5985.25080000,32
2026-05-24 07:50:00,1.17600000,1.17600000,1.17600000,1.17600000,958.36000000,2026-05-24 07:54:59,1127.03136000,7
2026-05-24 07:55:00,1.17700000,1.17700000,1.17700000,1.17700000,110.77000000,2026-05-24 07:59:59,130.37629000,3
2026-05-24 08:00:00,1.17800000,1.17800000,1.17600000,1.17600000,4309.58000000,2026-05-24 08:04:59,5071.37552000,25
2026-05-24 08:05:00,1.17600000,1.17600000,1.17600000,1.17600000,162.00000000,2026-05-24 08:09:59,190.51200000,1
2026-05-24 08:10:00,1.17500000,1.17500000,1.17500000,1.17500000,11.25000000,2026-05-24 08:14:59,13.21875000,1
2026-05-24 08:15:00,1.17500000,1.17500000,1.17500000,1.17500000,201.69000000,2026-05-24 08:19:59,236.98575000,6
2026-05-24 08:20:00,1.17400000,1.17400000,1.17300000,1.17300000,543.35000000,2026-05-24 08:24:59,637.36690000,7
2026-05-24 08:25:00,1.17300000,1.17400000,1.17100000,1.17200000,3988.64000000,2026-05-24 08:29:59,4675.35763000,30
2026-05-24 08:30:00,1.17200000,1.17300000,1.17200000,1.17200000,2882.20000000,2026-05-24 08:34:59,3378.91810000,13
2026-05-24 08:35:00,1.17200000,1.17200000,1.17200000,1.17200000,186.42000000,2026-05-24 08:39:59,218.48424000,5
2026-05-24 08:40:00,1.17200000,1.17300000,1.17200000,1.17300000,784.56000000,2026-05-24 08:44:59,920.04418000,10
2026-05-24 08:45:00,1.17300000,1.17300000,1.17200000,1.17200000,748.19000000,2026-05-24 08:49:59,877.06187000,10
2026-05-24 08:50:00,1.17200000,1.17200000,1.17100000,1.17100000,853.90000000,2026-05-24 08:54:59,1000.07890000,6
2026-05-24 08:55:00,1.17200000,1.17200000,1.17200000,1.17200000,832.02000000,2026-05-24 08:59:59,975.12744000,8
2026-05-24 09:00:00,1.17100000,1.17200000,1.17100000,1.17200000,154.13000000,2026-05-24 09:04:59,180.57913000,5
2026-05-24 09:05:00,1.17200000,1.17200000,1.17100000,1.17100000,371.12000000,2026-05-24 09:09:59,434.74352000,4
2026-05-24 09:10:00,1.17000000,1.17100000,1.17000000,1.17100000,2442.14000000,2026-05-24 09:14:59,2857.38852000,31
2026-05-24 09:15:00,1.17000000,1.17000000,1.16600000,1.16800000,6446.01000000,2026-05-24 09:19:59,7535.79464000,48
2026-05-24 09:20:00,1.16800000,1.16800000,1.16600000,1.16600000,1486.77000000,2026-05-24 09:24:59,1736.29200000,14
2026-05-24 09:25:00,1.16800000,1.16800000,1.16700000,1.16700000,597.49000000,2026-05-24 09:29:59,697.77932000,12
2026-05-24 09:30:00,1.16700000,1.16700000,1.16600000,1.16700000,1016.79000000,2026-05-24 09:34:59,1186.54093000,15
2026-05-24 09:35:00,1.16700000,1.16900000,1.16700000,1.16800000,2086.96000000,2026-05-24 09:39:59,2436.38200000,27
2026-05-24 09:40:00,1.16800000,1.17000000,1.16800000,1.17000000,1287.02000000,2026-05-24 09:44:59,1505.73788000,20
2026-05-24 09:45:00,1.17100000,1.17200000,1.17100000,1.17200000,124.05000000,2026-05-24 09:49:59,145.27986000,4
2026-05-24 09:50:00,1.17200000,1.17200000,1.17000000,1.17000000,188.23000000,2026-05-24 09:54:59,220.39931000,4
2026-05-24 09:55:00,1.17000000,1.17200000,1.17000000,1.17100000,2127.33000000,2026-05-24 09:59:59,2491.54708000,42
2026-05-24 10:00:00,1.17100000,1.17200000,1.17000000,1.17100000,3156.72000000,2026-05-24 10:04:59,3696.27516000,40
2026-05-24 10:05:00,1.17100000,1.17200000,1.17100000,1.17100000,561.45000000,2026-05-24 10:09:59,657.56712000,8
2026-05-24 10:10:00,1.17100000,1.17100000,1.17000000,1.17000000,392.73000000,2026-05-24 10:14:59,459.60316000,5
2026-05-24 10:15:00,1.17100000,1.17100000,1.17100000,1.17100000,229.71000000,2026-05-24 10:19:59,268.99041000,4
2026-05-24 10:20:00,1.17100000,1.17100000,1.17000000,1.17000000,1456.54000000,2026-05-24 10:24:59,1704.56811000,15
2026-05-24 10:25:00,1.17000000,1.17000000,1.16700000,1.16800000,3520.66000000,2026-05-24 10:29:59,4117.98914000,40
2026-05-24 10:30:00,1.16800000,1.16900000,1.16800000,1.16800000,520.95000000,2026-05-24 10:34:59,608.63160000,6
2026-05-24 10:35:00,1.16800000,1.16800000,1.16600000,1.16700000,3741.46000000,2026-05-24 10:39:59,4367.23058000,46
2026-05-24 10:40:00,1.16800000,1.17000000,1.16800000,1.17000000,964.09000000,2026-05-24 10:44:59,1127.61323000,17
2026-05-24 10:45:00,1.16900000,1.16900000,1.16800000,1.16800000,949.36000000,2026-05-24 10:49:59,1109.55391000,9
2026-05-24 10:50:00,1.16800000,1.16800000,1.16500000,1.16500000,2508.49000000,2026-05-24 10:54:59,2925.49433000,22
2026-05-24 10:55:00,1.16500000,1.16500000,1.16100000,1.16300000,2619.12000000,2026-05-24 10:59:59,3044.54297000,38
2026-05-24 11:00:00,1.16300000,1.16500000,1.16100000,1.16300000,3198.80000000,2026-05-24 11:04:59,3716.49081000,30
2026-05-24 11:05:00,1.16400000,1.16400000,1.16400000,1.16400000,305.12000000,2026-05-24 11:09:59,355.15968000,7
2026-05-24 11:10:00,1.16500000,1.16500000,1.15600000,1.16000000,10535.50000000,2026-05-24 11:14:59,12214.80576000,121
2026-05-24 11:15:00,1.15900000,1.16000000,1.14900000,1.15400000,13876.77000000,2026-05-24 11:19:59,15992.90377000,157
2026-05-24 11:20:00,1.15500000,1.16100000,1.15500000,1.16000000,4165.76000000,2026-05-24 11:24:59,4826.74050000,51
2026-05-24 11:25:00,1.16000000,1.16000000,1.15700000,1.15700000,2542.05000000,2026-05-24 11:29:59,2943.46206000,48
2026-05-24 11:30:00,1.15700000,1.16000000,1.15700000,1.16000000,4539.02000000,2026-05-24 11:34:59,5256.43829000,109
2026-05-24 11:35:00,1.15900000,1.16100000,1.15800000,1.16100000,2795.94000000,2026-05-24 11:39:59,3241.77241000,58
2026-05-24 11:40:00,1.16000000,1.16100000,1.15900000,1.16000000,1521.55000000,2026-05-24 11:44:59,1765.01787000,23
2026-05-24 11:45:00,1.16100000,1.16300000,1.16100000,1.16300000,2083.47000000,2026-05-24 11:49:59,2421.08743000,37
2026-05-24 11:50:00,1.16200000,1.16500000,1.16200000,1.16400000,1623.61000000,2026-05-24 11:54:59,1889.74795000,33
2026-05-24 11:55:00,1.16400000,1.16500000,1.16300000,1.16400000,1598.46000000,2026-05-24 11:59:59,1860.05743000,36
2026-05-24 12:00:00,1.16400000,1.16500000,1.16200000,1.16500000,4195.72000000,2026-05-24 12:04:59,4880.82430000,70
2026-05-24 12:05:00,1.16400000,1.16500000,1.16200000,1.16500000,2699.48000000,2026-05-24 12:09:59,3139.29807000,55
2026-05-24 12:10:00,1.16500000,1.16500000,1.16400000,1.16400000,1362.60000000,2026-05-24 12:14:59,1586.42837000,20
2026-05-24 12:15:00,1.16300000,1.16300000,1.16100000,1.16200000,816.47000000,2026-05-24 12:19:59,948.95556000,16
2026-05-24 12:20:00,1.16200000,1.16200000,1.16200000,1.16200000,2111.41000000,2026-05-24 12:24:59,2453.45842000,13
2026-05-24 12:25:00,1.16200000,1.16200000,1.16100000,1.16100000,202.87000000,2026-05-24 12:29:59,235.72385000,7
2026-05-24 12:30:00,1.16200000,1.16200000,1.16100000,1.16100000,694.90000000,2026-05-24 12:34:59,806.83354000,12
2026-05-24 12:35:00,1.16100000,1.16100000,1.16000000,1.16100000,807.44000000,2026-05-24 12:39:59,937.40023000,14
2026-05-24 12:40:00,1.16100000,1.16300000,1.16100000,1.16300000,2364.27000000,2026-05-24 12:44:59,2747.58969000,16
2026-05-24 12:45:00,1.16300000,1.16300000,1.16300000,1.16300000,447.89000000,2026-05-24 12:49:59,520.89607000,3
2026-05-24 12:50:00,1.16300000,1.16300000,1.16200000,1.16200000,623.90000000,2026-05-24 12:54:59,725.50257000,10
2026-05-24 12:55:00,1.16200000,1.16300000,1.16100000,1.16100000,467.49000000,2026-05-24 12:59:59,543.26288000,12
2026-05-24 13:00:00,1.16200000,1.16400000,1.16200000,1.16400000,1379.62000000,2026-05-24 13:04:59,1603.15354000,20
2026-05-24 13:05:00,1.16500000,1.16600000,1.16300000,1.16300000,219.00000000,2026-05-24 13:09:59,255.11866000,11
2026-05-24 13:10:00,1.16400000,1.16400000,1.16400000,1.16400000,100.87000000,2026-05-24 13:14:59,117.41268000,1
2026-05-24 13:15:00,1.16400000,1.16800000,1.16400000,1.16600000,1766.03000000,2026-05-24 13:19:59,2060.61293000,15
2026-05-24 13:20:00,1.16500000,1.16600000,1.16500000,1.16600000,1336.03000000,2026-05-24 13:24:59,1557.36321000,14
2026-05-24 13:25:00,1.16400000,1.16400000,1.16300000,1.16300000,1024.45000000,2026-05-24 13:29:59,1191.45334000,11
2026-05-24 13:30:00,1.16300000,1.16300000,1.16200000,1.16200000,108.85000000,2026-05-24 13:34:59,126.57717000,5
2026-05-24 13:35:00,1.16100000,1.16100000,1.15900000,1.16000000,2867.21000000,2026-05-24 13:39:59,3325.53313000,35
2026-05-24 13:40:00,1.16000000,1.16000000,1.16000000,1.16000000,6.30000000,2026-05-24 13:44:59,7.30800000,1
2026-05-24 13:45:00,1.15900000,1.16000000,1.15900000,1.16000000,192.36000000,2026-05-24 13:49:59,223.03819000,6
2026-05-24 13:50:00,1.15900000,1.15900000,1.15900000,1.15900000,21.00000000,2026-05-24 13:54:59,24.33900000,3
2026-05-24 13:55:00,1.16000000,1.16100000,1.15900000,1.16100000,809.40000000,2026-05-24 13:59:59,938.88448000,8
2026-05-24 14:00:00,1.16000000,1.16000000,1.15900000,1.15900000,515.04000000,2026-05-24 14:04:59,597.03352000,10
2026-05-24 14:05:00,1.15900000,1.15900000,1.15900000,1.15900000,110.62000000,2026-05-24 14:09:59,128.20858000,3
2026-05-24 14:10:00,1.16000000,1.16100000,1.15900000,1.15900000,1293.05000000,2026-05-24 14:14:59,1499.43780000,17
2026-05-24 14:15:00,1.15900000,1.16000000,1.15900000,1.16000000,1684.13000000,2026-05-24 14:19:59,1952.63187000,5
2026-05-24 14:20:00,1.16000000,1.16000000,1.16000000,1.16000000,6.00000000,2026-05-24 14:24:59,6.96000000,1
2026-05-24 14:25:00,1.16000000,1.16000000,1.15900000,1.15900000,252.05000000,2026-05-24 14:29:59,292.32331000,3
2026-05-24 14:30:00,1.16000000,1.16100000,1.16000000,1.16100000,389.31000000,2026-05-24 14:34:59,451.68203000,5
2026-05-24 14:35:00,1.16000000,1.16300000,1.16000000,1.16300000,1182.52000000,2026-05-24 14:39:59,1373.19734000,12
2026-05-24 14:40:00,1.16200000,1.16200000,1.16200000,1.16200000,33.63000000,2026-05-24 14:44:59,39.07806000,1
2026-05-24 14:45:00,1.16200000,1.16200000,1.16100000,1.16200000,1055.72000000,2026-05-24 14:49:59,1226.38262000,17
2026-05-24 14:50:00,1.16200000,1.16200000,1.16100000,1.16100000,760.63000000,2026-05-24 14:54:59,883.35316000,15
2026-05-24 14:55:00,1.16100000,1.16100000,1.16100000,1.16100000,1729.77000000,2026-05-24 14:59:59,2008.26297000,33
2026-05-24 15:00:00,1.16000000,1.16100000,1.15900000,1.15900000,1156.94000000,2026-05-24 15:04:59,1341.65535000,23
2026-05-24 15:05:00,1.15900000,1.16100000,1.15900000,1.16100000,1430.97000000,2026-05-24 15:09:59,1660.07597000,24
2026-05-24 15:10:00,1.16100000,1.16100000,1.16000000,1.16100000,764.68000000,2026-05-24 15:14:59,887.76843000,20
2026-05-24 15:15:00,1.16100000,1.16200000,1.16000000,1.16000000,1083.59000000,2026-05-24 15:19:59,1257.75858000,30
2026-05-24 15:20:00,1.16000000,1.16000000,1.15800000,1.15800000,896.28000000,2026-05-24 15:24:59,1039.24307000,20
2026-05-24 15:25:00,1.15800000,1.15800000,1.15800000,1.15800000,1263.00000000,2026-05-24 15:29:59,1462.55400000,8
2026-05-24 15:30:00,1.15800000,1.15800000,1.15700000,1.15700000,1879.08000000,2026-05-24 15:34:59,2175.95985000,14
2026-05-24 15:35:00,1.15700000,1.15700000,1.15700000,1.15700000,306.53000000,2026-05-24 15:39:59,354.65521000,8
2026-05-24 15:40:00,1.15700000,1.15700000,1.15600000,1.15600000,428.14000000,2026-05-24 15:44:59,495.00642000,8
2026-05-24 15:45:00,1.15500000,1.15500000,1.15400000,1.15400000,949.82000000,2026-05-24 15:49:59,1096.41484000,14
2026-05-24 15:50:00,1.15300000,1.15400000,1.15300000,1.15400000,1439.60000000,2026-05-24 15:54:59,1661.20826000,25
2026-05-24 15:55:00,1.15500000,1.15500000,1.15500000,1.15500000,18.11000000,2026-05-24 15:59:59,20.91705000,1
2026-05-24 16:00:00,1.15400000,1.15700000,1.15400000,1.15500000,2204.32000000,2026-05-24 16:04:59,2549.02188000,21
2026-05-24 16:05:00,1.15400000,1.15500000,1.15300000,1.15400000,1638.84000000,2026-05-24 16:09:59,1890.94630000,26
2026-05-24 16:10:00,1.15500000,1.15500000,1.15400000,1.15500000,335.11000000,2026-05-24 16:14:59,387.04407000,6
2026-05-24 16:15:00,1.15400000,1.15500000,1.15200000,1.15500000,6013.68000000,2026-05-24 16:19:59,6938.52511000,41
2026-05-24 16:20:00,1.15400000,1.15400000,1.15300000,1.15300000,977.11000000,2026-05-24 16:24:59,1126.70449000,26
2026-05-24 16:25:00,1.15200000,1.15200000,1.15100000,1.15100000,2247.38000000,2026-05-24 16:29:59,2587.99176000,20
2026-05-24 16:30:00,1.15300000,1.15300000,1.15100000,1.15100000,55.38000000,2026-05-24 16:34:59,63.81170000,3
2026-05-24 16:35:00,1.15200000,1.15200000,1.15200000,1.15200000,701.28000000,2026-05-24 16:39:59,807.87456000,11
2026-05-24 16:40:00,1.15300000,1.15300000,1.15200000,1.15200000,248.69000000,2026-05-24 16:44:59,286.50511000,7
2026-05-24 16:45:00,1.15300000,1.15300000,1.15300000,1.15300000,2393.62000000,2026-05-24 16:49:59,2759.84386000,12
2026-05-24 16:50:00,1.15400000,1.15400000,1.15200000,1.15300000,2996.90000000,2026-05-24 16:54:59,3453.39566000,27
2026-05-24 16:55:00,1.15300000,1.15300000,1.15200000,1.15200000,1197.36000000,2026-05-24 16:59:59,1379.56982000,7
2026-05-24 17:00:00,1.15200000,1.15200000,1.14800000,1.14900000,10487.09000000,2026-05-24 17:04:59,12059.34152000,80
2026-05-24 17:05:00,1.14900000,1.14900000,1.14800000,1.14900000,919.94000000,2026-05-24 17:09:59,1056.49306000,30
2026-05-24 17:10:00,1.14900000,1.14900000,1.14900000,1.14900000,300.77000000,2026-05-24 17:14:59,345.58473000,4
2026-05-24 17:15:00,1.14900000,1.14900000,1.14800000,1.14800000,123.17000000,2026-05-24 17:19:59,141.43271000,3
2026-05-24 17:20:00,1.14800000,1.14800000,1.14700000,1.14800000,763.12000000,2026-05-24 17:24:59,876.02876000,15
2026-05-24 17:25:00,1.14800000,1.14800000,1.14500000,1.14700000,1252.15000000,2026-05-24 17:29:59,1435.58086000,36
2026-05-24 17:30:00,1.14800000,1.14800000,1.14800000,1.14800000,672.80000000,2026-05-24 17:34:59,772.37440000,8
2026-05-24 17:35:00,1.14800000,1.14800000,1.14700000,1.14700000,466.15000000,2026-05-24 17:39:59,535.07228000,6
2026-05-24 17:40:00,1.14700000,1.14700000,1.14700000,1.14700000,0.00000000,2026-05-24 17:44:59,0.00000000,0
2026-05-24 17:45:00,1.14600000,1.14600000,1.14500000,1.14500000,1426.73000000,2026-05-24 17:49:59,1634.40387000,15
2026-05-24 17:50:00,1.14400000,1.14400000,1.14300000,1.14400000,5531.25000000,2026-05-24 17:54:59,6324.09853000,42
2026-05-24 17:55:00,1.14400000,1.14500000,1.14400000,1.14400000,111.01000000,2026-05-24 17:59:59,127.08225000,4
2026-05-24 18:00:00,1.14500000,1.14600000,1.14400000,1.14600000,2447.88000000,2026-05-24 18:04:59,2804.69748000,39
2026-05-24 18:05:00,1.14500000,1.14500000,1.14500000,1.14500000,8.71000000,2026-05-24 18:09:59,9.97295000,1
2026-05-24 18:10:00,1.14700000,1.14700000,1.14600000,1.14600000,1159.41000000,2026-05-24 18:14:59,1329.70281000,34
2026-05-24 18:15:00,1.14600000,1.14600000,1.14500000,1.14600000,906.47000000,2026-05-24 18:19:59,1038.74462000,10
2026-05-24 18:20:00,1.14600000,1.14600000,1.14500000,1.14500000,75.83000000,2026-05-24 18:24:59,86.87468000,5
2026-05-24 18:25:00,1.14500000,1.14500000,1.14000000,1.14100000,2140.87000000,2026-05-24 18:29:59,2446.91463000,31
2026-05-24 18:30:00,1.14200000,1.14200000,1.13600000,1.13700000,11902.83000000,2026-05-24 18:34:59,13538.42925000,66
2026-05-24 18:35:00,1.13500000,1.13600000,1.13100000,1.13500000,13521.00000000,2026-05-24 18:39:59,15319.67027000,102
2026-05-24 18:40:00,1.13400000,1.13600000,1.13000000,1.13000000,7122.27000000,2026-05-24 18:44:59,8067.22320000,84
2026-05-24 18:45:00,1.13100000,1.13400000,1.12800000,1.13100000,5886.83000000,2026-05-24 18:49:59,6658.93678000,52
2026-05-24 18:50:00,1.13200000,1.13500000,1.13200000,1.13400000,5534.55000000,2026-05-24 18:54:59,6272.23745000,38
2026-05-24 18:55:00,1.13400000,1.13400000,1.13100000,1.13200000,6462.70000000,2026-05-24 18:59:59,7324.23459000,48
2026-05-24 19:00:00,1.13300000,1.14000000,1.13100000,1.14000000,8933.24000000,2026-05-24 19:04:59,10137.60024000,99
2026-05-24 19:05:00,1.14000000,1.14800000,1.14000000,1.14800000,1532.27000000,2026-05-24 19:09:59,1753.54394000,33
2026-05-24 19:10:00,1.14800000,1.15100000,1.14700000,1.14800000,4217.84000000,2026-05-24 19:14:59,4841.46449000,42
2026-05-24 19:15:00,1.14700000,1.14800000,1.14600000,1.14800000,1736.55000000,2026-05-24 19:19:59,1992.21004000,38
2026-05-24 19:20:00,1.14800000,1.14800000,1.14700000,1.14700000,652.82000000,2026-05-24 19:24:59,748.95464000,9
2026-05-24 19:25:00,1.14700000,1.14700000,1.14600000,1.14600000,569.58000000,2026-05-24 19:29:59,653.29040000,8
2026-05-24 19:30:00,1.14700000,1.14800000,1.14700000,1.14700000,10226.92000000,2026-05-24 19:34:59,11740.38424000,26
2026-05-24 19:35:00,1.14600000,1.14700000,1.14400000,1.14500000,3808.11000000,2026-05-24 19:39:59,4364.09135000,34
2026-05-24 19:40:00,1.14500000,1.14500000,1.14500000,1.14500000,0.00000000,2026-05-24 19:44:59,0.00000000,0
2026-05-24 19:45:00,1.14600000,1.14800000,1.14600000,1.14700000,2912.08000000,2026-05-24 19:49:59,3342.52337000,20
2026-05-24 19:50:00,1.14800000,1.14800000,1.14700000,1.14700000,477.54000000,2026-05-24 19:54:59,548.03593000,9
2026-05-24 19:55:00,1.14700000,1.14800000,1.14600000,1.14600000,5338.83000000,2026-05-24 19:59:59,6123.85348000,35
2026-05-24 20:00:00,1.14700000,1.15000000,1.14700000,1.14900000,4195.95000000,2026-05-24 20:04:59,4814.90921000,38
2026-05-24 20:05:00,1.14800000,1.14900000,1.14700000,1.14800000,3004.92000000,2026-05-24 20:09:59,3450.23486000,35
2026-05-24 20:10:00,1.14900000,1.15000000,1.14900000,1.14900000,497.67000000,2026-05-24 20:14:59,572.01020000,6
2026-05-24 20:15:00,1.15000000,1.15000000,1.14900000,1.14900000,88.27000000,2026-05-24 20:19:59,101.50042000,3
2026-05-24 20:20:00,1.14900000,1.14900000,1.14800000,1.14800000,618.30000000,2026-05-24 20:24:59,709.82571000,9
2026-05-24 20:25:00,1.14800000,1.14800000,1.14800000,1.14800000,197.27000000,2026-05-24 20:29:59,226.46596000,2
2026-05-24 20:30:00,1.14800000,1.15100000,1.14800000,1.15100000,682.83000000,2026-05-24 20:34:59,785.21764000,11
2026-05-24 20:35:00,1.15100000,1.15300000,1.15000000,1.15300000,3940.80000000,2026-05-24 20:39:59,4536.97485000,27
2026-05-24 20:40:00,1.15200000,1.15300000,1.15100000,1.15300000,3370.40000000,2026-05-24 20:44:59,3884.96840000,24
2026-05-24 20:45:00,1.15300000,1.15300000,1.15200000,1.15300000,315.57000000,2026-05-24 20:49:59,363.68848000,7
2026-05-24 20:50:00,1.15300000,1.15300000,1.15300000,1.15300000,1389.72000000,2026-05-24 20:54:59,1602.34716000,7
2026-05-24 20:55:00,1.15200000,1.15200000,1.15100000,1.15200000,380.70000000,2026-05-24 20:59:59,438.54961000,8
2026-05-24 21:00:00,1.15200000,1.15500000,1.15200000,1.15400000,11170.41000000,2026-05-24 21:04:59,12885.41061000,58
2026-05-24 21:05:00,1.15400000,1.15500000,1.15400000,1.15500000,1498.88000000,2026-05-24 21:09:59,1730.43092000,15
2026-05-24 21:10:00,1.15600000,1.15600000,1.15400000,1.15400000,775.42000000,2026-05-24 21:14:59,895.44861000,17
2026-05-24 21:15:00,1.15400000,1.15400000,1.15300000,1.15300000,1806.06000000,2026-05-24 21:19:59,2083.06541000,18
2026-05-24 21:20:00,1.15300000,1.15400000,1.15200000,1.15400000,669.87000000,2026-05-24 21:24:59,772.42308000,16
2026-05-24 21:25:00,1.15400000,1.15600000,1.15400000,1.15600000,662.35000000,2026-05-24 21:29:59,764.73110000,10
2026-05-24 21:30:00,1.15500000,1.15600000,1.15500000,1.15600000,1990.56000000,2026-05-24 21:34:59,2300.74270000,22
2026-05-24 21:35:00,1.15700000,1.15800000,1.15600000,1.15700000,15566.47000000,2026-05-24 21:39:59,18009.41089000,95
2026-05-24 21:40:00,1.15700000,1.15700000,1.15600000,1.15600000,1382.30000000,2026-05-24 21:44:59,1597.97168000,10
2026-05-24 21:45:00,1.15600000,1.15700000,1.15500000,1.15700000,1109.36000000,2026-05-24 21:49:59,1282.54928000,13
2026-05-24 21:50:00,1.15600000,1.15600000,1.15600000,1.15600000,436.25000000,2026-05-24 21:54:59,504.30500000,6
2026-05-24 21:55:00,1.15600000,1.15700000,1.15600000,1.15700000,725.41000000,2026-05-24 21:59:59,838.74805000,9
2026-05-24 22:00:00,1.15700000,1.15700000,1.15400000,1.15600000,3994.62000000,2026-05-24 22:04:59,4614.62232000,38
2026-05-24 22:05:00,1.15600000,1.15800000,1.15600000,1.15800000,735.66000000,2026-05-24 22:09:59,850.85062000,11
2026-05-24 22:10:00,1.15800000,1.15900000,1.15700000,1.15700000,5540.17000000,2026-05-24 22:14:59,6415.03819000,52
2026-05-24 22:15:00,1.15800000,1.15900000,1.15800000,1.15800000,1288.96000000,2026-05-24 22:19:59,1492.64362000,14
2026-05-24 22:20:00,1.15800000,1.15900000,1.15800000,1.15900000,838.30000000,2026-05-24 22:24:59,970.93057000,8
2026-05-24 22:25:00,1.15900000,1.15900000,1.15800000,1.15800000,294.20000000,2026-05-24 22:29:59,340.76160000,6
2026-05-24 22:30:00,1.15800000,1.15800000,1.15700000,1.15800000,258.33000000,2026-05-24 22:34:59,299.14150000,7
2026-05-24 22:35:00,1.15800000,1.15800000,1.15700000,1.15700000,334.16000000,2026-05-24 22:39:59,386.89457000,5
2026-05-24 22:40:00,1.15700000,1.15800000,1.15700000,1.15700000,615.83000000,2026-05-24 22:44:59,712.55031000,11
2026-05-24 22:45:00,1.15700000,1.15800000,1.15700000,1.15800000,1922.43000000,2026-05-24 22:49:59,2224.50592000,32
2026-05-24 22:50:00,1.15800000,1.15800000,1.15700000,1.15700000,768.76000000,2026-05-24 22:54:59,890.10324000,10
2026-05-24 22:55:00,1.15700000,1.15700000,1.15100000,1.15200000,1955.51000000,2026-05-24 22:59:59,2255.69547000,34
2026-05-24 23:00:00,1.15200000,1.15600000,1.15200000,1.15600000,1743.78000000,2026-05-24 23:04:59,2013.28564000,35
2026-05-24 23:05:00,1.15600000,1.16300000,1.15600000,1.16100000,3459.16000000,2026-05-24 23:09:59,4016.76103000,45
2026-05-24 23:10:00,1.16100000,1.16200000,1.16100000,1.16200000,1194.44000000,2026-05-24 23:14:59,1386.80707000,10
2026-05-24 23:15:00,1.16000000,1.16100000,1.15900000,1.16000000,936.87000000,2026-05-24 23:19:59,1086.40709000,23
2026-05-24 23:20:00,1.16000000,1.16000000,1.15900000,1.15900000,120.84000000,2026-05-24 23:24:59,140.16976000,2
2026-05-24 23:25:00,1.15800000,1.15800000,1.15600000,1.15800000,2736.03000000,2026-05-24 23:29:59,3163.60667000,29
2026-05-24 23:30:00,1.15800000,1.15900000,1.15800000,1.15800000,840.61000000,2026-05-24 23:34:59,973.86713000,16
2026-05-24 23:35:00,1.15800000,1.16000000,1.15800000,1.15900000,252.78000000,2026-05-24 23:39:59,292.92340000,7
2026-05-24 23:40:00,1.15800000,1.15900000,1.15700000,1.15900000,60.19000000,2026-05-24 23:44:59,69.68954000,4
2026-05-24 23:45:00,1.15900000,1.15900000,1.15800000,1.15800000,476.95000000,2026-05-24 23:49:59,552.43743000,10
2026-05-24 23:50:00,1.15800000,1.15800000,1.15800000,1.15800000,29.77000000,2026-05-24 23:54:59,34.47366000,1
2026-05-24 23:55:00,1.15800000,1.15800000,1.15700000,1.15700000,1548.96000000,2026-05-24 23:59:59,1793.44332000,13
2026-05-25 00:00:00,1.15800000,1.15800000,1.15700000,1.15700000,1107.62000000,2026-05-25 00:04:59,1282.58554000,18
2026-05-25 00:05:00,1.15600000,1.15600000,1.15600000,1.15600000,671.36000000,2026-05-25 00:09:59,776.09216000,11
2026-05-25 00:10:00,1.15700000,1.15700000,1.15400000,1.15500000,547.45000000,2026-05-25 00:14:59,632.37843000,11
2026-05-25 00:15:00,1.15400000,1.15500000,1.15400000,1.15400000,2900.60000000,2026-05-25 00:19:59,3348.42824000,32
2026-05-25 00:20:00,1.15500000,1.15500000,1.15400000,1.15400000,754.72000000,2026-05-25 00:24:59,870.95167000,10
2026-05-25 00:25:00,1.15300000,1.15300000,1.15200000,1.15200000,1342.16000000,2026-05-25 00:29:59,1546.50169000,19
2026-05-25 00:30:00,1.15300000,1.15400000,1.15100000,1.15300000,1676.60000000,2026-05-25 00:34:59,1931.36239000,19
2026-05-25 00:35:00,1.15400000,1.15400000,1.15200000,1.15300000,60.59000000,2026-05-25 00:39:59,69.87350000,6
2026-05-25 00:40:00,1.15300000,1.15300000,1.15200000,1.15200000,485.20000000,2026-05-25 00:44:59,559.29085000,5
2026-05-25 00:45:00,1.15300000,1.15300000,1.15300000,1.15300000,285.04000000,2026-05-25 00:49:59,328.65112000,6
2026-05-25 00:50:00,1.15300000,1.15400000,1.15300000,1.15300000,1753.48000000,2026-05-25 00:54:59,2022.55348000,20
2026-05-25 00:55:00,1.15200000,1.15200000,1.15200000,1.15200000,582.41000000,2026-05-25 00:59:59,670.93632000,7
2026-05-25 01:00:00,1.15300000,1.15300000,1.15200000,1.15200000,1048.05000000,2026-05-25 01:04:59,1207.82406000,17
2026-05-25 01:05:00,1.15200000,1.15300000,1.15100000,1.15300000,647.58000000,2026-05-25 01:09:59,745.94776000,14
2026-05-25 01:10:00,1.15200000,1.15300000,1.15100000,1.15100000,345.35000000,2026-05-25 01:14:59,397.96379000,10
2026-05-25 01:15:00,1.15100000,1.15200000,1.15100000,1.15200000,1263.73000000,2026-05-25 01:19:59,1455.81229000,11
2026-05-25 01:20:00,1.15300000,1.15400000,1.15300000,1.15400000,538.41000000,2026-05-25 01:24:59,620.94902000,9
2026-05-25 01:25:00,1.15500000,1.15600000,1.15500000,1.15600000,138.53000000,2026-05-25 01:29:59,160.13601000,5
2026-05-25 01:30:00,1.15700000,1.15800000,1.15700000,1.15800000,910.07000000,2026-05-25 01:34:59,1053.84340000,17
2026-05-25 01:35:00,1.15700000,1.15800000,1.15700000,1.15800000,1067.36000000,2026-05-25 01:39:59,1235.82229000,11
2026-05-25 01:40:00,1.15900000,1.16000000,1.15900000,1.15900000,1317.63000000,2026-05-25 01:44:59,1527.18502000,15
2026-05-25 01:45:00,1.16000000,1.16100000,1.16000000,1.16100000,178.64000000,2026-05-25 01:49:59,207.23589000,5
2026-05-25 01:50:00,1.16200000,1.16500000,1.16200000,1.16300000,6097.37000000,2026-05-25 01:54:59,7096.98910000,50
2026-05-25 01:55:00,1.16300000,1.16400000,1.16300000,1.16300000,2156.20000000,2026-05-25 01:59:59,2507.85054000,16
2026-05-25 02:00:00,1.16400000,1.16400000,1.16200000,1.16300000,194.88000000,2026-05-25 02:04:59,226.63174000,8
2026-05-25 02:05:00,1.16300000,1.16600000,1.16300000,1.16500000,3029.36000000,2026-05-25 02:09:59,3528.25550000,28
2026-05-25 02:10:00,1.16500000,1.16600000,1.16500000,1.16500000,771.35000000,2026-05-25 02:14:59,898.85570000,16
2026-05-25 02:15:00,1.16500000,1.16700000,1.16500000,1.16600000,3896.57000000,2026-05-25 02:19:59,4546.69332000,26
2026-05-25 02:20:00,1.16500000,1.16500000,1.16400000,1.16400000,813.35000000,2026-05-25 02:24:59,947.23028000,10
2026-05-25 02:25:00,1.16400000,1.16400000,1.16300000,1.16400000,395.70000000,2026-05-25 02:29:59,460.42754000,7
2026-05-25 02:30:00,1.16400000,1.16500000,1.16400000,1.16400000,1267.59000000,2026-05-25 02:34:59,1475.73718000,17
2026-05-25 02:35:00,1.16500000,1.16600000,1.16500000,1.16500000,793.20000000,2026-05-25 02:39:59,924.16170000,9
2026-05-25 02:40:00,1.16600000,1.16600000,1.16500000,1.16600000,7318.27000000,2026-05-25 02:44:59,8526.00190000,20
2026-05-25 02:45:00,1.16600000,1.16600000,1.16400000,1.16400000,1188.48000000,2026-05-25 02:49:59,1385.53602000,13
2026-05-25 02:50:00,1.16400000,1.16400000,1.16200000,1.16200000,1667.21000000,2026-05-25 02:54:59,1939.06082000,28
2026-05-25 02:55:00,1.16200000,1.16200000,1.16000000,1.16000000,638.94000000,2026-05-25 02:59:59,741.58798000,17
2026-05-25 03:00:00,1.15900000,1.16000000,1.15900000,1.16000000,1053.85000000,2026-05-25 03:04:59,1222.45000000,19
2026-05-25 03:05:00,1.16100000,1.16200000,1.16000000,1.16000000,1695.29000000,2026-05-25 03:09:59,1968.70174000,15
2026-05-25 03:10:00,1.16000000,1.16000000,1.15800000,1.15800000,2446.79000000,2026-05-25 03:14:59,2835.18027000,33
2026-05-25 03:15:00,1.15800000,1.15800000,1.15600000,1.15700000,345.11000000,2026-05-25 03:19:59,399.31642000,10
2026-05-25 03:20:00,1.15600000,1.15600000,1.15500000,1.15500000,493.22000000,2026-05-25 03:24:59,570.07574000,11
2026-05-25 03:25:00,1.15700000,1.15900000,1.15700000,1.15900000,3090.59000000,2026-05-25 03:29:59,3577.90753000,20
2026-05-25 03:30:00,1.15900000,1.16000000,1.15900000,1.16000000,147.10000000,2026-05-25 03:34:59,170.62270000,7
2026-05-25 03:35:00,1.16100000,1.16200000,1.16100000,1.16100000,1850.08000000,2026-05-25 03:39:59,2148.02510000,20
2026-05-25 03:40:00,1.16100000,1.16200000,1.16000000,1.16100000,1393.74000000,2026-05-25 03:44:59,1618.03735000,21
2026-05-25 03:45:00,1.16000000,1.16200000,1.16000000,1.16200000,358.79000000,2026-05-25 03:49:59,416.77672000,11
2026-05-25 03:50:00,1.16200000,1.16300000,1.16200000,1.16300000,547.47000000,2026-05-25 03:54:59,636.62871000,14
2026-05-25 03:55:00,1.16400000,1.16400000,1.16200000,1.16200000,1100.32000000,2026-05-25 03:59:59,1279.33191000,5
2026-05-25 04:00:00,1.16300000,1.16600000,1.16300000,1.16500000,683.91000000,2026-05-25 04:04:59,797.07134000,18
2026-05-25 04:05:00,1.16500000,1.16500000,1.16300000,1.16300000,999.43000000,2026-05-25 04:09:59,1164.00149000,7
2026-05-25 04:10:00,1.16300000,1.16300000,1.16300000,1.16300000,348.30000000,2026-05-25 04:14:59,405.07290000,3
2026-05-25 04:15:00,1.16300000,1.16300000,1.16000000,1.16100000,3344.65000000,2026-05-25 04:19:59,3880.71136000,17
2026-05-25 04:20:00,1.16000000,1.16000000,1.16000000,1.16000000,480.78000000,2026-05-25 04:24:59,557.70480000,4
2026-05-25 04:25:00,1.16000000,1.16000000,1.15900000,1.15900000,750.34000000,2026-05-25 04:29:59,869.65734000,12
2026-05-25 04:30:00,1.15900000,1.16100000,1.15900000,1.16100000,3865.49000000,2026-05-25 04:34:59,4483.35562000,29
2026-05-25 04:35:00,1.16000000,1.16000000,1.16000000,1.16000000,37.29000000,2026-05-25 04:39:59,43.25640000,4
2026-05-25 04:40:00,1.16000000,1.16000000,1.15800000,1.16000000,1384.10000000,2026-05-25 04:44:59,1604.83344000,17
2026-05-25 04:45:00,1.15900000,1.16000000,1.15900000,1.16000000,1044.05000000,2026-05-25 04:49:59,1210.92309000,7
2026-05-25 04:50:00,1.16000000,1.16000000,1.16000000,1.16000000,103.80000000,2026-05-25 04:54:59,120.40800000,4
2026-05-25 04:55:00,1.16000000,1.16000000,1.15800000,1.16000000,3500.76000000,2026-05-25 04:59:59,4059.83215000,24
2026-05-25 05:00:00,1.15900000,1.16000000,1.15800000,1.16000000,1609.88000000,2026-05-25 05:04:59,1866.09628000,22
2026-05-25 05:05:00,1.15900000,1.15900000,1.15900000,1.15900000,425.26000000,2026-05-25 05:09:59,492.87634000,3
2026-05-25 05:10:00,1.15900000,1.15900000,1.15800000,1.15900000,125.76000000,2026-05-25 05:14:59,145.74329000,6
2026-05-25 05:15:00,1.15900000,1.15900000,1.15900000,1.15900000,817.16000000,2026-05-25 05:19:59,947.08844000,7
2026-05-25 05:20:00,1.15900000,1.15900000,1.15900000,1.15900000,428.73000000,2026-05-25 05:24:59,496.89807000,5
2026-05-25 05:25:00,1.15900000,1.16000000,1.15900000,1.16000000,55.09000000,2026-05-25 05:29:59,63.89701000,5
2026-05-25 05:30:00,1.16100000,1.16200000,1.16100000,1.16200000,594.11000000,2026-05-25 05:34:59,689.77567000,8
2026-05-25 05:35:00,1.16200000,1.16200000,1.16100000,1.16200000,7472.50000000,2026-05-25 05:39:59,8681.69013000,37
2026-05-25 05:40:00,1.16200000,1.16200000,1.16200000,1.16200000,542.61000000,2026-05-25 05:44:59,630.51282000,7
2026-05-25 05:45:00,1.16200000,1.16200000,1.16000000,1.16000000,2247.83000000,2026-05-25 05:49:59,2609.70806000,19
2026-05-25 05:50:00,1.16000000,1.16100000,1.15900000,1.16000000,581.69000000,2026-05-25 05:54:59,674.46523000,12
2026-05-25 05:55:00,1.16000000,1.16100000,1.16000000,1.16100000,114.91000000,2026-05-25 05:59:59,133.40596000,2
2026-05-25 06:00:00,1.16100000,1.16100000,1.16000000,1.16000000,952.15000000,2026-05-25 06:04:59,1104.77883000,21
2026-05-25 06:05:00,1.16000000,1.16000000,1.15900000,1.16000000,2286.28000000,2026-05-25 06:09:59,2651.97218000,10
2026-05-25 06:10:00,1.16000000,1.16000000,1.15900000,1.15900000,276.26000000,2026-05-25 06:14:59,320.28699000,6
2026-05-25 06:15:00,1.15900000,1.16000000,1.15800000,1.15900000,1575.90000000,2026-05-25 06:19:59,1826.76530000,20
2026-05-25 06:20:00,1.15900000,1.15900000,1.15700000,1.15800000,616.28000000,2026-05-25 06:24:59,713.48956000,10
2026-05-25 06:25:00,1.15900000,1.16000000,1.15900000,1.15900000,1252.90000000,2026-05-25 06:29:59,1452.35257000,9
2026-05-25 06:30:00,1.16000000,1.16100000,1.16000000,1.16000000,989.08000000,2026-05-25 06:34:59,1147.67883000,20
2026-05-25 06:35:00,1.15900000,1.15900000,1.15900000,1.15900000,1324.27000000,2026-05-25 06:39:59,1534.82893000,7
2026-05-25 06:40:00,1.15900000,1.16000000,1.15900000,1.16000000,2000.00000000,2026-05-25 06:44:59,2319.73286000,12
2026-05-25 06:45:00,1.15800000,1.16000000,1.15800000,1.16000000,1412.01000000,2026-05-25 06:49:59,1637.26283000,15
2026-05-25 06:50:00,1.16100000,1.16100000,1.16000000,1.16000000,212.51000000,2026-05-25 06:54:59,246.54605000,4
2026-05-25 06:55:00,1.15900000,1.16000000,1.15800000,1.15800000,1664.81000000,2026-05-25 06:59:59,1930.16067000,27
2026-05-25 07:00:00,1.15800000,1.15800000,1.15700000,1.15800000,677.95000000,2026-05-25 07:04:59,784.85978000,15
2026-05-25 07:05:00,1.15900000,1.16100000,1.15900000,1.16100000,211.46000000,2026-05-25 07:09:59,245.38366000,12
2026-05-25 07:10:00,1.15900000,1.16100000,1.15900000,1.16000000,418.39000000,2026-05-25 07:14:59,485.33379000,7
2026-05-25 07:15:00,1.16100000,1.16500000,1.16100000,1.16400000,329.36000000,2026-05-25 07:19:59,382.79124000,14
2026-05-25 07:20:00,1.16500000,1.16600000,1.16200000,1.16600000,1198.88000000,2026-05-25 07:24:59,1395.09830000,29
2026-05-25 07:25:00,1.16500000,1.16500000,1.16400000,1.16500000,382.53000000,2026-05-25 07:29:59,445.56745000,16
2026-05-25 07:30:00,1.16400000,1.16600000,1.16400000,1.16500000,1154.41000000,2026-05-25 07:34:59,1344.58811000,26
2026-05-25 07:35:00,1.16500000,1.16600000,1.16500000,1.16500000,647.29000000,2026-05-25 07:39:59,754.17333000,16
2026-05-25 07:40:00,1.16500000,1.16600000,1.16500000,1.16600000,73.32000000,2026-05-25 07:44:59,85.48410000,12
2026-05-25 07:45:00,1.16600000,1.16700000,1.16600000,1.16700000,97.55000000,2026-05-25 07:49:59,113.77605000,16
2026-05-25 07:50:00,1.16700000,1.16700000,1.16600000,1.16700000,298.90000000,2026-05-25 07:54:59,348.60765000,14
2026-05-25 07:55:00,1.16700000,1.16700000,1.16600000,1.16700000,433.81000000,2026-05-25 07:59:59,506.02832000,18
2026-05-25 08:00:00,1.16700000,1.16700000,1.16400000,1.16600000,1592.73000000,2026-05-25 08:04:59,1856.56183000,30
2026-05-25 08:05:00,1.16600000,1.16600000,1.16500000,1.16500000,3691.56000000,2026-05-25 08:09:59,4301.13602000,42
2026-05-25 08:10:00,1.16600000,1.16600000,1.16400000,1.16400000,4058.14000000,2026-05-25 08:14:59,4726.76201000,52
2026-05-25 08:15:00,1.16400000,1.16400000,1.16200000,1.16200000,164.21000000,2026-05-25 08:19:59,191.07664000,6
2026-05-25 08:20:00,1.16200000,1.16200000,1.16200000,1.16200000,123.74000000,2026-05-25 08:24:59,143.78588000,1
2026-05-25 08:25:00,1.16200000,1.16200000,1.16000000,1.16100000,1380.35000000,2026-05-25 08:29:59,1602.62057000,21
2026-05-25 08:30:00,1.16100000,1.16100000,1.16000000,1.16000000,315.53000000,2026-05-25 08:34:59,366.25070000,7
2026-05-25 08:35:00,1.16000000,1.16100000,1.16000000,1.16100000,3251.66000000,2026-05-25 08:39:59,3773.49967000,28
2026-05-25 08:40:00,1.16000000,1.16000000,1.16000000,1.16000000,219.15000000,2026-05-25 08:44:59,254.21400000,3
2026-05-25 08:45:00,1.16000000,1.16100000,1.15900000,1.16000000,1387.28000000,2026-05-25 08:49:59,1609.38696000,18
2026-05-25 08:50:00,1.16000000,1.16000000,1.15900000,1.15900000,921.89000000,2026-05-25 08:54:59,1069.24159000,11
2026-05-25 08:55:00,1.15900000,1.16000000,1.15700000,1.15700000,270.61000000,2026-05-25 08:59:59,313.51336000,5
2026-05-25 09:00:00,1.15600000,1.15600000,1.15300000,1.15500000,1661.88000000,2026-05-25 09:04:59,1918.62641000,33
2026-05-25 09:05:00,1.15500000,1.15700000,1.15500000,1.15700000,1070.15000000,2026-05-25 09:09:59,1237.10864000,19
2026-05-25 09:10:00,1.15700000,1.15900000,1.15700000,1.15900000,584.51000000,2026-05-25 09:14:59,676.80670000,14
2026-05-25 09:15:00,1.15900000,1.16000000,1.15900000,1.16000000,737.93000000,2026-05-25 09:19:59,855.99372000,9
2026-05-25 09:20:00,1.16100000,1.16100000,1.16000000,1.16000000,476.62000000,2026-05-25 09:24:59,553.26540000,7
2026-05-25 09:25:00,1.16000000,1.16100000,1.16000000,1.16000000,1431.76000000,2026-05-25 09:29:59,1661.35196000,11
2026-05-25 09:30:00,1.16000000,1.16200000,1.16000000,1.16200000,1177.78000000,2026-05-25 09:34:59,1368.49628000,10
2026-05-25 09:35:00,1.16200000,1.16400000,1.16200000,1.16400000,14655.98000000,2026-05-25 09:39:59,17046.20558000,68
2026-05-25 09:40:00,1.16300000,1.16300000,1.16300000,1.16300000,181.62000000,2026-05-25 09:44:59,211.22406000,3
2026-05-25 09:45:00,1.16400000,1.16400000,1.16100000,1.16200000,4896.54000000,2026-05-25 09:49:59,5692.70167000,27
2026-05-25 09:50:00,1.16200000,1.16200000,1.16200000,1.16200000,828.86000000,2026-05-25 09:54:59,963.13532000,1
2026-05-25 09:55:00,1.16200000,1.16200000,1.16200000,1.16200000,287.77000000,2026-05-25 09:59:59,334.38874000,3
2026-05-25 10:00:00,1.16100000,1.16300000,1.16100000,1.16300000,476.73000000,2026-05-25 10:04:59,553.70977000,10
2026-05-25 10:05:00,1.16300000,1.16400000,1.16300000,1.16300000,670.18000000,2026-05-25 10:09:59,779.44334000,7
2026-05-25 10:10:00,1.16300000,1.16300000,1.16200000,1.16200000,2344.58000000,2026-05-25 10:14:59,2725.16847000,14
2026-05-25 10:15:00,1.16300000,1.16300000,1.16100000,1.16100000,787.50000000,2026-05-25 10:19:59,914.89324000,16
2026-05-25 10:20:00,1.16100000,1.16400000,1.16100000,1.16200000,5274.72000000,2026-05-25 10:24:59,6135.21683000,32
2026-05-25 10:25:00,1.16200000,1.16200000,1.15900000,1.16000000,4663.69000000,2026-05-25 10:29:59,5409.94382000,46
2026-05-25 10:30:00,1.16000000,1.16000000,1.15800000,1.15800000,590.73000000,2026-05-25 10:34:59,684.11579000,13
2026-05-25 10:35:00,1.15800000,1.15900000,1.15800000,1.15900000,611.11000000,2026-05-25 10:39:59,707.86147000,10
2026-05-25 10:40:00,1.15800000,1.16000000,1.15800000,1.16000000,520.91000000,2026-05-25 10:44:59,603.62993000,10
2026-05-25 10:45:00,1.15900000,1.16300000,1.15900000,1.16200000,5084.62000000,2026-05-25 10:49:59,5909.09045000,30
2026-05-25 10:50:00,1.16200000,1.16500000,1.16200000,1.16200000,11455.46000000,2026-05-25 10:54:59,13327.91282000,62
2026-05-25 10:55:00,1.16200000,1.16200000,1.16100000,1.16100000,2748.34000000,2026-05-25 10:59:59,3191.60028000,11
2026-05-25 11:00:00,1.16200000,1.16200000,1.16100000,1.16200000,1657.13000000,2026-05-25 11:04:59,1925.20596000,21
2026-05-25 11:05:00,1.16300000,1.16500000,1.16300000,1.16400000,2769.60000000,2026-05-25 11:09:59,3224.50133000,36
2026-05-25 11:10:00,1.16400000,1.16400000,1.16400000,1.16400000,1186.41000000,2026-05-25 11:14:59,1380.98124000,7
2026-05-25 11:15:00,1.16400000,1.16700000,1.16300000,1.16700000,5116.65000000,2026-05-25 11:19:59,5962.70011000,64
2026-05-25 11:20:00,1.16600000,1.16600000,1.16400000,1.16500000,380.94000000,2026-05-25 11:24:59,444.08902000,8
2026-05-25 11:25:00,1.16600000,1.16700000,1.16600000,1.16700000,447.07000000,2026-05-25 11:29:59,521.32891000,9
2026-05-25 11:30:00,1.16800000,1.16800000,1.16700000,1.16700000,955.29000000,2026-05-25 11:34:59,1114.87439000,12
2026-05-25 11:35:00,1.16600000,1.16600000,1.16500000,1.16500000,2212.43000000,2026-05-25 11:39:59,2579.18635000,31
2026-05-25 11:40:00,1.16500000,1.16500000,1.16200000,1.16200000,1132.62000000,2026-05-25 11:44:59,1318.44068000,27
2026-05-25 11:45:00,1.16200000,1.16600000,1.16200000,1.16400000,1382.79000000,2026-05-25 11:49:59,1609.38647000,25
2026-05-25 11:50:00,1.16400000,1.16500000,1.16300000,1.16400000,1539.36000000,2026-05-25 11:54:59,1792.52169000,23
2026-05-25 11:55:00,1.16400000,1.16700000,1.16400000,1.16500000,1830.66000000,2026-05-25 11:59:59,2133.69441000,33
2026-05-25 12:00:00,1.16600000,1.16700000,1.16500000,1.16600000,2407.82000000,2026-05-25 12:04:59,2806.70418000,27
2026-05-25 12:05:00,1.16700000,1.16700000,1.16600000,1.16600000,732.66000000,2026-05-25 12:09:59,854.36182000,10
2026-05-25 12:10:00,1.16700000,1.17000000,1.16700000,1.16800000,5127.14000000,2026-05-25 12:14:59,5989.12936000,51
2026-05-25 12:15:00,1.16700000,1.16700000,1.16500000,1.16500000,2053.92000000,2026-05-25 12:19:59,2393.43869000,20
2026-05-25 12:20:00,1.16400000,1.16400000,1.16200000,1.16200000,907.80000000,2026-05-25 12:24:59,1055.98451000,25
2026-05-25 12:25:00,1.16300000,1.16400000,1.16200000,1.16200000,293.88000000,2026-05-25 12:29:59,341.80160000,13
2026-05-25 12:30:00,1.16100000,1.16500000,1.16000000,1.16500000,9625.26000000,2026-05-25 12:34:59,11181.96944000,71
2026-05-25 12:35:00,1.16500000,1.16600000,1.16400000,1.16500000,2025.40000000,2026-05-25 12:39:59,2361.11076000,14
2026-05-25 12:40:00,1.16500000,1.16600000,1.16500000,1.16500000,1168.18000000,2026-05-25 12:44:59,1361.90481000,14
2026-05-25 12:45:00,1.16600000,1.16600000,1.16400000,1.16400000,3532.98000000,2026-05-25 12:49:59,4115.86449000,18
2026-05-25 12:50:00,1.16500000,1.16500000,1.16300000,1.16300000,507.94000000,2026-05-25 12:54:59,591.29618000,7
2026-05-25 12:55:00,1.16300000,1.16500000,1.16200000,1.16400000,777.05000000,2026-05-25 12:59:59,904.01106000,18
2026-05-25 13:00:00,1.16500000,1.16600000,1.16400000,1.16500000,3412.34000000,2026-05-25 13:04:59,3974.94269000,39
2026-05-25 13:05:00,1.16500000,1.16600000,1.16500000,1.16500000,836.39000000,2026-05-25 13:09:59,974.46526000,17
2026-05-25 13:10:00,1.16500000,1.16700000,1.16400000,1.16400000,3980.47000000,2026-05-25 13:14:59,4637.17853000,62
2026-05-25 13:15:00,1.16400000,1.16600000,1.16400000,1.16600000,3891.19000000,2026-05-25 13:19:59,4534.11068000,53
2026-05-25 13:20:00,1.16700000,1.17600000,1.16700000,1.16800000,56307.92000000,2026-05-25 13:24:59,65956.38145000,288
2026-05-25 13:25:00,1.16900000,1.16900000,1.16400000,1.16500000,50275.81000000,2026-05-25 13:29:59,58612.68208000,186
2026-05-25 13:30:00,1.16400000,1.16400000,1.16300000,1.16300000,2103.49000000,2026-05-25 13:34:59,2447.36136000,21
2026-05-25 13:35:00,1.16400000,1.16500000,1.16400000,1.16400000,2802.21000000,2026-05-25 13:39:59,3262.07743000,21
2026-05-25 13:40:00,1.16400000,1.16600000,1.16400000,1.16500000,4024.85000000,2026-05-25 13:44:59,4688.37940000,37
2026-05-25 13:45:00,1.16500000,1.16800000,1.16500000,1.16700000,1960.23000000,2026-05-25 13:49:59,2287.09825000,17
2026-05-25 13:50:00,1.16800000,1.16800000,1.16600000,1.16600000,717.28000000,2026-05-25 13:54:59,836.91372000,15
2026-05-25 13:55:00,1.16700000,1.16800000,1.16700000,1.16800000,201.39000000,2026-05-25 13:59:59,235.03060000,3
2026-05-25 14:00:00,1.16800000,1.17600000,1.16700000,1.16900000,47898.71000000,2026-05-25 14:04:59,56074.91502000,221
2026-05-25 14:05:00,1.16900000,1.16900000,1.16500000,1.16700000,45037.40000000,2026-05-25 14:09:59,52545.68416000,155
2026-05-25 14:10:00,1.16700000,1.16800000,1.16500000,1.16500000,3040.29000000,2026-05-25 14:14:59,3549.27093000,20
2026-05-25 14:15:00,1.16500000,1.16700000,1.16400000,1.16700000,570.14000000,2026-05-25 14:19:59,663.92177000,18
2026-05-25 14:20:00,1.16700000,1.17500000,1.16400000,1.16900000,190348.54000000,2026-05-25 14:24:59,222555.39511000,646
2026-05-25 14:25:00,1.16900000,1.17500000,1.16600000,1.17200000,96462.90000000,2026-05-25 14:29:59,112904.54612000,325
2026-05-25 14:30:00,1.17300000,1.17900000,1.16800000,1.17400000,151451.53000000,2026-05-25 14:34:59,177614.95030000,591
2026-05-25 14:35:00,1.17500000,1.17500000,1.16600000,1.16900000,125281.80000000,2026-05-25 14:39:59,146500.73627000,395
2026-05-25 14:40:00,1.16900000,1.17400000,1.16900000,1.17100000,95820.77000000,2026-05-25 14:44:59,112212.28320000,313
2026-05-25 14:45:00,1.17000000,1.17000000,1.16300000,1.16500000,74669.68000000,2026-05-25 14:49:59,87054.90925000,256
2026-05-25 14:50:00,1.16500000,1.16500000,1.16400000,1.16500000,5176.72000000,2026-05-25 14:54:59,6029.15016000,54
2026-05-25 14:55:00,1.16400000,1.16400000,1.16100000,1.16400000,28180.41000000,2026-05-25 14:59:59,32767.93743000,92
2026-05-25 15:00:00,1.16400000,1.16600000,1.16400000,1.16600000,1902.26000000,2026-05-25 15:04:59,2216.58721000,17
2026-05-25 15:05:00,1.16600000,1.16600000,1.16600000,1.16600000,24.17000000,2026-05-25 15:09:59,28.18222000,2
2026-05-25 15:10:00,1.16700000,1.16700000,1.16400000,1.16400000,1849.18000000,2026-05-25 15:14:59,2155.81153000,18
2026-05-25 15:15:00,1.16500000,1.16500000,1.16400000,1.16400000,1304.58000000,2026-05-25 15:19:59,1519.10782000,16
2026-05-25 15:20:00,1.16500000,1.16500000,1.16300000,1.16300000,15.65000000,2026-05-25 15:24:59,18.21083000,2
2026-05-25 15:25:00,1.16300000,1.16300000,1.16300000,1.16300000,0.00000000,2026-05-25 15:29:59,0.00000000,0
2026-05-25 15:30:00,1.16400000,1.16400000,1.16200000,1.16200000,2823.98000000,2026-05-25 15:34:59,3282.84332000,30
2026-05-25 15:35:00,1.16200000,1.16200000,1.16100000,1.16100000,493.48000000,2026-05-25 15:39:59,573.23545000,8
2026-05-25 15:40:00,1.16100000,1.16100000,1.16000000,1.16100000,353.19000000,2026-05-25 15:44:59,409.78559000,9
2026-05-25 15:45:00,1.16000000,1.16100000,1.16000000,1.16100000,27.78000000,2026-05-25 15:49:59,32.23427000,2
2026-05-25 15:50:00,1.16100000,1.16200000,1.15900000,1.15900000,593.19000000,2026-05-25 15:54:59,688.61057000,9
2026-05-25 15:55:00,1.15900000,1.16000000,1.15800000,1.15900000,4056.42000000,2026-05-25 15:59:59,4700.58700000,36
2026-05-25 16:00:00,1.15900000,1.15900000,1.15300000,1.15300000,6587.33000000,2026-05-25 16:04:59,7602.80874000,74
2026-05-25 16:05:00,1.15300000,1.15500000,1.15200000,1.15300000,3755.33000000,2026-05-25 16:09:59,4331.99978000,26
2026-05-25 16:10:00,1.15300000,1.15500000,1.15300000,1.15500000,605.50000000,2026-05-25 16:14:59,699.04225000,13
2026-05-25 16:15:00,1.15500000,1.15600000,1.15400000,1.15500000,3318.25000000,2026-05-25 16:19:59,3832.07831000,26
2026-05-25 16:20:00,1.15500000,1.15900000,1.15500000,1.15800000,1888.78000000,2026-05-25 16:24:59,2184.26844000,41
2026-05-25 16:25:00,1.15800000,1.15900000,1.15800000,1.15900000,602.71000000,2026-05-25 16:29:59,698.19069000,11
2026-05-25 16:30:00,1.15800000,1.15900000,1.15600000,1.15700000,890.36000000,2026-05-25 16:34:59,1030.56047000,23
2026-05-25 16:35:00,1.15500000,1.15600000,1.15100000,1.15100000,15016.87000000,2026-05-25 16:39:59,17332.88952000,62
2026-05-25 16:40:00,1.15100000,1.15500000,1.15100000,1.15400000,11731.98000000,2026-05-25 16:44:59,13531.40681000,53
2026-05-25 16:45:00,1.15500000,1.15500000,1.15500000,1.15500000,257.59000000,2026-05-25 16:49:59,297.51645000,4
2026-05-25 16:50:00,1.15600000,1.15600000,1.15600000,1.15600000,466.32000000,2026-05-25 16:54:59,539.06592000,8
2026-05-25 16:55:00,1.15600000,1.15700000,1.15600000,1.15700000,767.49000000,2026-05-25 16:59:59,887.81242000,14
2026-05-25 17:00:00,1.15800000,1.15900000,1.15700000,1.15700000,331.96000000,2026-05-25 17:04:59,384.39622000,8
2026-05-25 17:05:00,1.15700000,1.15900000,1.15700000,1.15900000,399.53000000,2026-05-25 17:09:59,462.91410000,6
2026-05-25 17:10:00,1.15800000,1.15900000,1.15800000,1.15900000,236.86000000,2026-05-25 17:14:59,274.42113000,10
2026-05-25 17:15:00,1.15900000,1.16000000,1.15900000,1.16000000,1231.92000000,2026-05-25 17:19:59,1428.53003000,17
2026-05-25 17:20:00,1.16000000,1.16000000,1.15800000,1.15800000,335.87000000,2026-05-25 17:24:59,389.37621000,5
2026-05-25 17:25:00,1.15900000,1.15900000,1.15800000,1.15800000,252.73000000,2026-05-25 17:29:59,292.86302000,4
2026-05-25 17:30:00,1.15700000,1.15800000,1.15600000,1.15600000,1087.29000000,2026-05-25 17:34:59,1257.97674000,12
2026-05-25 17:35:00,1.15700000,1.15700000,1.15500000,1.15500000,5932.76000000,2026-05-25 17:39:59,6856.30186000,37
2026-05-25 17:40:00,1.15500000,1.15500000,1.15200000,1.15400000,1189.08000000,2026-05-25 17:44:59,1371.13879000,25
2026-05-25 17:45:00,1.15500000,1.15500000,1.15500000,1.15500000,361.93000000,2026-05-25 17:49:59,418.02915000,6
2026-05-25 17:50:00,1.15500000,1.15600000,1.15500000,1.15600000,1719.19000000,2026-05-25 17:54:59,1987.10593000,15
2026-05-25 17:55:00,1.15700000,1.15800000,1.15500000,1.15500000,1115.83000000,2026-05-25 17:59:59,1290.70789000,21
2026-05-25 18:00:00,1.15500000,1.15700000,1.15500000,1.15600000,992.41000000,2026-05-25 18:04:59,1146.84866000,18
2026-05-25 18:05:00,1.15600000,1.15700000,1.15500000,1.15600000,140.67000000,2026-05-25 18:09:59,162.61419000,5
2026-05-25 18:10:00,1.15500000,1.15500000,1.15400000,1.15500000,1827.03000000,2026-05-25 18:14:59,2110.15640000,13
2026-05-25 18:15:00,1.15400000,1.15400000,1.15200000,1.15300000,412.16000000,2026-05-25 18:19:59,475.12249000,6
2026-05-25 18:20:00,1.15300000,1.15300000,1.15200000,1.15200000,1494.21000000,2026-05-25 18:24:59,1722.73657000,23
2026-05-25 18:25:00,1.15200000,1.15500000,1.15200000,1.15500000,830.04000000,2026-05-25 18:29:59,957.68692000,21
2026-05-25 18:30:00,1.15600000,1.15600000,1.15500000,1.15600000,333.06000000,2026-05-25 18:34:59,384.99318000,7
2026-05-25 18:35:00,1.15500000,1.15500000,1.15400000,1.15400000,806.38000000,2026-05-25 18:39:59,931.04487000,7
2026-05-25 18:40:00,1.15500000,1.15500000,1.15200000,1.15300000,490.97000000,2026-05-25 18:44:59,566.22888000,14
2026-05-25 18:45:00,1.15200000,1.15300000,1.15200000,1.15300000,2355.85000000,2026-05-25 18:49:59,2714.90424000,23
2026-05-25 18:50:00,1.15300000,1.15300000,1.15300000,1.15300000,1168.32000000,2026-05-25 18:54:59,1347.07296000,6
2026-05-25 18:55:00,1.15200000,1.15200000,1.15000000,1.15200000,8610.46000000,2026-05-25 18:59:59,9917.38229000,45
2026-05-25 19:00:00,1.15200000,1.15400000,1.14800000,1.14900000,1801.92000000,2026-05-25 19:04:59,2074.00992000,32
2026-05-25 19:05:00,1.14900000,1.15000000,1.14900000,1.15000000,384.02000000,2026-05-25 19:09:59,441.41132000,7
2026-05-25 19:10:00,1.15100000,1.15300000,1.15000000,1.15000000,2421.45000000,2026-05-25 19:14:59,2789.93299000,24
2026-05-25 19:15:00,1.15100000,1.15100000,1.15100000,1.15100000,712.34000000,2026-05-25 19:19:59,819.90334000,5
2026-05-25 19:20:00,1.15100000,1.15200000,1.15100000,1.15200000,392.40000000,2026-05-25 19:24:59,451.69911000,3
2026-05-25 19:25:00,1.15200000,1.15300000,1.15100000,1.15100000,916.71000000,2026-05-25 19:29:59,1056.84528000,11
2026-05-25 19:30:00,1.15000000,1.15000000,1.14500000,1.14600000,5177.95000000,2026-05-25 19:34:59,5943.69755000,32
2026-05-25 19:35:00,1.14400000,1.14700000,1.14300000,1.14700000,3467.43000000,2026-05-25 19:39:59,3970.75113000,32
2026-05-25 19:40:00,1.14800000,1.14800000,1.14700000,1.14700000,629.65000000,2026-05-25 19:44:59,722.54889000,6
2026-05-25 19:45:00,1.14700000,1.14800000,1.14700000,1.14700000,733.59000000,2026-05-25 19:49:59,841.59683000,8
2026-05-25 19:50:00,1.14800000,1.14900000,1.14800000,1.14800000,809.13000000,2026-05-25 19:54:59,929.57027000,7
2026-05-25 19:55:00,1.14800000,1.14800000,1.14500000,1.14500000,1482.46000000,2026-05-25 19:59:59,1699.70578000,21
2026-05-25 20:00:00,1.14400000,1.14600000,1.14300000,1.14600000,5026.93000000,2026-05-25 20:04:59,5758.36403000,43
2026-05-25 20:05:00,1.14700000,1.14900000,1.14700000,1.14900000,670.73000000,2026-05-25 20:09:59,769.74759000,14
2026-05-25 20:10:00,1.14900000,1.14900000,1.14800000,1.14900000,1970.44000000,2026-05-25 20:14:59,2263.88674000,16
2026-05-25 20:15:00,1.15000000,1.15000000,1.14700000,1.14700000,1834.86000000,2026-05-25 20:19:59,2107.20062000,20
2026-05-25 20:20:00,1.14800000,1.14800000,1.14800000,1.14800000,718.84000000,2026-05-25 20:24:59,825.22832000,4
2026-05-25 20:25:00,1.14800000,1.14800000,1.14700000,1.14800000,2299.33000000,2026-05-25 20:29:59,2638.34342000,21
2026-05-25 20:30:00,1.14900000,1.15200000,1.14900000,1.15100000,4017.45000000,2026-05-25 20:34:59,4623.83311000,24
2026-05-25 20:35:00,1.15100000,1.15100000,1.15000000,1.15000000,10.70000000,2026-05-25 20:39:59,12.31033000,2
2026-05-25 20:40:00,1.15000000,1.15000000,1.15000000,1.15000000,119.53000000,2026-05-25 20:44:59,137.45950000,2
2026-05-25 20:45:00,1.14900000,1.15000000,1.14900000,1.14900000,1372.11000000,2026-05-25 20:49:59,1576.86590000,13
2026-05-25 20:50:00,1.14800000,1.14900000,1.14800000,1.14900000,728.10000000,2026-05-25 20:54:59,835.93074000,10
2026-05-25 20:55:00,1.14900000,1.14900000,1.14900000,1.14900000,1013.78000000,2026-05-25 20:59:59,1164.83322000,10
2026-05-25 21:00:00,1.14900000,1.14900000,1.14700000,1.14700000,422.61000000,2026-05-25 21:04:59,485.32497000,8
2026-05-25 21:05:00,1.14600000,1.14600000,1.14400000,1.14500000,6454.08000000,2026-05-25 21:09:59,7390.43231000,21
2026-05-25 21:10:00,1.14500000,1.14700000,1.14500000,1.14700000,1672.22000000,2026-05-25 21:14:59,1915.67088000,17
2026-05-25 21:15:00,1.14800000,1.14900000,1.14800000,1.14900000,2110.21000000,2026-05-25 21:19:59,2423.40110000,19
2026-05-25 21:20:00,1.14800000,1.14800000,1.14200000,1.14200000,6781.37000000,2026-05-25 21:24:59,7753.57714000,34
2026-05-25 21:25:00,1.14300000,1.14400000,1.14100000,1.14300000,6046.22000000,2026-05-25 21:29:59,6904.46260000,46
2026-05-25 21:30:00,1.14400000,1.14500000,1.14100000,1.14400000,3885.39000000,2026-05-25 21:34:59,4438.35890000,27
2026-05-25 21:35:00,1.14300000,1.14300000,1.13800000,1.13900000,4460.82000000,2026-05-25 21:39:59,5082.98615000,34
2026-05-25 21:40:00,1.13800000,1.13900000,1.13700000,1.13900000,2836.19000000,2026-05-25 21:44:59,3227.02562000,33
2026-05-25 21:45:00,1.13800000,1.14000000,1.13800000,1.13900000,3535.57000000,2026-05-25 21:49:59,4026.57452000,34
2026-05-25 21:50:00,1.13800000,1.13800000,1.13200000,1.13700000,5293.42000000,2026-05-25 21:54:59,5999.24216000,64
2026-05-25 21:55:00,1.13700000,1.14100000,1.13700000,1.14100000,1794.39000000,2026-05-25 21:59:59,2043.85503000,28
2026-05-25 22:00:00,1.14100000,1.14100000,1.13600000,1.13700000,3200.57000000,2026-05-25 22:04:59,3647.25218000,22
2026-05-25 22:05:00,1.13600000,1.13900000,1.13600000,1.13700000,1533.52000000,2026-05-25 22:09:59,1743.14942000,22
2026-05-25 22:10:00,1.13600000,1.14000000,1.13600000,1.14000000,2037.29000000,2026-05-25 22:14:59,2318.72471000,23
2026-05-25 22:15:00,1.13900000,1.14000000,1.13900000,1.13900000,2814.45000000,2026-05-25 22:19:59,3206.74153000,26
2026-05-25 22:20:00,1.13900000,1.13900000,1.13800000,1.13800000,1826.32000000,2026-05-25 22:24:59,2079.66566000,16
2026-05-25 22:25:00,1.13700000,1.13700000,1.13500000,1.13700000,2042.39000000,2026-05-25 22:29:59,2319.59575000,20
2026-05-25 22:30:00,1.13500000,1.13500000,1.12900000,1.13000000,16604.29000000,2026-05-25 22:34:59,18779.38723000,109
2026-05-25 22:35:00,1.13000000,1.13300000,1.13000000,1.13300000,1719.66000000,2026-05-25 22:39:59,1945.64951000,25
2026-05-25 22:40:00,1.13200000,1.13200000,1.13100000,1.13100000,2377.87000000,2026-05-25 22:44:59,2690.68104000,19
2026-05-25 22:45:00,1.13200000,1.13500000,1.13200000,1.13300000,13128.83000000,2026-05-25 22:49:59,14878.22202000,55
2026-05-25 22:50:00,1.13300000,1.13500000,1.13300000,1.13500000,2596.54000000,2026-05-25 22:54:59,2943.37551000,20
2026-05-25 22:55:00,1.13600000,1.13600000,1.13500000,1.13600000,178.21000000,2026-05-25 22:59:59,202.40819000,6
2026-05-25 23:00:00,1.13500000,1.13500000,1.13100000,1.13300000,3180.16000000,2026-05-25 23:04:59,3601.99074000,32
2026-05-25 23:05:00,1.13200000,1.13400000,1.13100000,1.13400000,3268.95000000,2026-05-25 23:09:59,3704.16932000,28
2026-05-25 23:10:00,1.13300000,1.13600000,1.13300000,1.13500000,1641.61000000,2026-05-25 23:14:59,1863.03588000,23
2026-05-25 23:15:00,1.13300000,1.13500000,1.13200000,1.13500000,820.30000000,2026-05-25 23:19:59,930.42885000,10
2026-05-25 23:20:00,1.13500000,1.13500000,1.13300000,1.13300000,1085.99000000,2026-05-25 23:24:59,1231.76322000,9
2026-05-25 23:25:00,1.13300000,1.13300000,1.13100000,1.13100000,988.08000000,2026-05-25 23:29:59,1118.29672000,12
2026-05-25 23:30:00,1.13000000,1.13300000,1.13000000,1.13300000,3234.65000000,2026-05-25 23:34:59,3657.94702000,25
2026-05-25 23:35:00,1.13300000,1.13300000,1.13000000,1.13200000,2790.56000000,2026-05-25 23:39:59,3158.73862000,22
2026-05-25 23:40:00,1.13100000,1.13100000,1.13000000,1.13000000,943.91000000,2026-05-25 23:44:59,1067.30003000,14
2026-05-25 23:45:00,1.13000000,1.13300000,1.12900000,1.13200000,3970.74000000,2026-05-25 23:49:59,4490.05050000,25
2026-05-25 23:50:00,1.13300000,1.13300000,1.13200000,1.13200000,794.44000000,2026-05-25 23:54:59,900.02548000,8
2026-05-25 23:55:00,1.13100000,1.13300000,1.13100000,1.13100000,2637.08000000,2026-05-25 23:59:59,2985.06993000,20
2026-05-26 00:00:00,1.13000000,1.13000000,1.12600000,1.12700000,8451.53000000,2026-05-26 00:04:59,9535.71397000,82
2026-05-26 00:05:00,1.12700000,1.12700000,1.12600000,1.12600000,6890.11000000,2026-05-26 00:09:59,7764.04018000,52
2026-05-26 00:10:00,1.12700000,1.13000000,1.12700000,1.12800000,4493.27000000,2026-05-26 00:14:59,5072.06935000,53
2026-05-26 00:15:00,1.12800000,1.12800000,1.12800000,1.12800000,1703.83000000,2026-05-26 00:19:59,1921.92024000,20
2026-05-26 00:20:00,1.12900000,1.12900000,1.12900000,1.12900000,4087.15000000,2026-05-26 00:24:59,4614.39235000,28
2026-05-26 00:25:00,1.12800000,1.12800000,1.12600000,1.12800000,4640.40000000,2026-05-26 00:29:59,5227.40654000,34
2026-05-26 00:30:00,1.12900000,1.13100000,1.12900000,1.13100000,2062.97000000,2026-05-26 00:34:59,2331.01585000,20
2026-05-26 00:35:00,1.13200000,1.13300000,1.13100000,1.13300000,3031.29000000,2026-05-26 00:39:59,3431.62628000,12
2026-05-26 00:40:00,1.13300000,1.13400000,1.13300000,1.13300000,27.75000000,2026-05-26 00:44:59,31.45854000,5
2026-05-26 00:45:00,1.13300000,1.13500000,1.13300000,1.13500000,5943.01000000,2026-05-26 00:49:59,6740.51202000,43
2026-05-26 00:50:00,1.13500000,1.13500000,1.13400000,1.13500000,1382.33000000,2026-05-26 00:54:59,1568.93006000,9
2026-05-26 00:55:00,1.13400000,1.13500000,1.13400000,1.13400000,431.79000000,2026-05-26 00:59:59,489.87662000,9
2026-05-26 01:00:00,1.13500000,1.13600000,1.13400000,1.13500000,2707.28000000,2026-05-26 01:04:59,3071.36050000,36
2026-05-26 01:05:00,1.13400000,1.13500000,1.13300000,1.13300000,1853.64000000,2026-05-26 01:09:59,2102.19383000,22
2026-05-26 01:10:00,1.13400000,1.13600000,1.13300000,1.13500000,1909.73000000,2026-05-26 01:14:59,2166.35093000,32
2026-05-26 01:15:00,1.13500000,1.13600000,1.13400000,1.13600000,2737.80000000,2026-05-26 01:19:59,3107.18148000,45
2026-05-26 01:20:00,1.13500000,1.13900000,1.13500000,1.13800000,3734.65000000,2026-05-26 01:24:59,4244.62445000,42
2026-05-26 01:25:00,1.13900000,1.14300000,1.13900000,1.14200000,3985.70000000,2026-05-26 01:29:59,4546.15145000,44
2026-05-26 01:30:00,1.14200000,1.14200000,1.14100000,1.14100000,1063.40000000,2026-05-26 01:34:59,1214.31516000,11
2026-05-26 01:35:00,1.14200000,1.14300000,1.14100000,1.14100000,3793.71000000,2026-05-26 01:39:59,4332.98125000,31
2026-05-26 01:40:00,1.14100000,1.14100000,1.13800000,1.13900000,2677.91000000,2026-05-26 01:44:59,3050.49099000,18
2026-05-26 01:45:00,1.13900000,1.13900000,1.13800000,1.13900000,1226.78000000,2026-05-26 01:49:59,1396.70830000,22
2026-05-26 01:50:00,1.13900000,1.14000000,1.13800000,1.13900000,1465.11000000,2026-05-26 01:54:59,1668.97781000,25
2026-05-26 01:55:00,1.14000000,1.14100000,1.14000000,1.14000000,887.49000000,2026-05-26 01:59:59,1012.21960000,9
2026-05-26 02:00:00,1.14100000,1.14100000,1.13800000,1.14000000,803.34000000,2026-05-26 02:04:59,915.60393000,13
2026-05-26 02:05:00,1.13900000,1.14100000,1.13900000,1.14000000,7569.69000000,2026-05-26 02:09:59,8629.30125000,24
2026-05-26 02:10:00,1.14000000,1.14100000,1.14000000,1.14000000,5858.95000000,2026-05-26 02:14:59,6680.28858000,24
2026-05-26 02:15:00,1.14000000,1.14100000,1.14000000,1.14100000,695.76000000,2026-05-26 02:19:59,793.28095000,17
2026-05-26 02:20:00,1.14200000,1.14300000,1.14100000,1.14300000,7557.79000000,2026-05-26 02:24:59,8636.68238000,42
2026-05-26 02:25:00,1.14400000,1.14500000,1.14400000,1.14500000,6730.82000000,2026-05-26 02:29:59,7701.88367000,30
2026-05-26 02:30:00,1.14600000,1.14600000,1.14500000,1.14600000,1239.54000000,2026-05-26 02:34:59,1420.24204000,19
2026-05-26 02:35:00,1.14700000,1.14800000,1.14700000,1.14700000,1378.28000000,2026-05-26 02:39:59,1582.10672000,15
2026-05-26 02:40:00,1.14700000,1.14800000,1.14600000,1.14600000,4109.31000000,2026-05-26 02:44:59,4709.88882000,17
2026-05-26 02:45:00,1.14700000,1.14700000,1.14500000,1.14500000,2784.38000000,2026-05-26 02:49:59,3188.15573000,20
2026-05-26 02:50:00,1.14400000,1.14400000,1.14300000,1.14300000,4548.61000000,2026-05-26 02:54:59,5201.72786000,41
2026-05-26 02:55:00,1.14200000,1.14400000,1.14200000,1.14400000,1788.86000000,2026-05-26 02:59:59,2044.65668000,9
2026-05-26 03:00:00,1.14300000,1.14500000,1.14200000,1.14500000,1316.24000000,2026-05-26 03:04:59,1504.95825000,15
2026-05-26 03:05:00,1.14600000,1.14600000,1.14500000,1.14600000,731.11000000,2026-05-26 03:09:59,837.59049000,14
2026-05-26 03:10:00,1.14500000,1.14500000,1.14400000,1.14400000,832.47000000,2026-05-26 03:14:59,952.51952000,13
2026-05-26 03:15:00,1.14400000,1.14400000,1.14300000,1.14300000,1737.14000000,2026-05-26 03:19:59,1985.55539000,29
2026-05-26 03:20:00,1.14300000,1.14300000,1.14000000,1.14000000,2103.37000000,2026-05-26 03:24:59,2399.40776000,18
2026-05-26 03:25:00,1.14000000,1.14100000,1.13700000,1.13800000,3579.74000000,2026-05-26 03:29:59,4076.12604000,29
2026-05-26 03:30:00,1.13900000,1.14000000,1.13900000,1.14000000,1324.75000000,2026-05-26 03:34:59,1509.61555000,20
2026-05-26 03:35:00,1.14100000,1.14300000,1.14100000,1.14300000,736.48000000,2026-05-26 03:39:59,840.60809000,13
2026-05-26 03:40:00,1.14300000,1.14400000,1.14300000,1.14400000,3023.39000000,2026-05-26 03:44:59,3457.02736000,28
2026-05-26 03:45:00,1.14300000,1.14400000,1.14300000,1.14300000,162.31000000,2026-05-26 03:49:59,185.53132000,4
2026-05-26 03:50:00,1.14300000,1.14400000,1.14300000,1.14400000,446.07000000,2026-05-26 03:54:59,510.12247000,6
2026-05-26 03:55:00,1.14400000,1.14400000,1.14200000,1.14300000,5716.87000000,2026-05-26 03:59:59,6529.92875000,20
2026-05-26 04:00:00,1.14300000,1.14300000,1.14200000,1.14200000,468.98000000,2026-05-26 04:04:59,535.96068000,5
2026-05-26 04:05:00,1.14100000,1.14100000,1.14000000,1.14000000,1851.02000000,2026-05-26 04:09:59,2111.73337000,20
2026-05-26 04:10:00,1.13800000,1.13800000,1.13700000,1.13700000,2082.76000000,2026-05-26 04:14:59,2369.23621000,18
2026-05-26 04:15:00,1.13700000,1.13700000,1.13500000,1.13700000,5708.11000000,2026-05-26 04:19:59,6479.51844000,25
2026-05-26 04:20:00,1.13800000,1.13800000,1.13700000,1.13800000,3755.38000000,2026-05-26 04:24:59,4272.67462000,36
2026-05-26 04:25:00,1.13800000,1.13900000,1.13800000,1.13800000,487.30000000,2026-05-26 04:29:59,554.78330000,6
2026-05-26 04:30:00,1.13700000,1.13700000,1.13400000,1.13400000,1360.11000000,2026-05-26 04:34:59,1544.31229000,20
2026-05-26 04:35:00,1.13400000,1.13400000,1.13300000,1.13400000,975.87000000,2026-05-26 04:39:59,1106.09484000,11
2026-05-26 04:40:00,1.13500000,1.13700000,1.13500000,1.13700000,1324.93000000,2026-05-26 04:44:59,1505.91553000,19
2026-05-26 04:45:00,1.13700000,1.13800000,1.13700000,1.13800000,1049.81000000,2026-05-26 04:49:59,1193.74297000,12
2026-05-26 04:50:00,1.13900000,1.14100000,1.13900000,1.14100000,4527.03000000,2026-05-26 04:54:59,5159.57603000,34
2026-05-26 04:55:00,1.14100000,1.14100000,1.13800000,1.13800000,4698.12000000,2026-05-26 04:59:59,5353.14380000,28
2026-05-26 05:00:00,1.13900000,1.14000000,1.13900000,1.14000000,459.98000000,2026-05-26 05:04:59,524.09966000,11
2026-05-26 05:05:00,1.14000000,1.14100000,1.13900000,1.14100000,2166.07000000,2026-05-26 05:09:59,2469.34849000,24
2026-05-26 05:10:00,1.14100000,1.14200000,1.14100000,1.14200000,640.61000000,2026-05-26 05:14:59,731.40995000,5
2026-05-26 05:15:00,1.14100000,1.14100000,1.13900000,1.14000000,1137.97000000,2026-05-26 05:19:59,1297.56682000,17
2026-05-26 05:20:00,1.14000000,1.14000000,1.13900000,1.13900000,194.75000000,2026-05-26 05:24:59,221.96766000,3
2026-05-26 05:25:00,1.13800000,1.14000000,1.13700000,1.13800000,10727.94000000,2026-05-26 05:29:59,12213.96194000,60
2026-05-26 05:30:00,1.13800000,1.13800000,1.13600000,1.13700000,7605.46000000,2026-05-26 05:34:59,8647.08529000,43
2026-05-26 05:35:00,1.13600000,1.13900000,1.13500000,1.13800000,2948.37000000,2026-05-26 05:39:59,3354.44685000,29
2026-05-26 05:40:00,1.13900000,1.13900000,1.13800000,1.13800000,2130.33000000,2026-05-26 05:44:59,2425.53810000,21
2026-05-26 05:45:00,1.13900000,1.13900000,1.13600000,1.13600000,2806.23000000,2026-05-26 05:49:59,3191.11138000,25
2026-05-26 05:50:00,1.13600000,1.13800000,1.13600000,1.13800000,3479.52000000,2026-05-26 05:54:59,3953.78137000,35
2026-05-26 05:55:00,1.13900000,1.13900000,1.13700000,1.13800000,2690.51000000,2026-05-26 05:59:59,3062.19426000,27
2026-05-26 06:00:00,1.13800000,1.13800000,1.13700000,1.13700000,982.33000000,2026-05-26 06:04:59,1117.43018000,10
2026-05-26 06:05:00,1.13700000,1.13800000,1.13700000,1.13800000,1293.35000000,2026-05-26 06:09:59,1471.68830000,7
2026-05-26 06:10:00,1.13900000,1.13900000,1.13800000,1.13900000,3629.24000000,2026-05-26 06:14:59,4130.77153000,23
2026-05-26 06:15:00,1.13800000,1.14100000,1.13800000,1.14000000,4774.90000000,2026-05-26 06:19:59,5442.22639000,48
2026-05-26 06:20:00,1.14000000,1.14000000,1.13700000,1.13700000,1385.21000000,2026-05-26 06:24:59,1578.69674000,13
2026-05-26 06:25:00,1.13700000,1.13900000,1.13700000,1.13900000,824.75000000,2026-05-26 06:29:59,939.19049000,12
2026-05-26 06:30:00,1.14000000,1.14000000,1.13800000,1.13800000,1046.98000000,2026-05-26 06:34:59,1193.38784000,13
2026-05-26 06:35:00,1.13900000,1.14000000,1.13700000,1.13800000,1009.20000000,2026-05-26 06:39:59,1149.00556000,20
2026-05-26 06:40:00,1.13700000,1.13900000,1.13700000,1.13900000,1124.91000000,2026-05-26 06:44:59,1280.77800000,18
2026-05-26 06:45:00,1.13900000,1.13900000,1.13500000,1.13600000,1074.32000000,2026-05-26 06:49:59,1221.04950000,23
2026-05-26 06:50:00,1.13600000,1.13700000,1.13600000,1.13700000,1437.65000000,2026-05-26 06:54:59,1634.34001000,29
2026-05-26 06:55:00,1.13800000,1.13800000,1.13700000,1.13700000,801.02000000,2026-05-26 06:59:59,911.42087000,24
2026-05-26 07:00:00,1.13700000,1.13800000,1.13500000,1.13700000,2874.51000000,2026-05-26 07:04:59,3267.00224000,36
2026-05-26 07:05:00,1.13600000,1.13800000,1.13600000,1.13800000,1104.59000000,2026-05-26 07:09:59,1255.56337000,23
2026-05-26 07:10:00,1.13800000,1.14000000,1.13800000,1.13900000,2554.05000000,2026-05-26 07:14:59,2910.62174000,36
2026-05-26 07:15:00,1.14000000,1.14600000,1.14000000,1.14600000,6384.95000000,2026-05-26 07:19:59,7294.99556000,46
2026-05-26 07:20:00,1.14700000,1.14700000,1.14600000,1.14600000,1390.67000000,2026-05-26 07:24:59,1594.40868000,30
2026-05-26 07:25:00,1.14600000,1.15200000,1.14600000,1.15200000,3008.71000000,2026-05-26 07:29:59,3456.49991000,47
2026-05-26 07:30:00,1.15200000,1.15400000,1.15100000,1.15200000,8430.82000000,2026-05-26 07:34:59,9708.53672000,76
2026-05-26 07:35:00,1.15300000,1.15500000,1.15100000,1.15300000,2511.67000000,2026-05-26 07:39:59,2895.59601000,42
2026-05-26 07:40:00,1.15300000,1.15400000,1.15300000,1.15400000,2902.22000000,2026-05-26 07:44:59,3346.91736000,34
2026-05-26 07:45:00,1.15400000,1.15400000,1.15200000,1.15400000,1685.63000000,2026-05-26 07:49:59,1943.50578000,28
2026-05-26 07:50:00,1.15500000,1.15500000,1.15300000,1.15400000,4225.15000000,2026-05-26 07:54:59,4875.59409000,36
2026-05-26 07:55:00,1.15400000,1.15400000,1.15400000,1.15400000,1254.82000000,2026-05-26 07:59:59,1448.06228000,8
2026-05-26 08:00:00,1.15400000,1.15500000,1.15400000,1.15500000,1275.26000000,2026-05-26 08:04:59,1472.35316000,19
2026-05-26 08:05:00,1.15400000,1.15500000,1.15300000,1.15300000,578.66000000,2026-05-26 08:09:59,667.69871000,13
2026-05-26 08:10:00,1.15300000,1.15400000,1.15000000,1.15100000,6642.12000000,2026-05-26 08:14:59,7644.43554000,40
2026-05-26 08:15:00,1.15100000,1.15100000,1.14900000,1.15000000,1965.18000000,2026-05-26 08:19:59,2259.78637000,23
2026-05-26 08:20:00,1.14800000,1.14900000,1.14800000,1.14900000,778.10000000,2026-05-26 08:24:59,893.40092000,12
2026-05-26 08:25:00,1.14900000,1.15000000,1.14900000,1.15000000,240.21000000,2026-05-26 08:29:59,276.01476000,8
2026-05-26 08:30:00,1.15000000,1.15200000,1.14900000,1.14900000,3373.65000000,2026-05-26 08:34:59,3879.91898000,31
2026-05-26 08:35:00,1.14900000,1.15000000,1.14800000,1.14900000,1877.73000000,2026-05-26 08:39:59,2156.92980000,30
2026-05-26 08:40:00,1.14900000,1.15000000,1.14800000,1.15000000,677.36000000,2026-05-26 08:44:59,778.32875000,14
2026-05-26 08:45:00,1.15000000,1.15100000,1.14900000,1.15000000,3078.92000000,2026-05-26 08:49:59,3541.33773000,31
2026-05-26 08:50:00,1.15000000,1.15000000,1.14900000,1.14900000,668.85000000,2026-05-26 08:54:59,768.89453000,14
2026-05-26 08:55:00,1.14900000,1.14900000,1.14700000,1.14700000,1113.43000000,2026-05-26 08:59:59,1279.06603000,9
2026-05-26 09:00:00,1.14700000,1.14900000,1.14700000,1.14900000,552.17000000,2026-05-26 09:04:59,633.88928000,15
2026-05-26 09:05:00,1.14900000,1.15100000,1.14500000,1.14700000,14934.19000000,2026-05-26 09:09:59,17140.77654000,94
2026-05-26 09:10:00,1.14600000,1.15000000,1.14600000,1.15000000,3842.12000000,2026-05-26 09:14:59,4403.95533000,34
2026-05-26 09:15:00,1.15000000,1.15000000,1.14900000,1.14900000,367.47000000,2026-05-26 09:19:59,422.40861000,9
2026-05-26 09:20:00,1.14900000,1.14900000,1.14800000,1.14800000,1136.77000000,2026-05-26 09:24:59,1305.41962000,13
2026-05-26 09:25:00,1.14800000,1.14800000,1.14800000,1.14800000,2382.54000000,2026-05-26 09:29:59,2735.15592000,16
2026-05-26 09:30:00,1.14900000,1.15000000,1.14800000,1.15000000,712.35000000,2026-05-26 09:34:59,818.44220000,15
2026-05-26 09:35:00,1.14900000,1.14900000,1.14700000,1.14700000,546.96000000,2026-05-26 09:39:59,628.36189000,16
2026-05-26 09:40:00,1.14700000,1.14800000,1.14600000,1.14800000,2294.80000000,2026-05-26 09:44:59,2632.12383000,15
2026-05-26 09:45:00,1.14800000,1.14800000,1.14700000,1.14700000,2787.64000000,2026-05-26 09:49:59,3199.06527000,22
2026-05-26 09:50:00,1.14800000,1.14900000,1.14700000,1.14900000,3035.39000000,2026-05-26 09:54:59,3484.50288000,27
2026-05-26 09:55:00,1.15000000,1.15000000,1.14900000,1.14900000,1010.35000000,2026-05-26 09:59:59,1161.68178000,11
2026-05-26 10:00:00,1.14800000,1.15100000,1.14700000,1.15000000,6616.22000000,2026-05-26 10:04:59,7598.43566000,54
2026-05-26 10:05:00,1.15000000,1.15100000,1.14900000,1.14900000,960.45000000,2026-05-26 10:09:59,1104.03611000,15
2026-05-26 10:10:00,1.14700000,1.14800000,1.14700000,1.14800000,1898.27000000,2026-05-26 10:14:59,2177.97216000,13
2026-05-26 10:15:00,1.14700000,1.14800000,1.14700000,1.14700000,826.82000000,2026-05-26 10:19:59,948.90829000,11
2026-05-26 10:20:00,1.14600000,1.14600000,1.14400000,1.14500000,1577.63000000,2026-05-26 10:24:59,1807.23005000,16
2026-05-26 10:25:00,1.14500000,1.14500000,1.14300000,1.14300000,1492.51000000,2026-05-26 10:29:59,1707.87603000,18
2026-05-26 10:30:00,1.14300000,1.14400000,1.14000000,1.14000000,6603.33000000,2026-05-26 10:34:59,7538.02422000,67
2026-05-26 10:35:00,1.14000000,1.14500000,1.14000000,1.14400000,1318.70000000,2026-05-26 10:39:59,1506.61961000,27
2026-05-26 10:40:00,1.14400000,1.14700000,1.14400000,1.14700000,2154.14000000,2026-05-26 10:44:59,2466.91873000,20
2026-05-26 10:45:00,1.14700000,1.15100000,1.14700000,1.15100000,4923.41000000,2026-05-26 10:49:59,5660.75839000,35
2026-05-26 10:50:00,1.15100000,1.15200000,1.14800000,1.15100000,41576.85000000,2026-05-26 10:54:59,47821.70590000,108
2026-05-26 10:55:00,1.15200000,1.15400000,1.15100000,1.15300000,1901.92000000,2026-05-26 10:59:59,2191.57915000,25
2026-05-26 11:00:00,1.15300000,1.15400000,1.15300000,1.15400000,2046.74000000,2026-05-26 11:04:59,2361.77580000,21
2026-05-26 11:05:00,1.15400000,1.15400000,1.15300000,1.15300000,1955.27000000,2026-05-26 11:09:59,2255.03155000,26
2026-05-26 11:10:00,1.15300000,1.15300000,1.15200000,1.15200000,490.77000000,2026-05-26 11:14:59,565.84201000,11
2026-05-26 11:15:00,1.15300000,1.15700000,1.15300000,1.15500000,2679.79000000,2026-05-26 11:19:59,3093.44734000,36
2026-05-26 11:20:00,1.15600000,1.15900000,1.15600000,1.15700000,1713.13000000,2026-05-26 11:24:59,1981.58851000,25
2026-05-26 11:25:00,1.15800000,1.16300000,1.15800000,1.16200000,4210.21000000,2026-05-26 11:29:59,4888.29125000,46
2026-05-26 11:30:00,1.16200000,1.16200000,1.15900000,1.16000000,2600.38000000,2026-05-26 11:34:59,3015.62377000,22
2026-05-26 11:35:00,1.15900000,1.15900000,1.15000000,1.15000000,2716.23000000,2026-05-26 11:39:59,3135.58838000,47
2026-05-26 11:40:00,1.15000000,1.15200000,1.14700000,1.15000000,5195.33000000,2026-05-26 11:44:59,5978.00383000,64
2026-05-26 11:45:00,1.14900000,1.15200000,1.14900000,1.15100000,6385.94000000,2026-05-26 11:49:59,7343.21792000,44
2026-05-26 11:50:00,1.15200000,1.15500000,1.15200000,1.15400000,2693.61000000,2026-05-26 11:54:59,3108.36202000,42
2026-05-26 11:55:00,1.15300000,1.15400000,1.15100000,1.15100000,22466.99000000,2026-05-26 11:59:59,25868.99627000,97
2026-05-26 12:00:00,1.15000000,1.15100000,1.14300000,1.14500000,4855.50000000,2026-05-26 12:04:59,5570.21586000,61
2026-05-26 12:05:00,1.14600000,1.14700000,1.14500000,1.14600000,2978.23000000,2026-05-26 12:09:59,3414.23591000,31
2026-05-26 12:10:00,1.14600000,1.15000000,1.14600000,1.15000000,1097.76000000,2026-05-26 12:14:59,1259.95236000,28
2026-05-26 12:15:00,1.15100000,1.15100000,1.14700000,1.14800000,1782.57000000,2026-05-26 12:19:59,2047.44744000,28
2026-05-26 12:20:00,1.14700000,1.14800000,1.14300000,1.14600000,5268.82000000,2026-05-26 12:24:59,6034.98784000,54
2026-05-26 12:25:00,1.14700000,1.14800000,1.14500000,1.14500000,979.47000000,2026-05-26 12:29:59,1123.78733000,15
2026-05-26 12:30:00,1.14500000,1.14500000,1.14000000,1.14200000,2737.55000000,2026-05-26 12:34:59,3127.57274000,38
2026-05-26 12:35:00,1.14200000,1.14200000,1.14000000,1.14200000,4381.56000000,2026-05-26 12:39:59,4999.68860000,41
2026-05-26 12:40:00,1.14300000,1.14500000,1.14100000,1.14400000,1503.47000000,2026-05-26 12:44:59,1718.81936000,19
2026-05-26 12:45:00,1.14400000,1.14400000,1.14200000,1.14300000,5837.36000000,2026-05-26 12:49:59,6675.55365000,40
2026-05-26 12:50:00,1.14300000,1.14300000,1.13700000,1.13700000,3536.40000000,2026-05-26 12:54:59,4028.77480000,54
2026-05-26 12:55:00,1.13700000,1.14400000,1.13700000,1.14300000,8441.46000000,2026-05-26 12:59:59,9624.54927000,48
2026-05-26 13:00:00,1.14200000,1.14300000,1.14100000,1.14100000,1615.75000000,2026-05-26 13:04:59,1845.07471000,26
2026-05-26 13:05:00,1.14000000,1.14000000,1.13700000,1.14000000,1616.22000000,2026-05-26 13:09:59,1840.58821000,22
2026-05-26 13:10:00,1.13900000,1.13900000,1.13400000,1.13600000,5878.27000000,2026-05-26 13:14:59,6675.79791000,71
2026-05-26 13:15:00,1.13700000,1.14000000,1.13700000,1.14000000,1160.40000000,2026-05-26 13:19:59,1321.86475000,19
2026-05-26 13:20:00,1.13900000,1.14100000,1.13800000,1.14100000,658.11000000,2026-05-26 13:24:59,749.87982000,16
2026-05-26 13:25:00,1.14000000,1.14000000,1.13700000,1.13900000,17299.02000000,2026-05-26 13:29:59,19685.56118000,103
2026-05-26 13:30:00,1.13900000,1.14100000,1.13600000,1.14100000,8463.48000000,2026-05-26 13:34:59,9630.09334000,54
2026-05-26 13:35:00,1.14200000,1.14200000,1.14200000,1.14200000,1092.32000000,2026-05-26 13:39:59,1247.42944000,12
2026-05-26 13:40:00,1.14100000,1.14100000,1.13900000,1.14000000,573.76000000,2026-05-26 13:44:59,654.03916000,15
2026-05-26 13:45:00,1.14000000,1.14200000,1.13900000,1.14000000,1989.18000000,2026-05-26 13:49:59,2268.87543000,28
2026-05-26 13:50:00,1.13900000,1.14100000,1.13800000,1.14100000,2337.11000000,2026-05-26 13:54:59,2662.40808000,39
2026-05-26 13:55:00,1.14100000,1.14400000,1.14100000,1.14400000,2314.03000000,2026-05-26 13:59:59,2643.12215000,27
2026-05-26 14:00:00,1.14400000,1.14600000,1.14300000,1.14600000,2751.70000000,2026-05-26 14:04:59,3149.70975000,36
2026-05-26 14:05:00,1.14500000,1.14500000,1.14300000,1.14400000,1240.80000000,2026-05-26 14:09:59,1418.97743000,25
2026-05-26 14:10:00,1.14500000,1.14600000,1.14500000,1.14500000,3429.60000000,2026-05-26 14:14:59,3926.90863000,19
2026-05-26 14:15:00,1.14400000,1.14400000,1.14000000,1.14000000,8133.15000000,2026-05-26 14:19:59,9283.25787000,26
2026-05-26 14:20:00,1.13900000,1.14000000,1.13700000,1.13700000,1791.30000000,2026-05-26 14:24:59,2039.04136000,24
2026-05-26 14:25:00,1.13700000,1.13700000,1.13200000,1.13400000,2923.51000000,2026-05-26 14:29:59,3314.75192000,26
2026-05-26 14:30:00,1.13100000,1.13100000,1.12600000,1.12800000,12242.37000000,2026-05-26 14:34:59,13809.56864000,139
2026-05-26 14:35:00,1.12800000,1.13400000,1.12800000,1.13300000,1092.36000000,2026-05-26 14:39:59,1235.92436000,29
2026-05-26 14:40:00,1.13200000,1.13500000,1.13100000,1.13500000,6104.57000000,2026-05-26 14:44:59,6913.96528000,58
2026-05-26 14:45:00,1.13500000,1.13900000,1.13500000,1.13800000,4104.28000000,2026-05-26 14:49:59,4665.49593000,38
2026-05-26 14:50:00,1.13800000,1.13800000,1.13600000,1.13700000,1475.74000000,2026-05-26 14:54:59,1678.21859000,18
2026-05-26 14:55:00,1.13600000,1.13600000,1.13400000,1.13400000,1683.17000000,2026-05-26 14:59:59,1910.78645000,27
2026-05-26 15:00:00,1.13300000,1.13600000,1.13300000,1.13500000,4371.30000000,2026-05-26 15:04:59,4960.31579000,47
2026-05-26 15:05:00,1.13600000,1.13700000,1.13600000,1.13600000,1819.04000000,2026-05-26 15:09:59,2067.25949000,19
2026-05-26 15:10:00,1.13500000,1.13600000,1.13500000,1.13600000,440.78000000,2026-05-26 15:14:59,500.36459000,9
2026-05-26 15:15:00,1.13600000,1.13900000,1.13600000,1.13900000,423.93000000,2026-05-26 15:19:59,481.66385000,9
2026-05-26 15:20:00,1.13900000,1.14200000,1.13900000,1.14200000,800.60000000,2026-05-26 15:24:59,912.52352000,15
2026-05-26 15:25:00,1.14200000,1.14200000,1.13800000,1.13800000,736.61000000,2026-05-26 15:29:59,839.83294000,20
2026-05-26 15:30:00,1.13800000,1.13900000,1.13800000,1.13900000,403.53000000,2026-05-26 15:34:59,459.51167000,7
2026-05-26 15:35:00,1.13900000,1.13900000,1.13600000,1.13900000,824.52000000,2026-05-26 15:39:59,938.34724000,24
2026-05-26 15:40:00,1.13700000,1.13800000,1.13300000,1.13300000,2001.62000000,2026-05-26 15:44:59,2272.53636000,32
2026-05-26 15:45:00,1.13400000,1.13600000,1.13400000,1.13500000,1063.84000000,2026-05-26 15:49:59,1208.23944000,18
2026-05-26 15:50:00,1.13500000,1.13800000,1.13500000,1.13700000,980.03000000,2026-05-26 15:54:59,1114.87416000,12
2026-05-26 15:55:00,1.13700000,1.13700000,1.13400000,1.13500000,1091.52000000,2026-05-26 15:59:59,1239.22612000,19
2026-05-26 16:00:00,1.13600000,1.13600000,1.13600000,1.13600000,92.86000000,2026-05-26 16:04:59,105.48896000,3
2026-05-26 16:05:00,1.13500000,1.13600000,1.13500000,1.13600000,506.03000000,2026-05-26 16:09:59,574.77604000,9
2026-05-26 16:10:00,1.13800000,1.13800000,1.13400000,1.13400000,759.88000000,2026-05-26 16:14:59,862.79225000,24
2026-05-26 16:15:00,1.13300000,1.13700000,1.13300000,1.13600000,2450.78000000,2026-05-26 16:19:59,2786.30501000,16
2026-05-26 16:20:00,1.13500000,1.13500000,1.13500000,1.13500000,5072.83000000,2026-05-26 16:24:59,5757.66205000,19
2026-05-26 16:25:00,1.13600000,1.13600000,1.13600000,1.13600000,92.92000000,2026-05-26 16:29:59,105.55712000,4
2026-05-26 16:30:00,1.13700000,1.13900000,1.13700000,1.13800000,2027.11000000,2026-05-26 16:34:59,2306.32693000,25
2026-05-26 16:35:00,1.13800000,1.14000000,1.13800000,1.14000000,1003.85000000,2026-05-26 16:39:59,1144.04404000,11
2026-05-26 16:40:00,1.14100000,1.14300000,1.14100000,1.14300000,1628.15000000,2026-05-26 16:44:59,1858.42401000,19
2026-05-26 16:45:00,1.14200000,1.14400000,1.14200000,1.14300000,910.59000000,2026-05-26 16:49:59,1040.39047000,14
2026-05-26 16:50:00,1.14400000,1.14500000,1.14400000,1.14500000,1554.32000000,2026-05-26 16:54:59,1778.34538000,11
2026-05-26 16:55:00,1.14500000,1.14500000,1.14300000,1.14400000,831.98000000,2026-05-26 16:59:59,952.17847000,16
2026-05-26 17:00:00,1.14500000,1.14500000,1.14400000,1.14400000,457.81000000,2026-05-26 17:04:59,524.01201000,11
2026-05-26 17:05:00,1.14300000,1.14300000,1.14200000,1.14200000,595.08000000,2026-05-26 17:09:59,680.16332000,12
2026-05-26 17:10:00,1.14200000,1.14200000,1.14100000,1.14100000,277.08000000,2026-05-26 17:14:59,316.37503000,4
2026-05-26 17:15:00,1.14200000,1.14300000,1.14100000,1.14100000,474.23000000,2026-05-26 17:19:59,541.47018000,9
2026-05-26 17:20:00,1.14000000,1.14100000,1.14000000,1.14000000,435.87000000,2026-05-26 17:24:59,497.14507000,11
2026-05-26 17:25:00,1.13900000,1.14100000,1.13900000,1.14100000,370.53000000,2026-05-26 17:29:59,422.52893000,9
2026-05-26 17:30:00,1.14100000,1.14100000,1.13800000,1.13900000,2974.01000000,2026-05-26 17:34:59,3390.48882000,23
2026-05-26 17:35:00,1.13900000,1.14000000,1.13800000,1.14000000,1737.38000000,2026-05-26 17:39:59,1978.20387000,24
2026-05-26 17:40:00,1.13900000,1.14000000,1.13900000,1.14000000,776.82000000,2026-05-26 17:44:59,885.00835000,14
2026-05-26 17:45:00,1.14000000,1.14200000,1.14000000,1.14000000,2897.30000000,2026-05-26 17:49:59,3304.44741000,80
2026-05-26 17:50:00,1.14000000,1.14000000,1.13900000,1.13900000,2426.80000000,2026-05-26 17:54:59,2764.91698000,22
2026-05-26 17:55:00,1.13900000,1.14000000,1.13900000,1.14000000,2550.17000000,2026-05-26 17:59:59,2906.25196000,49
2026-05-26 18:00:00,1.14100000,1.14100000,1.14100000,1.14100000,120.54000000,2026-05-26 18:04:59,137.53614000,7
2026-05-26 18:05:00,1.14000000,1.14300000,1.14000000,1.14200000,551.45000000,2026-05-26 18:09:59,628.85306000,10
2026-05-26 18:10:00,1.14200000,1.14300000,1.13900000,1.14000000,1917.05000000,2026-05-26 18:14:59,2186.13320000,30
2026-05-26 18:15:00,1.14000000,1.14100000,1.14000000,1.14100000,765.54000000,2026-05-26 18:19:59,873.30894000,9
2026-05-26 18:20:00,1.14200000,1.14400000,1.14200000,1.14400000,579.53000000,2026-05-26 18:24:59,662.62363000,15
2026-05-26 18:25:00,1.14400000,1.14400000,1.14300000,1.14400000,513.23000000,2026-05-26 18:29:59,587.04772000,5
2026-05-26 18:30:00,1.14500000,1.14500000,1.14500000,1.14500000,877.90000000,2026-05-26 18:34:59,1005.19550000,11
2026-05-26 18:35:00,1.14500000,1.15000000,1.14500000,1.14900000,722.30000000,2026-05-26 18:39:59,829.56248000,18
2026-05-26 18:40:00,1.14900000,1.14900000,1.14600000,1.14800000,5640.34000000,2026-05-26 18:44:59,6470.94100000,41
2026-05-26 18:45:00,1.14800000,1.14900000,1.14800000,1.14900000,137.80000000,2026-05-26 18:49:59,158.22940000,3
2026-05-26 18:50:00,1.14900000,1.14900000,1.14400000,1.14400000,3068.63000000,2026-05-26 18:54:59,3520.18595000,40
2026-05-26 18:55:00,1.14500000,1.14600000,1.14200000,1.14200000,4021.85000000,2026-05-26 18:59:59,4598.82820000,26
2026-05-26 19:00:00,1.14300000,1.14400000,1.14100000,1.14200000,837.73000000,2026-05-26 19:04:59,956.95904000,19
2026-05-26 19:05:00,1.14100000,1.14200000,1.14000000,1.14200000,146.46000000,2026-05-26 19:09:59,167.03631000,7
2026-05-26 19:10:00,1.14100000,1.14100000,1.13900000,1.14100000,1118.56000000,2026-05-26 19:14:59,1275.64341000,21
2026-05-26 19:15:00,1.14200000,1.14200000,1.14200000,1.14200000,113.36000000,2026-05-26 19:19:59,129.45712000,3
2026-05-26 19:20:00,1.14200000,1.14400000,1.14200000,1.14400000,2867.25000000,2026-05-26 19:24:59,3276.34913000,37
2026-05-26 19:25:00,1.14400000,1.14400000,1.14400000,1.14400000,799.87000000,2026-05-26 19:29:59,915.05128000,10
2026-05-26 19:30:00,1.14500000,1.14600000,1.14300000,1.14300000,3864.01000000,2026-05-26 19:34:59,4418.24913000,28
2026-05-26 19:35:00,1.14300000,1.14500000,1.14300000,1.14500000,1661.59000000,2026-05-26 19:39:59,1900.51479000,20
2026-05-26 19:40:00,1.14400000,1.14400000,1.14200000,1.14200000,413.58000000,2026-05-26 19:44:59,473.08583000,9
2026-05-26 19:45:00,1.14200000,1.14300000,1.14100000,1.14100000,1673.28000000,2026-05-26 19:49:59,1910.60632000,25
2026-05-26 19:50:00,1.14100000,1.14300000,1.14100000,1.14300000,2410.29000000,2026-05-26 19:54:59,2750.98812000,23
2026-05-26 19:55:00,1.14200000,1.14300000,1.14000000,1.14300000,989.78000000,2026-05-26 19:59:59,1129.14559000,19
2026-05-26 20:00:00,1.14400000,1.14600000,1.14400000,1.14500000,6749.08000000,2026-05-26 20:04:59,7728.17460000,27
2026-05-26 20:05:00,1.14500000,1.14600000,1.14500000,1.14600000,872.26000000,2026-05-26 20:09:59,999.11662000,14
2026-05-26 20:10:00,1.14600000,1.14800000,1.14600000,1.14700000,3868.10000000,2026-05-26 20:14:59,4439.53666000,21
2026-05-26 20:15:00,1.14800000,1.14800000,1.14700000,1.14700000,165.86000000,2026-05-26 20:19:59,190.29400000,5
2026-05-26 20:20:00,1.14800000,1.14900000,1.14700000,1.14800000,5251.71000000,2026-05-26 20:24:59,6028.21134000,35
2026-05-26 20:25:00,1.14700000,1.14800000,1.14500000,1.14700000,2514.18000000,2026-05-26 20:29:59,2881.80118000,33
2026-05-26 20:30:00,1.14800000,1.14900000,1.14800000,1.14900000,329.14000000,2026-05-26 20:34:59,378.05511000,11
2026-05-26 20:35:00,1.15000000,1.15200000,1.15000000,1.15100000,3236.37000000,2026-05-26 20:39:59,3725.10944000,46
2026-05-26 20:40:00,1.15100000,1.15100000,1.14900000,1.15000000,4411.61000000,2026-05-26 20:44:59,5071.98734000,41
2026-05-26 20:45:00,1.15100000,1.15200000,1.15000000,1.15000000,1948.99000000,2026-05-26 20:49:59,2242.70573000,20
2026-05-26 20:50:00,1.15000000,1.15000000,1.14900000,1.14900000,4487.65000000,2026-05-26 20:54:59,5159.28267000,28
2026-05-26 20:55:00,1.14800000,1.14800000,1.14700000,1.14800000,1654.08000000,2026-05-26 20:59:59,1897.52198000,12
2026-05-26 21:00:00,1.14800000,1.14900000,1.14700000,1.14800000,4448.12000000,2026-05-26 21:04:59,5103.86454000,40
2026-05-26 21:05:00,1.14700000,1.15000000,1.14700000,1.15000000,2226.88000000,2026-05-26 21:09:59,2556.65251000,28
2026-05-26 21:10:00,1.15000000,1.15000000,1.14900000,1.15000000,202.07000000,2026-05-26 21:14:59,232.29104000,6
2026-05-26 21:15:00,1.15100000,1.15100000,1.14600000,1.14700000,4317.99000000,2026-05-26 21:19:59,4965.35971000,41
2026-05-26 21:20:00,1.14800000,1.14900000,1.14800000,1.14900000,691.33000000,2026-05-26 21:24:59,794.19694000,14
2026-05-26 21:25:00,1.14900000,1.15200000,1.14900000,1.15200000,1809.19000000,2026-05-26 21:29:59,2082.05700000,21
2026-05-26 21:30:00,1.15200000,1.15400000,1.15200000,1.15200000,6308.48000000,2026-05-26 21:34:59,7273.37820000,45
2026-05-26 21:35:00,1.15300000,1.15300000,1.15200000,1.15200000,716.16000000,2026-05-26 21:39:59,825.42376000,14
2026-05-26 21:40:00,1.15200000,1.15400000,1.15200000,1.15300000,367.93000000,2026-05-26 21:44:59,424.24953000,9
2026-05-26 21:45:00,1.15300000,1.15300000,1.15300000,1.15300000,839.33000000,2026-05-26 21:49:59,967.74749000,6
2026-05-26 21:50:00,1.15200000,1.15300000,1.15100000,1.15300000,3533.03000000,2026-05-26 21:54:59,4073.34850000,23
2026-05-26 21:55:00,1.15200000,1.15400000,1.15200000,1.15400000,138.80000000,2026-05-26 21:59:59,159.97308000,9
2026-05-26 22:00:00,1.15500000,1.15500000,1.15300000,1.15300000,707.65000000,2026-05-26 22:04:59,817.15121000,13
2026-05-26 22:05:00,1.15200000,1.15300000,1.15200000,1.15300000,149.17000000,2026-05-26 22:09:59,171.94872000,8
2026-05-26 22:10:00,1.15300000,1.15300000,1.15100000,1.15200000,1519.01000000,2026-05-26 22:14:59,1749.30249000,23
2026-05-26 22:15:00,1.15200000,1.15200000,1.15100000,1.15100000,1361.97000000,2026-05-26 22:19:59,1568.75711000,16
2026-05-26 22:20:00,1.15100000,1.15100000,1.15100000,1.15100000,971.67000000,2026-05-26 22:24:59,1118.39217000,9
2026-05-26 22:25:00,1.15000000,1.15000000,1.14900000,1.15000000,1214.07000000,2026-05-26 22:29:59,1395.82834000,18
2026-05-26 22:30:00,1.15000000,1.15000000,1.14900000,1.14900000,2206.26000000,2026-05-26 22:34:59,2537.15129000,16
2026-05-26 22:35:00,1.14900000,1.15100000,1.14800000,1.15100000,1537.76000000,2026-05-26 22:39:59,1766.85095000,24
2026-05-26 22:40:00,1.15100000,1.15100000,1.14900000,1.14900000,2337.84000000,2026-05-26 22:44:59,2686.40202000,14
2026-05-26 22:45:00,1.14900000,1.15100000,1.14900000,1.15100000,2423.46000000,2026-05-26 22:49:59,2785.34648000,31
2026-05-26 22:50:00,1.15100000,1.15200000,1.15000000,1.15100000,1402.69000000,2026-05-26 22:54:59,1614.81748000,31
2026-05-26 22:55:00,1.15000000,1.15100000,1.14600000,1.14700000,1215.51000000,2026-05-26 22:59:59,1395.28732000,31
2026-05-26 23:00:00,1.14700000,1.14900000,1.14500000,1.14500000,3715.76000000,2026-05-26 23:04:59,4261.42374000,49
2026-05-26 23:05:00,1.14500000,1.14700000,1.14300000,1.14300000,11071.88000000,2026-05-26 23:09:59,12664.14323000,101
2026-05-26 23:10:00,1.14400000,1.14500000,1.14400000,1.14400000,2291.99000000,2026-05-26 23:14:59,2623.49823000,35
2026-05-26 23:15:00,1.14400000,1.14400000,1.13900000,1.14000000,1747.37000000,2026-05-26 23:19:59,1993.25281000,40
2026-05-26 23:20:00,1.14000000,1.14200000,1.14000000,1.14200000,1052.48000000,2026-05-26 23:24:59,1201.25062000,27
2026-05-26 23:25:00,1.14100000,1.14300000,1.14000000,1.14000000,1583.23000000,2026-05-26 23:29:59,1806.50779000,23
2026-05-26 23:30:00,1.14100000,1.14100000,1.13900000,1.14000000,3956.09000000,2026-05-26 23:34:59,4510.76004000,71
2026-05-26 23:35:00,1.14100000,1.14100000,1.13800000,1.13800000,4656.21000000,2026-05-26 23:39:59,5302.80583000,47
2026-05-26 23:40:00,1.13700000,1.13900000,1.13700000,1.13800000,1429.85000000,2026-05-26 23:44:59,1627.32716000,28
2026-05-26 23:45:00,1.13800000,1.14000000,1.13800000,1.13800000,606.97000000,2026-05-26 23:49:59,691.35045000,21
2026-05-26 23:50:00,1.13800000,1.13800000,1.13800000,1.13800000,164.52000000,2026-05-26 23:54:59,187.22376000,14
2026-05-26 23:55:00,1.13800000,1.14100000,1.13800000,1.14100000,1153.02000000,2026-05-26 23:59:59,1314.66693000,31
2026-05-27 00:00:00,1.14100000,1.14200000,1.14000000,1.14100000,585.30000000,2026-05-27 00:04:59,667.81444000,28
2026-05-27 00:05:00,1.14100000,1.14200000,1.14100000,1.14100000,1460.04000000,2026-05-27 00:09:59,1667.14796000,38
2026-05-27 00:10:00,1.14100000,1.14100000,1.14000000,1.14000000,1528.17000000,2026-05-27 00:14:59,1743.43871000,32
2026-05-27 00:15:00,1.14000000,1.14000000,1.13800000,1.14000000,1413.46000000,2026-05-27 00:19:59,1610.34758000,41
2026-05-27 00:20:00,1.14100000,1.14300000,1.13900000,1.14300000,4083.17000000,2026-05-27 00:24:59,4659.52002000,70
2026-05-27 00:25:00,1.14400000,1.14400000,1.14300000,1.14400000,841.07000000,2026-05-27 00:29:59,962.09579000,24
2026-05-27 00:30:00,1.14400000,1.14500000,1.14300000,1.14300000,657.69000000,2026-05-27 00:34:59,752.76467000,27
2026-05-27 00:35:00,1.14300000,1.14300000,1.14000000,1.14100000,9224.95000000,2026-05-27 00:39:59,10535.00494000,78
2026-05-27 00:40:00,1.14100000,1.14200000,1.14000000,1.14100000,1895.67000000,2026-05-27 00:44:59,2163.02412000,42
2026-05-27 00:45:00,1.14000000,1.14100000,1.13700000,1.13700000,5612.20000000,2026-05-27 00:49:59,6393.29665000,66
2026-05-27 00:50:00,1.13600000,1.14000000,1.13600000,1.13900000,3395.82000000,2026-05-27 00:54:59,3867.29409000,58
2026-05-27 00:55:00,1.13800000,1.14000000,1.13700000,1.14000000,3438.48000000,2026-05-27 00:59:59,3915.96048000,60
2026-05-27 01:00:00,1.13800000,1.14000000,1.13700000,1.13800000,6821.01000000,2026-05-27 01:04:59,7767.79099000,137
2026-05-27 01:05:00,1.13800000,1.14300000,1.13600000,1.14300000,10663.76000000,2026-05-27 01:09:59,12141.01125000,119
2026-05-27 01:10:00,1.14200000,1.14700000,1.14100000,1.14500000,12789.90000000,2026-05-27 01:14:59,14629.05158000,123
2026-05-27 01:15:00,1.14500000,1.14500000,1.13900000,1.14200000,8170.69000000,2026-05-27 01:19:59,9332.98092000,120
2026-05-27 01:20:00,1.14200000,1.14400000,1.14100000,1.14100000,8091.79000000,2026-05-27 01:24:59,9244.13481000,122
2026-05-27 01:25:00,1.14200000,1.14200000,1.14100000,1.14200000,4096.28000000,2026-05-27 01:29:59,4676.26350000,62
2026-05-27 01:30:00,1.14100000,1.14200000,1.13400000,1.13700000,21821.82000000,2026-05-27 01:34:59,24813.63484000,240
2026-05-27 01:35:00,1.13700000,1.14000000,1.13600000,1.14000000,6330.99000000,2026-05-27 01:39:59,7207.10359000,75
2026-05-27 01:40:00,1.14000000,1.14100000,1.13900000,1.13900000,3728.62000000,2026-05-27 01:44:59,4252.31772000,42
2026-05-27 01:45:00,1.13900000,1.14300000,1.13900000,1.14100000,10204.38000000,2026-05-27 01:49:59,11645.75697000,83
2026-05-27 01:50:00,1.14100000,1.14500000,1.13900000,1.14500000,10020.72000000,2026-05-27 01:54:59,11448.62730000,104
2026-05-27 01:55:00,1.14500000,1.14600000,1.14400000,1.14600000,5029.03000000,2026-05-27 01:59:59,5759.61141000,55
2026-05-27 02:00:00,1.14500000,1.15000000,1.14500000,1.14800000,13940.11000000,2026-05-27 02:04:59,15994.27026000,76
2026-05-27 02:05:00,1.14800000,1.14900000,1.14700000,1.14700000,2934.95000000,2026-05-27 02:09:59,3369.40978000,33
2026-05-27 02:10:00,1.14600000,1.14700000,1.14400000,1.14400000,1220.02000000,2026-05-27 02:14:59,1398.12660000,25
2026-05-27 02:15:00,1.14400000,1.14400000,1.14100000,1.14100000,2724.73000000,2026-05-27 02:19:59,3111.30213000,38
2026-05-27 02:20:00,1.14100000,1.14300000,1.14100000,1.14300000,4772.54000000,2026-05-27 02:24:59,5451.37578000,83
2026-05-27 02:25:00,1.14300000,1.14600000,1.14300000,1.14500000,2020.42000000,2026-05-27 02:29:59,2313.18750000,36
2026-05-27 02:30:00,1.14400000,1.14600000,1.14200000,1.14200000,7177.28000000,2026-05-27 02:34:59,8207.11790000,115
2026-05-27 02:35:00,1.14200000,1.14400000,1.14100000,1.14200000,6126.25000000,2026-05-27 02:39:59,6996.90336000,84
2026-05-27 02:40:00,1.14300000,1.14300000,1.14000000,1.14100000,3841.82000000,2026-05-27 02:44:59,4383.23727000,46
2026-05-27 02:45:00,1.14100000,1.14400000,1.14100000,1.14400000,3229.53000000,2026-05-27 02:49:59,3689.92028000,42
2026-05-27 02:50:00,1.14500000,1.14500000,1.14400000,1.14400000,1748.39000000,2026-05-27 02:54:59,2001.22479000,28
2026-05-27 02:55:00,1.14500000,1.14800000,1.14500000,1.14800000,11547.14000000,2026-05-27 02:59:59,13255.56728000,44
2026-05-27 03:00:00,1.14800000,1.15200000,1.14800000,1.15200000,29932.06000000,2026-05-27 03:04:59,34414.50090000,136
2026-05-27 03:05:00,1.15200000,1.15400000,1.15100000,1.15300000,18471.39000000,2026-05-27 03:09:59,21297.90476000,122
2026-05-27 03:10:00,1.15300000,1.15400000,1.15100000,1.15200000,12674.17000000,2026-05-27 03:14:59,14605.05282000,70
2026-05-27 03:15:00,1.15200000,1.15200000,1.14800000,1.15000000,14834.31000000,2026-05-27 03:19:59,17068.39445000,150
2026-05-27 03:20:00,1.15000000,1.15300000,1.14800000,1.15100000,19229.66000000,2026-05-27 03:24:59,22127.79590000,125
2026-05-27 03:25:00,1.15100000,1.15800000,1.15100000,1.15800000,15879.02000000,2026-05-27 03:29:59,18344.56485000,128
2026-05-27 03:30:00,1.15700000,1.16000000,1.15600000,1.15800000,22881.10000000,2026-05-27 03:34:59,26501.10717000,149
2026-05-27 03:35:00,1.15900000,1.16100000,1.15800000,1.15800000,8621.41000000,2026-05-27 03:39:59,9996.33962000,65
2026-05-27 03:40:00,1.15800000,1.16200000,1.15800000,1.16100000,22352.20000000,2026-05-27 03:44:59,25948.10452000,88
2026-05-27 03:45:00,1.16100000,1.16500000,1.16100000,1.16500000,19146.89000000,2026-05-27 03:49:59,22296.92056000,107
2026-05-27 03:50:00,1.16500000,1.16900000,1.16300000,1.16800000,51611.33000000,2026-05-27 03:54:59,60171.47368000,222
2026-05-27 03:55:00,1.16700000,1.17000000,1.16600000,1.16900000,10129.20000000,2026-05-27 03:59:59,11829.18064000,78
2026-05-27 04:00:00,1.16900000,1.17000000,1.16800000,1.16800000,17942.12000000,2026-05-27 04:04:59,20976.65514000,127
2026-05-27 04:05:00,1.16800000,1.17100000,1.16500000,1.17000000,51208.22000000,2026-05-27 04:09:59,59857.53184000,216
2026-05-27 04:10:00,1.16900000,1.17100000,1.16800000,1.16900000,9643.29000000,2026-05-27 04:14:59,11283.34157000,64
2026-05-27 04:15:00,1.16900000,1.17000000,1.16800000,1.17000000,24384.94000000,2026-05-27 04:19:59,28517.34196000,183
2026-05-27 04:20:00,1.17000000,1.17000000,1.16500000,1.16700000,6501.89000000,2026-05-27 04:24:59,7589.16725000,60
2026-05-27 04:25:00,1.16600000,1.16700000,1.16500000,1.16700000,4889.90000000,2026-05-27 04:29:59,5701.64281000,42
2026-05-27 04:30:00,1.16700000,1.16800000,1.16300000,1.16300000,24777.26000000,2026-05-27 04:34:59,28880.59200000,172
2026-05-27 04:35:00,1.16400000,1.16500000,1.16200000,1.16200000,6565.16000000,2026-05-27 04:39:59,7642.70553000,49
2026-05-27 04:40:00,1.16300000,1.16600000,1.16300000,1.16400000,3363.06000000,2026-05-27 04:44:59,3916.51689000,46
2026-05-27 04:45:00,1.16400000,1.16500000,1.15900000,1.16000000,5761.30000000,2026-05-27 04:49:59,6688.07119000,53
2026-05-27 04:50:00,1.15900000,1.16100000,1.15900000,1.15900000,9712.79000000,2026-05-27 04:54:59,11269.57041000,78
2026-05-27 04:55:00,1.15900000,1.16400000,1.15900000,1.16400000,26972.94000000,2026-05-27 04:59:59,31320.90213000,70
2026-05-27 05:00:00,1.16400000,1.17700000,1.16400000,1.17600000,24132.74000000,2026-05-27 05:04:59,28289.10653000,185
2026-05-27 05:05:00,1.17700000,1.17900000,1.17300000,1.17300000,9722.54000000,2026-05-27 05:09:59,11426.59827000,81
2026-05-27 05:10:00,1.17200000,1.17200000,1.16600000,1.16700000,10195.28000000,2026-05-27 05:14:59,11926.34249000,73
2026-05-27 05:15:00,1.16800000,1.16900000,1.16700000,1.16900000,4344.68000000,2026-05-27 05:19:59,5076.89750000,33
2026-05-27 05:20:00,1.16800000,1.17100000,1.16800000,1.17100000,884.21000000,2026-05-27 05:24:59,1034.61240000,17
2026-05-27 05:25:00,1.17200000,1.17500000,1.17200000,1.17400000,4248.14000000,2026-05-27 05:29:59,4985.88671000,32
2026-05-27 05:30:00,1.17400000,1.17500000,1.16800000,1.16800000,4946.58000000,2026-05-27 05:34:59,5801.98500000,74
2026-05-27 05:35:00,1.16700000,1.16800000,1.16600000,1.16800000,7819.01000000,2026-05-27 05:39:59,9124.02471000,40
2026-05-27 05:40:00,1.16800000,1.16800000,1.16700000,1.16800000,2931.90000000,2026-05-27 05:44:59,3424.44815000,18
2026-05-27 05:45:00,1.16800000,1.16800000,1.16600000,1.16700000,1169.73000000,2026-05-27 05:49:59,1364.68704000,22
2026-05-27 05:50:00,1.16600000,1.16600000,1.16000000,1.16200000,13190.19000000,2026-05-27 05:54:59,15337.95950000,97
2026-05-27 05:55:00,1.16200000,1.16400000,1.16100000,1.16400000,2349.36000000,2026-05-27 05:59:59,2731.62336000,22
2026-05-27 06:00:00,1.16400000,1.16500000,1.15800000,1.15900000,2614.01000000,2026-05-27 06:04:59,3034.79303000,38
2026-05-27 06:05:00,1.16000000,1.16200000,1.15900000,1.16200000,2259.00000000,2026-05-27 06:09:59,2622.85951000,27
2026-05-27 06:10:00,1.16200000,1.16300000,1.16100000,1.16200000,691.26000000,2026-05-27 06:14:59,803.32320000,19
2026-05-27 06:15:00,1.16200000,1.16200000,1.16000000,1.16100000,4132.94000000,2026-05-27 06:19:59,4796.24914000,44
2026-05-27 06:20:00,1.16100000,1.17200000,1.16100000,1.16900000,46509.01000000,2026-05-27 06:24:59,54278.62990000,237
2026-05-27 06:25:00,1.16800000,1.16800000,1.15800000,1.16000000,59245.64000000,2026-05-27 06:29:59,68880.34026000,225
2026-05-27 06:30:00,1.16100000,1.16200000,1.16000000,1.16200000,764.70000000,2026-05-27 06:34:59,887.91544000,18
2026-05-27 06:35:00,1.16200000,1.16500000,1.16200000,1.16500000,1521.85000000,2026-05-27 06:39:59,1771.35525000,22
2026-05-27 06:40:00,1.16500000,1.16500000,1.16300000,1.16300000,1229.24000000,2026-05-27 06:44:59,1431.31287000,16
2026-05-27 06:45:00,1.16300000,1.16600000,1.16300000,1.16400000,5634.67000000,2026-05-27 06:49:59,6562.72886000,58
2026-05-27 06:50:00,1.16500000,1.16500000,1.16100000,1.16200000,7611.98000000,2026-05-27 06:54:59,8854.47023000,51
2026-05-27 06:55:00,1.16100000,1.16400000,1.16100000,1.16400000,2435.89000000,2026-05-27 06:59:59,2831.98905000,31
2026-05-27 07:00:00,1.16400000,1.16400000,1.16000000,1.16200000,8613.43000000,2026-05-27 07:04:59,10012.55246000,87
2026-05-27 07:05:00,1.16300000,1.16600000,1.16300000,1.16500000,8047.41000000,2026-05-27 07:09:59,9368.97722000,51
2026-05-27 07:10:00,1.16500000,1.16700000,1.16400000,1.16700000,1019.45000000,2026-05-27 07:14:59,1187.63307000,17
2026-05-27 07:15:00,1.16700000,1.17000000,1.16600000,1.17000000,1427.37000000,2026-05-27 07:19:59,1669.05939000,24
2026-05-27 07:20:00,1.17000000,1.17200000,1.16900000,1.17200000,3356.82000000,2026-05-27 07:24:59,3928.18318000,35
2026-05-27 07:25:00,1.17200000,1.17300000,1.17000000,1.17000000,1791.76000000,2026-05-27 07:29:59,2099.42891000,23
2026-05-27 07:30:00,1.16900000,1.17100000,1.16900000,1.17000000,678.14000000,2026-05-27 07:34:59,793.94214000,9
2026-05-27 07:35:00,1.16900000,1.17300000,1.16900000,1.17100000,2804.32000000,2026-05-27 07:39:59,3285.58405000,30
2026-05-27 07:40:00,1.17200000,1.17900000,1.17200000,1.17700000,17734.63000000,2026-05-27 07:44:59,20877.71017000,141
2026-05-27 07:45:00,1.17700000,1.17800000,1.17300000,1.17600000,23947.44000000,2026-05-27 07:49:59,28156.35553000,96
2026-05-27 07:50:00,1.17700000,1.17800000,1.17600000,1.17800000,1530.28000000,2026-05-27 07:54:59,1801.13335000,14
2026-05-27 07:55:00,1.17700000,1.17700000,1.17500000,1.17500000,1661.01000000,2026-05-27 07:59:59,1952.72081000,20
2026-05-27 08:00:00,1.17500000,1.18000000,1.17500000,1.17600000,1073.53000000,2026-05-27 08:04:59,1263.42522000,27
2026-05-27 08:05:00,1.17600000,1.17700000,1.17400000,1.17700000,915.25000000,2026-05-27 08:09:59,1075.77924000,14
2026-05-27 08:10:00,1.17600000,1.17700000,1.17500000,1.17600000,2143.33000000,2026-05-27 08:14:59,2520.17908000,13
2026-05-27 08:15:00,1.17600000,1.17700000,1.17400000,1.17500000,9396.76000000,2026-05-27 08:19:59,11050.15824000,44
2026-05-27 08:20:00,1.17600000,1.18000000,1.17600000,1.18000000,1845.59000000,2026-05-27 08:24:59,2173.87116000,21
2026-05-27 08:25:00,1.17900000,1.18000000,1.17800000,1.17800000,2344.20000000,2026-05-27 08:29:59,2762.99074000,20
2026-05-27 08:30:00,1.17700000,1.17800000,1.17400000,1.17600000,6543.18000000,2026-05-27 08:34:59,7690.88135000,56
2026-05-27 08:35:00,1.17600000,1.17600000,1.17400000,1.17400000,16627.19000000,2026-05-27 08:39:59,19534.77981000,96
2026-05-27 08:40:00,1.17400000,1.17500000,1.17300000,1.17400000,7523.49000000,2026-05-27 08:44:59,8832.81090000,51
2026-05-27 08:45:00,1.17300000,1.17300000,1.16800000,1.16800000,3685.06000000,2026-05-27 08:49:59,4316.44962000,37
2026-05-27 08:50:00,1.16900000,1.16900000,1.16700000,1.16700000,4124.93000000,2026-05-27 08:54:59,4818.63582000,33
2026-05-27 08:55:00,1.16600000,1.16600000,1.16300000,1.16300000,6134.29000000,2026-05-27 08:59:59,7142.09687000,43
2026-05-27 09:00:00,1.16400000,1.16500000,1.16000000,1.16400000,8846.94000000,2026-05-27 09:04:59,10280.58095000,98
2026-05-27 09:05:00,1.16300000,1.16500000,1.16200000,1.16500000,3171.58000000,2026-05-27 09:09:59,3691.35462000,69
2026-05-27 09:10:00,1.16400000,1.16700000,1.16200000,1.16700000,3052.61000000,2026-05-27 09:14:59,3552.89205000,37
2026-05-27 09:15:00,1.16600000,1.17400000,1.16600000,1.17400000,4736.23000000,2026-05-27 09:19:59,5538.58278000,87
2026-05-27 09:20:00,1.17400000,1.18000000,1.17400000,1.17500000,19500.93000000,2026-05-27 09:24:59,22956.89589000,135
2026-05-27 09:25:00,1.17500000,1.17700000,1.17400000,1.17600000,6227.56000000,2026-05-27 09:29:59,7313.05501000,45
2026-05-27 09:30:00,1.17700000,1.17900000,1.17400000,1.17400000,2463.76000000,2026-05-27 09:34:59,2901.12485000,28
2026-05-27 09:35:00,1.17500000,1.17800000,1.17500000,1.17800000,4306.31000000,2026-05-27 09:39:59,5067.65908000,42
2026-05-27 09:40:00,1.17800000,1.17800000,1.17400000,1.17500000,3860.89000000,2026-05-27 09:44:59,4542.59693000,39
2026-05-27 09:45:00,1.17500000,1.17500000,1.17000000,1.17100000,5548.10000000,2026-05-27 09:49:59,6500.32722000,63
2026-05-27 09:50:00,1.17200000,1.17300000,1.17100000,1.17300000,1402.10000000,2026-05-27 09:54:59,1643.95529000,19
2026-05-27 09:55:00,1.17300000,1.17300000,1.17100000,1.17200000,1453.86000000,2026-05-27 09:59:59,1703.88424000,17
2026-05-27 10:00:00,1.17200000,1.17200000,1.16900000,1.16900000,372.83000000,2026-05-27 10:04:59,436.56663000,10
2026-05-27 10:05:00,1.16800000,1.16900000,1.16600000,1.16800000,12469.72000000,2026-05-27 10:09:59,14557.20089000,75
2026-05-27 10:10:00,1.16900000,1.17100000,1.16800000,1.16800000,2789.63000000,2026-05-27 10:14:59,3261.33775000,24
2026-05-27 10:15:00,1.16700000,1.16800000,1.16600000,1.16600000,4060.20000000,2026-05-27 10:19:59,4736.52907000,44
2026-05-27 10:20:00,1.16700000,1.16700000,1.16300000,1.16600000,8073.93000000,2026-05-27 10:24:59,9407.93782000,36
2026-05-27 10:25:00,1.16700000,1.16700000,1.16100000,1.16200000,2313.93000000,2026-05-27 10:29:59,2691.78009000,46
2026-05-27 10:30:00,1.16100000,1.16300000,1.15800000,1.16100000,16729.34000000,2026-05-27 10:34:59,19430.07417000,83
2026-05-27 10:35:00,1.16000000,1.16000000,1.15100000,1.15400000,16544.94000000,2026-05-27 10:39:59,19094.76522000,120
2026-05-27 10:40:00,1.15300000,1.15400000,1.15000000,1.15100000,16660.34000000,2026-05-27 10:44:59,19194.30775000,92
2026-05-27 10:45:00,1.15200000,1.15500000,1.15200000,1.15400000,36616.55000000,2026-05-27 10:49:59,42232.52903000,176
2026-05-27 10:50:00,1.15400000,1.15900000,1.15100000,1.15700000,6304.37000000,2026-05-27 10:54:59,7271.13141000,78
2026-05-27 10:55:00,1.15700000,1.16100000,1.15600000,1.16100000,4653.95000000,2026-05-27 10:59:59,5395.00990000,53
2026-05-27 11:00:00,1.16100000,1.16500000,1.16100000,1.16500000,8830.48000000,2026-05-27 11:04:59,10268.90137000,93
2026-05-27 11:05:00,1.16500000,1.16500000,1.15800000,1.16000000,12676.47000000,2026-05-27 11:09:59,14718.63341000,93
2026-05-27 11:10:00,1.16000000,1.16000000,1.15800000,1.15800000,3927.84000000,2026-05-27 11:14:59,4553.42888000,49
2026-05-27 11:15:00,1.15800000,1.16200000,1.15800000,1.16200000,2733.39000000,2026-05-27 11:19:59,3170.59995000,41
2026-05-27 11:20:00,1.16100000,1.16100000,1.15500000,1.15500000,2168.11000000,2026-05-27 11:24:59,2508.83407000,43
2026-05-27 11:25:00,1.15500000,1.15700000,1.15400000,1.15700000,8327.66000000,2026-05-27 11:29:59,9622.92099000,94
2026-05-27 11:30:00,1.15700000,1.16300000,1.15700000,1.16100000,6119.08000000,2026-05-27 11:34:59,7097.80266000,116
2026-05-27 11:35:00,1.16100000,1.16400000,1.16000000,1.16400000,3001.15000000,2026-05-27 11:39:59,3489.26825000,37
2026-05-27 11:40:00,1.16300000,1.16400000,1.16000000,1.16400000,6356.29000000,2026-05-27 11:44:59,7387.20821000,66
2026-05-27 11:45:00,1.16400000,1.16800000,1.16400000,1.16600000,6485.14000000,2026-05-27 11:49:59,7565.01165000,86
2026-05-27 11:50:00,1.16600000,1.17200000,1.16600000,1.17200000,7373.51000000,2026-05-27 11:54:59,8622.45440000,76
2026-05-27 11:55:00,1.17100000,1.17300000,1.16900000,1.17200000,11626.90000000,2026-05-27 11:59:59,13607.38631000,59
2026-05-27 12:00:00,1.17300000,1.17700000,1.17100000,1.17300000,16234.02000000,2026-05-27 12:04:59,19059.25707000,140
2026-05-27 12:05:00,1.17300000,1.17500000,1.17300000,1.17500000,3737.98000000,2026-05-27 12:09:59,4389.27537000,32
2026-05-27 12:10:00,1.17500000,1.17800000,1.17400000,1.17700000,2702.37000000,2026-05-27 12:14:59,3181.16912000,34
2026-05-27 12:15:00,1.17600000,1.18000000,1.17600000,1.17900000,8258.66000000,2026-05-27 12:19:59,9735.66137000,47
2026-05-27 12:20:00,1.17900000,1.18200000,1.17600000,1.17900000,24689.08000000,2026-05-27 12:24:59,29088.09150000,97
2026-05-27 12:25:00,1.18000000,1.18100000,1.17900000,1.17900000,826.63000000,2026-05-27 12:29:59,975.30593000,11
2026-05-27 12:30:00,1.17800000,1.18200000,1.17800000,1.17800000,13090.40000000,2026-05-27 12:34:59,15449.70779000,89
2026-05-27 12:35:00,1.18000000,1.18300000,1.18000000,1.18000000,4836.76000000,2026-05-27 12:39:59,5715.92247000,62
2026-05-27 12:40:00,1.18100000,1.18100000,1.17800000,1.17900000,1729.41000000,2026-05-27 12:44:59,2039.94143000,24
2026-05-27 12:45:00,1.17900000,1.18000000,1.17900000,1.17900000,2622.95000000,2026-05-27 12:49:59,3092.73661000,28
2026-05-27 12:50:00,1.17900000,1.17900000,1.17500000,1.17500000,6356.83000000,2026-05-27 12:54:59,7479.94176000,62
2026-05-27 12:55:00,1.17600000,1.17900000,1.17600000,1.17900000,1514.51000000,2026-05-27 12:59:59,1783.29227000,21
2026-05-27 13:00:00,1.17900000,1.18500000,1.17900000,1.18200000,4103.02000000,2026-05-27 13:04:59,4852.39324000,80
2026-05-27 13:05:00,1.18200000,1.18600000,1.18100000,1.18600000,9317.76000000,2026-05-27 13:09:59,11020.50291000,79
2026-05-27 13:10:00,1.18600000,1.18900000,1.18600000,1.18700000,5806.40000000,2026-05-27 13:14:59,6899.29339000,75
2026-05-27 13:15:00,1.18600000,1.18600000,1.18200000,1.18400000,5161.91000000,2026-05-27 13:19:59,6115.96435000,57
2026-05-27 13:20:00,1.18500000,1.18700000,1.18300000,1.18700000,10898.28000000,2026-05-27 13:24:59,12916.44720000,77
2026-05-27 13:25:00,1.18800000,1.18900000,1.18400000,1.18800000,12194.66000000,2026-05-27 13:29:59,14469.34850000,92
2026-05-27 13:30:00,1.18800000,1.19200000,1.18600000,1.18900000,20347.04000000,2026-05-27 13:34:59,24234.65325000,116
2026-05-27 13:35:00,1.18800000,1.18900000,1.18600000,1.18700000,3841.39000000,2026-05-27 13:39:59,4561.66147000,52
2026-05-27 13:40:00,1.18600000,1.18900000,1.18500000,1.18900000,4220.09000000,2026-05-27 13:44:59,5009.78092000,42
2026-05-27 13:45:00,1.18900000,1.18900000,1.18600000,1.18600000,7720.45000000,2026-05-27 13:49:59,9177.86686000,31
2026-05-27 13:50:00,1.18500000,1.18800000,1.18400000,1.18400000,7472.02000000,2026-05-27 13:54:59,8862.40435000,31
2026-05-27 13:55:00,1.18300000,1.18600000,1.18200000,1.18500000,4111.76000000,2026-05-27 13:59:59,4870.39916000,42
2026-05-27 14:00:00,1.18600000,1.18600000,1.18100000,1.18200000,20479.18000000,2026-05-27 14:04:59,24239.39089000,98
2026-05-27 14:05:00,1.18200000,1.18200000,1.17800000,1.17800000,5161.72000000,2026-05-27 14:09:59,6087.69494000,51
2026-05-27 14:10:00,1.17800000,1.18100000,1.17400000,1.17600000,11713.54000000,2026-05-27 14:14:59,13805.67317000,101
2026-05-27 14:15:00,1.17600000,1.17900000,1.17000000,1.17700000,18283.21000000,2026-05-27 14:19:59,21457.93285000,133
2026-05-27 14:20:00,1.17900000,1.18100000,1.17900000,1.18000000,2803.58000000,2026-05-27 14:24:59,3308.44326000,32
2026-05-27 14:25:00,1.17800000,1.17900000,1.17600000,1.17900000,3517.19000000,2026-05-27 14:29:59,4144.82551000,30
2026-05-27 14:30:00,1.17800000,1.17900000,1.17600000,1.17600000,4679.89000000,2026-05-27 14:34:59,5506.82869000,34
2026-05-27 14:35:00,1.17500000,1.17800000,1.17400000,1.17600000,20544.33000000,2026-05-27 14:39:59,24133.41366000,62
2026-05-27 14:40:00,1.17500000,1.17500000,1.17100000,1.17200000,7200.73000000,2026-05-27 14:44:59,8436.17926000,62
2026-05-27 14:45:00,1.17100000,1.17300000,1.17000000,1.17300000,2417.06000000,2026-05-27 14:49:59,2830.09958000,34
2026-05-27 14:50:00,1.17300000,1.17400000,1.17200000,1.17200000,1951.11000000,2026-05-27 14:54:59,2288.60575000,24
2026-05-27 14:55:00,1.17200000,1.17200000,1.16600000,1.17100000,13128.02000000,2026-05-27 14:59:59,15340.79498000,76
2026-05-27 15:00:00,1.17000000,1.17000000,1.16300000,1.16400000,7223.99000000,2026-05-27 15:04:59,8439.92308000,78
2026-05-27 15:05:00,1.16300000,1.16700000,1.16300000,1.16500000,1808.19000000,2026-05-27 15:09:59,2108.32821000,31
2026-05-27 15:10:00,1.16500000,1.16600000,1.15900000,1.16100000,10431.22000000,2026-05-27 15:14:59,12099.84260000,85
2026-05-27 15:15:00,1.16100000,1.16300000,1.16000000,1.16200000,4794.88000000,2026-05-27 15:19:59,5574.34191000,33
2026-05-27 15:20:00,1.16100000,1.16300000,1.16000000,1.16200000,2602.23000000,2026-05-27 15:24:59,3024.18350000,27
2026-05-27 15:25:00,1.16100000,1.16200000,1.15900000,1.16000000,411.62000000,2026-05-27 15:29:59,477.79909000,20
2026-05-27 15:30:00,1.16200000,1.16200000,1.15900000,1.16000000,2966.97000000,2026-05-27 15:34:59,3441.95310000,25
2026-05-27 15:35:00,1.16000000,1.16200000,1.15900000,1.16200000,2855.23000000,2026-05-27 15:39:59,3310.55819000,35
2026-05-27 15:40:00,1.16200000,1.16300000,1.16200000,1.16200000,6398.55000000,2026-05-27 15:44:59,7441.18431000,33
2026-05-27 15:45:00,1.16400000,1.16400000,1.16200000,1.16300000,3429.06000000,2026-05-27 15:49:59,3985.76430000,27
2026-05-27 15:50:00,1.16400000,1.16600000,1.16400000,1.16500000,1712.73000000,2026-05-27 15:54:59,1994.64487000,24
2026-05-27 15:55:00,1.16500000,1.16700000,1.16500000,1.16700000,4336.47000000,2026-05-27 15:59:59,5057.87341000,45
2026-05-27 16:00:00,1.16700000,1.16700000,1.16500000,1.16700000,6565.01000000,2026-05-27 16:04:59,7657.11271000,54
2026-05-27 16:05:00,1.16700000,1.16700000,1.16600000,1.16700000,2316.77000000,2026-05-27 16:09:59,2702.67719000,28
2026-05-27 16:10:00,1.16700000,1.16900000,1.16600000,1.16900000,1611.05000000,2026-05-27 16:14:59,1881.00306000,18
2026-05-27 16:15:00,1.16900000,1.16900000,1.16700000,1.16700000,2457.24000000,2026-05-27 16:19:59,2870.44128000,18
2026-05-27 16:20:00,1.16700000,1.16800000,1.16600000,1.16800000,2167.14000000,2026-05-27 16:24:59,2529.07094000,22
2026-05-27 16:25:00,1.16800000,1.16800000,1.16700000,1.16700000,1826.63000000,2026-05-27 16:29:59,2132.70383000,25
2026-05-27 16:30:00,1.16700000,1.16700000,1.16500000,1.16500000,3726.35000000,2026-05-27 16:34:59,4347.65560000,38
2026-05-27 16:35:00,1.16500000,1.16600000,1.16400000,1.16600000,3880.61000000,2026-05-27 16:39:59,4522.37038000,40
2026-05-27 16:40:00,1.16600000,1.16600000,1.16400000,1.16400000,2949.12000000,2026-05-27 16:44:59,3434.73355000,33
2026-05-27 16:45:00,1.16500000,1.16500000,1.16400000,1.16400000,1106.64000000,2026-05-27 16:49:59,1289.20996000,19
2026-05-27 16:50:00,1.16300000,1.16500000,1.16300000,1.16500000,3835.71000000,2026-05-27 16:54:59,4464.03406000,61
2026-05-27 16:55:00,1.16500000,1.16500000,1.16300000,1.16400000,1318.38000000,2026-05-27 16:59:59,1534.38393000,21
2026-05-27 17:00:00,1.16400000,1.16400000,1.16300000,1.16400000,2711.79000000,2026-05-27 17:04:59,3155.45651000,31
2026-05-27 17:05:00,1.16300000,1.16300000,1.16200000,1.16300000,4110.17000000,2026-05-27 17:09:59,4777.51758000,54
2026-05-27 17:10:00,1.16300000,1.16300000,1.16100000,1.16300000,2695.58000000,2026-05-27 17:14:59,3132.05570000,41
2026-05-27 17:15:00,1.16300000,1.16300000,1.16200000,1.16300000,43.38000000,2026-05-27 17:19:59,50.43804000,7
2026-05-27 17:20:00,1.16400000,1.16400000,1.16300000,1.16300000,683.75000000,2026-05-27 17:24:59,795.76109000,8
2026-05-27 17:25:00,1.16200000,1.16200000,1.16100000,1.16100000,100.72000000,2026-05-27 17:29:59,116.95246000,8
2026-05-27 17:30:00,1.16100000,1.16100000,1.15900000,1.16000000,5935.99000000,2026-05-27 17:34:59,6883.39798000,33
2026-05-27 17:35:00,1.16000000,1.16200000,1.16000000,1.16100000,2177.45000000,2026-05-27 17:39:59,2528.93929000,24
2026-05-27 17:40:00,1.16100000,1.16500000,1.16100000,1.16500000,4038.58000000,2026-05-27 17:44:59,4696.40398000,57
2026-05-27 17:45:00,1.16600000,1.17000000,1.16600000,1.17000000,6441.76000000,2026-05-27 17:49:59,7523.63540000,50
2026-05-27 17:50:00,1.17000000,1.17000000,1.16700000,1.16700000,5013.46000000,2026-05-27 17:54:59,5856.65683000,47
2026-05-27 17:55:00,1.16700000,1.17000000,1.16700000,1.16900000,9248.76000000,2026-05-27 17:59:59,10804.61207000,39
2026-05-27 18:00:00,1.16900000,1.17000000,1.16900000,1.16900000,2681.18000000,2026-05-27 18:04:59,3136.45794000,31
2026-05-27 18:05:00,1.16900000,1.17100000,1.16900000,1.16900000,1391.83000000,2026-05-27 18:09:59,1627.27670000,18
2026-05-27 18:10:00,1.17000000,1.17000000,1.16800000,1.16800000,768.39000000,2026-05-27 18:14:59,897.62720000,10
2026-05-27 18:15:00,1.16700000,1.16800000,1.16700000,1.16800000,307.98000000,2026-05-27 18:19:59,359.59786000,5
2026-05-27 18:20:00,1.16600000,1.16600000,1.16600000,1.16600000,357.54000000,2026-05-27 18:24:59,416.89164000,5
2026-05-27 18:25:00,1.16600000,1.16600000,1.16300000,1.16300000,1778.05000000,2026-05-27 18:29:59,2071.84889000,16
2026-05-27 18:30:00,1.16300000,1.16300000,1.16000000,1.16000000,5709.60000000,2026-05-27 18:34:59,6629.18454000,38
2026-05-27 18:35:00,1.16000000,1.16000000,1.15600000,1.15700000,8198.40000000,2026-05-27 18:39:59,9493.92587000,37
2026-05-27 18:40:00,1.15500000,1.15600000,1.14100000,1.14600000,16426.76000000,2026-05-27 18:44:59,18855.74657000,124
2026-05-27 18:45:00,1.14600000,1.14600000,1.13400000,1.13800000,20229.67000000,2026-05-27 18:49:59,23032.88800000,145
2026-05-27 18:50:00,1.13700000,1.13800000,1.13300000,1.13300000,2524.74000000,2026-05-27 18:54:59,2864.63308000,26
2026-05-27 18:55:00,1.13300000,1.13900000,1.13300000,1.13900000,11034.99000000,2026-05-27 18:59:59,12539.12325000,58
2026-05-27 19:00:00,1.14000000,1.14600000,1.13500000,1.14400000,3699.57000000,2026-05-27 19:04:59,4228.08466000,40
2026-05-27 19:05:00,1.14400000,1.14600000,1.14200000,1.14200000,1124.57000000,2026-05-27 19:09:59,1286.16101000,16
2026-05-27 19:10:00,1.14200000,1.14200000,1.13700000,1.13800000,1023.53000000,2026-05-27 19:14:59,1167.02449000,22
2026-05-27 19:15:00,1.13800000,1.14300000,1.13400000,1.14300000,2679.04000000,2026-05-27 19:19:59,3052.03320000,33
2026-05-27 19:20:00,1.14300000,1.14500000,1.14300000,1.14400000,979.09000000,2026-05-27 19:24:59,1120.36954000,23
2026-05-27 19:25:00,1.14500000,1.14700000,1.14400000,1.14700000,1107.69000000,2026-05-27 19:29:59,1268.70815000,12
2026-05-27 19:30:00,1.14600000,1.14700000,1.14400000,1.14600000,1334.56000000,2026-05-27 19:34:59,1529.03988000,25
2026-05-27 19:35:00,1.14700000,1.14700000,1.14500000,1.14700000,1156.30000000,2026-05-27 19:39:59,1325.73548000,18
2026-05-27 19:40:00,1.14700000,1.14700000,1.14600000,1.14600000,750.75000000,2026-05-27 19:44:59,860.89925000,8
2026-05-27 19:45:00,1.14600000,1.14600000,1.14200000,1.14200000,1256.95000000,2026-05-27 19:49:59,1438.30758000,17
2026-05-27 19:50:00,1.14200000,1.14200000,1.14100000,1.14200000,2364.52000000,2026-05-27 19:54:59,2699.19604000,22
2026-05-27 19:55:00,1.14300000,1.14300000,1.14000000,1.14000000,985.18000000,2026-05-27 19:59:59,1124.95048000,17
2026-05-27 20:00:00,1.13900000,1.14300000,1.13800000,1.14200000,4527.70000000,2026-05-27 20:04:59,5170.20800000,36
2026-05-27 20:05:00,1.14100000,1.14200000,1.14000000,1.14200000,1461.17000000,2026-05-27 20:09:59,1667.57772000,21
2026-05-27 20:10:00,1.14100000,1.14300000,1.14100000,1.14300000,770.93000000,2026-05-27 20:14:59,879.96583000,13
2026-05-27 20:15:00,1.14400000,1.14500000,1.14300000,1.14400000,7225.58000000,2026-05-27 20:19:59,8263.40905000,49
2026-05-27 20:20:00,1.14400000,1.14400000,1.14000000,1.14000000,2115.95000000,2026-05-27 20:24:59,2414.73506000,23
2026-05-27 20:25:00,1.13900000,1.13900000,1.13600000,1.13700000,3549.29000000,2026-05-27 20:29:59,4036.74019000,49
2026-05-27 20:30:00,1.13800000,1.14100000,1.13700000,1.14100000,2028.11000000,2026-05-27 20:34:59,2312.93050000,24
2026-05-27 20:35:00,1.13900000,1.14100000,1.13800000,1.14100000,2719.09000000,2026-05-27 20:39:59,3099.96423000,40
2026-05-27 20:40:00,1.14200000,1.14200000,1.14000000,1.14200000,2410.45000000,2026-05-27 20:44:59,2750.68659000,25
2026-05-27 20:45:00,1.14200000,1.14600000,1.14200000,1.14600000,1910.99000000,2026-05-27 20:49:59,2186.12167000,22
2026-05-27 20:50:00,1.14600000,1.14600000,1.14400000,1.14600000,2621.36000000,2026-05-27 20:54:59,3000.56075000,38
2026-05-27 20:55:00,1.14700000,1.14700000,1.14600000,1.14600000,1439.49000000,2026-05-27 20:59:59,1650.62268000,21
2026-05-27 21:00:00,1.14500000,1.14900000,1.14500000,1.14700000,7723.48000000,2026-05-27 21:04:59,8855.93133000,49
2026-05-27 21:05:00,1.14700000,1.14700000,1.14600000,1.14700000,355.10000000,2026-05-27 21:09:59,407.13100000,5
2026-05-27 21:10:00,1.14700000,1.14700000,1.14300000,1.14300000,3234.47000000,2026-05-27 21:14:59,3702.71099000,42
2026-05-27 21:15:00,1.14400000,1.14800000,1.14400000,1.14700000,2001.17000000,2026-05-27 21:19:59,2295.30656000,27
2026-05-27 21:20:00,1.14700000,1.15000000,1.14700000,1.14700000,4284.96000000,2026-05-27 21:24:59,4922.64800000,134
2026-05-27 21:25:00,1.14600000,1.14600000,1.14400000,1.14600000,1020.67000000,2026-05-27 21:29:59,1168.39828000,47
2026-05-27 21:30:00,1.14700000,1.14800000,1.14700000,1.14700000,1505.92000000,2026-05-27 21:34:59,1728.37164000,21
2026-05-27 21:35:00,1.14600000,1.14600000,1.14300000,1.14300000,3865.76000000,2026-05-27 21:39:59,4420.05647000,22
2026-05-27 21:40:00,1.14300000,1.14700000,1.14300000,1.14700000,3039.23000000,2026-05-27 21:44:59,3478.65698000,28
2026-05-27 21:45:00,1.14800000,1.14900000,1.14500000,1.14500000,2369.33000000,2026-05-27 21:49:59,2718.46900000,28
2026-05-27 21:50:00,1.14600000,1.14700000,1.14300000,1.14600000,5999.55000000,2026-05-27 21:54:59,6858.71960000,18
2026-05-27 21:55:00,1.14600000,1.14600000,1.14300000,1.14500000,827.46000000,2026-05-27 21:59:59,947.51036000,19
2026-05-27 22:00:00,1.14500000,1.14600000,1.14400000,1.14500000,2340.85000000,2026-05-27 22:04:59,2680.54306000,22
2026-05-27 22:05:00,1.14500000,1.14500000,1.14400000,1.14500000,2239.06000000,2026-05-27 22:09:59,2562.92180000,26
2026-05-27 22:10:00,1.14500000,1.14500000,1.14200000,1.14400000,692.09000000,2026-05-27 22:14:59,791.81932000,20
2026-05-27 22:15:00,1.14300000,1.14300000,1.13600000,1.13800000,4030.44000000,2026-05-27 22:19:59,4587.25847000,60
2026-05-27 22:20:00,1.13700000,1.14100000,1.13500000,1.14000000,2048.52000000,2026-05-27 22:24:59,2330.44529000,43
2026-05-27 22:25:00,1.13900000,1.13900000,1.12800000,1.13100000,17253.29000000,2026-05-27 22:29:59,19502.50547000,89
2026-05-27 22:30:00,1.12900000,1.13400000,1.12900000,1.13200000,5298.57000000,2026-05-27 22:34:59,5990.80613000,72
2026-05-27 22:35:00,1.13200000,1.13200000,1.12900000,1.12900000,2918.23000000,2026-05-27 22:39:59,3297.30140000,49
2026-05-27 22:40:00,1.12700000,1.13000000,1.12400000,1.13000000,12119.54000000,2026-05-27 22:44:59,13644.76777000,115
2026-05-27 22:45:00,1.13000000,1.13300000,1.13000000,1.13000000,29719.83000000,2026-05-27 22:49:59,33603.46029000,75
2026-05-27 22:50:00,1.13000000,1.13000000,1.12800000,1.12900000,23849.60000000,2026-05-27 22:54:59,26933.11045000,71
2026-05-27 22:55:00,1.12800000,1.12800000,1.12500000,1.12500000,55951.44000000,2026-05-27 22:59:59,62999.10939000,218
2026-05-27 23:00:00,1.12600000,1.12700000,1.12200000,1.12300000,12178.33000000,2026-05-27 23:04:59,13695.63054000,84
2026-05-27 23:05:00,1.12300000,1.12600000,1.12200000,1.12600000,17712.15000000,2026-05-27 23:09:59,19889.88823000,59
2026-05-27 23:10:00,1.12600000,1.12700000,1.12500000,1.12700000,13472.20000000,2026-05-27 23:14:59,15168.21639000,82
2026-05-27 23:15:00,1.12800000,1.12900000,1.12600000,1.12600000,1402.04000000,2026-05-27 23:19:59,1580.18796000,17
2026-05-27 23:20:00,1.12600000,1.12600000,1.12500000,1.12600000,3065.71000000,2026-05-27 23:24:59,3450.29929000,26
2026-05-27 23:25:00,1.12700000,1.12700000,1.12400000,1.12500000,5394.45000000,2026-05-27 23:29:59,6071.02303000,42
2026-05-27 23:30:00,1.12600000,1.12600000,1.12100000,1.12200000,10243.57000000,2026-05-27 23:34:59,11500.52870000,98
2026-05-27 23:35:00,1.12200000,1.12300000,1.11800000,1.12300000,15340.61000000,2026-05-27 23:39:59,17182.14588000,105
2026-05-27 23:40:00,1.12300000,1.12500000,1.12300000,1.12500000,7894.97000000,2026-05-27 23:44:59,8877.47362000,56
2026-05-27 23:45:00,1.12500000,1.12800000,1.12500000,1.12800000,2167.34000000,2026-05-27 23:49:59,2440.94725000,32
2026-05-27 23:50:00,1.12900000,1.12900000,1.12700000,1.12800000,4730.60000000,2026-05-27 23:54:59,5338.07927000,37
2026-05-27 23:55:00,1.12900000,1.12900000,1.12600000,1.12600000,400.79000000,2026-05-27 23:59:59,452.16847000,5
2026-05-28 00:00:00,1.12600000,1.12800000,1.12600000,1.12600000,3200.41000000,2026-05-28 00:04:59,3605.21932000,40
2026-05-28 00:05:00,1.12700000,1.12800000,1.12400000,1.12400000,3837.21000000,2026-05-28 00:09:59,4316.72737000,34
2026-05-28 00:10:00,1.12300000,1.12400000,1.12100000,1.12400000,2820.92000000,2026-05-28 00:14:59,3165.95820000,29
2026-05-28 00:15:00,1.12500000,1.12500000,1.10000000,1.11000000,94611.01000000,2026-05-28 00:19:59,104706.50068000,804
2026-05-28 00:20:00,1.10900000,1.11200000,1.10800000,1.11200000,19193.12000000,2026-05-28 00:24:59,21308.14690000,102
2026-05-28 00:25:00,1.11200000,1.11200000,1.10500000,1.10600000,9187.74000000,2026-05-28 00:29:59,10170.64587000,57
2026-05-28 00:30:00,1.10400000,1.10800000,1.10300000,1.10300000,29220.83000000,2026-05-28 00:34:59,32301.54618000,99
2026-05-28 00:35:00,1.10300000,1.10300000,1.10000000,1.10200000,20104.93000000,2026-05-28 00:39:59,22151.98077000,109
2026-05-28 00:40:00,1.10300000,1.10900000,1.10300000,1.10600000,8133.98000000,2026-05-28 00:44:59,9002.03520000,76
2026-05-28 00:45:00,1.10600000,1.10900000,1.10600000,1.10800000,3265.83000000,2026-05-28 00:49:59,3619.16979000,43
2026-05-28 00:50:00,1.10700000,1.10700000,1.10100000,1.10100000,11037.04000000,2026-05-28 00:54:59,12169.47906000,86
2026-05-28 00:55:00,1.10100000,1.10200000,1.09600000,1.10000000,45915.60000000,2026-05-28 00:59:59,50442.63008000,222
2026-05-28 01:00:00,1.09900000,1.09900000,1.06800000,1.07900000,199509.22000000,2026-05-28 01:04:59,216171.65821000,1615
2026-05-28 01:05:00,1.07900000,1.08600000,1.07700000,1.08500000,18611.04000000,2026-05-28 01:09:59,20127.87735000,165
2026-05-28 01:10:00,1.08600000,1.08600000,1.08200000,1.08400000,4910.74000000,2026-05-28 01:14:59,5322.39472000,48
2026-05-28 01:15:00,1.08300000,1.08600000,1.07800000,1.07800000,7198.66000000,2026-05-28 01:19:59,7784.23931000,61
2026-05-28 01:20:00,1.07900000,1.08000000,1.07200000,1.07500000,18391.85000000,2026-05-28 01:24:59,19778.53943000,140
2026-05-28 01:25:00,1.07500000,1.07900000,1.07200000,1.07900000,9845.10000000,2026-05-28 01:29:59,10577.70941000,76
2026-05-28 01:30:00,1.07900000,1.08600000,1.07800000,1.08600000,6842.33000000,2026-05-28 01:34:59,7396.14970000,48
2026-05-28 01:35:00,1.08600000,1.08700000,1.08300000,1.08500000,5577.06000000,2026-05-28 01:39:59,6057.08726000,60
2026-05-28 01:40:00,1.08600000,1.08700000,1.08400000,1.08600000,7807.60000000,2026-05-28 01:44:59,8473.31301000,36
2026-05-28 01:45:00,1.08500000,1.08500000,1.08200000,1.08400000,3611.55000000,2026-05-28 01:49:59,3914.94986000,40
2026-05-28 01:50:00,1.08400000,1.08600000,1.08200000,1.08500000,4664.33000000,2026-05-28 01:54:59,5050.53963000,54
2026-05-28 01:55:00,1.08400000,1.08600000,1.08300000,1.08300000,2741.64000000,2026-05-28 01:59:59,2972.22434000,28
2026-05-28 02:00:00,1.08300000,1.08600000,1.08300000,1.08300000,6561.06000000,2026-05-28 02:04:59,7112.20023000,51
2026-05-28 02:05:00,1.08300000,1.08300000,1.07900000,1.08200000,14622.62000000,2026-05-28 02:09:59,15807.90204000,85
2026-05-28 02:10:00,1.08200000,1.08200000,1.07900000,1.08000000,4302.15000000,2026-05-28 02:14:59,4646.63602000,51
2026-05-28 02:15:00,1.08000000,1.08000000,1.07500000,1.07500000,10147.56000000,2026-05-28 02:19:59,10921.87810000,68
2026-05-28 02:20:00,1.07600000,1.07700000,1.07400000,1.07500000,26723.90000000,2026-05-28 02:24:59,28708.36273000,83
2026-05-28 02:25:00,1.07400000,1.07600000,1.07300000,1.07400000,5438.25000000,2026-05-28 02:29:59,5843.31237000,23
2026-05-28 02:30:00,1.07500000,1.07900000,1.07500000,1.07900000,8772.91000000,2026-05-28 02:34:59,9449.63541000,46
2026-05-28 02:35:00,1.07800000,1.08000000,1.07800000,1.08000000,254.90000000,2026-05-28 02:39:59,275.02068000,6
2026-05-28 02:40:00,1.08100000,1.08100000,1.08000000,1.08000000,8225.65000000,2026-05-28 02:44:59,8890.46913000,32
2026-05-28 02:45:00,1.08100000,1.08200000,1.07900000,1.08100000,3155.68000000,2026-05-28 02:49:59,3411.40688000,40
2026-05-28 02:50:00,1.08200000,1.08500000,1.08200000,1.08500000,4139.47000000,2026-05-28 02:54:59,4484.57903000,46
2026-05-28 02:55:00,1.08500000,1.08500000,1.08200000,1.08300000,2135.07000000,2026-05-28 02:59:59,2314.30356000,26
2026-05-28 03:00:00,1.08200000,1.08500000,1.08200000,1.08500000,9797.38000000,2026-05-28 03:04:59,10616.20318000,62
2026-05-28 03:05:00,1.08500000,1.08600000,1.08400000,1.08500000,2162.97000000,2026-05-28 03:09:59,2347.77820000,32
2026-05-28 03:10:00,1.08400000,1.08500000,1.08400000,1.08500000,686.03000000,2026-05-28 03:14:59,743.99161000,13
2026-05-28 03:15:00,1.08500000,1.08600000,1.08400000,1.08600000,648.92000000,2026-05-28 03:19:59,703.91886000,17
2026-05-28 03:20:00,1.08600000,1.08600000,1.08400000,1.08500000,840.21000000,2026-05-28 03:24:59,911.61030000,17
2026-05-28 03:25:00,1.08500000,1.08600000,1.08400000,1.08600000,1273.15000000,2026-05-28 03:29:59,1381.80384000,18
2026-05-28 03:30:00,1.08600000,1.08600000,1.08500000,1.08600000,1324.02000000,2026-05-28 03:34:59,1437.44283000,15
2026-05-28 03:35:00,1.08500000,1.08500000,1.08400000,1.08500000,433.08000000,2026-05-28 03:39:59,469.67185000,13
2026-05-28 03:40:00,1.08500000,1.08500000,1.08200000,1.08300000,10383.14000000,2026-05-28 03:44:59,11257.15793000,52
2026-05-28 03:45:00,1.08400000,1.09000000,1.08400000,1.08800000,12887.83000000,2026-05-28 03:49:59,14005.79258000,97
2026-05-28 03:50:00,1.08800000,1.08900000,1.08700000,1.08700000,9514.67000000,2026-05-28 03:54:59,10350.79240000,52
2026-05-28 03:55:00,1.08700000,1.08800000,1.08700000,1.08700000,462.78000000,2026-05-28 03:59:59,503.31411000,8
2026-05-28 04:00:00,1.08800000,1.08800000,1.08800000,1.08800000,568.97000000,2026-05-28 04:04:59,619.03936000,5
2026-05-28 04:05:00,1.08700000,1.08800000,1.08600000,1.08800000,6605.20000000,2026-05-28 04:09:59,7179.49513000,39
2026-05-28 04:10:00,1.08800000,1.08800000,1.08700000,1.08800000,7616.06000000,2026-05-28 04:14:59,8283.49072000,52
2026-05-28 04:15:00,1.08900000,1.09000000,1.08900000,1.08900000,3303.65000000,2026-05-28 04:19:59,3599.59097000,30
2026-05-28 04:20:00,1.08900000,1.09000000,1.08900000,1.09000000,1137.06000000,2026-05-28 04:24:59,1238.37871000,21
2026-05-28 04:25:00,1.09000000,1.09000000,1.08800000,1.08800000,801.88000000,2026-05-28 04:29:59,873.46002000,13
2026-05-28 04:30:00,1.08800000,1.09000000,1.08700000,1.09000000,1112.52000000,2026-05-28 04:34:59,1211.93727000,14
2026-05-28 04:35:00,1.09000000,1.09300000,1.09000000,1.09200000,1650.45000000,2026-05-28 04:39:59,1803.13905000,19
2026-05-28 04:40:00,1.09100000,1.09300000,1.09100000,1.09300000,1774.30000000,2026-05-28 04:44:59,1937.86273000,15
2026-05-28 04:45:00,1.09100000,1.09100000,1.09000000,1.09000000,754.90000000,2026-05-28 04:49:59,823.21443000,15
2026-05-28 04:50:00,1.09000000,1.09100000,1.08900000,1.09100000,3917.87000000,2026-05-28 04:54:59,4270.29650000,35
2026-05-28 04:55:00,1.09100000,1.09400000,1.09100000,1.09400000,2425.42000000,2026-05-28 04:59:59,2650.91881000,21
2026-05-28 05:00:00,1.09500000,1.09500000,1.09000000,1.09200000,2920.52000000,2026-05-28 05:04:59,3190.47966000,25
2026-05-28 05:05:00,1.09100000,1.09400000,1.09100000,1.09400000,2907.66000000,2026-05-28 05:09:59,3175.70342000,38
2026-05-28 05:10:00,1.09300000,1.09400000,1.09300000,1.09400000,9235.67000000,2026-05-28 05:14:59,10096.84470000,34
2026-05-28 05:15:00,1.09200000,1.09200000,1.09100000,1.09200000,656.17000000,2026-05-28 05:19:59,716.42916000,8
2026-05-28 05:20:00,1.09200000,1.09200000,1.09000000,1.09100000,4285.16000000,2026-05-28 05:24:59,4674.84874000,28
2026-05-28 05:25:00,1.09000000,1.09100000,1.08800000,1.08800000,1600.53000000,2026-05-28 05:29:59,1742.30422000,17
2026-05-28 05:30:00,1.08800000,1.08900000,1.08700000,1.08900000,9637.92000000,2026-05-28 05:34:59,10480.81725000,45
2026-05-28 05:35:00,1.08800000,1.09100000,1.08800000,1.09100000,1734.22000000,2026-05-28 05:39:59,1889.18232000,24
2026-05-28 05:40:00,1.09100000,1.09100000,1.08800000,1.08800000,1277.34000000,2026-05-28 05:44:59,1391.59038000,18
2026-05-28 05:45:00,1.08900000,1.09000000,1.08900000,1.08900000,1069.66000000,2026-05-28 05:49:59,1165.26950000,16
2026-05-28 05:50:00,1.08900000,1.08900000,1.08800000,1.08900000,167.85000000,2026-05-28 05:54:59,182.74048000,4
2026-05-28 05:55:00,1.08800000,1.08800000,1.08700000,1.08700000,1671.72000000,2026-05-28 05:59:59,1818.00090000,16
2026-05-28 06:00:00,1.08700000,1.08900000,1.08700000,1.08900000,1356.33000000,2026-05-28 06:04:59,1475.92929000,21
2026-05-28 06:05:00,1.09000000,1.09000000,1.08700000,1.08900000,342.00000000,2026-05-28 06:09:59,372.41477000,8
2026-05-28 06:10:00,1.08800000,1.08900000,1.08700000,1.08800000,1268.26000000,2026-05-28 06:14:59,1379.61958000,17
2026-05-28 06:15:00,1.08800000,1.08900000,1.08800000,1.08900000,865.61000000,2026-05-28 06:19:59,942.22296000,15
2026-05-28 06:20:00,1.08800000,1.08900000,1.08800000,1.08900000,3986.96000000,2026-05-28 06:24:59,4340.79346000,31
2026-05-28 06:25:00,1.08900000,1.09100000,1.08900000,1.09000000,1808.88000000,2026-05-28 06:29:59,1971.89696000,23
2026-05-28 06:30:00,1.09000000,1.09200000,1.09000000,1.09200000,2448.85000000,2026-05-28 06:34:59,2673.75507000,20
2026-05-28 06:35:00,1.09300000,1.09300000,1.09200000,1.09300000,1247.18000000,2026-05-28 06:39:59,1363.06024000,19
2026-05-28 06:40:00,1.09300000,1.09400000,1.09300000,1.09400000,1709.10000000,2026-05-28 06:44:59,1869.25774000,18
2026-05-28 06:45:00,1.09500000,1.09900000,1.09500000,1.09800000,5941.52000000,2026-05-28 06:49:59,6517.05468000,60
2026-05-28 06:50:00,1.09800000,1.09800000,1.09700000,1.09700000,1111.05000000,2026-05-28 06:54:59,1218.88090000,16
2026-05-28 06:55:00,1.09700000,1.09800000,1.09700000,1.09800000,1346.28000000,2026-05-28 06:59:59,1477.96995000,23
2026-05-28 07:00:00,1.09800000,1.09900000,1.09700000,1.09700000,14951.27000000,2026-05-28 07:04:59,16415.84691000,52
2026-05-28 07:05:00,1.09700000,1.09800000,1.09600000,1.09600000,3316.28000000,2026-05-28 07:09:59,3636.13752000,25
2026-05-28 07:10:00,1.09600000,1.09600000,1.09200000,1.09200000,1459.87000000,2026-05-28 07:14:59,1598.88800000,20
2026-05-28 07:15:00,1.09200000,1.09200000,1.09000000,1.09000000,4256.18000000,2026-05-28 07:19:59,4643.47619000,29
2026-05-28 07:20:00,1.08900000,1.08900000,1.08600000,1.08600000,2533.77000000,2026-05-28 07:24:59,2754.07543000,21
2026-05-28 07:25:00,1.08600000,1.08600000,1.08400000,1.08500000,2022.79000000,2026-05-28 07:29:59,2194.87297000,28
2026-05-28 07:30:00,1.08600000,1.08700000,1.08600000,1.08700000,425.42000000,2026-05-28 07:34:59,462.42028000,6
2026-05-28 07:35:00,1.08600000,1.08800000,1.08600000,1.08700000,7744.08000000,2026-05-28 07:39:59,8416.74284000,40
2026-05-28 07:40:00,1.08700000,1.08700000,1.08700000,1.08700000,594.36000000,2026-05-28 07:44:59,646.06932000,9
2026-05-28 07:45:00,1.08700000,1.08700000,1.08600000,1.08600000,846.46000000,2026-05-28 07:49:59,919.80199000,11
2026-05-28 07:50:00,1.08400000,1.08400000,1.08100000,1.08100000,7478.64000000,2026-05-28 07:54:59,8094.29676000,55
2026-05-28 07:55:00,1.08100000,1.08200000,1.08000000,1.08000000,3137.47000000,2026-05-28 07:59:59,3392.46195000,32
2026-05-28 08:00:00,1.08000000,1.08200000,1.07900000,1.08000000,8607.28000000,2026-05-28 08:04:59,9302.61810000,65
2026-05-28 08:05:00,1.07900000,1.08100000,1.07900000,1.08000000,1860.89000000,2026-05-28 08:09:59,2009.44160000,23
2026-05-28 08:10:00,1.08100000,1.08200000,1.08000000,1.08200000,1690.91000000,2026-05-28 08:14:59,1827.89001000,18
2026-05-28 08:15:00,1.08300000,1.08400000,1.08100000,1.08100000,3071.63000000,2026-05-28 08:19:59,3323.62602000,28
2026-05-28 08:20:00,1.08100000,1.08200000,1.08000000,1.08200000,18220.04000000,2026-05-28 08:24:59,19694.83560000,71
2026-05-28 08:25:00,1.08300000,1.08300000,1.07800000,1.08000000,2117.94000000,2026-05-28 08:29:59,2285.70050000,25
2026-05-28 08:30:00,1.08000000,1.08200000,1.07900000,1.08200000,7994.17000000,2026-05-28 08:34:59,8646.91023000,44
2026-05-28 08:35:00,1.08300000,1.08300000,1.08100000,1.08100000,1196.68000000,2026-05-28 08:39:59,1295.28877000,21
2026-05-28 08:40:00,1.08100000,1.08100000,1.08000000,1.08100000,1264.78000000,2026-05-28 08:44:59,1366.64822000,12
2026-05-28 08:45:00,1.08100000,1.08200000,1.08100000,1.08100000,2436.82000000,2026-05-28 08:49:59,2635.61371000,22
2026-05-28 08:50:00,1.08000000,1.08300000,1.08000000,1.08200000,1161.94000000,2026-05-28 08:54:59,1256.76709000,13
2026-05-28 08:55:00,1.08200000,1.08200000,1.08200000,1.08200000,876.28000000,2026-05-28 08:59:59,948.13496000,7
2026-05-28 09:00:00,1.08200000,1.08400000,1.08200000,1.08200000,5925.50000000,2026-05-28 09:04:59,6420.97905000,34
2026-05-28 09:05:00,1.08200000,1.08200000,1.08100000,1.08200000,2185.60000000,2026-05-28 09:09:59,2364.43429000,28
2026-05-28 09:10:00,1.08100000,1.08200000,1.07900000,1.07900000,2351.61000000,2026-05-28 09:14:59,2540.99895000,20
2026-05-28 09:15:00,1.07900000,1.08000000,1.07700000,1.07800000,5291.06000000,2026-05-28 09:19:59,5702.32343000,34
2026-05-28 09:20:00,1.07900000,1.08000000,1.07700000,1.07700000,3047.45000000,2026-05-28 09:24:59,3286.38301000,43
2026-05-28 09:25:00,1.07700000,1.08100000,1.07700000,1.08100000,2564.38000000,2026-05-28 09:29:59,2769.61789000,20
2026-05-28 09:30:00,1.08000000,1.08600000,1.07900000,1.08500000,3446.23000000,2026-05-28 09:34:59,3737.65313000,65
2026-05-28 09:35:00,1.08500000,1.08800000,1.08400000,1.08800000,7235.89000000,2026-05-28 09:39:59,7856.22220000,73
2026-05-28 09:40:00,1.08900000,1.09000000,1.08900000,1.09000000,1225.10000000,2026-05-28 09:44:59,1335.33342000,15
2026-05-28 09:45:00,1.09000000,1.09500000,1.09000000,1.09400000,7466.27000000,2026-05-28 09:49:59,8165.61980000,42
2026-05-28 09:50:00,1.09400000,1.09500000,1.09300000,1.09400000,7687.15000000,2026-05-28 09:54:59,8406.03290000,38
2026-05-28 09:55:00,1.09500000,1.09500000,1.09300000,1.09400000,1329.08000000,2026-05-28 09:59:59,1453.95397000,18
2026-05-28 10:00:00,1.09400000,1.09700000,1.09400000,1.09500000,10035.56000000,2026-05-28 10:04:59,10991.85632000,75
2026-05-28 10:05:00,1.09500000,1.09500000,1.09300000,1.09300000,1337.84000000,2026-05-28 10:09:59,1463.09108000,10
2026-05-28 10:10:00,1.09300000,1.09600000,1.09300000,1.09600000,7718.19000000,2026-05-28 10:14:59,8451.23521000,48
2026-05-28 10:15:00,1.09600000,1.09600000,1.09400000,1.09500000,8617.22000000,2026-05-28 10:19:59,9436.10859000,58
2026-05-28 10:20:00,1.09500000,1.09600000,1.09400000,1.09400000,5459.04000000,2026-05-28 10:24:59,5977.68305000,35
2026-05-28 10:25:00,1.09400000,1.09800000,1.08800000,1.09700000,8252.41000000,2026-05-28 10:29:59,9010.49156000,75
2026-05-28 10:30:00,1.09800000,1.10000000,1.09500000,1.09500000,6926.01000000,2026-05-28 10:34:59,7602.66721000,76
2026-05-28 10:35:00,1.09400000,1.09600000,1.09400000,1.09600000,6382.80000000,2026-05-28 10:39:59,6985.53779000,38
2026-05-28 10:40:00,1.09600000,1.09900000,1.09600000,1.09700000,3808.62000000,2026-05-28 10:44:59,4178.51024000,55
2026-05-28 10:45:00,1.09800000,1.09800000,1.09500000,1.09500000,18220.88000000,2026-05-28 10:49:59,19983.44495000,78
2026-05-28 10:50:00,1.09400000,1.10100000,1.09400000,1.09900000,18287.37000000,2026-05-28 10:54:59,20066.33766000,97
2026-05-28 10:55:00,1.09900000,1.09900000,1.09700000,1.09900000,6546.24000000,2026-05-28 10:59:59,7188.14385000,63
2026-05-28 11:00:00,1.10000000,1.10000000,1.09200000,1.09400000,4717.52000000,2026-05-28 11:04:59,5161.44439000,54
2026-05-28 11:05:00,1.09400000,1.09400000,1.08800000,1.09200000,6995.39000000,2026-05-28 11:09:59,7625.28859000,77
2026-05-28 11:10:00,1.09300000,1.10200000,1.08600000,1.10200000,25753.81000000,2026-05-28 11:14:59,28161.46789000,191
2026-05-28 11:15:00,1.10200000,1.10700000,1.10100000,1.10600000,6321.72000000,2026-05-28 11:19:59,6980.72433000,39
2026-05-28 11:20:00,1.10700000,1.10700000,1.09800000,1.10000000,8656.11000000,2026-05-28 11:24:59,9555.04331000,64
2026-05-28 11:25:00,1.09800000,1.10200000,1.09800000,1.10200000,2444.17000000,2026-05-28 11:29:59,2691.11491000,27
2026-05-28 11:30:00,1.10200000,1.10400000,1.10200000,1.10200000,1357.21000000,2026-05-28 11:34:59,1496.42236000,17
2026-05-28 11:35:00,1.09800000,1.09900000,1.09600000,1.09900000,2120.50000000,2026-05-28 11:39:59,2326.61199000,22
2026-05-28 11:40:00,1.09700000,1.09900000,1.09500000,1.09600000,4757.23000000,2026-05-28 11:44:59,5215.08819000,44
2026-05-28 11:45:00,1.09700000,1.09700000,1.09400000,1.09600000,4415.73000000,2026-05-28 11:49:59,4837.02089000,38
2026-05-28 11:50:00,1.09500000,1.09800000,1.09500000,1.09700000,3594.72000000,2026-05-28 11:54:59,3942.63539000,37
2026-05-28 11:55:00,1.09700000,1.09700000,1.09500000,1.09600000,1447.26000000,2026-05-28 11:59:59,1586.08612000,15
2026-05-28 12:00:00,1.09500000,1.09700000,1.09400000,1.09400000,3107.70000000,2026-05-28 12:04:59,3405.57301000,35
2026-05-28 12:05:00,1.09600000,1.09700000,1.09200000,1.09200000,3167.04000000,2026-05-28 12:09:59,3468.51584000,31
2026-05-28 12:10:00,1.09300000,1.09400000,1.09200000,1.09200000,2287.48000000,2026-05-28 12:14:59,2500.35157000,14
2026-05-28 12:15:00,1.09200000,1.09200000,1.09000000,1.09000000,1204.37000000,2026-05-28 12:19:59,1314.46489000,12
2026-05-28 12:20:00,1.08900000,1.09400000,1.08900000,1.09400000,2648.47000000,2026-05-28 12:24:59,2887.46072000,24
2026-05-28 12:25:00,1.09400000,1.09800000,1.09400000,1.09800000,1168.93000000,2026-05-28 12:29:59,1281.15171000,15
2026-05-28 12:30:00,1.09700000,1.09900000,1.09700000,1.09900000,2064.47000000,2026-05-28 12:34:59,2266.50985000,17
2026-05-28 12:35:00,1.10000000,1.10300000,1.10000000,1.10100000,4718.66000000,2026-05-28 12:39:59,5200.13274000,52
2026-05-28 12:40:00,1.10000000,1.10300000,1.10000000,1.10100000,6674.99000000,2026-05-28 12:44:59,7345.32813000,34
2026-05-28 12:45:00,1.10200000,1.10700000,1.10200000,1.10300000,4865.26000000,2026-05-28 12:49:59,5374.12374000,43
2026-05-28 12:50:00,1.10300000,1.10400000,1.10200000,1.10400000,961.16000000,2026-05-28 12:54:59,1060.80911000,10
2026-05-28 12:55:00,1.10400000,1.10500000,1.10400000,1.10500000,1136.49000000,2026-05-28 12:59:59,1254.93417000,12
2026-05-28 13:00:00,1.10600000,1.10600000,1.10300000,1.10300000,891.37000000,2026-05-28 13:04:59,984.20809000,13
2026-05-28 13:05:00,1.10300000,1.10600000,1.10200000,1.10600000,2203.21000000,2026-05-28 13:09:59,2431.09669000,30
2026-05-28 13:10:00,1.10700000,1.11300000,1.10700000,1.11100000,6547.57000000,2026-05-28 13:14:59,7270.29021000,61
2026-05-28 13:15:00,1.11100000,1.11400000,1.11100000,1.11400000,1125.03000000,2026-05-28 13:19:59,1251.10472000,15
2026-05-28 13:20:00,1.11200000,1.11900000,1.11200000,1.11900000,1808.83000000,2026-05-28 13:24:59,2019.64103000,26
2026-05-28 13:25:00,1.11900000,1.12200000,1.11900000,1.12000000,13674.01000000,2026-05-28 13:29:59,15322.97203000,86
2026-05-28 13:30:00,1.12000000,1.12400000,1.12000000,1.12400000,2175.82000000,2026-05-28 13:34:59,2440.70968000,27
2026-05-28 13:35:00,1.12500000,1.12500000,1.11900000,1.11900000,33974.67000000,2026-05-28 13:39:59,38074.25584000,91
2026-05-28 13:40:00,1.12000000,1.12300000,1.11900000,1.12100000,8827.17000000,2026-05-28 13:44:59,9886.38261000,39
2026-05-28 13:45:00,1.12200000,1.12500000,1.12200000,1.12500000,2381.56000000,2026-05-28 13:49:59,2677.23141000,23
2026-05-28 13:50:00,1.12500000,1.13000000,1.12500000,1.12600000,6379.99000000,2026-05-28 13:54:59,7194.08792000,61
2026-05-28 13:55:00,1.12700000,1.12800000,1.12600000,1.12600000,1001.06000000,2026-05-28 13:59:59,1127.58363000,10
2026-05-28 14:00:00,1.12500000,1.12800000,1.12500000,1.12800000,2283.22000000,2026-05-28 14:04:59,2571.21664000,25
2026-05-28 14:05:00,1.12800000,1.13600000,1.12700000,1.13500000,13837.45000000,2026-05-28 14:09:59,15649.17035000,78
2026-05-28 14:10:00,1.13600000,1.13700000,1.13400000,1.13600000,3294.11000000,2026-05-28 14:14:59,3741.30561000,35
2026-05-28 14:15:00,1.13500000,1.13500000,1.13000000,1.13300000,3374.69000000,2026-05-28 14:19:59,3819.27847000,35
2026-05-28 14:20:00,1.13400000,1.13400000,1.13100000,1.13100000,2864.05000000,2026-05-28 14:24:59,3243.23260000,31
2026-05-28 14:25:00,1.13000000,1.13000000,1.12700000,1.12900000,2923.28000000,2026-05-28 14:29:59,3297.55376000,25
2026-05-28 14:30:00,1.13000000,1.13200000,1.12900000,1.13200000,924.27000000,2026-05-28 14:34:59,1044.80060000,11
2026-05-28 14:35:00,1.13300000,1.13700000,1.13200000,1.13700000,3453.16000000,2026-05-28 14:39:59,3916.18152000,45
2026-05-28 14:40:00,1.13700000,1.13700000,1.13500000,1.13600000,1560.61000000,2026-05-28 14:44:59,1773.78460000,20
2026-05-28 14:45:00,1.13600000,1.13800000,1.13600000,1.13800000,6649.46000000,2026-05-28 14:49:59,7561.65165000,41
2026-05-28 14:50:00,1.13800000,1.13800000,1.13300000,1.13400000,25070.58000000,2026-05-28 14:54:59,28482.69168000,28
2026-05-28 14:55:00,1.13300000,1.13500000,1.13300000,1.13500000,3770.93000000,2026-05-28 14:59:59,4277.89292000,11
2026-05-28 15:00:00,1.13600000,1.13800000,1.13400000,1.13600000,4448.16000000,2026-05-28 15:04:59,5053.20196000,33
2026-05-28 15:05:00,1.13500000,1.14100000,1.13500000,1.13900000,17091.82000000,2026-05-28 15:09:59,19475.89443000,41
2026-05-28 15:10:00,1.13800000,1.14000000,1.13800000,1.13900000,1563.29000000,2026-05-28 15:14:59,1781.23962000,21
2026-05-28 15:15:00,1.14100000,1.14400000,1.14100000,1.14100000,2954.78000000,2026-05-28 15:19:59,3377.34418000,33
2026-05-28 15:20:00,1.14000000,1.14000000,1.13900000,1.14000000,1535.25000000,2026-05-28 15:24:59,1749.38551000,14
2026-05-28 15:25:00,1.14100000,1.14200000,1.13900000,1.13900000,1846.78000000,2026-05-28 15:29:59,2106.72617000,18
2026-05-28 15:30:00,1.14000000,1.14200000,1.14000000,1.14100000,926.03000000,2026-05-28 15:34:59,1057.27790000,9
2026-05-28 15:35:00,1.14100000,1.14200000,1.14100000,1.14200000,1981.43000000,2026-05-28 15:39:59,2262.28374000,22
2026-05-28 15:40:00,1.14200000,1.14200000,1.14100000,1.14100000,1626.47000000,2026-05-28 15:44:59,1856.58059000,20
2026-05-28 15:45:00,1.14100000,1.14200000,1.14000000,1.14100000,1424.86000000,2026-05-28 15:49:59,1624.70918000,14
2026-05-28 15:50:00,1.14000000,1.14000000,1.13700000,1.13700000,3482.69000000,2026-05-28 15:54:59,3965.72046000,25
2026-05-28 15:55:00,1.13700000,1.13700000,1.13500000,1.13600000,1771.58000000,2026-05-28 15:59:59,2012.46410000,19
2026-05-28 16:00:00,1.13600000,1.13600000,1.13200000,1.13400000,1624.52000000,2026-05-28 16:04:59,1841.83281000,26
2026-05-28 16:05:00,1.13400000,1.13500000,1.13300000,1.13300000,2397.19000000,2026-05-28 16:09:59,2719.60597000,25
2026-05-28 16:10:00,1.13300000,1.13300000,1.13100000,1.13200000,668.36000000,2026-05-28 16:14:59,756.39511000,11
2026-05-28 16:15:00,1.13500000,1.13800000,1.13500000,1.13800000,2070.65000000,2026-05-28 16:19:59,2350.90154000,32
2026-05-28 16:20:00,1.13800000,1.14200000,1.13800000,1.14200000,3107.14000000,2026-05-28 16:24:59,3544.03630000,20
2026-05-28 16:25:00,1.14200000,1.14500000,1.14200000,1.14500000,1855.02000000,2026-05-28 16:29:59,2120.79214000,28
2026-05-28 16:30:00,1.14600000,1.14700000,1.14500000,1.14600000,13360.88000000,2026-05-28 16:34:59,15309.50264000,72
2026-05-28 16:35:00,1.14600000,1.14700000,1.14400000,1.14400000,7792.52000000,2026-05-28 16:39:59,8927.67886000,36
2026-05-28 16:40:00,1.14300000,1.14400000,1.14200000,1.14200000,1364.63000000,2026-05-28 16:44:59,1560.15931000,16
2026-05-28 16:45:00,1.14100000,1.14200000,1.13900000,1.13900000,583.71000000,2026-05-28 16:49:59,665.63751000,20
2026-05-28 16:50:00,1.13800000,1.13900000,1.13500000,1.13700000,3833.46000000,2026-05-28 16:54:59,4360.96172000,45
2026-05-28 16:55:00,1.13600000,1.13800000,1.13600000,1.13600000,6255.98000000,2026-05-28 16:59:59,7115.31885000,37
2026-05-28 17:00:00,1.13600000,1.13900000,1.13300000,1.13400000,1192.82000000,2026-05-28 17:04:59,1355.85526000,22
2026-05-28 17:05:00,1.13400000,1.13700000,1.13400000,1.13700000,6877.77000000,2026-05-28 17:09:59,7806.71739000,43
2026-05-28 17:10:00,1.13800000,1.14200000,1.13800000,1.14000000,4081.46000000,2026-05-28 17:14:59,4656.60608000,32
2026-05-28 17:15:00,1.13900000,1.14400000,1.13900000,1.14400000,2041.82000000,2026-05-28 17:19:59,2329.81393000,18
2026-05-28 17:20:00,1.14500000,1.14800000,1.14500000,1.14500000,3504.09000000,2026-05-28 17:24:59,4017.79847000,42
2026-05-28 17:25:00,1.14400000,1.14500000,1.14300000,1.14300000,4815.10000000,2026-05-28 17:29:59,5508.43741000,18
2026-05-28 17:30:00,1.14300000,1.14400000,1.14200000,1.14300000,2827.31000000,2026-05-28 17:34:59,3232.86012000,29
2026-05-28 17:35:00,1.14300000,1.14500000,1.14200000,1.14200000,4235.02000000,2026-05-28 17:39:59,4842.38130000,57
2026-05-28 17:40:00,1.14300000,1.14500000,1.14300000,1.14500000,1569.66000000,2026-05-28 17:44:59,1796.01259000,22
2026-05-28 17:45:00,1.14500000,1.14500000,1.14300000,1.14300000,4738.58000000,2026-05-28 17:49:59,5422.16565000,44
2026-05-28 17:50:00,1.14300000,1.14500000,1.14300000,1.14400000,418.88000000,2026-05-28 17:54:59,479.30243000,9
2026-05-28 17:55:00,1.14200000,1.14200000,1.14100000,1.14100000,371.18000000,2026-05-28 17:59:59,423.87880000,6
2026-05-28 18:00:00,1.13900000,1.16100000,1.13900000,1.15700000,47398.56000000,2026-05-28 18:04:59,54686.53687000,330
2026-05-28 18:05:00,1.15700000,1.16500000,1.15600000,1.16500000,13717.78000000,2026-05-28 18:09:59,15939.72261000,97
2026-05-28 18:10:00,1.16500000,1.17700000,1.16500000,1.17500000,34650.86000000,2026-05-28 18:14:59,40591.80570000,249
2026-05-28 18:15:00,1.17400000,1.17900000,1.17400000,1.17500000,19253.07000000,2026-05-28 18:19:59,22658.51386000,138
2026-05-28 18:20:00,1.17300000,1.18200000,1.17100000,1.18100000,9886.29000000,2026-05-28 18:24:59,11627.46038000,81
2026-05-28 18:25:00,1.18100000,1.18200000,1.17900000,1.17900000,13289.02000000,2026-05-28 18:29:59,15675.96367000,61
2026-05-28 18:30:00,1.17900000,1.18100000,1.16800000,1.17300000,19366.52000000,2026-05-28 18:34:59,22749.04892000,124
2026-05-28 18:35:00,1.17300000,1.17800000,1.17200000,1.17800000,3749.04000000,2026-05-28 18:39:59,4408.23489000,30
2026-05-28 18:40:00,1.17500000,1.17500000,1.16400000,1.16600000,12069.37000000,2026-05-28 18:44:59,14125.52633000,75
2026-05-28 18:45:00,1.16500000,1.16600000,1.15600000,1.15900000,21820.22000000,2026-05-28 18:49:59,25283.89019000,135
2026-05-28 18:50:00,1.15900000,1.16100000,1.15800000,1.16100000,14014.36000000,2026-05-28 18:54:59,16252.74749000,55
2026-05-28 18:55:00,1.16000000,1.16200000,1.15900000,1.16100000,4791.71000000,2026-05-28 18:59:59,5560.30147000,29
2026-05-28 19:00:00,1.16000000,1.16000000,1.15700000,1.15700000,8174.48000000,2026-05-28 19:04:59,9464.81663000,64
2026-05-28 19:05:00,1.15700000,1.16500000,1.15700000,1.16400000,6854.47000000,2026-05-28 19:09:59,7952.21392000,48
2026-05-28 19:10:00,1.16500000,1.16600000,1.16300000,1.16500000,1404.78000000,2026-05-28 19:14:59,1635.89375000,41
2026-05-28 19:15:00,1.16600000,1.16600000,1.15700000,1.15700000,4504.13000000,2026-05-28 19:19:59,5241.87142000,34
2026-05-28 19:20:00,1.15600000,1.16000000,1.15600000,1.16000000,6407.44000000,2026-05-28 19:24:59,7417.97924000,48
2026-05-28 19:25:00,1.16000000,1.16100000,1.15700000,1.15700000,10843.56000000,2026-05-28 19:29:59,12564.81861000,41
2026-05-28 19:30:00,1.15600000,1.15800000,1.15400000,1.15500000,17198.40000000,2026-05-28 19:34:59,19884.75658000,111
2026-05-28 19:35:00,1.15400000,1.15400000,1.15200000,1.15400000,15215.04000000,2026-05-28 19:39:59,17547.78313000,76
2026-05-28 19:40:00,1.15300000,1.15300000,1.15200000,1.15300000,78.23000000,2026-05-28 19:44:59,90.19302000,4
2026-05-28 19:45:00,1.15400000,1.15400000,1.15000000,1.15300000,11165.02000000,2026-05-28 19:49:59,12859.89523000,59
2026-05-28 19:50:00,1.15300000,1.15400000,1.15300000,1.15400000,1743.64000000,2026-05-28 19:54:59,2010.84024000,11
2026-05-28 19:55:00,1.15500000,1.15700000,1.15500000,1.15700000,2398.88000000,2026-05-28 19:59:59,2774.08058000,34
2026-05-28 20:00:00,1.15700000,1.15800000,1.15500000,1.15700000,2117.91000000,2026-05-28 20:04:59,2449.75404000,30
2026-05-28 20:05:00,1.15700000,1.15900000,1.15700000,1.15700000,2379.35000000,2026-05-28 20:09:59,2755.85330000,32
2026-05-28 20:10:00,1.15700000,1.15900000,1.15700000,1.15900000,1506.92000000,2026-05-28 20:14:59,1744.93559000,20
2026-05-28 20:15:00,1.16000000,1.16000000,1.16000000,1.16000000,177.19000000,2026-05-28 20:19:59,205.54040000,5
2026-05-28 20:20:00,1.16000000,1.16100000,1.15800000,1.16100000,5721.40000000,2026-05-28 20:24:59,6634.76617000,62
2026-05-28 20:25:00,1.16100000,1.16200000,1.16000000,1.16200000,1974.80000000,2026-05-28 20:29:59,2292.04155000,23
2026-05-28 20:30:00,1.16200000,1.16300000,1.15900000,1.15900000,5103.39000000,2026-05-28 20:34:59,5921.84894000,39
2026-05-28 20:35:00,1.15900000,1.16000000,1.15900000,1.16000000,3300.35000000,2026-05-28 20:39:59,3827.50136000,32
2026-05-28 20:40:00,1.15900000,1.15900000,1.15600000,1.15700000,3671.36000000,2026-05-28 20:44:59,4247.71558000,48
2026-05-28 20:45:00,1.15500000,1.15600000,1.15500000,1.15500000,1901.66000000,2026-05-28 20:49:59,2196.42162000,26
2026-05-28 20:50:00,1.15600000,1.15800000,1.15500000,1.15700000,2751.74000000,2026-05-28 20:54:59,3181.59745000,28
2026-05-28 20:55:00,1.15700000,1.15800000,1.15300000,1.15300000,5078.83000000,2026-05-28 20:59:59,5864.79748000,44
2026-05-28 21:00:00,1.15300000,1.15700000,1.15300000,1.15500000,1290.32000000,2026-05-28 21:04:59,1490.30430000,43
2026-05-28 21:05:00,1.15500000,1.15600000,1.15300000,1.15500000,9073.96000000,2026-05-28 21:09:59,10466.52514000,54
2026-05-28 21:10:00,1.15500000,1.15800000,1.15500000,1.15800000,4690.00000000,2026-05-28 21:14:59,5420.93513000,31
2026-05-28 21:15:00,1.15800000,1.15900000,1.15400000,1.15900000,12170.03000000,2026-05-28 21:19:59,14068.80973000,96
2026-05-28 21:20:00,1.15800000,1.15900000,1.15600000,1.15800000,446.66000000,2026-05-28 21:24:59,517.06221000,19
2026-05-28 21:25:00,1.15900000,1.15900000,1.15600000,1.15700000,741.72000000,2026-05-28 21:29:59,857.95083000,12
2026-05-28 21:30:00,1.15600000,1.15900000,1.15600000,1.15900000,561.57000000,2026-05-28 21:34:59,649.67853000,16
2026-05-28 21:35:00,1.16000000,1.16100000,1.15900000,1.15900000,3103.73000000,2026-05-28 21:39:59,3600.10947000,40
2026-05-28 21:40:00,1.15800000,1.15900000,1.15600000,1.15700000,10712.93000000,2026-05-28 21:44:59,12386.84849000,22
2026-05-28 21:45:00,1.15700000,1.15700000,1.15400000,1.15400000,2466.42000000,2026-05-28 21:49:59,2848.22626000,24
2026-05-28 21:50:00,1.15400000,1.15500000,1.15200000,1.15200000,7236.55000000,2026-05-28 21:54:59,8350.23546000,37
2026-05-28 21:55:00,1.15200000,1.15300000,1.15200000,1.15200000,836.79000000,2026-05-28 21:59:59,964.61108000,15
2026-05-28 22:00:00,1.15300000,1.15400000,1.15200000,1.15400000,3428.09000000,2026-05-28 22:04:59,3955.27420000,23
2026-05-28 22:05:00,1.15500000,1.15600000,1.15400000,1.15400000,816.76000000,2026-05-28 22:09:59,942.98646000,18
2026-05-28 22:10:00,1.15300000,1.15300000,1.14900000,1.15000000,3601.96000000,2026-05-28 22:14:59,4146.22565000,39
2026-05-28 22:15:00,1.15100000,1.15200000,1.15000000,1.15000000,1887.25000000,2026-05-28 22:19:59,2172.06140000,30
2026-05-28 22:20:00,1.14900000,1.14900000,1.14700000,1.14900000,2103.08000000,2026-05-28 22:24:59,2414.41818000,36
2026-05-28 22:25:00,1.14900000,1.15000000,1.14800000,1.14900000,11572.51000000,2026-05-28 22:29:59,13293.30326000,52
2026-05-28 22:30:00,1.14800000,1.15000000,1.14600000,1.15000000,2683.46000000,2026-05-28 22:34:59,3081.04523000,45
2026-05-28 22:35:00,1.14900000,1.14900000,1.14700000,1.14700000,4370.76000000,2026-05-28 22:39:59,5019.95697000,53
2026-05-28 22:40:00,1.14700000,1.15000000,1.14700000,1.15000000,1738.75000000,2026-05-28 22:44:59,1997.23997000,30
2026-05-28 22:45:00,1.15000000,1.15000000,1.14800000,1.14800000,1049.66000000,2026-05-28 22:49:59,1205.99847000,20
2026-05-28 22:50:00,1.14700000,1.15000000,1.14700000,1.15000000,5547.41000000,2026-05-28 22:54:59,6365.71140000,35
2026-05-28 22:55:00,1.14900000,1.15000000,1.14900000,1.14900000,696.88000000,2026-05-28 22:59:59,800.76512000,11
2026-05-28 23:00:00,1.14800000,1.15300000,1.14700000,1.15300000,4701.99000000,2026-05-28 23:04:59,5405.09285000,60
2026-05-28 23:05:00,1.15300000,1.15600000,1.15200000,1.15200000,3432.07000000,2026-05-28 23:09:59,3961.68898000,63
2026-05-28 23:10:00,1.15100000,1.15300000,1.15100000,1.15200000,4432.50000000,2026-05-28 23:14:59,5102.77763000,83
2026-05-28 23:15:00,1.15300000,1.15300000,1.15100000,1.15300000,1032.49000000,2026-05-28 23:19:59,1189.49120000,20
2026-05-28 23:20:00,1.15300000,1.15300000,1.15000000,1.15200000,6038.77000000,2026-05-28 23:24:59,6949.24224000,110
2026-05-28 23:25:00,1.15100000,1.15100000,1.14700000,1.14700000,17505.34000000,2026-05-28 23:29:59,20120.08345000,146
2026-05-28 23:30:00,1.14700000,1.15000000,1.14300000,1.15000000,18513.15000000,2026-05-28 23:34:59,21267.39250000,74
2026-05-28 23:35:00,1.15100000,1.15300000,1.15100000,1.15300000,650.03000000,2026-05-28 23:39:59,748.85727000,21
2026-05-28 23:40:00,1.15300000,1.15300000,1.14900000,1.15000000,1479.96000000,2026-05-28 23:44:59,1705.51235000,28
2026-05-28 23:45:00,1.15000000,1.15100000,1.14900000,1.14900000,2311.74000000,2026-05-28 23:49:59,2657.93061000,37
2026-05-28 23:50:00,1.14800000,1.14800000,1.14300000,1.14300000,8695.31000000,2026-05-28 23:54:59,9966.63935000,55
2026-05-28 23:55:00,1.14300000,1.14400000,1.14200000,1.14400000,1438.22000000,2026-05-28 23:59:59,1643.97331000,29