open_time_brasilia,open,high,low,close,volume,close_time_brasilia,quote_volume,trades
2026-06-09 00:00:00,0.92800000,0.92800000,0.92800000,0.92800000,1053.78000000,2026-06-09 00:00:59,977.90784000,6
2026-06-09 00:01:00,0.92900000,0.92900000,0.92800000,0.92800000,338.47000000,2026-06-09 00:01:59,314.41340000,5
2026-06-09 00:02:00,0.92700000,0.92700000,0.92700000,0.92700000,38.24000000,2026-06-09 00:02:59,35.44848000,2
2026-06-09 00:03:00,0.92700000,0.92700000,0.92600000,0.92600000,1486.00000000,2026-06-09 00:03:59,1376.17868000,13
2026-06-09 00:04:00,0.92600000,0.92600000,0.92500000,0.92600000,824.06000000,2026-06-09 00:04:59,763.06116000,9
2026-06-09 00:05:00,0.92500000,0.92800000,0.92500000,0.92700000,3715.76000000,2026-06-09 00:05:59,3441.16374000,11
2026-06-09 00:06:00,0.92700000,0.92700000,0.92700000,0.92700000,268.95000000,2026-06-09 00:06:59,249.31665000,3
2026-06-09 00:07:00,0.92700000,0.92700000,0.92700000,0.92700000,559.17000000,2026-06-09 00:07:59,518.35059000,5
2026-06-09 00:08:00,0.92600000,0.92700000,0.92600000,0.92600000,382.15000000,2026-06-09 00:08:59,354.16775000,7
2026-06-09 00:09:00,0.92600000,0.92700000,0.92600000,0.92600000,71.56000000,2026-06-09 00:09:59,66.27842000,4
2026-06-09 00:10:00,0.92600000,0.92600000,0.92600000,0.92600000,29.97000000,2026-06-09 00:10:59,27.75222000,2
2026-06-09 00:11:00,0.92600000,0.92700000,0.92600000,0.92700000,957.26000000,2026-06-09 00:11:59,887.34926000,3
2026-06-09 00:12:00,0.92700000,0.92800000,0.92700000,0.92700000,2012.82000000,2026-06-09 00:12:59,1866.64086000,15
2026-06-09 00:13:00,0.92700000,0.92700000,0.92700000,0.92700000,50.36000000,2026-06-09 00:13:59,46.68372000,4
2026-06-09 00:14:00,0.92700000,0.92700000,0.92700000,0.92700000,81.82000000,2026-06-09 00:14:59,75.84714000,4
2026-06-09 00:15:00,0.92600000,0.92700000,0.92600000,0.92600000,202.21000000,2026-06-09 00:15:59,187.40646000,6
2026-06-09 00:16:00,0.92600000,0.92700000,0.92600000,0.92700000,51.11000000,2026-06-09 00:16:59,47.35635000,2
2026-06-09 00:17:00,0.92700000,0.92700000,0.92600000,0.92600000,78.05000000,2026-06-09 00:17:59,72.32758000,4
2026-06-09 00:18:00,0.92600000,0.92700000,0.92600000,0.92600000,93.12000000,2026-06-09 00:18:59,86.26912000,4
2026-06-09 00:19:00,0.92700000,0.92700000,0.92600000,0.92600000,208.84000000,2026-06-09 00:19:59,193.56036000,6
2026-06-09 00:20:00,0.92600000,0.92600000,0.92600000,0.92600000,130.13000000,2026-06-09 00:20:59,120.50038000,3
2026-06-09 00:21:00,0.92600000,0.92600000,0.92500000,0.92500000,326.82000000,2026-06-09 00:21:59,302.62708000,7
2026-06-09 00:22:00,0.92500000,0.92500000,0.92400000,0.92400000,73.46000000,2026-06-09 00:22:59,67.91704000,3
2026-06-09 00:23:00,0.92400000,0.92500000,0.92400000,0.92500000,98.96000000,2026-06-09 00:23:59,91.49724000,4
2026-06-09 00:24:00,0.92400000,0.92400000,0.92300000,0.92400000,233.60000000,2026-06-09 00:24:59,215.81583000,7
2026-06-09 00:25:00,0.92400000,0.92400000,0.92200000,0.92300000,392.24000000,2026-06-09 00:25:59,362.05957000,12
2026-06-09 00:26:00,0.92200000,0.92400000,0.92200000,0.92400000,229.93000000,2026-06-09 00:26:59,212.33645000,8
2026-06-09 00:27:00,0.92300000,0.92500000,0.92300000,0.92500000,46.95000000,2026-06-09 00:27:59,43.34585000,3
2026-06-09 00:28:00,0.92500000,0.92500000,0.92400000,0.92500000,362.13000000,2026-06-09 00:28:59,334.93124000,7
2026-06-09 00:29:00,0.92400000,0.92400000,0.92300000,0.92300000,228.19000000,2026-06-09 00:29:59,210.83632000,3
2026-06-09 00:30:00,0.92300000,0.92300000,0.92100000,0.92100000,3117.05000000,2026-06-09 00:30:59,2872.09962000,25
2026-06-09 00:31:00,0.92200000,0.92200000,0.92100000,0.92100000,216.12000000,2026-06-09 00:31:59,199.21655000,6
2026-06-09 00:32:00,0.92200000,0.92300000,0.92200000,0.92300000,276.47000000,2026-06-09 00:32:59,254.91220000,5
2026-06-09 00:33:00,0.92100000,0.92200000,0.92100000,0.92100000,127.10000000,2026-06-09 00:33:59,117.06993000,4
2026-06-09 00:34:00,0.92000000,0.92000000,0.92000000,0.92000000,43.03000000,2026-06-09 00:34:59,39.58760000,4
2026-06-09 00:35:00,0.92100000,0.92300000,0.92100000,0.92300000,1926.23000000,2026-06-09 00:35:59,1777.33967000,11
2026-06-09 00:36:00,0.92400000,0.92400000,0.92400000,0.92400000,39.50000000,2026-06-09 00:36:59,36.49800000,2
2026-06-09 00:37:00,0.92400000,0.92400000,0.92300000,0.92300000,224.97000000,2026-06-09 00:37:59,207.85463000,4
2026-06-09 00:38:00,0.92300000,0.92300000,0.92300000,0.92300000,133.02000000,2026-06-09 00:38:59,122.77746000,5
2026-06-09 00:39:00,0.92300000,0.92300000,0.92300000,0.92300000,43.50000000,2026-06-09 00:39:59,40.15050000,3
2026-06-09 00:40:00,0.92300000,0.92500000,0.92300000,0.92500000,322.37000000,2026-06-09 00:40:59,297.88213000,5
2026-06-09 00:41:00,0.92400000,0.92500000,0.92400000,0.92500000,2672.20000000,2026-06-09 00:41:59,2471.77114000,14
2026-06-09 00:42:00,0.92500000,0.92500000,0.92500000,0.92500000,42.09000000,2026-06-09 00:42:59,38.93325000,3
2026-06-09 00:43:00,0.92500000,0.92500000,0.92500000,0.92500000,33.94000000,2026-06-09 00:43:59,31.39450000,2
2026-06-09 00:44:00,0.92500000,0.92700000,0.92500000,0.92600000,1224.66000000,2026-06-09 00:44:59,1134.35629000,7
2026-06-09 00:45:00,0.92600000,0.92700000,0.92600000,0.92700000,615.78000000,2026-06-09 00:45:59,570.79421000,5
2026-06-09 00:46:00,0.92700000,0.92700000,0.92600000,0.92600000,1089.94000000,2026-06-09 00:46:59,1010.36498000,4
2026-06-09 00:47:00,0.92600000,0.92600000,0.92600000,0.92600000,115.23000000,2026-06-09 00:47:59,106.70298000,4
2026-06-09 00:48:00,0.92600000,0.92700000,0.92600000,0.92700000,48.75000000,2026-06-09 00:48:59,45.16294000,2
2026-06-09 00:49:00,0.92700000,0.92700000,0.92700000,0.92700000,1137.28000000,2026-06-09 00:49:59,1054.25856000,4
2026-06-09 00:50:00,0.92800000,0.92800000,0.92700000,0.92700000,2410.71000000,2026-06-09 00:50:59,2237.12265000,6
2026-06-09 00:51:00,0.92700000,0.92700000,0.92600000,0.92600000,130.11000000,2026-06-09 00:51:59,120.52737000,4
2026-06-09 00:52:00,0.92500000,0.92600000,0.92500000,0.92500000,90.13000000,2026-06-09 00:52:59,83.41269000,3
2026-06-09 00:53:00,0.92500000,0.92600000,0.92500000,0.92600000,62.79000000,2026-06-09 00:53:59,58.12947000,3
2026-06-09 00:54:00,0.92600000,0.92600000,0.92600000,0.92600000,30.65000000,2026-06-09 00:54:59,28.38190000,2
2026-06-09 00:55:00,0.92600000,0.92600000,0.92600000,0.92600000,5.45000000,2026-06-09 00:55:59,5.04670000,1
2026-06-09 00:56:00,0.92600000,0.92600000,0.92600000,0.92600000,0.00000000,2026-06-09 00:56:59,0.00000000,0
2026-06-09 00:57:00,0.92600000,0.92600000,0.92600000,0.92600000,2012.81000000,2026-06-09 00:57:59,1863.86206000,4
2026-06-09 00:58:00,0.92600000,0.92600000,0.92600000,0.92600000,0.00000000,2026-06-09 00:58:59,0.00000000,0
2026-06-09 00:59:00,0.92800000,0.92800000,0.92800000,0.92800000,258.41000000,2026-06-09 00:59:59,239.80448000,3
2026-06-09 01:00:00,0.92800000,0.92800000,0.92700000,0.92700000,74.83000000,2026-06-09 01:00:59,69.37958000,2
2026-06-09 01:01:00,0.92600000,0.92600000,0.92600000,0.92600000,231.63000000,2026-06-09 01:01:59,214.48938000,2
2026-06-09 01:02:00,0.92700000,0.92800000,0.92700000,0.92800000,305.63000000,2026-06-09 01:02:59,283.32260000,5
2026-06-09 01:03:00,0.92700000,0.92700000,0.92700000,0.92700000,1000.00000000,2026-06-09 01:03:59,927.00000000,1
2026-06-09 01:04:00,0.92600000,0.92600000,0.92600000,0.92600000,478.26000000,2026-06-09 01:04:59,442.86876000,5
2026-06-09 01:05:00,0.92500000,0.92600000,0.92500000,0.92600000,300.94000000,2026-06-09 01:05:59,278.63544000,3
2026-06-09 01:06:00,0.92600000,0.92600000,0.92600000,0.92600000,0.00000000,2026-06-09 01:06:59,0.00000000,0
2026-06-09 01:07:00,0.92700000,0.92700000,0.92700000,0.92700000,1771.45000000,2026-06-09 01:07:59,1642.13415000,7
2026-06-09 01:08:00,0.92800000,0.92800000,0.92800000,0.92800000,1383.60000000,2026-06-09 01:08:59,1283.98080000,8
2026-06-09 01:09:00,0.92900000,0.92900000,0.92900000,0.92900000,21.16000000,2026-06-09 01:09:59,19.65764000,1
2026-06-09 01:10:00,0.93000000,0.93000000,0.93000000,0.93000000,315.75000000,2026-06-09 01:10:59,293.64750000,5
2026-06-09 01:11:00,0.93000000,0.93000000,0.93000000,0.93000000,83.33000000,2026-06-09 01:11:59,77.49690000,1
2026-06-09 01:12:00,0.93000000,0.93000000,0.93000000,0.93000000,8.60000000,2026-06-09 01:12:59,7.99800000,1
2026-06-09 01:13:00,0.92900000,0.92900000,0.92900000,0.92900000,239.52000000,2026-06-09 01:13:59,222.51408000,3
2026-06-09 01:14:00,0.92900000,0.92900000,0.92900000,0.92900000,0.00000000,2026-06-09 01:14:59,0.00000000,0
2026-06-09 01:15:00,0.92900000,0.92900000,0.92900000,0.92900000,9.58000000,2026-06-09 01:15:59,8.89982000,1
2026-06-09 01:16:00,0.92900000,0.92900000,0.92900000,0.92900000,9.10000000,2026-06-09 01:16:59,8.45390000,1
2026-06-09 01:17:00,0.92800000,0.92800000,0.92800000,0.92800000,32.80000000,2026-06-09 01:17:59,30.43840000,1
2026-06-09 01:18:00,0.92800000,0.92800000,0.92800000,0.92800000,0.00000000,2026-06-09 01:18:59,0.00000000,0
2026-06-09 01:19:00,0.92900000,0.92900000,0.92900000,0.92900000,11.94000000,2026-06-09 01:19:59,11.09226000,1
2026-06-09 01:20:00,0.92800000,0.92800000,0.92800000,0.92800000,16.50000000,2026-06-09 01:20:59,15.31200000,1
2026-06-09 01:21:00,0.92800000,0.92800000,0.92800000,0.92800000,0.00000000,2026-06-09 01:21:59,0.00000000,0
2026-06-09 01:22:00,0.92800000,0.92800000,0.92800000,0.92800000,0.00000000,2026-06-09 01:22:59,0.00000000,0
2026-06-09 01:23:00,0.92800000,0.92800000,0.92800000,0.92800000,48.67000000,2026-06-09 01:23:59,45.16576000,2
2026-06-09 01:24:00,0.92800000,0.92800000,0.92800000,0.92800000,0.00000000,2026-06-09 01:24:59,0.00000000,0
2026-06-09 01:25:00,0.92800000,0.92800000,0.92800000,0.92800000,0.00000000,2026-06-09 01:25:59,0.00000000,0
2026-06-09 01:26:00,0.92700000,0.92700000,0.92700000,0.92700000,2619.01000000,2026-06-09 01:26:59,2427.82227000,4
2026-06-09 01:27:00,0.92700000,0.92700000,0.92500000,0.92500000,5980.23000000,2026-06-09 01:27:59,5537.42648000,27
2026-06-09 01:28:00,0.92500000,0.92500000,0.92500000,0.92500000,0.00000000,2026-06-09 01:28:59,0.00000000,0
2026-06-09 01:29:00,0.92500000,0.92500000,0.92500000,0.92500000,0.00000000,2026-06-09 01:29:59,0.00000000,0
2026-06-09 01:30:00,0.92500000,0.92500000,0.92500000,0.92500000,8.82000000,2026-06-09 01:30:59,8.15850000,1
2026-06-09 01:31:00,0.92400000,0.92400000,0.92400000,0.92400000,28.63000000,2026-06-09 01:31:59,26.45412000,2
2026-06-09 01:32:00,0.92400000,0.92500000,0.92400000,0.92500000,1515.30000000,2026-06-09 01:32:59,1400.19987000,5
2026-06-09 01:33:00,0.92600000,0.92700000,0.92600000,0.92700000,247.70000000,2026-06-09 01:33:59,229.46790000,3
2026-06-09 01:34:00,0.92900000,0.93500000,0.92900000,0.93500000,4938.69000000,2026-06-09 01:34:59,4603.19825000,27
2026-06-09 01:35:00,0.93500000,0.93600000,0.93500000,0.93600000,452.52000000,2026-06-09 01:35:59,423.51594000,8
2026-06-09 01:36:00,0.93700000,0.93700000,0.93700000,0.93700000,357.19000000,2026-06-09 01:36:59,334.68703000,4
2026-06-09 01:37:00,0.93700000,0.93700000,0.93700000,0.93700000,0.00000000,2026-06-09 01:37:59,0.00000000,0
2026-06-09 01:38:00,0.93800000,0.93800000,0.93600000,0.93600000,738.79000000,2026-06-09 01:38:59,692.91358000,7
2026-06-09 01:39:00,0.93600000,0.93600000,0.93600000,0.93600000,0.00000000,2026-06-09 01:39:59,0.00000000,0
2026-06-09 01:40:00,0.93900000,0.94100000,0.93900000,0.94000000,2574.55000000,2026-06-09 01:40:59,2418.94081000,13
2026-06-09 01:41:00,0.94000000,0.94000000,0.94000000,0.94000000,0.00000000,2026-06-09 01:41:59,0.00000000,0
2026-06-09 01:42:00,0.94000000,0.94000000,0.94000000,0.94000000,0.00000000,2026-06-09 01:42:59,0.00000000,0
2026-06-09 01:43:00,0.93800000,0.93800000,0.93800000,0.93800000,223.82000000,2026-06-09 01:43:59,209.94316000,2
2026-06-09 01:44:00,0.93800000,0.93800000,0.93800000,0.93800000,0.00000000,2026-06-09 01:44:59,0.00000000,0
2026-06-09 01:45:00,0.93800000,0.93800000,0.93800000,0.93800000,0.00000000,2026-06-09 01:45:59,0.00000000,0
2026-06-09 01:46:00,0.93800000,0.94100000,0.93800000,0.94100000,6524.27000000,2026-06-09 01:46:59,6132.24576000,22
2026-06-09 01:47:00,0.94100000,0.94100000,0.94100000,0.94100000,2354.45000000,2026-06-09 01:47:59,2215.53745000,7
2026-06-09 01:48:00,0.94100000,0.94100000,0.94100000,0.94100000,0.00000000,2026-06-09 01:48:59,0.00000000,0
2026-06-09 01:49:00,0.94200000,0.94200000,0.94200000,0.94200000,153.61000000,2026-06-09 01:49:59,144.70062000,2
2026-06-09 01:50:00,0.94200000,0.94300000,0.94200000,0.94300000,1666.53000000,2026-06-09 01:50:59,1571.01849000,14
2026-06-09 01:51:00,0.94000000,0.94000000,0.94000000,0.94000000,122.19000000,2026-06-09 01:51:59,114.85860000,1
2026-06-09 01:52:00,0.93900000,0.93900000,0.93900000,0.93900000,44.71000000,2026-06-09 01:52:59,41.98269000,1
2026-06-09 01:53:00,0.94000000,0.94000000,0.94000000,0.94000000,1259.94000000,2026-06-09 01:53:59,1184.34360000,9
2026-06-09 01:54:00,0.94000000,0.94000000,0.94000000,0.94000000,0.00000000,2026-06-09 01:54:59,0.00000000,0
2026-06-09 01:55:00,0.94000000,0.94000000,0.94000000,0.94000000,107.00000000,2026-06-09 01:55:59,100.58000000,5
2026-06-09 01:56:00,0.94000000,0.94000000,0.94000000,0.94000000,58.53000000,2026-06-09 01:56:59,55.01820000,1
2026-06-09 01:57:00,0.93900000,0.93900000,0.93900000,0.93900000,44.71000000,2026-06-09 01:57:59,41.98269000,1
2026-06-09 01:58:00,0.93900000,0.93900000,0.93900000,0.93900000,0.00000000,2026-06-09 01:58:59,0.00000000,0
2026-06-09 01:59:00,0.94000000,0.94000000,0.94000000,0.94000000,244.57000000,2026-06-09 01:59:59,229.89580000,2
2026-06-09 02:00:00,0.94000000,0.94000000,0.94000000,0.94000000,5.86000000,2026-06-09 02:00:59,5.50840000,1
2026-06-09 02:01:00,0.94000000,0.94000000,0.94000000,0.94000000,17.00000000,2026-06-09 02:01:59,15.98000000,1
2026-06-09 02:02:00,0.93800000,0.93800000,0.93800000,0.93800000,59.71000000,2026-06-09 02:02:59,56.00798000,2
2026-06-09 02:03:00,0.93800000,0.93900000,0.93800000,0.93900000,264.45000000,2026-06-09 02:03:59,248.13028000,3
2026-06-09 02:04:00,0.94000000,0.94000000,0.94000000,0.94000000,174.05000000,2026-06-09 02:04:59,163.60700000,1
2026-06-09 02:05:00,0.94000000,0.94000000,0.94000000,0.94000000,0.00000000,2026-06-09 02:05:59,0.00000000,0
2026-06-09 02:06:00,0.94000000,0.94000000,0.94000000,0.94000000,0.00000000,2026-06-09 02:06:59,0.00000000,0
2026-06-09 02:07:00,0.94000000,0.94000000,0.94000000,0.94000000,0.00000000,2026-06-09 02:07:59,0.00000000,0
2026-06-09 02:08:00,0.93800000,0.93800000,0.93800000,0.93800000,62.30000000,2026-06-09 02:08:59,58.43740000,1
2026-06-09 02:09:00,0.93800000,0.93800000,0.93800000,0.93800000,6.39000000,2026-06-09 02:09:59,5.99382000,1
2026-06-09 02:10:00,0.93800000,0.93800000,0.93800000,0.93800000,14.40000000,2026-06-09 02:10:59,13.50720000,1
2026-06-09 02:11:00,0.93800000,0.93800000,0.93800000,0.93800000,195.75000000,2026-06-09 02:11:59,183.61350000,1
2026-06-09 02:12:00,0.93900000,0.93900000,0.93800000,0.93800000,14.02000000,2026-06-09 02:12:59,13.15737000,2
2026-06-09 02:13:00,0.93800000,0.93800000,0.93800000,0.93800000,0.00000000,2026-06-09 02:13:59,0.00000000,0
2026-06-09 02:14:00,0.93900000,0.93900000,0.93900000,0.93900000,16.49000000,2026-06-09 02:14:59,15.48411000,1
2026-06-09 02:15:00,0.94000000,0.94100000,0.94000000,0.94100000,332.40000000,2026-06-09 02:15:59,312.63330000,4
2026-06-09 02:16:00,0.94200000,0.94300000,0.94200000,0.94300000,862.31000000,2026-06-09 02:16:59,813.03451000,5
2026-06-09 02:17:00,0.94300000,0.94400000,0.94300000,0.94300000,947.96000000,2026-06-09 02:17:59,893.93183000,6
2026-06-09 02:18:00,0.94300000,0.94300000,0.94300000,0.94300000,0.00000000,2026-06-09 02:18:59,0.00000000,0
2026-06-09 02:19:00,0.94200000,0.94200000,0.94200000,0.94200000,6.86000000,2026-06-09 02:19:59,6.46212000,1
2026-06-09 02:20:00,0.94300000,0.94300000,0.94300000,0.94300000,187.36000000,2026-06-09 02:20:59,176.68048000,5
2026-06-09 02:21:00,0.94200000,0.94200000,0.94200000,0.94200000,51.37000000,2026-06-09 02:21:59,48.39054000,1
2026-06-09 02:22:00,0.94200000,0.94300000,0.94200000,0.94300000,314.63000000,2026-06-09 02:22:59,296.42146000,5
2026-06-09 02:23:00,0.94300000,0.94300000,0.94300000,0.94300000,0.00000000,2026-06-09 02:23:59,0.00000000,0
2026-06-09 02:24:00,0.94300000,0.94300000,0.94300000,0.94300000,0.00000000,2026-06-09 02:24:59,0.00000000,0
2026-06-09 02:25:00,0.94200000,0.94200000,0.94200000,0.94200000,129.64000000,2026-06-09 02:25:59,122.12088000,3
2026-06-09 02:26:00,0.94200000,0.94200000,0.94200000,0.94200000,552.54000000,2026-06-09 02:26:59,520.49268000,7
2026-06-09 02:27:00,0.94200000,0.94200000,0.94200000,0.94200000,0.00000000,2026-06-09 02:27:59,0.00000000,0
2026-06-09 02:28:00,0.94200000,0.94200000,0.94200000,0.94200000,0.00000000,2026-06-09 02:28:59,0.00000000,0
2026-06-09 02:29:00,0.94200000,0.94200000,0.94200000,0.94200000,0.00000000,2026-06-09 02:29:59,0.00000000,0
2026-06-09 02:30:00,0.94200000,0.94200000,0.94200000,0.94200000,0.00000000,2026-06-09 02:30:59,0.00000000,0
2026-06-09 02:31:00,0.94200000,0.94400000,0.94200000,0.94400000,1455.75000000,2026-06-09 02:31:59,1372.64114000,16
2026-06-09 02:32:00,0.94400000,0.94500000,0.94400000,0.94500000,573.89000000,2026-06-09 02:32:59,541.99260000,9
2026-06-09 02:33:00,0.94500000,0.94500000,0.94400000,0.94400000,846.96000000,2026-06-09 02:33:59,799.58833000,9
2026-06-09 02:34:00,0.94500000,0.94500000,0.94500000,0.94500000,39.08000000,2026-06-09 02:34:59,36.93060000,1
2026-06-09 02:35:00,0.94500000,0.94500000,0.94500000,0.94500000,190.61000000,2026-06-09 02:35:59,180.12645000,3
2026-06-09 02:36:00,0.94500000,0.94600000,0.94500000,0.94600000,201.14000000,2026-06-09 02:36:59,190.09952000,6
2026-06-09 02:37:00,0.94500000,0.94600000,0.94500000,0.94600000,1478.03000000,2026-06-09 02:37:59,1397.68728000,11
2026-06-09 02:38:00,0.94600000,0.94600000,0.94600000,0.94600000,367.46000000,2026-06-09 02:38:59,347.61716000,3
2026-06-09 02:39:00,0.94500000,0.94500000,0.94500000,0.94500000,195.40000000,2026-06-09 02:39:59,184.65300000,2
2026-06-09 02:40:00,0.94400000,0.94400000,0.94400000,0.94400000,330.00000000,2026-06-09 02:40:59,311.52000000,2
2026-06-09 02:41:00,0.94400000,0.94400000,0.94400000,0.94400000,759.05000000,2026-06-09 02:41:59,716.54320000,2
2026-06-09 02:42:00,0.94300000,0.94300000,0.94300000,0.94300000,805.50000000,2026-06-09 02:42:59,759.58650000,24
2026-06-09 02:43:00,0.94300000,0.94300000,0.94300000,0.94300000,154.39000000,2026-06-09 02:43:59,145.58977000,1
2026-06-09 02:44:00,0.94300000,0.94300000,0.94300000,0.94300000,0.00000000,2026-06-09 02:44:59,0.00000000,0
2026-06-09 02:45:00,0.94200000,0.94300000,0.94200000,0.94300000,1348.95000000,2026-06-09 02:45:59,1271.93220000,4
2026-06-09 02:46:00,0.94300000,0.94400000,0.94300000,0.94300000,1659.04000000,2026-06-09 02:46:59,1564.48472000,14
2026-06-09 02:47:00,0.94300000,0.94300000,0.94300000,0.94300000,0.00000000,2026-06-09 02:47:59,0.00000000,0
2026-06-09 02:48:00,0.94300000,0.94300000,0.94300000,0.94300000,125.41000000,2026-06-09 02:48:59,118.26163000,1
2026-06-09 02:49:00,0.94300000,0.94300000,0.94300000,0.94300000,178.83000000,2026-06-09 02:49:59,168.63669000,3
2026-06-09 02:50:00,0.94300000,0.94300000,0.94200000,0.94200000,69.04000000,2026-06-09 02:50:59,65.04315000,2
2026-06-09 02:51:00,0.94200000,0.94200000,0.94200000,0.94200000,0.00000000,2026-06-09 02:51:59,0.00000000,0
2026-06-09 02:52:00,0.94200000,0.94200000,0.94200000,0.94200000,8.89000000,2026-06-09 02:52:59,8.37438000,1
2026-06-09 02:53:00,0.94200000,0.94200000,0.94200000,0.94200000,704.91000000,2026-06-09 02:53:59,664.02522000,3
2026-06-09 02:54:00,0.94200000,0.94200000,0.94200000,0.94200000,0.00000000,2026-06-09 02:54:59,0.00000000,0
2026-06-09 02:55:00,0.94200000,0.94200000,0.94200000,0.94200000,0.00000000,2026-06-09 02:55:59,0.00000000,0
2026-06-09 02:56:00,0.94000000,0.94000000,0.94000000,0.94000000,8.07000000,2026-06-09 02:56:59,7.58580000,1
2026-06-09 02:57:00,0.94000000,0.94000000,0.94000000,0.94000000,0.00000000,2026-06-09 02:57:59,0.00000000,0
2026-06-09 02:58:00,0.94000000,0.94000000,0.93900000,0.93900000,171.51000000,2026-06-09 02:58:59,161.21040000,3
2026-06-09 02:59:00,0.94000000,0.94000000,0.93900000,0.93900000,678.30000000,2026-06-09 02:59:59,637.29700000,14
2026-06-09 03:00:00,0.94000000,0.94000000,0.94000000,0.94000000,166.66000000,2026-06-09 03:00:59,156.66040000,3
2026-06-09 03:01:00,0.93900000,0.94000000,0.93900000,0.93900000,1282.04000000,2026-06-09 03:01:59,1204.63270000,9
2026-06-09 03:02:00,0.93800000,0.93900000,0.93800000,0.93800000,412.81000000,2026-06-09 03:02:59,387.26453000,7
2026-06-09 03:03:00,0.93800000,0.93800000,0.93800000,0.93800000,153.70000000,2026-06-09 03:03:59,144.17060000,1
2026-06-09 03:04:00,0.93800000,0.93800000,0.93700000,0.93700000,3213.44000000,2026-06-09 03:04:59,3012.68037000,11
2026-06-09 03:05:00,0.93800000,0.93800000,0.93800000,0.93800000,195.75000000,2026-06-09 03:05:59,183.61350000,2
2026-06-09 03:06:00,0.93900000,0.93900000,0.93900000,0.93900000,195.75000000,2026-06-09 03:06:59,183.80925000,1
2026-06-09 03:07:00,0.93900000,0.93900000,0.93900000,0.93900000,45.19000000,2026-06-09 03:07:59,42.43341000,1
2026-06-09 03:08:00,0.93800000,0.93900000,0.93800000,0.93900000,1408.25000000,2026-06-09 03:08:59,1322.32215000,6
2026-06-09 03:09:00,0.93900000,0.93900000,0.93900000,0.93900000,0.00000000,2026-06-09 03:09:59,0.00000000,0
2026-06-09 03:10:00,0.93900000,0.93900000,0.93900000,0.93900000,0.00000000,2026-06-09 03:10:59,0.00000000,0
2026-06-09 03:11:00,0.93900000,0.93900000,0.93900000,0.93900000,0.00000000,2026-06-09 03:11:59,0.00000000,0
2026-06-09 03:12:00,0.94000000,0.94000000,0.94000000,0.94000000,260.21000000,2026-06-09 03:12:59,244.59740000,3
2026-06-09 03:13:00,0.93900000,0.93900000,0.93900000,0.93900000,1416.93000000,2026-06-09 03:13:59,1330.49727000,3
2026-06-09 03:14:00,0.93900000,0.93900000,0.93900000,0.93900000,0.00000000,2026-06-09 03:14:59,0.00000000,0
2026-06-09 03:15:00,0.93900000,0.93900000,0.93900000,0.93900000,219.69000000,2026-06-09 03:15:59,206.28891000,3
2026-06-09 03:16:00,0.94000000,0.94000000,0.94000000,0.94000000,8.06000000,2026-06-09 03:16:59,7.57640000,1
2026-06-09 03:17:00,0.93900000,0.93900000,0.93900000,0.93900000,97.70000000,2026-06-09 03:17:59,91.74030000,1
2026-06-09 03:18:00,0.93900000,0.93900000,0.93900000,0.93900000,25.38000000,2026-06-09 03:18:59,23.83182000,1
2026-06-09 03:19:00,0.94000000,0.94000000,0.94000000,0.94000000,97.70000000,2026-06-09 03:19:59,91.83800000,1
2026-06-09 03:20:00,0.94000000,0.94000000,0.94000000,0.94000000,0.00000000,2026-06-09 03:20:59,0.00000000,0
2026-06-09 03:21:00,0.94100000,0.94200000,0.94100000,0.94100000,1526.49000000,2026-06-09 03:21:59,1436.81606000,13
2026-06-09 03:22:00,0.94000000,0.94000000,0.94000000,0.94000000,222.29000000,2026-06-09 03:22:59,208.95260000,2
2026-06-09 03:23:00,0.94000000,0.94000000,0.94000000,0.94000000,29.02000000,2026-06-09 03:23:59,27.27880000,1
2026-06-09 03:24:00,0.94000000,0.94000000,0.94000000,0.94000000,0.00000000,2026-06-09 03:24:59,0.00000000,0
2026-06-09 03:25:00,0.94000000,0.94000000,0.94000000,0.94000000,8.15000000,2026-06-09 03:25:59,7.66100000,1
2026-06-09 03:26:00,0.94000000,0.94000000,0.94000000,0.94000000,0.00000000,2026-06-09 03:26:59,0.00000000,0
2026-06-09 03:27:00,0.94200000,0.94200000,0.94200000,0.94200000,133.79000000,2026-06-09 03:27:59,126.03018000,1
2026-06-09 03:28:00,0.94200000,0.94200000,0.94200000,0.94200000,372.46000000,2026-06-09 03:28:59,350.85732000,2
2026-06-09 03:29:00,0.94100000,0.94100000,0.94100000,0.94100000,293.45000000,2026-06-09 03:29:59,276.13645000,3
2026-06-09 03:30:00,0.94100000,0.94100000,0.94100000,0.94100000,44.71000000,2026-06-09 03:30:59,42.07211000,1
2026-06-09 03:31:00,0.94100000,0.94100000,0.94100000,0.94100000,0.00000000,2026-06-09 03:31:59,0.00000000,0
2026-06-09 03:32:00,0.94100000,0.94100000,0.94100000,0.94100000,0.00000000,2026-06-09 03:32:59,0.00000000,0
2026-06-09 03:33:00,0.94000000,0.94000000,0.94000000,0.94000000,42.47000000,2026-06-09 03:33:59,39.92180000,1
2026-06-09 03:34:00,0.93900000,0.93900000,0.93900000,0.93900000,44.71000000,2026-06-09 03:34:59,41.98269000,1
2026-06-09 03:35:00,0.93900000,0.93900000,0.93900000,0.93900000,0.00000000,2026-06-09 03:35:59,0.00000000,0
2026-06-09 03:36:00,0.93900000,0.93900000,0.93900000,0.93900000,0.00000000,2026-06-09 03:36:59,0.00000000,0
2026-06-09 03:37:00,0.93900000,0.93900000,0.93900000,0.93900000,0.00000000,2026-06-09 03:37:59,0.00000000,0
2026-06-09 03:38:00,0.93900000,0.93900000,0.93900000,0.93900000,0.00000000,2026-06-09 03:38:59,0.00000000,0
2026-06-09 03:39:00,0.94000000,0.94000000,0.94000000,0.94000000,1014.49000000,2026-06-09 03:39:59,953.62060000,3
2026-06-09 03:40:00,0.94000000,0.94000000,0.94000000,0.94000000,71.00000000,2026-06-09 03:40:59,66.74000000,2
2026-06-09 03:41:00,0.94000000,0.94000000,0.94000000,0.94000000,97.70000000,2026-06-09 03:41:59,91.83800000,1
2026-06-09 03:42:00,0.94000000,0.94000000,0.94000000,0.94000000,0.00000000,2026-06-09 03:42:59,0.00000000,0
2026-06-09 03:43:00,0.94100000,0.94100000,0.94100000,0.94100000,137.79000000,2026-06-09 03:43:59,129.66039000,2
2026-06-09 03:44:00,0.94100000,0.94100000,0.94100000,0.94100000,0.00000000,2026-06-09 03:44:59,0.00000000,0
2026-06-09 03:45:00,0.94100000,0.94100000,0.94100000,0.94100000,87.17000000,2026-06-09 03:45:59,82.02697000,1
2026-06-09 03:46:00,0.94100000,0.94100000,0.94100000,0.94100000,0.00000000,2026-06-09 03:46:59,0.00000000,0
2026-06-09 03:47:00,0.94000000,0.94000000,0.94000000,0.94000000,538.39000000,2026-06-09 03:47:59,506.08660000,5
2026-06-09 03:48:00,0.94000000,0.94000000,0.94000000,0.94000000,30.27000000,2026-06-09 03:48:59,28.45380000,2
2026-06-09 03:49:00,0.94100000,0.94100000,0.93900000,0.93900000,117.39000000,2026-06-09 03:49:59,110.34925000,3
2026-06-09 03:50:00,0.93900000,0.93900000,0.93900000,0.93900000,29.81000000,2026-06-09 03:50:59,27.99159000,1
2026-06-09 03:51:00,0.93800000,0.93800000,0.93800000,0.93800000,586.95000000,2026-06-09 03:51:59,550.55910000,4
2026-06-09 03:52:00,0.93800000,0.93800000,0.93800000,0.93800000,0.00000000,2026-06-09 03:52:59,0.00000000,0
2026-06-09 03:53:00,0.93900000,0.93900000,0.93900000,0.93900000,12.81000000,2026-06-09 03:53:59,12.02859000,1
2026-06-09 03:54:00,0.93800000,0.93800000,0.93800000,0.93800000,61.87000000,2026-06-09 03:54:59,58.03406000,1
2026-06-09 03:55:00,0.93800000,0.93800000,0.93800000,0.93800000,0.00000000,2026-06-09 03:55:59,0.00000000,0
2026-06-09 03:56:00,0.93800000,0.93800000,0.93800000,0.93800000,0.00000000,2026-06-09 03:56:59,0.00000000,0
2026-06-09 03:57:00,0.93800000,0.93800000,0.93800000,0.93800000,0.00000000,2026-06-09 03:57:59,0.00000000,0
2026-06-09 03:58:00,0.93800000,0.93800000,0.93800000,0.93800000,0.00000000,2026-06-09 03:58:59,0.00000000,0
2026-06-09 03:59:00,0.93800000,0.93800000,0.93800000,0.93800000,0.00000000,2026-06-09 03:59:59,0.00000000,0
2026-06-09 04:00:00,0.93700000,0.93700000,0.93700000,0.93700000,53.26000000,2026-06-09 04:00:59,49.90462000,1
2026-06-09 04:01:00,0.93800000,0.93800000,0.93700000,0.93700000,75.48000000,2026-06-09 04:01:59,70.78670000,2
2026-06-09 04:02:00,0.93700000,0.93900000,0.93700000,0.93800000,3486.97000000,2026-06-09 04:02:59,3270.80141000,16
2026-06-09 04:03:00,0.93900000,0.93900000,0.93900000,0.93900000,257.32000000,2026-06-09 04:03:59,241.62348000,2
2026-06-09 04:04:00,0.93900000,0.93900000,0.93900000,0.93900000,866.15000000,2026-06-09 04:04:59,813.31485000,7
2026-06-09 04:05:00,0.93900000,0.93900000,0.93900000,0.93900000,1171.58000000,2026-06-09 04:05:59,1100.11362000,8
2026-06-09 04:06:00,0.93900000,0.93900000,0.93900000,0.93900000,0.00000000,2026-06-09 04:06:59,0.00000000,0
2026-06-09 04:07:00,0.93900000,0.94000000,0.93900000,0.94000000,2253.22000000,2026-06-09 04:07:59,2116.26967000,10
2026-06-09 04:08:00,0.94000000,0.94000000,0.94000000,0.94000000,0.00000000,2026-06-09 04:08:59,0.00000000,0
2026-06-09 04:09:00,0.94000000,0.94000000,0.94000000,0.94000000,0.00000000,2026-06-09 04:09:59,0.00000000,0
2026-06-09 04:10:00,0.94300000,0.94300000,0.94300000,0.94300000,100.00000000,2026-06-09 04:10:59,94.30000000,2
2026-06-09 04:11:00,0.94200000,0.94300000,0.94200000,0.94200000,490.83000000,2026-06-09 04:11:59,462.38876000,6
2026-06-09 04:12:00,0.94200000,0.94200000,0.94200000,0.94200000,122.89000000,2026-06-09 04:12:59,115.76238000,1
2026-06-09 04:13:00,0.94200000,0.94200000,0.94200000,0.94200000,0.00000000,2026-06-09 04:13:59,0.00000000,0
2026-06-09 04:14:00,0.94000000,0.94000000,0.94000000,0.94000000,123.64000000,2026-06-09 04:14:59,116.22160000,2
2026-06-09 04:15:00,0.94000000,0.94000000,0.94000000,0.94000000,0.00000000,2026-06-09 04:15:59,0.00000000,0
2026-06-09 04:16:00,0.93800000,0.93900000,0.93800000,0.93900000,1190.62000000,2026-06-09 04:16:59,1117.97066000,4
2026-06-09 04:17:00,0.93900000,0.93900000,0.93900000,0.93900000,0.00000000,2026-06-09 04:17:59,0.00000000,0
2026-06-09 04:18:00,0.94000000,0.94000000,0.94000000,0.94000000,151.34000000,2026-06-09 04:18:59,142.25960000,1
2026-06-09 04:19:00,0.94100000,0.94100000,0.94100000,0.94100000,61.74000000,2026-06-09 04:19:59,58.09734000,1
2026-06-09 04:20:00,0.94100000,0.94100000,0.94100000,0.94100000,0.00000000,2026-06-09 04:20:59,0.00000000,0
2026-06-09 04:21:00,0.94000000,0.94000000,0.94000000,0.94000000,123.64000000,2026-06-09 04:21:59,116.22160000,2
2026-06-09 04:22:00,0.94000000,0.94000000,0.94000000,0.94000000,0.00000000,2026-06-09 04:22:59,0.00000000,0
2026-06-09 04:23:00,0.94100000,0.94100000,0.94100000,0.94100000,1130.69000000,2026-06-09 04:23:59,1063.97929000,5
2026-06-09 04:24:00,0.94100000,0.94100000,0.94100000,0.94100000,0.00000000,2026-06-09 04:24:59,0.00000000,0
2026-06-09 04:25:00,0.94100000,0.94100000,0.94100000,0.94100000,0.00000000,2026-06-09 04:25:59,0.00000000,0
2026-06-09 04:26:00,0.94000000,0.94000000,0.94000000,0.94000000,52.00000000,2026-06-09 04:26:59,48.88000000,1
2026-06-09 04:27:00,0.93900000,0.93900000,0.93600000,0.93600000,5964.47000000,2026-06-09 04:27:59,5591.13508000,26
2026-06-09 04:28:00,0.93600000,0.93700000,0.93600000,0.93600000,1971.08000000,2026-06-09 04:28:59,1845.08463000,17
2026-06-09 04:29:00,0.93600000,0.93600000,0.93600000,0.93600000,0.00000000,2026-06-09 04:29:59,0.00000000,0
2026-06-09 04:30:00,0.93600000,0.93600000,0.93500000,0.93500000,102.96000000,2026-06-09 04:30:59,96.28336000,2
2026-06-09 04:31:00,0.93600000,0.93600000,0.93600000,0.93600000,822.68000000,2026-06-09 04:31:59,770.02848000,5
2026-06-09 04:32:00,0.93700000,0.93800000,0.93700000,0.93800000,6327.10000000,2026-06-09 04:32:59,5931.64757000,15
2026-06-09 04:33:00,0.93800000,0.93800000,0.93800000,0.93800000,0.00000000,2026-06-09 04:33:59,0.00000000,0
2026-06-09 04:34:00,0.93800000,0.93800000,0.93800000,0.93800000,0.00000000,2026-06-09 04:34:59,0.00000000,0
2026-06-09 04:35:00,0.93800000,0.93800000,0.93800000,0.93800000,370.52000000,2026-06-09 04:35:59,347.54776000,2
2026-06-09 04:36:00,0.93900000,0.93900000,0.93900000,0.93900000,2853.72000000,2026-06-09 04:36:59,2679.64308000,7
2026-06-09 04:37:00,0.93900000,0.93900000,0.93900000,0.93900000,311.54000000,2026-06-09 04:37:59,292.53606000,1
2026-06-09 04:38:00,0.93800000,0.93900000,0.93800000,0.93900000,170.60000000,2026-06-09 04:38:59,160.18531000,2
2026-06-09 04:39:00,0.94000000,0.94000000,0.94000000,0.94000000,183.75000000,2026-06-09 04:39:59,172.72500000,2
2026-06-09 04:40:00,0.94100000,0.94100000,0.94000000,0.94000000,206.47000000,2026-06-09 04:40:59,194.27755000,2
2026-06-09 04:41:00,0.94000000,0.94000000,0.94000000,0.94000000,0.00000000,2026-06-09 04:41:59,0.00000000,0
2026-06-09 04:42:00,0.94000000,0.94000000,0.94000000,0.94000000,0.00000000,2026-06-09 04:42:59,0.00000000,0
2026-06-09 04:43:00,0.94100000,0.94300000,0.94100000,0.94200000,4164.70000000,2026-06-09 04:43:59,3924.17066000,21
2026-06-09 04:44:00,0.94300000,0.94300000,0.94300000,0.94300000,142.23000000,2026-06-09 04:44:59,134.12289000,1
2026-06-09 04:45:00,0.94300000,0.94300000,0.94300000,0.94300000,0.00000000,2026-06-09 04:45:59,0.00000000,0
2026-06-09 04:46:00,0.94300000,0.94300000,0.94300000,0.94300000,1013.30000000,2026-06-09 04:46:59,955.54190000,3
2026-06-09 04:47:00,0.94200000,0.94200000,0.94200000,0.94200000,38.29000000,2026-06-09 04:47:59,36.06918000,1
2026-06-09 04:48:00,0.94200000,0.94200000,0.94200000,0.94200000,0.00000000,2026-06-09 04:48:59,0.00000000,0
2026-06-09 04:49:00,0.94200000,0.94200000,0.94200000,0.94200000,92.08000000,2026-06-09 04:49:59,86.73936000,2
2026-06-09 04:50:00,0.94200000,0.94200000,0.94200000,0.94200000,0.00000000,2026-06-09 04:50:59,0.00000000,0
2026-06-09 04:51:00,0.94200000,0.94200000,0.94200000,0.94200000,0.00000000,2026-06-09 04:51:59,0.00000000,0
2026-06-09 04:52:00,0.94200000,0.94200000,0.94100000,0.94100000,1195.74000000,2026-06-09 04:52:59,1126.28708000,4
2026-06-09 04:53:00,0.94100000,0.94100000,0.94100000,0.94100000,0.00000000,2026-06-09 04:53:59,0.00000000,0
2026-06-09 04:54:00,0.94100000,0.94100000,0.94100000,0.94100000,0.00000000,2026-06-09 04:54:59,0.00000000,0
2026-06-09 04:55:00,0.94200000,0.94200000,0.94200000,0.94200000,3491.12000000,2026-06-09 04:55:59,3288.63504000,7
2026-06-09 04:56:00,0.94200000,0.94200000,0.94200000,0.94200000,0.00000000,2026-06-09 04:56:59,0.00000000,0
2026-06-09 04:57:00,0.94100000,0.94100000,0.94100000,0.94100000,2335.24000000,2026-06-09 04:57:59,2197.46084000,4
2026-06-09 04:58:00,0.94100000,0.94100000,0.94100000,0.94100000,0.00000000,2026-06-09 04:58:59,0.00000000,0
2026-06-09 04:59:00,0.94100000,0.94100000,0.94100000,0.94100000,1037.14000000,2026-06-09 04:59:59,975.94874000,1
2026-06-09 05:00:00,0.94100000,0.94100000,0.94100000,0.94100000,0.00000000,2026-06-09 05:00:59,0.00000000,0
2026-06-09 05:01:00,0.94000000,0.94000000,0.93900000,0.94000000,2869.21000000,2026-06-09 05:01:59,2696.79445000,13
2026-06-09 05:02:00,0.94000000,0.94000000,0.94000000,0.94000000,0.00000000,2026-06-09 05:02:59,0.00000000,0
2026-06-09 05:03:00,0.94000000,0.94000000,0.94000000,0.94000000,0.00000000,2026-06-09 05:03:59,0.00000000,0
2026-06-09 05:04:00,0.94000000,0.94000000,0.93900000,0.93900000,1487.12000000,2026-06-09 05:04:59,1397.16343000,3
2026-06-09 05:05:00,0.93800000,0.93800000,0.93600000,0.93700000,1229.85000000,2026-06-09 05:05:59,1152.58760000,9
2026-06-09 05:06:00,0.93700000,0.93700000,0.93700000,0.93700000,195.75000000,2026-06-09 05:06:59,183.41775000,1
2026-06-09 05:07:00,0.93600000,0.93600000,0.93400000,0.93500000,703.32000000,2026-06-09 05:07:59,657.91336000,9
2026-06-09 05:08:00,0.93600000,0.93600000,0.93600000,0.93600000,221.54000000,2026-06-09 05:08:59,207.36144000,2
2026-06-09 05:09:00,0.93500000,0.93500000,0.93500000,0.93500000,900.00000000,2026-06-09 05:09:59,841.50000000,4
2026-06-09 05:10:00,0.93500000,0.93500000,0.93400000,0.93400000,3573.28000000,2026-06-09 05:10:59,3337.75433000,17
2026-06-09 05:11:00,0.93300000,0.93300000,0.93200000,0.93200000,670.83000000,2026-06-09 05:11:59,625.41681000,7
2026-06-09 05:12:00,0.93300000,0.93500000,0.93300000,0.93500000,5778.10000000,2026-06-09 05:12:59,5393.66471000,21
2026-06-09 05:13:00,0.93600000,0.93600000,0.93600000,0.93600000,218.70000000,2026-06-09 05:13:59,204.70320000,1
2026-06-09 05:14:00,0.93600000,0.93600000,0.93600000,0.93600000,0.00000000,2026-06-09 05:14:59,0.00000000,0
2026-06-09 05:15:00,0.93600000,0.93600000,0.93600000,0.93600000,20.51000000,2026-06-09 05:15:59,19.19736000,2
2026-06-09 05:16:00,0.93500000,0.93500000,0.93500000,0.93500000,562.42000000,2026-06-09 05:16:59,525.86270000,2
2026-06-09 05:17:00,0.93500000,0.93500000,0.93400000,0.93400000,1557.64000000,2026-06-09 05:17:59,1455.40241000,16
2026-06-09 05:18:00,0.93400000,0.93400000,0.93400000,0.93400000,0.00000000,2026-06-09 05:18:59,0.00000000,0
2026-06-09 05:19:00,0.93400000,0.93400000,0.93400000,0.93400000,195.75000000,2026-06-09 05:19:59,182.83050000,1
2026-06-09 05:20:00,0.93500000,0.93500000,0.93500000,0.93500000,105.88000000,2026-06-09 05:20:59,98.99780000,1
2026-06-09 05:21:00,0.93500000,0.93500000,0.93500000,0.93500000,0.00000000,2026-06-09 05:21:59,0.00000000,0
2026-06-09 05:22:00,0.93500000,0.93500000,0.93500000,0.93500000,0.00000000,2026-06-09 05:22:59,0.00000000,0
2026-06-09 05:23:00,0.93500000,0.93500000,0.93500000,0.93500000,0.00000000,2026-06-09 05:23:59,0.00000000,0
2026-06-09 05:24:00,0.93500000,0.93500000,0.93500000,0.93500000,0.00000000,2026-06-09 05:24:59,0.00000000,0
2026-06-09 05:25:00,0.93700000,0.93700000,0.93700000,0.93700000,58.02000000,2026-06-09 05:25:59,54.36474000,1
2026-06-09 05:26:00,0.93700000,0.93700000,0.93700000,0.93700000,104.54000000,2026-06-09 05:26:59,97.95398000,2
2026-06-09 05:27:00,0.93800000,0.93800000,0.93700000,0.93700000,386.02000000,2026-06-09 05:27:59,362.07997000,5
2026-06-09 05:28:00,0.93700000,0.93700000,0.93700000,0.93700000,0.00000000,2026-06-09 05:28:59,0.00000000,0
2026-06-09 05:29:00,0.93600000,0.93600000,0.93600000,0.93600000,7.70000000,2026-06-09 05:29:59,7.20720000,1
2026-06-09 05:30:00,0.93600000,0.93600000,0.93500000,0.93500000,193.09000000,2026-06-09 05:30:59,180.72415000,3
2026-06-09 05:31:00,0.93500000,0.93500000,0.93500000,0.93500000,622.11000000,2026-06-09 05:31:59,581.67285000,8
2026-06-09 05:32:00,0.93500000,0.93500000,0.93500000,0.93500000,0.00000000,2026-06-09 05:32:59,0.00000000,0
2026-06-09 05:33:00,0.93600000,0.93700000,0.93600000,0.93700000,1180.06000000,2026-06-09 05:33:59,1105.56475000,8
2026-06-09 05:34:00,0.93700000,0.93700000,0.93700000,0.93700000,0.00000000,2026-06-09 05:34:59,0.00000000,0
2026-06-09 05:35:00,0.93600000,0.93600000,0.93600000,0.93600000,1510.16000000,2026-06-09 05:35:59,1413.50976000,2
2026-06-09 05:36:00,0.93600000,0.93600000,0.93600000,0.93600000,164.40000000,2026-06-09 05:36:59,153.87840000,1
2026-06-09 05:37:00,0.93600000,0.93600000,0.93600000,0.93600000,335.90000000,2026-06-09 05:37:59,314.40240000,5
2026-06-09 05:38:00,0.93700000,0.93700000,0.93700000,0.93700000,10.28000000,2026-06-09 05:38:59,9.63236000,1
2026-06-09 05:39:00,0.93700000,0.93700000,0.93700000,0.93700000,2778.50000000,2026-06-09 05:39:59,2603.45450000,2
2026-06-09 05:40:00,0.93800000,0.93800000,0.93800000,0.93800000,129.11000000,2026-06-09 05:40:59,121.10518000,2
2026-06-09 05:41:00,0.93800000,0.93800000,0.93800000,0.93800000,0.00000000,2026-06-09 05:41:59,0.00000000,0
2026-06-09 05:42:00,0.93800000,0.93800000,0.93800000,0.93800000,0.00000000,2026-06-09 05:42:59,0.00000000,0
2026-06-09 05:43:00,0.93900000,0.93900000,0.93800000,0.93800000,2797.20000000,2026-06-09 05:43:59,2623.81831000,4
2026-06-09 05:44:00,0.93800000,0.93800000,0.93800000,0.93800000,13442.15000000,2026-06-09 05:44:59,12608.73670000,8
2026-06-09 05:45:00,0.93700000,0.93700000,0.93700000,0.93700000,10.53000000,2026-06-09 05:45:59,9.86661000,1
2026-06-09 05:46:00,0.93800000,0.93800000,0.93800000,0.93800000,238.29000000,2026-06-09 05:46:59,223.51602000,3
2026-06-09 05:47:00,0.93800000,0.93800000,0.93800000,0.93800000,25.70000000,2026-06-09 05:47:59,24.10660000,2
2026-06-09 05:48:00,0.93800000,0.93800000,0.93800000,0.93800000,245.75000000,2026-06-09 05:48:59,230.51350000,2
2026-06-09 05:49:00,0.93800000,0.93800000,0.93800000,0.93800000,423.81000000,2026-06-09 05:49:59,397.53378000,3
2026-06-09 05:50:00,0.93800000,0.93800000,0.93800000,0.93800000,0.00000000,2026-06-09 05:50:59,0.00000000,0
2026-06-09 05:51:00,0.93800000,0.93800000,0.93800000,0.93800000,4075.36000000,2026-06-09 05:51:59,3822.68768000,9
2026-06-09 05:52:00,0.93800000,0.93800000,0.93800000,0.93800000,0.00000000,2026-06-09 05:52:59,0.00000000,0
2026-06-09 05:53:00,0.93800000,0.93800000,0.93800000,0.93800000,0.00000000,2026-06-09 05:53:59,0.00000000,0
2026-06-09 05:54:00,0.93800000,0.93800000,0.93800000,0.93800000,0.00000000,2026-06-09 05:54:59,0.00000000,0
2026-06-09 05:55:00,0.93700000,0.93700000,0.93600000,0.93600000,26284.03000000,2026-06-09 05:55:59,24625.03854000,26
2026-06-09 05:56:00,0.93600000,0.93600000,0.93600000,0.93600000,512.15000000,2026-06-09 05:56:59,479.37240000,3
2026-06-09 05:57:00,0.93600000,0.93600000,0.93600000,0.93600000,97.70000000,2026-06-09 05:57:59,91.44720000,1
2026-06-09 05:58:00,0.93600000,0.93600000,0.93600000,0.93600000,0.00000000,2026-06-09 05:58:59,0.00000000,0
2026-06-09 05:59:00,0.93600000,0.93600000,0.93600000,0.93600000,0.00000000,2026-06-09 05:59:59,0.00000000,0
2026-06-09 06:00:00,0.93600000,0.93700000,0.93600000,0.93700000,36.81000000,2026-06-09 06:00:59,34.47550000,3
2026-06-09 06:01:00,0.93700000,0.93700000,0.93700000,0.93700000,523.98000000,2026-06-09 06:01:59,490.96926000,3
2026-06-09 06:02:00,0.93700000,0.93700000,0.93700000,0.93700000,1838.56000000,2026-06-09 06:02:59,1722.73072000,7
2026-06-09 06:03:00,0.93700000,0.93700000,0.93600000,0.93600000,419.79000000,2026-06-09 06:03:59,393.29323000,4
2026-06-09 06:04:00,0.93600000,0.93700000,0.93600000,0.93600000,3258.73000000,2026-06-09 06:04:59,3050.18182000,8
2026-06-09 06:05:00,0.93600000,0.93600000,0.93600000,0.93600000,0.00000000,2026-06-09 06:05:59,0.00000000,0
2026-06-09 06:06:00,0.93700000,0.93700000,0.93600000,0.93600000,2571.51000000,2026-06-09 06:06:59,2409.29708000,6
2026-06-09 06:07:00,0.93600000,0.93600000,0.93500000,0.93500000,18621.97000000,2026-06-09 06:07:59,17429.76066000,31
2026-06-09 06:08:00,0.93500000,0.93500000,0.93500000,0.93500000,633.15000000,2026-06-09 06:08:59,591.99525000,5
2026-06-09 06:09:00,0.93500000,0.93500000,0.93500000,0.93500000,0.00000000,2026-06-09 06:09:59,0.00000000,0
2026-06-09 06:10:00,0.93500000,0.93500000,0.93500000,0.93500000,14.04000000,2026-06-09 06:10:59,13.12740000,2
2026-06-09 06:11:00,0.93500000,0.93500000,0.93500000,0.93500000,633.15000000,2026-06-09 06:11:59,591.99525000,3
2026-06-09 06:12:00,0.93500000,0.93500000,0.93500000,0.93500000,0.00000000,2026-06-09 06:12:59,0.00000000,0
2026-06-09 06:13:00,0.93500000,0.93600000,0.93500000,0.93600000,3915.33000000,2026-06-09 06:13:59,3664.73383000,9
2026-06-09 06:14:00,0.93600000,0.93700000,0.93600000,0.93700000,1233.26000000,2026-06-09 06:14:59,1155.49840000,6
2026-06-09 06:15:00,0.93800000,0.93900000,0.93800000,0.93900000,94.00000000,2026-06-09 06:15:59,88.18100000,3
2026-06-09 06:16:00,0.93900000,0.93900000,0.93900000,0.93900000,5.99000000,2026-06-09 06:16:59,5.62461000,1
2026-06-09 06:17:00,0.93900000,0.93900000,0.93900000,0.93900000,2886.75000000,2026-06-09 06:17:59,2710.65825000,13
2026-06-09 06:18:00,0.93900000,0.93900000,0.93900000,0.93900000,0.00000000,2026-06-09 06:18:59,0.00000000,0
2026-06-09 06:19:00,0.93900000,0.93900000,0.93900000,0.93900000,1054.85000000,2026-06-09 06:19:59,990.50415000,4
2026-06-09 06:20:00,0.93900000,0.93900000,0.93900000,0.93900000,0.00000000,2026-06-09 06:20:59,0.00000000,0
2026-06-09 06:21:00,0.93900000,0.93900000,0.93900000,0.93900000,108.50000000,2026-06-09 06:21:59,101.88150000,1
2026-06-09 06:22:00,0.93900000,0.94000000,0.93900000,0.93900000,1425.87000000,2026-06-09 06:22:59,1338.93654000,7
2026-06-09 06:23:00,0.93900000,0.93900000,0.93900000,0.93900000,195.75000000,2026-06-09 06:23:59,183.80925000,1
2026-06-09 06:24:00,0.93800000,0.93800000,0.93800000,0.93800000,2461.14000000,2026-06-09 06:24:59,2308.54932000,6
2026-06-09 06:25:00,0.93800000,0.93800000,0.93800000,0.93800000,0.00000000,2026-06-09 06:25:59,0.00000000,0
2026-06-09 06:26:00,0.93800000,0.93800000,0.93800000,0.93800000,0.00000000,2026-06-09 06:26:59,0.00000000,0
2026-06-09 06:27:00,0.93700000,0.93800000,0.93700000,0.93700000,1387.81000000,2026-06-09 06:27:59,1300.39567000,10
2026-06-09 06:28:00,0.93600000,0.93600000,0.93400000,0.93400000,2596.07000000,2026-06-09 06:28:59,2428.02250000,15
2026-06-09 06:29:00,0.93400000,0.93400000,0.93400000,0.93400000,195.75000000,2026-06-09 06:29:59,182.83050000,1
2026-06-09 06:30:00,0.93400000,0.93400000,0.93400000,0.93400000,2036.12000000,2026-06-09 06:30:59,1901.73608000,5
2026-06-09 06:31:00,0.93400000,0.93400000,0.93400000,0.93400000,1893.45000000,2026-06-09 06:31:59,1768.48230000,5
2026-06-09 06:32:00,0.93400000,0.93400000,0.93400000,0.93400000,26.40000000,2026-06-09 06:32:59,24.65760000,2
2026-06-09 06:33:00,0.93400000,0.93400000,0.93100000,0.93100000,1362.43000000,2026-06-09 06:33:59,1271.92813000,6
2026-06-09 06:34:00,0.93200000,0.93200000,0.93200000,0.93200000,3449.60000000,2026-06-09 06:34:59,3215.02720000,18
2026-06-09 06:35:00,0.93200000,0.93200000,0.93200000,0.93200000,7.68000000,2026-06-09 06:35:59,7.15776000,1
2026-06-09 06:36:00,0.93300000,0.93400000,0.93300000,0.93400000,848.87000000,2026-06-09 06:36:59,792.19146000,5
2026-06-09 06:37:00,0.93400000,0.93400000,0.93200000,0.93200000,1805.77000000,2026-06-09 06:37:59,1683.57560000,9
2026-06-09 06:38:00,0.93200000,0.93200000,0.93200000,0.93200000,293.10000000,2026-06-09 06:38:59,273.16920000,3
2026-06-09 06:39:00,0.93100000,0.93100000,0.93100000,0.93100000,469.81000000,2026-06-09 06:39:59,437.39311000,3
2026-06-09 06:40:00,0.93200000,0.93200000,0.93200000,0.93200000,322.52000000,2026-06-09 06:40:59,300.58864000,3
2026-06-09 06:41:00,0.93200000,0.93300000,0.93200000,0.93300000,439.32000000,2026-06-09 06:41:59,409.79831000,3
2026-06-09 06:42:00,0.93400000,0.93400000,0.93400000,0.93400000,172.00000000,2026-06-09 06:42:59,160.64800000,1
2026-06-09 06:43:00,0.93300000,0.93300000,0.93300000,0.93300000,2297.58000000,2026-06-09 06:43:59,2143.64214000,5
2026-06-09 06:44:00,0.93300000,0.93300000,0.93300000,0.93300000,1060.04000000,2026-06-09 06:44:59,989.01732000,1
2026-06-09 06:45:00,0.93400000,0.93400000,0.93400000,0.93400000,150.00000000,2026-06-09 06:45:59,140.10000000,1
2026-06-09 06:46:00,0.93400000,0.93500000,0.93400000,0.93500000,455.90000000,2026-06-09 06:46:59,426.23150000,5
2026-06-09 06:47:00,0.93500000,0.93500000,0.93500000,0.93500000,1563.59000000,2026-06-09 06:47:59,1461.95665000,10
2026-06-09 06:48:00,0.93500000,0.93500000,0.93500000,0.93500000,872.19000000,2026-06-09 06:48:59,815.49765000,6
2026-06-09 06:49:00,0.93500000,0.93500000,0.93500000,0.93500000,0.00000000,2026-06-09 06:49:59,0.00000000,0
2026-06-09 06:50:00,0.93500000,0.93500000,0.93500000,0.93500000,1207.60000000,2026-06-09 06:50:59,1129.10600000,2
2026-06-09 06:51:00,0.93500000,0.93500000,0.93500000,0.93500000,261.69000000,2026-06-09 06:51:59,244.68015000,2
2026-06-09 06:52:00,0.93500000,0.93500000,0.93500000,0.93500000,6.88000000,2026-06-09 06:52:59,6.43280000,1
2026-06-09 06:53:00,0.93500000,0.93500000,0.93500000,0.93500000,0.00000000,2026-06-09 06:53:59,0.00000000,0
2026-06-09 06:54:00,0.93400000,0.93400000,0.93400000,0.93400000,61.97000000,2026-06-09 06:54:59,57.87998000,1
2026-06-09 06:55:00,0.93400000,0.93400000,0.93300000,0.93300000,2931.90000000,2026-06-09 06:55:59,2736.00445000,21
2026-06-09 06:56:00,0.93300000,0.93300000,0.93300000,0.93300000,0.00000000,2026-06-09 06:56:59,0.00000000,0
2026-06-09 06:57:00,0.93300000,0.93300000,0.93300000,0.93300000,0.00000000,2026-06-09 06:57:59,0.00000000,0
2026-06-09 06:58:00,0.93400000,0.93400000,0.93400000,0.93400000,270.09000000,2026-06-09 06:58:59,252.26406000,2
2026-06-09 06:59:00,0.93400000,0.93400000,0.93400000,0.93400000,0.00000000,2026-06-09 06:59:59,0.00000000,0
2026-06-09 07:00:00,0.93400000,0.93400000,0.93400000,0.93400000,20.60000000,2026-06-09 07:00:59,19.24040000,1
2026-06-09 07:01:00,0.93400000,0.93400000,0.93400000,0.93400000,1884.18000000,2026-06-09 07:01:59,1759.82412000,6
2026-06-09 07:02:00,0.93400000,0.93500000,0.93400000,0.93400000,471.59000000,2026-06-09 07:02:59,440.47172000,4
2026-06-09 07:03:00,0.93400000,0.93400000,0.93400000,0.93400000,177.52000000,2026-06-09 07:03:59,165.80368000,2
2026-06-09 07:04:00,0.93400000,0.93400000,0.93400000,0.93400000,1186.92000000,2026-06-09 07:04:59,1108.58328000,5
2026-06-09 07:05:00,0.93400000,0.93400000,0.93400000,0.93400000,0.00000000,2026-06-09 07:05:59,0.00000000,0
2026-06-09 07:06:00,0.93500000,0.93500000,0.93200000,0.93200000,5522.11000000,2026-06-09 07:06:59,5152.19197000,26
2026-06-09 07:07:00,0.93200000,0.93200000,0.93100000,0.93200000,1521.67000000,2026-06-09 07:07:59,1417.35092000,8
2026-06-09 07:08:00,0.93100000,0.93100000,0.93100000,0.93100000,195.75000000,2026-06-09 07:08:59,182.24325000,1
2026-06-09 07:09:00,0.92900000,0.92900000,0.92900000,0.92900000,2390.39000000,2026-06-09 07:09:59,2220.67231000,5
2026-06-09 07:10:00,0.93000000,0.93000000,0.93000000,0.93000000,1777.05000000,2026-06-09 07:10:59,1652.65650000,10
2026-06-09 07:11:00,0.93000000,0.93000000,0.93000000,0.93000000,2936.43000000,2026-06-09 07:11:59,2730.87990000,12
2026-06-09 07:12:00,0.92900000,0.92900000,0.92900000,0.92900000,557.20000000,2026-06-09 07:12:59,517.63880000,4
2026-06-09 07:13:00,0.92800000,0.92800000,0.92800000,0.92800000,88.89000000,2026-06-09 07:13:59,82.48992000,1
2026-06-09 07:14:00,0.92900000,0.93100000,0.92900000,0.93100000,9558.55000000,2026-06-09 07:14:59,8890.13652000,32
2026-06-09 07:15:00,0.93000000,0.93000000,0.93000000,0.93000000,361.24000000,2026-06-09 07:15:59,335.95320000,2
2026-06-09 07:16:00,0.93000000,0.93000000,0.93000000,0.93000000,30.53000000,2026-06-09 07:16:59,28.39290000,1
2026-06-09 07:17:00,0.92900000,0.92900000,0.92800000,0.92800000,6142.66000000,2026-06-09 07:17:59,5700.45098000,16
2026-06-09 07:18:00,0.92800000,0.92800000,0.92700000,0.92700000,2480.74000000,2026-06-09 07:18:59,2300.91079000,8
2026-06-09 07:19:00,0.92700000,0.92700000,0.92700000,0.92700000,0.00000000,2026-06-09 07:19:59,0.00000000,0
2026-06-09 07:20:00,0.92800000,0.92800000,0.92800000,0.92800000,2669.64000000,2026-06-09 07:20:59,2477.42592000,13
2026-06-09 07:21:00,0.92800000,0.93100000,0.92800000,0.93000000,50034.99000000,2026-06-09 07:21:59,46455.34245000,38
2026-06-09 07:22:00,0.92800000,0.92900000,0.92700000,0.92900000,12020.96000000,2026-06-09 07:22:59,11148.36444000,32
2026-06-09 07:23:00,0.92900000,0.93000000,0.92900000,0.93000000,7953.84000000,2026-06-09 07:23:59,7394.30940000,18
2026-06-09 07:24:00,0.92900000,0.92900000,0.92900000,0.92900000,54.57000000,2026-06-09 07:24:59,50.69553000,2
2026-06-09 07:25:00,0.92900000,0.92900000,0.92900000,0.92900000,10.37000000,2026-06-09 07:25:59,9.63373000,1
2026-06-09 07:26:00,0.93100000,0.93100000,0.93000000,0.93100000,6229.30000000,2026-06-09 07:26:59,5799.29782000,22
2026-06-09 07:27:00,0.93100000,0.93100000,0.93100000,0.93100000,0.00000000,2026-06-09 07:27:59,0.00000000,0
2026-06-09 07:28:00,0.93100000,0.93100000,0.93100000,0.93100000,0.00000000,2026-06-09 07:28:59,0.00000000,0
2026-06-09 07:29:00,0.93100000,0.93100000,0.93100000,0.93100000,2168.24000000,2026-06-09 07:29:59,2018.63144000,7
2026-06-09 07:30:00,0.93200000,0.93500000,0.93200000,0.93400000,18368.78000000,2026-06-09 07:30:59,17141.26249000,63
2026-06-09 07:31:00,0.93200000,0.93200000,0.92900000,0.93000000,16986.17000000,2026-06-09 07:31:59,15807.55902000,47
2026-06-09 07:32:00,0.93000000,0.93000000,0.93000000,0.93000000,6478.43000000,2026-06-09 07:32:59,6024.93990000,10
2026-06-09 07:33:00,0.93000000,0.93300000,0.93000000,0.93200000,24090.40000000,2026-06-09 07:33:59,22443.01784000,65
2026-06-09 07:34:00,0.93100000,0.93100000,0.92900000,0.93000000,15785.05000000,2026-06-09 07:34:59,14680.82005000,48
2026-06-09 07:35:00,0.93000000,0.93000000,0.93000000,0.93000000,0.00000000,2026-06-09 07:35:59,0.00000000,0
2026-06-09 07:36:00,0.93200000,0.93300000,0.93200000,0.93300000,1476.65000000,2026-06-09 07:36:59,1377.70158000,7
2026-06-09 07:37:00,0.93300000,0.93300000,0.93200000,0.93200000,213.46000000,2026-06-09 07:37:59,199.05468000,4
2026-06-09 07:38:00,0.93200000,0.93200000,0.93200000,0.93200000,2283.31000000,2026-06-09 07:38:59,2128.04492000,8
2026-06-09 07:39:00,0.93200000,0.93200000,0.93100000,0.93200000,35271.58000000,2026-06-09 07:39:59,32873.01486000,38
2026-06-09 07:40:00,0.93200000,0.93200000,0.93200000,0.93200000,0.00000000,2026-06-09 07:40:59,0.00000000,0
2026-06-09 07:41:00,0.93200000,0.93200000,0.93200000,0.93200000,0.00000000,2026-06-09 07:41:59,0.00000000,0
2026-06-09 07:42:00,0.93300000,0.93300000,0.93300000,0.93300000,2923.69000000,2026-06-09 07:42:59,2727.80277000,13
2026-06-09 07:43:00,0.93300000,0.93300000,0.93300000,0.93300000,309.51000000,2026-06-09 07:43:59,288.77283000,2
2026-06-09 07:44:00,0.93300000,0.93300000,0.93300000,0.93300000,0.00000000,2026-06-09 07:44:59,0.00000000,0
2026-06-09 07:45:00,0.93300000,0.93300000,0.93300000,0.93300000,1001.41000000,2026-06-09 07:45:59,934.31553000,2
2026-06-09 07:46:00,0.93300000,0.93500000,0.93300000,0.93500000,3035.84000000,2026-06-09 07:46:59,2835.46723000,15
2026-06-09 07:47:00,0.93500000,0.93500000,0.93500000,0.93500000,520.70000000,2026-06-09 07:47:59,486.85450000,3
2026-06-09 07:48:00,0.93400000,0.93400000,0.93400000,0.93400000,1016.70000000,2026-06-09 07:48:59,949.59780000,1
2026-06-09 07:49:00,0.93300000,0.93300000,0.93300000,0.93300000,199.17000000,2026-06-09 07:49:59,185.82561000,2
2026-06-09 07:50:00,0.93300000,0.93400000,0.93300000,0.93400000,558.58000000,2026-06-09 07:50:59,521.69872000,6
2026-06-09 07:51:00,0.93400000,0.93400000,0.93400000,0.93400000,996.40000000,2026-06-09 07:51:59,930.63760000,3
2026-06-09 07:52:00,0.93500000,0.93600000,0.93500000,0.93600000,3473.59000000,2026-06-09 07:52:59,3250.52535000,20
2026-06-09 07:53:00,0.93600000,0.93600000,0.93600000,0.93600000,0.00000000,2026-06-09 07:53:59,0.00000000,0
2026-06-09 07:54:00,0.93500000,0.93800000,0.93500000,0.93600000,6316.82000000,2026-06-09 07:54:59,5913.88143000,27
2026-06-09 07:55:00,0.93700000,0.93700000,0.93700000,0.93700000,1358.27000000,2026-06-09 07:55:59,1272.69899000,7
2026-06-09 07:56:00,0.93700000,0.93700000,0.93700000,0.93700000,3112.79000000,2026-06-09 07:56:59,2916.68423000,13
2026-06-09 07:57:00,0.93700000,0.93700000,0.93700000,0.93700000,0.00000000,2026-06-09 07:57:59,0.00000000,0
2026-06-09 07:58:00,0.93700000,0.93700000,0.93700000,0.93700000,0.00000000,2026-06-09 07:58:59,0.00000000,0
2026-06-09 07:59:00,0.93700000,0.93700000,0.93700000,0.93700000,0.00000000,2026-06-09 07:59:59,0.00000000,0
2026-06-09 08:00:00,0.93600000,0.93700000,0.93600000,0.93700000,1968.81000000,2026-06-09 08:00:59,1844.44207000,8
2026-06-09 08:01:00,0.93600000,0.93600000,0.93600000,0.93600000,25545.09000000,2026-06-09 08:01:59,23910.20424000,35
2026-06-09 08:02:00,0.93600000,0.93600000,0.93600000,0.93600000,0.00000000,2026-06-09 08:02:59,0.00000000,0
2026-06-09 08:03:00,0.93500000,0.93500000,0.93300000,0.93400000,1485.90000000,2026-06-09 08:03:59,1387.47883000,11
2026-06-09 08:04:00,0.93300000,0.93300000,0.93300000,0.93300000,596.44000000,2026-06-09 08:04:59,556.47852000,7
2026-06-09 08:05:00,0.93300000,0.93300000,0.93200000,0.93300000,614.95000000,2026-06-09 08:05:59,573.72326000,7
2026-06-09 08:06:00,0.93300000,0.93300000,0.93300000,0.93300000,1373.87000000,2026-06-09 08:06:59,1281.82071000,5
2026-06-09 08:07:00,0.93300000,0.93400000,0.93300000,0.93300000,1373.62000000,2026-06-09 08:07:59,1281.97870000,12
2026-06-09 08:08:00,0.93300000,0.93300000,0.93300000,0.93300000,6.59000000,2026-06-09 08:08:59,6.14847000,1
2026-06-09 08:09:00,0.93400000,0.93400000,0.93400000,0.93400000,1702.62000000,2026-06-09 08:09:59,1590.24708000,8
2026-06-09 08:10:00,0.93300000,0.93300000,0.93300000,0.93300000,520.17000000,2026-06-09 08:10:59,485.31861000,3
2026-06-09 08:11:00,0.93300000,0.93300000,0.93300000,0.93300000,491.11000000,2026-06-09 08:11:59,458.20563000,3
2026-06-09 08:12:00,0.93200000,0.93300000,0.93200000,0.93300000,449.13000000,2026-06-09 08:12:59,419.02980000,9
2026-06-09 08:13:00,0.93300000,0.93300000,0.93300000,0.93300000,230.39000000,2026-06-09 08:13:59,214.95387000,3
2026-06-09 08:14:00,0.93200000,0.93200000,0.93000000,0.93000000,4667.37000000,2026-06-09 08:14:59,4347.74880000,30
2026-06-09 08:15:00,0.93100000,0.93100000,0.93100000,0.93100000,1669.64000000,2026-06-09 08:15:59,1554.43484000,11
2026-06-09 08:16:00,0.93100000,0.93100000,0.93100000,0.93100000,59.35000000,2026-06-09 08:16:59,55.25485000,2
2026-06-09 08:17:00,0.93100000,0.93100000,0.93100000,0.93100000,350.45000000,2026-06-09 08:17:59,326.26895000,10
2026-06-09 08:18:00,0.93100000,0.93100000,0.93100000,0.93100000,0.00000000,2026-06-09 08:18:59,0.00000000,0
2026-06-09 08:19:00,0.93100000,0.93100000,0.93000000,0.93000000,1060.89000000,2026-06-09 08:19:59,986.74061000,3
2026-06-09 08:20:00,0.93000000,0.93000000,0.93000000,0.93000000,0.00000000,2026-06-09 08:20:59,0.00000000,0
2026-06-09 08:21:00,0.93000000,0.93000000,0.93000000,0.93000000,8.04000000,2026-06-09 08:21:59,7.47720000,1
2026-06-09 08:22:00,0.93000000,0.93000000,0.93000000,0.93000000,4074.43000000,2026-06-09 08:22:59,3789.21990000,21
2026-06-09 08:23:00,0.93100000,0.93100000,0.93100000,0.93100000,29.22000000,2026-06-09 08:23:59,27.20382000,1
2026-06-09 08:24:00,0.93100000,0.93100000,0.93100000,0.93100000,0.00000000,2026-06-09 08:24:59,0.00000000,0
2026-06-09 08:25:00,0.93100000,0.93100000,0.93100000,0.93100000,300.00000000,2026-06-09 08:25:59,279.30000000,1
2026-06-09 08:26:00,0.93100000,0.93100000,0.93000000,0.93000000,1631.15000000,2026-06-09 08:26:59,1517.78328000,8
2026-06-09 08:27:00,0.93000000,0.93000000,0.93000000,0.93000000,0.00000000,2026-06-09 08:27:59,0.00000000,0
2026-06-09 08:28:00,0.93000000,0.93000000,0.93000000,0.93000000,25.20000000,2026-06-09 08:28:59,23.43600000,1
2026-06-09 08:29:00,0.93000000,0.93000000,0.93000000,0.93000000,0.00000000,2026-06-09 08:29:59,0.00000000,0
2026-06-09 08:30:00,0.93100000,0.93200000,0.93100000,0.93200000,946.17000000,2026-06-09 08:30:59,880.89556000,6
2026-06-09 08:31:00,0.93100000,0.93100000,0.93100000,0.93100000,2720.22000000,2026-06-09 08:31:59,2532.52482000,6
2026-06-09 08:32:00,0.93100000,0.93100000,0.93100000,0.93100000,1317.34000000,2026-06-09 08:32:59,1226.44354000,6
2026-06-09 08:33:00,0.93100000,0.93100000,0.93100000,0.93100000,527.89000000,2026-06-09 08:33:59,491.46559000,3
2026-06-09 08:34:00,0.93000000,0.93000000,0.93000000,0.93000000,185.36000000,2026-06-09 08:34:59,172.38480000,1
2026-06-09 08:35:00,0.93000000,0.93000000,0.93000000,0.93000000,2041.58000000,2026-06-09 08:35:59,1898.66940000,6
2026-06-09 08:36:00,0.92900000,0.92900000,0.92900000,0.92900000,7.86000000,2026-06-09 08:36:59,7.30194000,1
2026-06-09 08:37:00,0.92900000,0.92900000,0.92900000,0.92900000,200.15000000,2026-06-09 08:37:59,185.93935000,2
2026-06-09 08:38:00,0.92900000,0.92900000,0.92900000,0.92900000,0.00000000,2026-06-09 08:38:59,0.00000000,0
2026-06-09 08:39:00,0.92900000,0.93000000,0.92900000,0.93000000,1396.74000000,2026-06-09 08:39:59,1297.79946000,3
2026-06-09 08:40:00,0.93000000,0.93000000,0.93000000,0.93000000,649.08000000,2026-06-09 08:40:59,603.64440000,2
2026-06-09 08:41:00,0.93000000,0.93000000,0.93000000,0.93000000,0.00000000,2026-06-09 08:41:59,0.00000000,0
2026-06-09 08:42:00,0.93100000,0.93100000,0.93100000,0.93100000,2195.75000000,2026-06-09 08:42:59,2044.24325000,2
2026-06-09 08:43:00,0.93100000,0.93100000,0.93100000,0.93100000,1175.91000000,2026-06-09 08:43:59,1094.77221000,1
2026-06-09 08:44:00,0.93100000,0.93100000,0.93100000,0.93100000,204.53000000,2026-06-09 08:44:59,190.41743000,2
2026-06-09 08:45:00,0.93100000,0.93100000,0.93100000,0.93100000,0.00000000,2026-06-09 08:45:59,0.00000000,0
2026-06-09 08:46:00,0.93200000,0.93200000,0.93200000,0.93200000,166.66000000,2026-06-09 08:46:59,155.32712000,1
2026-06-09 08:47:00,0.93200000,0.93200000,0.93200000,0.93200000,0.00000000,2026-06-09 08:47:59,0.00000000,0
2026-06-09 08:48:00,0.93200000,0.93200000,0.93200000,0.93200000,0.00000000,2026-06-09 08:48:59,0.00000000,0
2026-06-09 08:49:00,0.93200000,0.93200000,0.93200000,0.93200000,0.00000000,2026-06-09 08:49:59,0.00000000,0
2026-06-09 08:50:00,0.93200000,0.93200000,0.93200000,0.93200000,0.00000000,2026-06-09 08:50:59,0.00000000,0
2026-06-09 08:51:00,0.93400000,0.93400000,0.93300000,0.93300000,123.27000000,2026-06-09 08:51:59,115.11418000,2
2026-06-09 08:52:00,0.93400000,0.93400000,0.93400000,0.93400000,103.27000000,2026-06-09 08:52:59,96.45418000,2
2026-06-09 08:53:00,0.93400000,0.93400000,0.93300000,0.93300000,33.23000000,2026-06-09 08:53:59,31.02317000,2
2026-06-09 08:54:00,0.93300000,0.93300000,0.93300000,0.93300000,0.00000000,2026-06-09 08:54:59,0.00000000,0
2026-06-09 08:55:00,0.93300000,0.93300000,0.93300000,0.93300000,1270.00000000,2026-06-09 08:55:59,1184.91000000,4
2026-06-09 08:56:00,0.93400000,0.93400000,0.93400000,0.93400000,8.44000000,2026-06-09 08:56:59,7.88296000,1
2026-06-09 08:57:00,0.93400000,0.93400000,0.93400000,0.93400000,0.00000000,2026-06-09 08:57:59,0.00000000,0
2026-06-09 08:58:00,0.93400000,0.93500000,0.93400000,0.93500000,877.65000000,2026-06-09 08:58:59,820.11718000,7
2026-06-09 08:59:00,0.93500000,0.93500000,0.93500000,0.93500000,195.75000000,2026-06-09 08:59:59,183.02625000,1
2026-06-09 09:00:00,0.93500000,0.93500000,0.93500000,0.93500000,650.22000000,2026-06-09 09:00:59,607.95570000,5
2026-06-09 09:01:00,0.93600000,0.93600000,0.93600000,0.93600000,226.58000000,2026-06-09 09:01:59,212.07888000,3
2026-06-09 09:02:00,0.93500000,0.93700000,0.93500000,0.93700000,188.96000000,2026-06-09 09:02:59,176.89530000,5
2026-06-09 09:03:00,0.93700000,0.94200000,0.93700000,0.94200000,6932.08000000,2026-06-09 09:03:59,6510.43290000,22
2026-06-09 09:04:00,0.94100000,0.94100000,0.94100000,0.94100000,130.36000000,2026-06-09 09:04:59,122.66876000,3
2026-06-09 09:05:00,0.94000000,0.94000000,0.94000000,0.94000000,1762.50000000,2026-06-09 09:05:59,1656.75000000,10
2026-06-09 09:06:00,0.93900000,0.94000000,0.93900000,0.94000000,15.46000000,2026-06-09 09:06:59,14.52255000,2
2026-06-09 09:07:00,0.94000000,0.94100000,0.94000000,0.94100000,1251.95000000,2026-06-09 09:07:59,1178.06639000,9
2026-06-09 09:08:00,0.94100000,0.94100000,0.94100000,0.94100000,0.00000000,2026-06-09 09:08:59,0.00000000,0
2026-06-09 09:09:00,0.94100000,0.94100000,0.94100000,0.94100000,0.00000000,2026-06-09 09:09:59,0.00000000,0
2026-06-09 09:10:00,0.94100000,0.94100000,0.94100000,0.94100000,466.69000000,2026-06-09 09:10:59,439.15529000,3
2026-06-09 09:11:00,0.94100000,0.94100000,0.94000000,0.94000000,694.53000000,2026-06-09 09:11:59,653.36577000,5
2026-06-09 09:12:00,0.94000000,0.94000000,0.93900000,0.93900000,53.34000000,2026-06-09 09:12:59,50.09406000,3
2026-06-09 09:13:00,0.93900000,0.93900000,0.93800000,0.93800000,594.67000000,2026-06-09 09:13:59,558.38876000,4
2026-06-09 09:14:00,0.93800000,0.93900000,0.93800000,0.93900000,478.94000000,2026-06-09 09:14:59,449.39298000,5
2026-06-09 09:15:00,0.93900000,0.93900000,0.93900000,0.93900000,0.00000000,2026-06-09 09:15:59,0.00000000,0
2026-06-09 09:16:00,0.93800000,0.93800000,0.93800000,0.93800000,6.22000000,2026-06-09 09:16:59,5.83436000,1
2026-06-09 09:17:00,0.93800000,0.93800000,0.93800000,0.93800000,2148.63000000,2026-06-09 09:17:59,2015.41494000,16
2026-06-09 09:18:00,0.93800000,0.93800000,0.93700000,0.93800000,284.31000000,2026-06-09 09:18:59,266.63880000,5
2026-06-09 09:19:00,0.93800000,0.93800000,0.93700000,0.93700000,1260.03000000,2026-06-09 09:19:59,1181.32583000,7
2026-06-09 09:20:00,0.93700000,0.93700000,0.93700000,0.93700000,1188.38000000,2026-06-09 09:20:59,1113.51206000,9
2026-06-09 09:21:00,0.93700000,0.93700000,0.93700000,0.93700000,0.00000000,2026-06-09 09:21:59,0.00000000,0
2026-06-09 09:22:00,0.93700000,0.93700000,0.93700000,0.93700000,0.00000000,2026-06-09 09:22:59,0.00000000,0
2026-06-09 09:23:00,0.93600000,0.93600000,0.93500000,0.93500000,7017.66000000,2026-06-09 09:23:59,6561.74584000,14
2026-06-09 09:24:00,0.93600000,0.93600000,0.93600000,0.93600000,8.02000000,2026-06-09 09:24:59,7.50672000,1
2026-06-09 09:25:00,0.93600000,0.93600000,0.93600000,0.93600000,0.00000000,2026-06-09 09:25:59,0.00000000,0
2026-06-09 09:26:00,0.93600000,0.93700000,0.93600000,0.93700000,20314.89000000,2026-06-09 09:26:59,19015.61158000,10
2026-06-09 09:27:00,0.93700000,0.93700000,0.93700000,0.93700000,0.00000000,2026-06-09 09:27:59,0.00000000,0
2026-06-09 09:28:00,0.93700000,0.93700000,0.93700000,0.93700000,0.00000000,2026-06-09 09:28:59,0.00000000,0
2026-06-09 09:29:00,0.93700000,0.93700000,0.93700000,0.93700000,0.00000000,2026-06-09 09:29:59,0.00000000,0
2026-06-09 09:30:00,0.93700000,0.93700000,0.93700000,0.93700000,0.00000000,2026-06-09 09:30:59,0.00000000,0
2026-06-09 09:31:00,0.93700000,0.93700000,0.93700000,0.93700000,730.00000000,2026-06-09 09:31:59,684.01000000,1
2026-06-09 09:32:00,0.93700000,0.93700000,0.93700000,0.93700000,70.00000000,2026-06-09 09:32:59,65.59000000,1
2026-06-09 09:33:00,0.93600000,0.93600000,0.93600000,0.93600000,51.82000000,2026-06-09 09:33:59,48.50352000,1
2026-06-09 09:34:00,0.93600000,0.93600000,0.93600000,0.93600000,64.38000000,2026-06-09 09:34:59,60.25968000,2
2026-06-09 09:35:00,0.93600000,0.93600000,0.93600000,0.93600000,0.00000000,2026-06-09 09:35:59,0.00000000,0
2026-06-09 09:36:00,0.93600000,0.93700000,0.93600000,0.93700000,795.02000000,2026-06-09 09:36:59,744.16275000,6
2026-06-09 09:37:00,0.93800000,0.93800000,0.93800000,0.93800000,253.33000000,2026-06-09 09:37:59,237.62354000,3
2026-06-09 09:38:00,0.93800000,0.93800000,0.93800000,0.93800000,0.00000000,2026-06-09 09:38:59,0.00000000,0
2026-06-09 09:39:00,0.93700000,0.93700000,0.93700000,0.93700000,304.50000000,2026-06-09 09:39:59,285.31650000,2
2026-06-09 09:40:00,0.93800000,0.93800000,0.93800000,0.93800000,61.84000000,2026-06-09 09:40:59,58.00592000,1
2026-06-09 09:41:00,0.93800000,0.93800000,0.93800000,0.93800000,0.00000000,2026-06-09 09:41:59,0.00000000,0
2026-06-09 09:42:00,0.93700000,0.93700000,0.93700000,0.93700000,145.30000000,2026-06-09 09:42:59,136.14610000,2
2026-06-09 09:43:00,0.93700000,0.93700000,0.93700000,0.93700000,0.00000000,2026-06-09 09:43:59,0.00000000,0
2026-06-09 09:44:00,0.93700000,0.93700000,0.93700000,0.93700000,0.00000000,2026-06-09 09:44:59,0.00000000,0
2026-06-09 09:45:00,0.93400000,0.93400000,0.93400000,0.93400000,6.23000000,2026-06-09 09:45:59,5.81882000,1
2026-06-09 09:46:00,0.93400000,0.93400000,0.93400000,0.93400000,316.54000000,2026-06-09 09:46:59,295.64836000,4
2026-06-09 09:47:00,0.93400000,0.93400000,0.93400000,0.93400000,1778.85000000,2026-06-09 09:47:59,1661.44590000,8
2026-06-09 09:48:00,0.93400000,0.93500000,0.93400000,0.93500000,631.15000000,2026-06-09 09:48:59,590.10778000,8
2026-06-09 09:49:00,0.93500000,0.93500000,0.93500000,0.93500000,517.98000000,2026-06-09 09:49:59,484.31130000,2
2026-06-09 09:50:00,0.93500000,0.93500000,0.93500000,0.93500000,28.86000000,2026-06-09 09:50:59,26.98410000,2
2026-06-09 09:51:00,0.93500000,0.93500000,0.93500000,0.93500000,0.00000000,2026-06-09 09:51:59,0.00000000,0
2026-06-09 09:52:00,0.93500000,0.93500000,0.93500000,0.93500000,0.00000000,2026-06-09 09:52:59,0.00000000,0
2026-06-09 09:53:00,0.93500000,0.93500000,0.93500000,0.93500000,0.00000000,2026-06-09 09:53:59,0.00000000,0
2026-06-09 09:54:00,0.93500000,0.93500000,0.93500000,0.93500000,0.00000000,2026-06-09 09:54:59,0.00000000,0
2026-06-09 09:55:00,0.93600000,0.93600000,0.93600000,0.93600000,120.10000000,2026-06-09 09:55:59,112.41360000,1
2026-06-09 09:56:00,0.93600000,0.93600000,0.93600000,0.93600000,0.00000000,2026-06-09 09:56:59,0.00000000,0
2026-06-09 09:57:00,0.93600000,0.93600000,0.93600000,0.93600000,258.06000000,2026-06-09 09:57:59,241.54416000,3
2026-06-09 09:58:00,0.93600000,0.93600000,0.93600000,0.93600000,125.61000000,2026-06-09 09:58:59,117.57096000,2
2026-06-09 09:59:00,0.93500000,0.93700000,0.93500000,0.93700000,1809.28000000,2026-06-09 09:59:59,1694.87374000,8
2026-06-09 10:00:00,0.93900000,0.93900000,0.93800000,0.93800000,245.33000000,2026-06-09 10:00:59,230.24634000,2
2026-06-09 10:01:00,0.93800000,0.93800000,0.93800000,0.93800000,0.00000000,2026-06-09 10:01:59,0.00000000,0
2026-06-09 10:02:00,0.93800000,0.93800000,0.93800000,0.93800000,470.07000000,2026-06-09 10:02:59,440.92566000,2
2026-06-09 10:03:00,0.93800000,0.93800000,0.93800000,0.93800000,143.13000000,2026-06-09 10:03:59,134.25594000,3
2026-06-09 10:04:00,0.93800000,0.93800000,0.93800000,0.93800000,0.00000000,2026-06-09 10:04:59,0.00000000,0
2026-06-09 10:05:00,0.93900000,0.94000000,0.93900000,0.94000000,1000.33000000,2026-06-09 10:05:59,939.99504000,6
2026-06-09 10:06:00,0.94000000,0.94000000,0.94000000,0.94000000,195.75000000,2026-06-09 10:06:59,184.00500000,1
2026-06-09 10:07:00,0.94000000,0.94000000,0.94000000,0.94000000,1128.50000000,2026-06-09 10:07:59,1060.79000000,4
2026-06-09 10:08:00,0.94000000,0.94000000,0.94000000,0.94000000,1567.61000000,2026-06-09 10:08:59,1473.55340000,1
2026-06-09 10:09:00,0.94000000,0.94000000,0.94000000,0.94000000,0.00000000,2026-06-09 10:09:59,0.00000000,0
2026-06-09 10:10:00,0.94100000,0.94100000,0.94100000,0.94100000,10.62000000,2026-06-09 10:10:59,9.99342000,1
2026-06-09 10:11:00,0.94100000,0.94100000,0.94100000,0.94100000,0.00000000,2026-06-09 10:11:59,0.00000000,0
2026-06-09 10:12:00,0.94000000,0.94000000,0.94000000,0.94000000,150.64000000,2026-06-09 10:12:59,141.60160000,4
2026-06-09 10:13:00,0.94000000,0.94000000,0.93900000,0.93900000,2329.99000000,2026-06-09 10:13:59,2190.16496000,7
2026-06-09 10:14:00,0.93900000,0.93900000,0.93900000,0.93900000,0.00000000,2026-06-09 10:14:59,0.00000000,0
2026-06-09 10:15:00,0.93900000,0.93900000,0.93900000,0.93900000,306.29000000,2026-06-09 10:15:59,287.60631000,2
2026-06-09 10:16:00,0.93800000,0.93800000,0.93800000,0.93800000,85.35000000,2026-06-09 10:16:59,80.05830000,1
2026-06-09 10:17:00,0.93800000,0.93800000,0.93800000,0.93800000,98.28000000,2026-06-09 10:17:59,92.18664000,2
2026-06-09 10:18:00,0.93800000,0.93800000,0.93800000,0.93800000,0.00000000,2026-06-09 10:18:59,0.00000000,0
2026-06-09 10:19:00,0.93600000,0.93600000,0.93500000,0.93500000,1190.44000000,2026-06-09 10:19:59,1114.05609000,11
2026-06-09 10:20:00,0.93600000,0.93600000,0.93600000,0.93600000,899.15000000,2026-06-09 10:20:59,841.60440000,2
2026-06-09 10:21:00,0.93600000,0.93600000,0.93600000,0.93600000,1111.94000000,2026-06-09 10:21:59,1040.77584000,1
2026-06-09 10:22:00,0.93500000,0.93500000,0.93500000,0.93500000,81.00000000,2026-06-09 10:22:59,75.73500000,2
2026-06-09 10:23:00,0.93500000,0.93500000,0.93500000,0.93500000,50.00000000,2026-06-09 10:23:59,46.75000000,1
2026-06-09 10:24:00,0.93500000,0.93500000,0.93500000,0.93500000,0.00000000,2026-06-09 10:24:59,0.00000000,0
2026-06-09 10:25:00,0.93500000,0.93500000,0.93500000,0.93500000,0.00000000,2026-06-09 10:25:59,0.00000000,0
2026-06-09 10:26:00,0.93400000,0.93400000,0.93400000,0.93400000,526.94000000,2026-06-09 10:26:59,492.16196000,5
2026-06-09 10:27:00,0.93500000,0.93500000,0.93500000,0.93500000,235.00000000,2026-06-09 10:27:59,219.72500000,5
2026-06-09 10:28:00,0.93500000,0.93500000,0.93500000,0.93500000,0.00000000,2026-06-09 10:28:59,0.00000000,0
2026-06-09 10:29:00,0.93500000,0.93500000,0.93500000,0.93500000,0.00000000,2026-06-09 10:29:59,0.00000000,0
2026-06-09 10:30:00,0.93400000,0.93400000,0.93300000,0.93300000,286.56000000,2026-06-09 10:30:59,267.46204000,4
2026-06-09 10:31:00,0.93400000,0.93500000,0.93300000,0.93300000,4105.59000000,2026-06-09 10:31:59,3832.28120000,31
2026-06-09 10:32:00,0.93500000,0.93500000,0.93500000,0.93500000,173.63000000,2026-06-09 10:32:59,162.34405000,3
2026-06-09 10:33:00,0.93500000,0.93500000,0.93400000,0.93400000,401.22000000,2026-06-09 10:33:59,374.84187000,7
2026-06-09 10:34:00,0.93300000,0.93300000,0.93300000,0.93300000,1112.02000000,2026-06-09 10:34:59,1037.51466000,6
2026-06-09 10:35:00,0.93300000,0.93300000,0.93300000,0.93300000,499.39000000,2026-06-09 10:35:59,465.93087000,5
2026-06-09 10:36:00,0.93200000,0.93200000,0.93200000,0.93200000,62.52000000,2026-06-09 10:36:59,58.26864000,2
2026-06-09 10:37:00,0.93200000,0.93200000,0.93100000,0.93100000,804.80000000,2026-06-09 10:37:59,749.31122000,9
2026-06-09 10:38:00,0.93400000,0.93400000,0.93400000,0.93400000,23.18000000,2026-06-09 10:38:59,21.65012000,1
2026-06-09 10:39:00,0.93400000,0.93400000,0.93400000,0.93400000,517.51000000,2026-06-09 10:39:59,483.35434000,4
2026-06-09 10:40:00,0.93200000,0.93300000,0.93200000,0.93300000,2077.39000000,2026-06-09 10:40:59,1936.24881000,7
2026-06-09 10:41:00,0.93300000,0.93300000,0.93200000,0.93300000,1629.43000000,2026-06-09 10:41:59,1520.03465000,9
2026-06-09 10:42:00,0.93300000,0.93400000,0.93300000,0.93400000,147.99000000,2026-06-09 10:42:59,138.21581000,4
2026-06-09 10:43:00,0.93500000,0.93500000,0.93500000,0.93500000,75.87000000,2026-06-09 10:43:59,70.93845000,2
2026-06-09 10:44:00,0.93500000,0.93500000,0.93500000,0.93500000,43.84000000,2026-06-09 10:44:59,40.99040000,1
2026-06-09 10:45:00,0.93500000,0.93500000,0.93500000,0.93500000,258.83000000,2026-06-09 10:45:59,242.00605000,2
2026-06-09 10:46:00,0.93600000,0.93700000,0.93600000,0.93700000,216.10000000,2026-06-09 10:46:59,202.46502000,3
2026-06-09 10:47:00,0.93700000,0.93700000,0.93700000,0.93700000,0.00000000,2026-06-09 10:47:59,0.00000000,0
2026-06-09 10:48:00,0.93800000,0.93800000,0.93800000,0.93800000,241.90000000,2026-06-09 10:48:59,226.90220000,2
2026-06-09 10:49:00,0.93900000,0.94100000,0.93900000,0.93900000,4535.31000000,2026-06-09 10:49:59,4263.46831000,24
2026-06-09 10:50:00,0.93900000,0.93900000,0.93800000,0.93800000,1578.86000000,2026-06-09 10:50:59,1482.54354000,8
2026-06-09 10:51:00,0.93800000,0.93900000,0.93800000,0.93900000,314.80000000,2026-06-09 10:51:59,295.33911000,6
2026-06-09 10:52:00,0.94000000,0.94000000,0.93900000,0.93900000,120.88000000,2026-06-09 10:52:59,113.60402000,2
2026-06-09 10:53:00,0.93900000,0.93900000,0.93900000,0.93900000,5.43000000,2026-06-09 10:53:59,5.09877000,1
2026-06-09 10:54:00,0.93800000,0.93800000,0.93600000,0.93600000,13292.18000000,2026-06-09 10:54:59,12466.18926000,20
2026-06-09 10:55:00,0.93600000,0.93600000,0.93600000,0.93600000,172.59000000,2026-06-09 10:55:59,161.54424000,2
2026-06-09 10:56:00,0.93700000,0.93700000,0.93700000,0.93700000,121.58000000,2026-06-09 10:56:59,113.92046000,1
2026-06-09 10:57:00,0.93700000,0.93700000,0.93700000,0.93700000,0.00000000,2026-06-09 10:57:59,0.00000000,0
2026-06-09 10:58:00,0.93700000,0.93700000,0.93700000,0.93700000,20.55000000,2026-06-09 10:58:59,19.25535000,1
2026-06-09 10:59:00,0.93700000,0.93700000,0.93600000,0.93600000,891.94000000,2026-06-09 10:59:59,835.15685000,7
2026-06-09 11:00:00,0.93600000,0.93600000,0.93600000,0.93600000,0.00000000,2026-06-09 11:00:59,0.00000000,0
2026-06-09 11:01:00,0.93600000,0.93600000,0.93600000,0.93600000,1759.08000000,2026-06-09 11:01:59,1646.49888000,5
2026-06-09 11:02:00,0.93500000,0.93500000,0.93500000,0.93500000,1615.28000000,2026-06-09 11:02:59,1510.28680000,5
2026-06-09 11:03:00,0.93500000,0.93500000,0.93400000,0.93400000,942.11000000,2026-06-09 11:03:59,880.81685000,27
2026-06-09 11:04:00,0.93400000,0.93400000,0.93200000,0.93200000,1371.01000000,2026-06-09 11:04:59,1279.45038000,8
2026-06-09 11:05:00,0.93300000,0.93300000,0.93200000,0.93300000,2003.20000000,2026-06-09 11:05:59,1868.79091000,10
2026-06-09 11:06:00,0.93300000,0.93300000,0.93300000,0.93300000,40.00000000,2026-06-09 11:06:59,37.32000000,1
2026-06-09 11:07:00,0.93300000,0.93300000,0.93300000,0.93300000,40.00000000,2026-06-09 11:07:59,37.32000000,1
2026-06-09 11:08:00,0.93300000,0.93600000,0.93300000,0.93600000,2808.26000000,2026-06-09 11:08:59,2624.28568000,20
2026-06-09 11:09:00,0.93500000,0.93500000,0.93300000,0.93300000,1400.40000000,2026-06-09 11:09:59,1308.39754000,9
2026-06-09 11:10:00,0.93300000,0.93300000,0.93300000,0.93300000,543.09000000,2026-06-09 11:10:59,506.70297000,4
2026-06-09 11:11:00,0.93100000,0.93100000,0.93000000,0.93100000,1864.28000000,2026-06-09 11:11:59,1734.64577000,15
2026-06-09 11:12:00,0.93200000,0.93300000,0.93100000,0.93100000,594.40000000,2026-06-09 11:12:59,553.44955000,6
2026-06-09 11:13:00,0.93100000,0.93100000,0.93100000,0.93100000,779.01000000,2026-06-09 11:13:59,725.25831000,3
2026-06-09 11:14:00,0.93000000,0.93000000,0.92800000,0.92800000,597.43000000,2026-06-09 11:14:59,554.71369000,5
2026-06-09 11:15:00,0.92900000,0.93000000,0.92900000,0.93000000,733.33000000,2026-06-09 11:15:59,681.80120000,5
2026-06-09 11:16:00,0.92800000,0.92900000,0.92700000,0.92800000,7388.60000000,2026-06-09 11:16:59,6856.40343000,19
2026-06-09 11:17:00,0.92700000,0.92700000,0.92500000,0.92500000,233.86000000,2026-06-09 11:17:59,216.53026000,3
2026-06-09 11:18:00,0.92500000,0.92600000,0.92400000,0.92400000,2142.50000000,2026-06-09 11:18:59,1981.68283000,11
2026-06-09 11:19:00,0.92400000,0.92400000,0.92400000,0.92400000,3098.59000000,2026-06-09 11:19:59,2863.09716000,6
2026-06-09 11:20:00,0.92300000,0.92300000,0.92200000,0.92200000,2542.50000000,2026-06-09 11:20:59,2346.52725000,20
2026-06-09 11:21:00,0.92000000,0.92100000,0.92000000,0.92100000,3817.41000000,2026-06-09 11:21:59,3512.06275000,18
2026-06-09 11:22:00,0.92200000,0.92400000,0.92200000,0.92400000,812.73000000,2026-06-09 11:22:59,749.98610000,13
2026-06-09 11:23:00,0.92500000,0.92500000,0.92400000,0.92400000,1325.44000000,2026-06-09 11:23:59,1225.00001000,6
2026-06-09 11:24:00,0.92400000,0.92400000,0.92300000,0.92400000,8000.72000000,2026-06-09 11:24:59,7385.04786000,27
2026-06-09 11:25:00,0.92400000,0.92400000,0.92400000,0.92400000,432.56000000,2026-06-09 11:25:59,399.68544000,3
2026-06-09 11:26:00,0.92300000,0.92300000,0.92300000,0.92300000,255.52000000,2026-06-09 11:26:59,235.84496000,5
2026-06-09 11:27:00,0.92200000,0.92300000,0.92100000,0.92100000,1479.67000000,2026-06-09 11:27:59,1364.26305000,8
2026-06-09 11:28:00,0.92200000,0.92200000,0.92200000,0.92200000,1013.81000000,2026-06-09 11:28:59,934.73282000,3
2026-06-09 11:29:00,0.91900000,0.92000000,0.91800000,0.91900000,418.91000000,2026-06-09 11:29:59,384.96025000,7
2026-06-09 11:30:00,0.91700000,0.91800000,0.91500000,0.91600000,1026.26000000,2026-06-09 11:30:59,940.49444000,10
2026-06-09 11:31:00,0.91600000,0.91800000,0.91600000,0.91800000,1796.31000000,2026-06-09 11:31:59,1648.74821000,10
2026-06-09 11:32:00,0.92000000,0.92000000,0.91900000,0.92000000,429.14000000,2026-06-09 11:32:59,394.80249000,7
2026-06-09 11:33:00,0.92000000,0.92000000,0.91900000,0.91900000,194.76000000,2026-06-09 11:33:59,179.01642000,3
2026-06-09 11:34:00,0.92000000,0.92100000,0.92000000,0.92000000,1028.61000000,2026-06-09 11:34:59,946.57514000,7
2026-06-09 11:35:00,0.91900000,0.91900000,0.91500000,0.91500000,4955.34000000,2026-06-09 11:35:59,4537.25551000,24
2026-06-09 11:36:00,0.91600000,0.91700000,0.91600000,0.91700000,1070.24000000,2026-06-09 11:36:59,980.41008000,6
2026-06-09 11:37:00,0.91800000,0.92000000,0.91800000,0.92000000,443.75000000,2026-06-09 11:37:59,407.86845000,5
2026-06-09 11:38:00,0.92000000,0.92000000,0.91900000,0.91900000,125.04000000,2026-06-09 11:38:59,114.93220000,5
2026-06-09 11:39:00,0.91900000,0.91900000,0.91900000,0.91900000,218.70000000,2026-06-09 11:39:59,200.98530000,3
2026-06-09 11:40:00,0.91900000,0.92000000,0.91900000,0.92000000,829.62000000,2026-06-09 11:40:59,763.15270000,7
2026-06-09 11:41:00,0.92100000,0.92100000,0.92100000,0.92100000,97.70000000,2026-06-09 11:41:59,89.98170000,1
2026-06-09 11:42:00,0.92100000,0.92100000,0.92100000,0.92100000,0.00000000,2026-06-09 11:42:59,0.00000000,0
2026-06-09 11:43:00,0.91900000,0.91900000,0.91700000,0.91700000,74.46000000,2026-06-09 11:43:59,68.39407000,3
2026-06-09 11:44:00,0.91800000,0.91800000,0.91600000,0.91600000,12864.93000000,2026-06-09 11:44:59,11791.85522000,30
2026-06-09 11:45:00,0.91600000,0.91700000,0.91600000,0.91700000,856.70000000,2026-06-09 11:45:59,785.49620000,6
2026-06-09 11:46:00,0.91600000,0.91600000,0.91400000,0.91400000,704.42000000,2026-06-09 11:46:59,644.10442000,10
2026-06-09 11:47:00,0.91500000,0.91500000,0.91300000,0.91300000,3182.87000000,2026-06-09 11:47:59,2909.53535000,18
2026-06-09 11:48:00,0.91300000,0.91300000,0.91300000,0.91300000,3667.16000000,2026-06-09 11:48:59,3348.11708000,7
2026-06-09 11:49:00,0.91500000,0.91600000,0.91400000,0.91400000,226.25000000,2026-06-09 11:49:59,207.11591000,5
2026-06-09 11:50:00,0.91500000,0.91500000,0.91500000,0.91500000,1697.22000000,2026-06-09 11:50:59,1552.95630000,13
2026-06-09 11:51:00,0.91600000,0.91800000,0.91600000,0.91800000,1152.25000000,2026-06-09 11:51:59,1056.62877000,7
2026-06-09 11:52:00,0.91900000,0.91900000,0.91800000,0.91900000,1247.30000000,2026-06-09 11:52:59,1145.97338000,9
2026-06-09 11:53:00,0.91800000,0.91800000,0.91700000,0.91700000,1399.78000000,2026-06-09 11:53:59,1284.91614000,5
2026-06-09 11:54:00,0.91900000,0.91900000,0.91900000,0.91900000,120.53000000,2026-06-09 11:54:59,110.76707000,3
2026-06-09 11:55:00,0.92000000,0.92000000,0.92000000,0.92000000,139.40000000,2026-06-09 11:55:59,128.24800000,2
2026-06-09 11:56:00,0.92100000,0.92100000,0.91900000,0.91900000,6502.20000000,2026-06-09 11:56:59,5987.70837000,28
2026-06-09 11:57:00,0.92000000,0.92200000,0.92000000,0.92200000,720.95000000,2026-06-09 11:57:59,664.23353000,5
2026-06-09 11:58:00,0.92200000,0.92300000,0.92200000,0.92300000,95.72000000,2026-06-09 11:58:59,88.29482000,3
2026-06-09 11:59:00,0.92300000,0.92500000,0.92300000,0.92500000,735.81000000,2026-06-09 11:59:59,680.33610000,6
2026-06-09 12:00:00,0.92500000,0.92500000,0.92400000,0.92400000,3753.61000000,2026-06-09 12:00:59,3471.08910000,10
2026-06-09 12:01:00,0.92400000,0.92400000,0.92400000,0.92400000,309.69000000,2026-06-09 12:01:59,286.15356000,2
2026-06-09 12:02:00,0.92300000,0.92400000,0.92300000,0.92400000,2110.36000000,2026-06-09 12:02:59,1947.95683000,8
2026-06-09 12:03:00,0.92500000,0.92500000,0.92400000,0.92400000,1312.96000000,2026-06-09 12:03:59,1214.47600000,17
2026-06-09 12:04:00,0.92500000,0.92600000,0.92400000,0.92600000,3021.30000000,2026-06-09 12:04:59,2794.55434000,12
2026-06-09 12:05:00,0.92600000,0.92600000,0.92600000,0.92600000,110.88000000,2026-06-09 12:05:59,102.67488000,1
2026-06-09 12:06:00,0.92700000,0.92700000,0.92700000,0.92700000,215.49000000,2026-06-09 12:06:59,199.75923000,4
2026-06-09 12:07:00,0.92700000,0.92700000,0.92700000,0.92700000,194.82000000,2026-06-09 12:07:59,180.59814000,1
2026-06-09 12:08:00,0.92800000,0.92800000,0.92800000,0.92800000,227.22000000,2026-06-09 12:08:59,210.86016000,3
2026-06-09 12:09:00,0.92800000,0.92800000,0.92800000,0.92800000,1457.87000000,2026-06-09 12:09:59,1352.90336000,4
2026-06-09 12:10:00,0.92900000,0.92900000,0.92800000,0.92900000,2689.63000000,2026-06-09 12:10:59,2497.66578000,18
2026-06-09 12:11:00,0.92800000,0.92900000,0.92800000,0.92900000,830.93000000,2026-06-09 12:11:59,771.65252000,11
2026-06-09 12:12:00,0.92800000,0.92800000,0.92700000,0.92700000,43.61000000,2026-06-09 12:12:59,40.43456000,3
2026-06-09 12:13:00,0.92600000,0.92800000,0.92600000,0.92800000,309.36000000,2026-06-09 12:13:59,287.02077000,5
2026-06-09 12:14:00,0.92900000,0.92900000,0.92900000,0.92900000,283.86000000,2026-06-09 12:14:59,263.70594000,4
2026-06-09 12:15:00,0.92800000,0.92900000,0.92800000,0.92900000,574.28000000,2026-06-09 12:15:59,533.03835000,7
2026-06-09 12:16:00,0.92800000,0.92800000,0.92600000,0.92600000,1465.15000000,2026-06-09 12:16:59,1357.39891000,10
2026-06-09 12:17:00,0.92600000,0.92600000,0.92400000,0.92400000,268.06000000,2026-06-09 12:17:59,247.95527000,3
2026-06-09 12:18:00,0.92500000,0.92500000,0.92500000,0.92500000,362.94000000,2026-06-09 12:18:59,335.71950000,1
2026-06-09 12:19:00,0.92500000,0.92500000,0.92500000,0.92500000,0.00000000,2026-06-09 12:19:59,0.00000000,0
2026-06-09 12:20:00,0.92600000,0.92600000,0.92600000,0.92600000,1164.82000000,2026-06-09 12:20:59,1078.62332000,8
2026-06-09 12:21:00,0.92600000,0.92600000,0.92600000,0.92600000,8.32000000,2026-06-09 12:21:59,7.70432000,1
2026-06-09 12:22:00,0.92500000,0.92500000,0.92500000,0.92500000,64.80000000,2026-06-09 12:22:59,59.94000000,2
2026-06-09 12:23:00,0.92400000,0.92400000,0.92100000,0.92100000,1398.97000000,2026-06-09 12:23:59,1289.95005000,11
2026-06-09 12:24:00,0.92000000,0.92000000,0.92000000,0.92000000,37.02000000,2026-06-09 12:24:59,34.05840000,1
2026-06-09 12:25:00,0.92100000,0.92100000,0.92100000,0.92100000,215.84000000,2026-06-09 12:25:59,198.78864000,4
2026-06-09 12:26:00,0.92100000,0.92100000,0.92000000,0.92000000,206.28000000,2026-06-09 12:26:59,189.87530000,2
2026-06-09 12:27:00,0.92000000,0.92200000,0.92000000,0.92200000,3437.78000000,2026-06-09 12:27:59,3168.50380000,14
2026-06-09 12:28:00,0.91900000,0.91900000,0.91900000,0.91900000,108.58000000,2026-06-09 12:28:59,99.78502000,1
2026-06-09 12:29:00,0.91800000,0.91800000,0.91700000,0.91700000,414.91000000,2026-06-09 12:29:59,380.74806000,9
2026-06-09 12:30:00,0.91800000,0.91800000,0.91800000,0.91800000,57.47000000,2026-06-09 12:30:59,52.75746000,1
2026-06-09 12:31:00,0.91700000,0.91700000,0.91700000,0.91700000,148.31000000,2026-06-09 12:31:59,136.00027000,4
2026-06-09 12:32:00,0.91700000,0.91900000,0.91700000,0.91700000,537.19000000,2026-06-09 12:32:59,493.39657000,5
2026-06-09 12:33:00,0.91600000,0.91600000,0.91600000,0.91600000,232.02000000,2026-06-09 12:33:59,212.53032000,4
2026-06-09 12:34:00,0.91700000,0.91700000,0.91700000,0.91700000,39.87000000,2026-06-09 12:34:59,36.56079000,1
2026-06-09 12:35:00,0.91700000,0.91700000,0.91600000,0.91600000,716.58000000,2026-06-09 12:35:59,656.68673000,7
2026-06-09 12:36:00,0.91700000,0.91700000,0.91600000,0.91600000,227.54000000,2026-06-09 12:36:59,208.60333000,7
2026-06-09 12:37:00,0.91500000,0.91600000,0.91500000,0.91500000,62.50000000,2026-06-09 12:37:59,57.19350000,6
2026-06-09 12:38:00,0.91500000,0.91500000,0.91500000,0.91500000,108.26000000,2026-06-09 12:38:59,99.05790000,1
2026-06-09 12:39:00,0.91700000,0.91800000,0.91700000,0.91700000,4923.55000000,2026-06-09 12:39:59,4517.56567000,20
2026-06-09 12:40:00,0.91800000,0.91900000,0.91800000,0.91800000,370.92000000,2026-06-09 12:40:59,340.55672000,4
2026-06-09 12:41:00,0.91800000,0.91800000,0.91800000,0.91800000,0.00000000,2026-06-09 12:41:59,0.00000000,0
2026-06-09 12:42:00,0.91900000,0.91900000,0.91900000,0.91900000,56.26000000,2026-06-09 12:42:59,51.70294000,2
2026-06-09 12:43:00,0.91900000,0.91900000,0.91900000,0.91900000,0.00000000,2026-06-09 12:43:59,0.00000000,0
2026-06-09 12:44:00,0.91800000,0.91800000,0.91800000,0.91800000,97.70000000,2026-06-09 12:44:59,89.68860000,2
2026-06-09 12:45:00,0.91800000,0.91800000,0.91700000,0.91700000,301.04000000,2026-06-09 12:45:59,276.23589000,4
2026-06-09 12:46:00,0.91600000,0.91600000,0.91600000,0.91600000,297.01000000,2026-06-09 12:46:59,272.06116000,4
2026-06-09 12:47:00,0.91700000,0.91700000,0.91700000,0.91700000,427.38000000,2026-06-09 12:47:59,391.90746000,4
2026-06-09 12:48:00,0.91700000,0.91700000,0.91700000,0.91700000,97.70000000,2026-06-09 12:48:59,89.59090000,1
2026-06-09 12:49:00,0.91800000,0.91800000,0.91800000,0.91800000,195.40000000,2026-06-09 12:49:59,179.37720000,2
2026-06-09 12:50:00,0.91800000,0.91800000,0.91700000,0.91700000,405.57000000,2026-06-09 12:50:59,372.26076000,4
2026-06-09 12:51:00,0.91700000,0.91900000,0.91700000,0.91900000,141.22000000,2026-06-09 12:51:59,129.72074000,4
2026-06-09 12:52:00,0.92000000,0.92000000,0.92000000,0.92000000,104.84000000,2026-06-09 12:52:59,96.45280000,2
2026-06-09 12:53:00,0.91900000,0.91900000,0.91500000,0.91800000,14370.86000000,2026-06-09 12:53:59,13166.11492000,69
2026-06-09 12:54:00,0.91700000,0.91700000,0.91700000,0.91700000,109.05000000,2026-06-09 12:54:59,99.99885000,1
2026-06-09 12:55:00,0.91700000,0.91700000,0.91500000,0.91600000,820.48000000,2026-06-09 12:55:59,751.47071000,10
2026-06-09 12:56:00,0.91600000,0.91700000,0.91600000,0.91700000,119.19000000,2026-06-09 12:56:59,109.28446000,3
2026-06-09 12:57:00,0.91400000,0.91400000,0.91300000,0.91300000,3106.10000000,2026-06-09 12:57:59,2838.95081000,10
2026-06-09 12:58:00,0.91300000,0.91400000,0.91300000,0.91300000,379.85000000,2026-06-09 12:58:59,346.99845000,4
2026-06-09 12:59:00,0.91500000,0.91500000,0.91500000,0.91500000,25.50000000,2026-06-09 12:59:59,23.33250000,1
2026-06-09 13:00:00,0.91400000,0.91600000,0.91400000,0.91500000,5778.06000000,2026-06-09 13:00:59,5287.10339000,18
2026-06-09 13:01:00,0.91600000,0.91600000,0.91500000,0.91500000,120.64000000,2026-06-09 13:01:59,110.46966000,6
2026-06-09 13:02:00,0.91500000,0.91500000,0.91200000,0.91200000,507.63000000,2026-06-09 13:02:59,463.65186000,13
2026-06-09 13:03:00,0.91200000,0.91300000,0.91200000,0.91300000,490.42000000,2026-06-09 13:03:59,447.63653000,6
2026-06-09 13:04:00,0.91200000,0.91300000,0.91100000,0.91200000,1352.83000000,2026-06-09 13:04:59,1233.19652000,11
2026-06-09 13:05:00,0.91100000,0.91100000,0.90800000,0.90900000,1006.83000000,2026-06-09 13:05:59,916.23118000,26
2026-06-09 13:06:00,0.90900000,0.90900000,0.90700000,0.90900000,3279.19000000,2026-06-09 13:06:59,2978.75407000,31
2026-06-09 13:07:00,0.90900000,0.91000000,0.90800000,0.90800000,444.28000000,2026-06-09 13:07:59,403.48439000,5
2026-06-09 13:08:00,0.90900000,0.90900000,0.90800000,0.90900000,460.46000000,2026-06-09 13:08:59,418.50414000,5
2026-06-09 13:09:00,0.90900000,0.91200000,0.90900000,0.91200000,1317.82000000,2026-06-09 13:09:59,1200.08263000,15
2026-06-09 13:10:00,0.91100000,0.91100000,0.91000000,0.91000000,109.59000000,2026-06-09 13:10:59,99.73879000,3
2026-06-09 13:11:00,0.91100000,0.91300000,0.91100000,0.91200000,5025.41000000,2026-06-09 13:11:59,4583.24523000,18
2026-06-09 13:12:00,0.91200000,0.91200000,0.91200000,0.91200000,0.00000000,2026-06-09 13:12:59,0.00000000,0
2026-06-09 13:13:00,0.91100000,0.91100000,0.91000000,0.91000000,58.67000000,2026-06-09 13:13:59,53.44257000,2
2026-06-09 13:14:00,0.91000000,0.91000000,0.90900000,0.90900000,373.46000000,2026-06-09 13:14:59,339.77774000,5
2026-06-09 13:15:00,0.90900000,0.90900000,0.90800000,0.90800000,610.04000000,2026-06-09 13:15:59,554.02368000,9
2026-06-09 13:16:00,0.90900000,0.90900000,0.90900000,0.90900000,10.98000000,2026-06-09 13:16:59,9.98082000,1
2026-06-09 13:17:00,0.90900000,0.91000000,0.90800000,0.90800000,575.75000000,2026-06-09 13:17:59,523.52815000,7
2026-06-09 13:18:00,0.91000000,0.91000000,0.91000000,0.91000000,254.00000000,2026-06-09 13:18:59,231.14000000,4
2026-06-09 13:19:00,0.90900000,0.90900000,0.90600000,0.90600000,901.15000000,2026-06-09 13:19:59,817.25408000,16
2026-06-09 13:20:00,0.90500000,0.90500000,0.90300000,0.90500000,2172.76000000,2026-06-09 13:20:59,1963.80598000,25
2026-06-09 13:21:00,0.90700000,0.90700000,0.90700000,0.90700000,31.82000000,2026-06-09 13:21:59,28.86074000,1
2026-06-09 13:22:00,0.90800000,0.90900000,0.90800000,0.90900000,341.04000000,2026-06-09 13:22:59,309.80961000,2
2026-06-09 13:23:00,0.90900000,0.90900000,0.90900000,0.90900000,481.36000000,2026-06-09 13:23:59,437.55624000,4
2026-06-09 13:24:00,0.90900000,0.90900000,0.90900000,0.90900000,198.86000000,2026-06-09 13:24:59,180.76374000,2
2026-06-09 13:25:00,0.90900000,0.90900000,0.90800000,0.90800000,363.39000000,2026-06-09 13:25:59,330.14530000,4
2026-06-09 13:26:00,0.90700000,0.90700000,0.90600000,0.90600000,129.61000000,2026-06-09 13:26:59,117.52436000,2
2026-06-09 13:27:00,0.90600000,0.90700000,0.90600000,0.90700000,580.27000000,2026-06-09 13:27:59,526.11612000,4
2026-06-09 13:28:00,0.90800000,0.90800000,0.90800000,0.90800000,97.70000000,2026-06-09 13:28:59,88.71160000,1
2026-06-09 13:29:00,0.90900000,0.91000000,0.90900000,0.91000000,293.13000000,2026-06-09 13:29:59,266.58478000,4
2026-06-09 13:30:00,0.91000000,0.91000000,0.91000000,0.91000000,39.21000000,2026-06-09 13:30:59,35.68110000,2
2026-06-09 13:31:00,0.91000000,0.91000000,0.91000000,0.91000000,0.00000000,2026-06-09 13:31:59,0.00000000,0
2026-06-09 13:32:00,0.91300000,0.91400000,0.91300000,0.91400000,1084.25000000,2026-06-09 13:32:59,990.92219000,13
2026-06-09 13:33:00,0.91400000,0.91400000,0.91400000,0.91400000,0.00000000,2026-06-09 13:33:59,0.00000000,0
2026-06-09 13:34:00,0.91300000,0.91300000,0.91300000,0.91300000,187.60000000,2026-06-09 13:34:59,171.27880000,4
2026-06-09 13:35:00,0.91400000,0.91500000,0.91400000,0.91500000,85.85000000,2026-06-09 13:35:59,78.48875000,2
2026-06-09 13:36:00,0.91500000,0.91500000,0.91500000,0.91500000,27.17000000,2026-06-09 13:36:59,24.86055000,1
2026-06-09 13:37:00,0.91500000,0.91500000,0.91500000,0.91500000,1266.87000000,2026-06-09 13:37:59,1159.18605000,6
2026-06-09 13:38:00,0.91400000,0.91400000,0.90500000,0.90500000,24561.09000000,2026-06-09 13:38:59,22355.59353000,103
2026-06-09 13:39:00,0.90400000,0.90400000,0.90100000,0.90100000,5826.18000000,2026-06-09 13:39:59,5258.26451000,47
2026-06-09 13:40:00,0.90200000,0.90200000,0.90200000,0.90200000,999.12000000,2026-06-09 13:40:59,901.20624000,4
2026-06-09 13:41:00,0.90500000,0.90700000,0.90500000,0.90600000,1209.54000000,2026-06-09 13:41:59,1095.88057000,10
2026-06-09 13:42:00,0.90500000,0.90600000,0.90500000,0.90600000,382.53000000,2026-06-09 13:42:59,346.51910000,4
2026-06-09 13:43:00,0.90600000,0.91000000,0.90600000,0.91000000,448.85000000,2026-06-09 13:43:59,407.50660000,10
2026-06-09 13:44:00,0.90900000,0.90900000,0.90900000,0.90900000,7.37000000,2026-06-09 13:44:59,6.69933000,1
2026-06-09 13:45:00,0.91100000,0.91100000,0.91000000,0.91000000,1032.69000000,2026-06-09 13:45:59,940.68289000,7
2026-06-09 13:46:00,0.90800000,0.90800000,0.90800000,0.90800000,267.84000000,2026-06-09 13:46:59,243.19872000,5
2026-06-09 13:47:00,0.90800000,0.90800000,0.90800000,0.90800000,0.00000000,2026-06-09 13:47:59,0.00000000,0
2026-06-09 13:48:00,0.90900000,0.90900000,0.90600000,0.90600000,3096.03000000,2026-06-09 13:48:59,2807.95191000,25
2026-06-09 13:49:00,0.90600000,0.90600000,0.90600000,0.90600000,0.00000000,2026-06-09 13:49:59,0.00000000,0
2026-06-09 13:50:00,0.90800000,0.90800000,0.90700000,0.90700000,109.16000000,2026-06-09 13:50:59,99.01362000,3
2026-06-09 13:51:00,0.90700000,0.90800000,0.90700000,0.90800000,935.47000000,2026-06-09 13:51:59,849.33620000,8
2026-06-09 13:52:00,0.90800000,0.90800000,0.90800000,0.90800000,0.00000000,2026-06-09 13:52:59,0.00000000,0
2026-06-09 13:53:00,0.90500000,0.90700000,0.90500000,0.90700000,609.33000000,2026-06-09 13:53:59,552.21501000,8
2026-06-09 13:54:00,0.90700000,0.90700000,0.90700000,0.90700000,150.00000000,2026-06-09 13:54:59,136.05000000,2
2026-06-09 13:55:00,0.90800000,0.90800000,0.90800000,0.90800000,31.83000000,2026-06-09 13:55:59,28.90164000,1
2026-06-09 13:56:00,0.90900000,0.90900000,0.90800000,0.90900000,2629.40000000,2026-06-09 13:56:59,2388.13268000,13
2026-06-09 13:57:00,0.90900000,0.91100000,0.90900000,0.91100000,1347.31000000,2026-06-09 13:57:59,1225.91726000,10
2026-06-09 13:58:00,0.91200000,0.91200000,0.91200000,0.91200000,142.47000000,2026-06-09 13:58:59,129.93264000,2
2026-06-09 13:59:00,0.91300000,0.91300000,0.91200000,0.91200000,797.18000000,2026-06-09 13:59:59,727.81501000,5
2026-06-09 14:00:00,0.91200000,0.91300000,0.91200000,0.91300000,2255.64000000,2026-06-09 14:00:59,2058.20039000,10
2026-06-09 14:01:00,0.91400000,0.91400000,0.91400000,0.91400000,168.79000000,2026-06-09 14:01:59,154.27406000,3
2026-06-09 14:02:00,0.91500000,0.91500000,0.91500000,0.91500000,358.42000000,2026-06-09 14:02:59,327.95430000,3
2026-06-09 14:03:00,0.91600000,0.91700000,0.91500000,0.91700000,702.53000000,2026-06-09 14:03:59,643.88128000,12
2026-06-09 14:04:00,0.91800000,0.91900000,0.91800000,0.91800000,735.58000000,2026-06-09 14:04:59,675.92966000,9
2026-06-09 14:05:00,0.91800000,0.91900000,0.91800000,0.91900000,1570.75000000,2026-06-09 14:05:59,1442.13950000,5
2026-06-09 14:06:00,0.91700000,0.91700000,0.91700000,0.91700000,663.32000000,2026-06-09 14:06:59,608.26444000,3
2026-06-09 14:07:00,0.91800000,0.91800000,0.91800000,0.91800000,103.70000000,2026-06-09 14:07:59,95.19660000,2
2026-06-09 14:08:00,0.91800000,0.91800000,0.91800000,0.91800000,627.56000000,2026-06-09 14:08:59,576.10008000,5
2026-06-09 14:09:00,0.91700000,0.91700000,0.91700000,0.91700000,123.88000000,2026-06-09 14:09:59,113.59796000,1
2026-06-09 14:10:00,0.91600000,0.91600000,0.91600000,0.91600000,727.52000000,2026-06-09 14:10:59,666.40832000,7
2026-06-09 14:11:00,0.91800000,0.91900000,0.91800000,0.91900000,45.93000000,2026-06-09 14:11:59,42.16974000,3
2026-06-09 14:12:00,0.92000000,0.92000000,0.92000000,0.92000000,56.87000000,2026-06-09 14:12:59,52.32040000,2
2026-06-09 14:13:00,0.92000000,0.92100000,0.92000000,0.92100000,653.93000000,2026-06-09 14:13:59,601.86402000,6
2026-06-09 14:14:00,0.92100000,0.92200000,0.92000000,0.92000000,1083.30000000,2026-06-09 14:14:59,998.40864000,17
2026-06-09 14:15:00,0.92000000,0.92200000,0.92000000,0.92200000,800.14000000,2026-06-09 14:15:59,737.70738000,6
2026-06-09 14:16:00,0.92100000,0.92200000,0.92100000,0.92200000,559.60000000,2026-06-09 14:16:59,515.85350000,6
2026-06-09 14:17:00,0.92300000,0.92600000,0.92300000,0.92500000,697.16000000,2026-06-09 14:17:59,643.73238000,14
2026-06-09 14:18:00,0.92500000,0.92600000,0.92500000,0.92600000,166.81000000,2026-06-09 14:18:59,154.41674000,4
2026-06-09 14:19:00,0.92700000,0.92800000,0.92700000,0.92800000,210.75000000,2026-06-09 14:19:59,195.41525000,8
2026-06-09 14:20:00,0.92800000,0.92900000,0.92800000,0.92800000,1198.70000000,2026-06-09 14:20:59,1112.75151000,12
2026-06-09 14:21:00,0.92800000,0.92800000,0.92800000,0.92800000,0.00000000,2026-06-09 14:21:59,0.00000000,0
2026-06-09 14:22:00,0.92700000,0.92700000,0.92700000,0.92700000,8.43000000,2026-06-09 14:22:59,7.81461000,1
2026-06-09 14:23:00,0.92700000,0.92800000,0.92700000,0.92700000,841.89000000,2026-06-09 14:23:59,780.44043000,5
2026-06-09 14:24:00,0.92700000,0.92700000,0.92700000,0.92700000,97.70000000,2026-06-09 14:24:59,90.56790000,1
2026-06-09 14:25:00,0.92600000,0.92600000,0.92600000,0.92600000,157.05000000,2026-06-09 14:25:59,145.42830000,4
2026-06-09 14:26:00,0.92600000,0.92700000,0.92600000,0.92700000,122.73000000,2026-06-09 14:26:59,113.69093000,2
2026-06-09 14:27:00,0.92800000,0.92900000,0.92800000,0.92900000,162.40000000,2026-06-09 14:27:59,150.74720000,6
2026-06-09 14:28:00,0.93000000,0.93000000,0.93000000,0.93000000,97.70000000,2026-06-09 14:28:59,90.86100000,3
2026-06-09 14:29:00,0.92900000,0.92900000,0.92800000,0.92800000,132.82000000,2026-06-09 14:29:59,123.33691000,4
2026-06-09 14:30:00,0.92900000,0.92900000,0.92900000,0.92900000,971.92000000,2026-06-09 14:30:59,902.91368000,4
2026-06-09 14:31:00,0.92800000,0.92800000,0.92700000,0.92800000,318.37000000,2026-06-09 14:31:59,295.40710000,5
2026-06-09 14:32:00,0.92800000,0.92800000,0.92800000,0.92800000,48.33000000,2026-06-09 14:32:59,44.85024000,2
2026-06-09 14:33:00,0.92900000,0.92900000,0.92800000,0.92800000,166.57000000,2026-06-09 14:33:59,154.68069000,5
2026-06-09 14:34:00,0.92900000,0.92900000,0.92800000,0.92800000,327.25000000,2026-06-09 14:34:59,303.91325000,3
2026-06-09 14:35:00,0.92700000,0.92700000,0.92600000,0.92700000,2075.93000000,2026-06-09 14:35:59,1923.42786000,14
2026-06-09 14:36:00,0.92700000,0.92700000,0.92600000,0.92600000,2818.16000000,2026-06-09 14:36:59,2611.42330000,9
2026-06-09 14:37:00,0.92800000,0.92900000,0.92800000,0.92800000,341.58000000,2026-06-09 14:37:59,317.03864000,4
2026-06-09 14:38:00,0.92800000,0.92800000,0.92800000,0.92800000,0.00000000,2026-06-09 14:38:59,0.00000000,0
2026-06-09 14:39:00,0.92800000,0.92800000,0.92800000,0.92800000,0.00000000,2026-06-09 14:39:59,0.00000000,0
2026-06-09 14:40:00,0.92800000,0.92800000,0.92800000,0.92800000,0.00000000,2026-06-09 14:40:59,0.00000000,0
2026-06-09 14:41:00,0.92700000,0.92800000,0.92700000,0.92800000,20.95000000,2026-06-09 14:41:59,19.43560000,3
2026-06-09 14:42:00,0.92700000,0.92700000,0.92700000,0.92700000,293.45000000,2026-06-09 14:42:59,272.02815000,3
2026-06-09 14:43:00,0.92700000,0.92800000,0.92700000,0.92800000,160.88000000,2026-06-09 14:43:59,149.21909000,3
2026-06-09 14:44:00,0.92700000,0.92700000,0.92600000,0.92600000,296.49000000,2026-06-09 14:44:59,274.76423000,9
2026-06-09 14:45:00,0.92600000,0.92600000,0.92600000,0.92600000,197.03000000,2026-06-09 14:45:59,182.44978000,9
2026-06-09 14:46:00,0.92600000,0.92600000,0.92600000,0.92600000,791.39000000,2026-06-09 14:46:59,732.82714000,3
2026-06-09 14:47:00,0.92600000,0.92700000,0.92600000,0.92700000,412.33000000,2026-06-09 14:47:59,381.88458000,3
2026-06-09 14:48:00,0.92700000,0.92700000,0.92500000,0.92500000,1687.89000000,2026-06-09 14:48:59,1561.91840000,7
2026-06-09 14:49:00,0.92500000,0.92500000,0.92500000,0.92500000,0.00000000,2026-06-09 14:49:59,0.00000000,0
2026-06-09 14:50:00,0.92500000,0.92500000,0.92500000,0.92500000,210.11000000,2026-06-09 14:50:59,194.35175000,2
2026-06-09 14:51:00,0.92500000,0.92500000,0.92500000,0.92500000,202.23000000,2026-06-09 14:51:59,187.06275000,2
2026-06-09 14:52:00,0.92400000,0.92400000,0.92400000,0.92400000,315.80000000,2026-06-09 14:52:59,291.79920000,4
2026-06-09 14:53:00,0.92400000,0.92400000,0.92400000,0.92400000,0.00000000,2026-06-09 14:53:59,0.00000000,0
2026-06-09 14:54:00,0.92400000,0.92400000,0.92400000,0.92400000,0.00000000,2026-06-09 14:54:59,0.00000000,0
2026-06-09 14:55:00,0.92400000,0.92400000,0.92400000,0.92400000,0.00000000,2026-06-09 14:55:59,0.00000000,0
2026-06-09 14:56:00,0.92400000,0.92400000,0.92400000,0.92400000,0.00000000,2026-06-09 14:56:59,0.00000000,0
2026-06-09 14:57:00,0.92400000,0.92400000,0.92400000,0.92400000,89.48000000,2026-06-09 14:57:59,82.67952000,2
2026-06-09 14:58:00,0.92400000,0.92400000,0.92400000,0.92400000,0.00000000,2026-06-09 14:58:59,0.00000000,0
2026-06-09 14:59:00,0.92400000,0.92400000,0.92400000,0.92400000,0.00000000,2026-06-09 14:59:59,0.00000000,0
2026-06-09 15:00:00,0.92300000,0.92400000,0.92300000,0.92400000,103.20000000,2026-06-09 15:00:59,95.30472000,3
2026-06-09 15:01:00,0.92400000,0.92400000,0.92400000,0.92400000,97.70000000,2026-06-09 15:01:59,90.27480000,1
2026-06-09 15:02:00,0.92400000,0.92400000,0.92400000,0.92400000,0.00000000,2026-06-09 15:02:59,0.00000000,0
2026-06-09 15:03:00,0.92100000,0.92100000,0.92100000,0.92100000,57.59000000,2026-06-09 15:03:59,53.04039000,1
2026-06-09 15:04:00,0.92100000,0.92100000,0.92100000,0.92100000,0.00000000,2026-06-09 15:04:59,0.00000000,0
2026-06-09 15:05:00,0.92200000,0.92200000,0.92200000,0.92200000,8.66000000,2026-06-09 15:05:59,7.98452000,1
2026-06-09 15:06:00,0.92200000,0.92200000,0.92200000,0.92200000,0.00000000,2026-06-09 15:06:59,0.00000000,0
2026-06-09 15:07:00,0.92200000,0.92300000,0.92200000,0.92300000,359.08000000,2026-06-09 15:07:59,331.07876000,3
2026-06-09 15:08:00,0.92300000,0.92300000,0.92300000,0.92300000,227.07000000,2026-06-09 15:08:59,209.58561000,3
2026-06-09 15:09:00,0.92400000,0.92400000,0.92400000,0.92400000,8.00000000,2026-06-09 15:09:59,7.39200000,1
2026-06-09 15:10:00,0.92400000,0.92400000,0.92400000,0.92400000,1229.14000000,2026-06-09 15:10:59,1135.72536000,13
2026-06-09 15:11:00,0.92400000,0.92400000,0.92300000,0.92300000,947.23000000,2026-06-09 15:11:59,874.30140000,7
2026-06-09 15:12:00,0.92300000,0.92400000,0.92300000,0.92300000,241.19000000,2026-06-09 15:12:59,222.72785000,4
2026-06-09 15:13:00,0.92300000,0.92400000,0.92300000,0.92400000,471.33000000,2026-06-09 15:13:59,435.47352000,4
2026-06-09 15:14:00,0.92500000,0.92500000,0.92500000,0.92500000,60.99000000,2026-06-09 15:14:59,56.41575000,3
2026-06-09 15:15:00,0.92500000,0.92500000,0.92500000,0.92500000,0.00000000,2026-06-09 15:15:59,0.00000000,0
2026-06-09 15:16:00,0.92500000,0.92500000,0.92500000,0.92500000,0.00000000,2026-06-09 15:16:59,0.00000000,0
2026-06-09 15:17:00,0.92600000,0.92800000,0.92600000,0.92800000,1154.06000000,2026-06-09 15:17:59,1070.84184000,12
2026-06-09 15:18:00,0.92800000,0.93100000,0.92800000,0.93100000,589.00000000,2026-06-09 15:18:59,547.76188000,11
2026-06-09 15:19:00,0.93100000,0.93100000,0.93000000,0.93100000,1988.09000000,2026-06-09 15:19:59,1850.84255000,10
2026-06-09 15:20:00,0.93100000,0.93100000,0.93100000,0.93100000,1084.18000000,2026-06-09 15:20:59,1009.37158000,8
2026-06-09 15:21:00,0.93000000,0.93000000,0.93000000,0.93000000,1112.24000000,2026-06-09 15:21:59,1034.38320000,8
2026-06-09 15:22:00,0.93100000,0.93100000,0.93100000,0.93100000,951.56000000,2026-06-09 15:22:59,885.90236000,7
2026-06-09 15:23:00,0.93000000,0.93000000,0.92900000,0.92900000,736.58000000,2026-06-09 15:23:59,684.34133000,4
2026-06-09 15:24:00,0.93000000,0.93000000,0.93000000,0.93000000,117.69000000,2026-06-09 15:24:59,109.45170000,2
2026-06-09 15:25:00,0.93000000,0.93000000,0.93000000,0.93000000,54.07000000,2026-06-09 15:25:59,50.28510000,2
2026-06-09 15:26:00,0.93000000,0.93000000,0.93000000,0.93000000,0.00000000,2026-06-09 15:26:59,0.00000000,0
2026-06-09 15:27:00,0.92700000,0.92700000,0.92700000,0.92700000,1114.74000000,2026-06-09 15:27:59,1033.36398000,10
2026-06-09 15:28:00,0.92800000,0.92900000,0.92800000,0.92900000,945.29000000,2026-06-09 15:28:59,877.43387000,8
2026-06-09 15:29:00,0.92900000,0.92900000,0.92900000,0.92900000,0.00000000,2026-06-09 15:29:59,0.00000000,0
2026-06-09 15:30:00,0.92800000,0.92800000,0.92800000,0.92800000,195.75000000,2026-06-09 15:30:59,181.65600000,1
2026-06-09 15:31:00,0.92900000,0.92900000,0.92900000,0.92900000,62.11000000,2026-06-09 15:31:59,57.70019000,1
2026-06-09 15:32:00,0.92800000,0.92800000,0.92800000,0.92800000,200.13000000,2026-06-09 15:32:59,185.72064000,3
2026-06-09 15:33:00,0.92800000,0.92800000,0.92800000,0.92800000,97.70000000,2026-06-09 15:33:59,90.66560000,3
2026-06-09 15:34:00,0.92900000,0.92900000,0.92900000,0.92900000,55.17000000,2026-06-09 15:34:59,51.25293000,2
2026-06-09 15:35:00,0.93000000,0.93000000,0.93000000,0.93000000,401.50000000,2026-06-09 15:35:59,373.39500000,5
2026-06-09 15:36:00,0.93000000,0.93000000,0.92900000,0.93000000,1108.06000000,2026-06-09 15:36:59,1029.96824000,4
2026-06-09 15:37:00,0.93000000,0.93000000,0.93000000,0.93000000,112.85000000,2026-06-09 15:37:59,104.95050000,3
2026-06-09 15:38:00,0.93000000,0.93000000,0.93000000,0.93000000,0.00000000,2026-06-09 15:38:59,0.00000000,0
2026-06-09 15:39:00,0.93100000,0.93100000,0.93100000,0.93100000,753.32000000,2026-06-09 15:39:59,701.34092000,7
2026-06-09 15:40:00,0.93000000,0.93000000,0.93000000,0.93000000,169.73000000,2026-06-09 15:40:59,157.84890000,8
2026-06-09 15:41:00,0.93000000,0.93000000,0.93000000,0.93000000,0.00000000,2026-06-09 15:41:59,0.00000000,0
2026-06-09 15:42:00,0.92900000,0.92900000,0.92800000,0.92800000,170.23000000,2026-06-09 15:42:59,158.09896000,2
2026-06-09 15:43:00,0.92800000,0.92800000,0.92800000,0.92800000,53.43000000,2026-06-09 15:43:59,49.58304000,1
2026-06-09 15:44:00,0.92800000,0.92800000,0.92800000,0.92800000,0.00000000,2026-06-09 15:44:59,0.00000000,0
2026-06-09 15:45:00,0.92600000,0.92600000,0.92600000,0.92600000,32.00000000,2026-06-09 15:45:59,29.63200000,1
2026-06-09 15:46:00,0.92700000,0.92700000,0.92700000,0.92700000,51.91000000,2026-06-09 15:46:59,48.12057000,1
2026-06-09 15:47:00,0.92700000,0.92700000,0.92700000,0.92700000,0.00000000,2026-06-09 15:47:59,0.00000000,0
2026-06-09 15:48:00,0.92700000,0.92700000,0.92700000,0.92700000,0.00000000,2026-06-09 15:48:59,0.00000000,0
2026-06-09 15:49:00,0.92600000,0.92600000,0.92600000,0.92600000,1801.05000000,2026-06-09 15:49:59,1667.77230000,8
2026-06-09 15:50:00,0.92600000,0.92600000,0.92600000,0.92600000,0.00000000,2026-06-09 15:50:59,0.00000000,0
2026-06-09 15:51:00,0.92600000,0.92600000,0.92600000,0.92600000,2554.11000000,2026-06-09 15:51:59,2365.10586000,7
2026-06-09 15:52:00,0.92700000,0.92700000,0.92700000,0.92700000,159.40000000,2026-06-09 15:52:59,147.76380000,3
2026-06-09 15:53:00,0.92700000,0.92900000,0.92700000,0.92900000,1087.53000000,2026-06-09 15:53:59,1008.15321000,3
2026-06-09 15:54:00,0.92600000,0.92600000,0.92600000,0.92600000,65.05000000,2026-06-09 15:54:59,60.23630000,1
2026-06-09 15:55:00,0.92700000,0.92700000,0.92700000,0.92700000,50.00000000,2026-06-09 15:55:59,46.35000000,1
2026-06-09 15:56:00,0.92700000,0.92700000,0.92700000,0.92700000,0.00000000,2026-06-09 15:56:59,0.00000000,0
2026-06-09 15:57:00,0.92700000,0.92700000,0.92700000,0.92700000,0.00000000,2026-06-09 15:57:59,0.00000000,0
2026-06-09 15:58:00,0.92700000,0.92700000,0.92700000,0.92700000,0.00000000,2026-06-09 15:58:59,0.00000000,0
2026-06-09 15:59:00,0.92700000,0.92700000,0.92700000,0.92700000,0.00000000,2026-06-09 15:59:59,0.00000000,0
2026-06-09 16:00:00,0.92800000,0.92800000,0.92700000,0.92700000,1182.68000000,2026-06-09 16:00:59,1097.50334000,3
2026-06-09 16:01:00,0.92700000,0.92800000,0.92700000,0.92800000,318.70000000,2026-06-09 16:01:59,295.65590000,5
2026-06-09 16:02:00,0.92800000,0.92800000,0.92800000,0.92800000,0.00000000,2026-06-09 16:02:59,0.00000000,0
2026-06-09 16:03:00,0.92900000,0.92900000,0.92900000,0.92900000,770.99000000,2026-06-09 16:03:59,716.24971000,11
2026-06-09 16:04:00,0.93000000,0.93100000,0.93000000,0.93100000,812.14000000,2026-06-09 16:04:59,755.67375000,12
2026-06-09 16:05:00,0.93100000,0.93200000,0.93100000,0.93100000,168.85000000,2026-06-09 16:05:59,157.31322000,6
2026-06-09 16:06:00,0.93100000,0.93100000,0.92900000,0.92900000,1075.83000000,2026-06-09 16:06:59,1001.54366000,6
2026-06-09 16:07:00,0.93000000,0.93000000,0.92900000,0.92900000,32.59000000,2026-06-09 16:07:59,30.28659000,2
2026-06-09 16:08:00,0.92900000,0.92900000,0.92900000,0.92900000,42.45000000,2026-06-09 16:08:59,39.43605000,2
2026-06-09 16:09:00,0.92800000,0.92800000,0.92800000,0.92800000,30.16000000,2026-06-09 16:09:59,27.98848000,2
2026-06-09 16:10:00,0.92800000,0.92800000,0.92700000,0.92700000,41.13000000,2026-06-09 16:10:59,38.14895000,3
2026-06-09 16:11:00,0.92800000,0.92800000,0.92800000,0.92800000,156.68000000,2026-06-09 16:11:59,145.39904000,3
2026-06-09 16:12:00,0.92800000,0.92900000,0.92800000,0.92900000,351.57000000,2026-06-09 16:12:59,326.59603000,5
2026-06-09 16:13:00,0.92800000,0.92900000,0.92800000,0.92800000,144.58000000,2026-06-09 16:13:59,134.26794000,4
2026-06-09 16:14:00,0.92800000,0.92800000,0.92700000,0.92700000,110.29000000,2026-06-09 16:14:59,102.33635000,3
2026-06-09 16:15:00,0.92700000,0.92700000,0.92600000,0.92700000,342.10000000,2026-06-09 16:15:59,317.10783000,5
2026-06-09 16:16:00,0.92700000,0.92700000,0.92700000,0.92700000,35.57000000,2026-06-09 16:16:59,32.97339000,2
2026-06-09 16:17:00,0.92700000,0.92700000,0.92700000,0.92700000,29.00000000,2026-06-09 16:17:59,26.88300000,2
2026-06-09 16:18:00,0.92700000,0.92700000,0.92600000,0.92600000,21.72000000,2026-06-09 16:18:59,20.11947000,2
2026-06-09 16:19:00,0.92600000,0.92600000,0.92600000,0.92600000,32.24000000,2026-06-09 16:19:59,29.85424000,3
2026-06-09 16:20:00,0.92700000,0.92800000,0.92700000,0.92800000,41.10000000,2026-06-09 16:20:59,38.10994000,2
2026-06-09 16:21:00,0.92700000,0.92800000,0.92700000,0.92800000,128.85000000,2026-06-09 16:21:59,119.54918000,5
2026-06-09 16:22:00,0.92700000,0.92700000,0.92700000,0.92700000,24.40000000,2026-06-09 16:22:59,22.61880000,2
2026-06-09 16:23:00,0.92700000,0.92800000,0.92700000,0.92800000,218.69000000,2026-06-09 16:23:59,202.93468000,3
2026-06-09 16:24:00,0.92800000,0.92800000,0.92800000,0.92800000,412.72000000,2026-06-09 16:24:59,383.00416000,6
2026-06-09 16:25:00,0.92900000,0.92900000,0.92800000,0.92800000,953.68000000,2026-06-09 16:25:59,885.94475000,9
2026-06-09 16:26:00,0.92700000,0.92900000,0.92700000,0.92700000,586.13000000,2026-06-09 16:26:59,544.09468000,7
2026-06-09 16:27:00,0.92600000,0.92700000,0.92600000,0.92700000,40.68000000,2026-06-09 16:27:59,37.68743000,4
2026-06-09 16:28:00,0.92700000,0.92700000,0.92700000,0.92700000,58.90000000,2026-06-09 16:28:59,54.60030000,4
2026-06-09 16:29:00,0.92700000,0.92800000,0.92700000,0.92700000,632.26000000,2026-06-09 16:29:59,586.70255000,6
2026-06-09 16:30:00,0.92900000,0.92900000,0.92800000,0.92800000,21.12000000,2026-06-09 16:30:59,19.60583000,3
2026-06-09 16:31:00,0.92900000,0.93000000,0.92900000,0.93000000,377.01000000,2026-06-09 16:31:59,350.27000000,5
2026-06-09 16:32:00,0.93100000,0.93100000,0.93100000,0.93100000,110.78000000,2026-06-09 16:32:59,103.13618000,2
2026-06-09 16:33:00,0.93100000,0.93100000,0.93000000,0.93000000,2272.65000000,2026-06-09 16:33:59,2114.72427000,9
2026-06-09 16:34:00,0.93000000,0.93000000,0.92900000,0.92900000,34.89000000,2026-06-09 16:34:59,32.42513000,2
2026-06-09 16:35:00,0.93100000,0.93100000,0.92900000,0.92900000,659.58000000,2026-06-09 16:35:59,614.02390000,9
2026-06-09 16:36:00,0.93000000,0.93000000,0.92900000,0.92900000,48.76000000,2026-06-09 16:36:59,45.32398000,3
2026-06-09 16:37:00,0.92900000,0.92900000,0.92800000,0.92800000,223.61000000,2026-06-09 16:37:59,207.68474000,4
2026-06-09 16:38:00,0.92700000,0.92700000,0.92600000,0.92600000,273.62000000,2026-06-09 16:38:59,253.63133000,8
2026-06-09 16:39:00,0.92600000,0.92600000,0.92600000,0.92600000,200.92000000,2026-06-09 16:39:59,186.05192000,3
2026-06-09 16:40:00,0.92600000,0.92600000,0.92400000,0.92500000,1053.55000000,2026-06-09 16:40:59,975.15335000,8
2026-06-09 16:41:00,0.92500000,0.92500000,0.92500000,0.92500000,38.22000000,2026-06-09 16:41:59,35.35350000,2
2026-06-09 16:42:00,0.92500000,0.92500000,0.92500000,0.92500000,30.22000000,2026-06-09 16:42:59,27.95350000,2
2026-06-09 16:43:00,0.92500000,0.92500000,0.92500000,0.92500000,80.96000000,2026-06-09 16:43:59,74.88800000,3
2026-06-09 16:44:00,0.92400000,0.92500000,0.92400000,0.92400000,91.56000000,2026-06-09 16:44:59,84.64412000,5
2026-06-09 16:45:00,0.92400000,0.92400000,0.92400000,0.92400000,384.19000000,2026-06-09 16:45:59,354.99156000,5
2026-06-09 16:46:00,0.92300000,0.92400000,0.92300000,0.92400000,25.51000000,2026-06-09 16:46:59,23.56176000,2
2026-06-09 16:47:00,0.92400000,0.92400000,0.92400000,0.92400000,23.46000000,2026-06-09 16:47:59,21.67704000,2
2026-06-09 16:48:00,0.92300000,0.92300000,0.92300000,0.92300000,23.96000000,2026-06-09 16:48:59,22.11508000,2
2026-06-09 16:49:00,0.92400000,0.92400000,0.92400000,0.92400000,31.56000000,2026-06-09 16:49:59,29.16144000,3
2026-06-09 16:50:00,0.92500000,0.92900000,0.92500000,0.92800000,6825.65000000,2026-06-09 16:50:59,6319.99037000,41
2026-06-09 16:51:00,0.92800000,0.92800000,0.92800000,0.92800000,0.00000000,2026-06-09 16:51:59,0.00000000,0
2026-06-09 16:52:00,0.92900000,0.92900000,0.92900000,0.92900000,32.33000000,2026-06-09 16:52:59,30.03457000,1
2026-06-09 16:53:00,0.92900000,0.92900000,0.92900000,0.92900000,113.98000000,2026-06-09 16:53:59,105.88742000,1
2026-06-09 16:54:00,0.92900000,0.92900000,0.92900000,0.92900000,509.39000000,2026-06-09 16:54:59,473.22331000,4
2026-06-09 16:55:00,0.92900000,0.92900000,0.92900000,0.92900000,0.00000000,2026-06-09 16:55:59,0.00000000,0
2026-06-09 16:56:00,0.93000000,0.93100000,0.92900000,0.93100000,786.77000000,2026-06-09 16:56:59,731.87389000,7
2026-06-09 16:57:00,0.93100000,0.93100000,0.93100000,0.93100000,269.96000000,2026-06-09 16:57:59,251.33276000,4
2026-06-09 16:58:00,0.93100000,0.93100000,0.93100000,0.93100000,0.00000000,2026-06-09 16:58:59,0.00000000,0
2026-06-09 16:59:00,0.93000000,0.93000000,0.93000000,0.93000000,97.70000000,2026-06-09 16:59:59,90.86100000,1
2026-06-09 17:00:00,0.93000000,0.93100000,0.93000000,0.93100000,149.18000000,2026-06-09 17:00:59,138.85008000,5
2026-06-09 17:01:00,0.93100000,0.93100000,0.93100000,0.93100000,97.70000000,2026-06-09 17:01:59,90.95870000,1
2026-06-09 17:02:00,0.93100000,0.93100000,0.93100000,0.93100000,0.00000000,2026-06-09 17:02:59,0.00000000,0
2026-06-09 17:03:00,0.93000000,0.93000000,0.93000000,0.93000000,115.68000000,2026-06-09 17:03:59,107.58240000,2
2026-06-09 17:04:00,0.93000000,0.93000000,0.93000000,0.93000000,103.52000000,2026-06-09 17:04:59,96.27360000,2
2026-06-09 17:05:00,0.93100000,0.93100000,0.93100000,0.93100000,97.70000000,2026-06-09 17:05:59,90.95870000,1
2026-06-09 17:06:00,0.93000000,0.93000000,0.93000000,0.93000000,10.74000000,2026-06-09 17:06:59,9.98820000,1
2026-06-09 17:07:00,0.93000000,0.93000000,0.93000000,0.93000000,0.00000000,2026-06-09 17:07:59,0.00000000,0
2026-06-09 17:08:00,0.92900000,0.92900000,0.92900000,0.92900000,5.80000000,2026-06-09 17:08:59,5.38820000,1
2026-06-09 17:09:00,0.93000000,0.93000000,0.93000000,0.93000000,97.70000000,2026-06-09 17:09:59,90.86100000,1
2026-06-09 17:10:00,0.93100000,0.93100000,0.93100000,0.93100000,103.63000000,2026-06-09 17:10:59,96.47953000,1
2026-06-09 17:11:00,0.93100000,0.93100000,0.93100000,0.93100000,0.00000000,2026-06-09 17:11:59,0.00000000,0
2026-06-09 17:12:00,0.93200000,0.93200000,0.93200000,0.93200000,103.86000000,2026-06-09 17:12:59,96.79752000,2
2026-06-09 17:13:00,0.93200000,0.93200000,0.93200000,0.93200000,0.00000000,2026-06-09 17:13:59,0.00000000,0
2026-06-09 17:14:00,0.93200000,0.93200000,0.93100000,0.93100000,1187.02000000,2026-06-09 17:14:59,1105.76467000,6
2026-06-09 17:15:00,0.93300000,0.93300000,0.93300000,0.93300000,579.38000000,2026-06-09 17:15:59,540.56154000,5
2026-06-09 17:16:00,0.93200000,0.93200000,0.93100000,0.93100000,199.57000000,2026-06-09 17:16:59,185.95493000,4
2026-06-09 17:17:00,0.93100000,0.93100000,0.93100000,0.93100000,1295.46000000,2026-06-09 17:17:59,1206.07326000,5
2026-06-09 17:18:00,0.93100000,0.93100000,0.93100000,0.93100000,124.39000000,2026-06-09 17:18:59,115.80709000,1
2026-06-09 17:19:00,0.93000000,0.93000000,0.93000000,0.93000000,87.71000000,2026-06-09 17:19:59,81.57030000,1
2026-06-09 17:20:00,0.92800000,0.92800000,0.92800000,0.92800000,1571.18000000,2026-06-09 17:20:59,1458.05504000,7
2026-06-09 17:21:00,0.92800000,0.92800000,0.92800000,0.92800000,114.22000000,2026-06-09 17:21:59,105.99616000,2
2026-06-09 17:22:00,0.92800000,0.92800000,0.92800000,0.92800000,0.00000000,2026-06-09 17:22:59,0.00000000,0
2026-06-09 17:23:00,0.92700000,0.92700000,0.92700000,0.92700000,21300.45000000,2026-06-09 17:23:59,19745.51715000,15
2026-06-09 17:24:00,0.92700000,0.92700000,0.92700000,0.92700000,0.00000000,2026-06-09 17:24:59,0.00000000,0
2026-06-09 17:25:00,0.92700000,0.92700000,0.92700000,0.92700000,0.00000000,2026-06-09 17:25:59,0.00000000,0
2026-06-09 17:26:00,0.92800000,0.92900000,0.92800000,0.92900000,1195.77000000,2026-06-09 17:26:59,1109.69170000,4
2026-06-09 17:27:00,0.92900000,0.92900000,0.92900000,0.92900000,0.00000000,2026-06-09 17:27:59,0.00000000,0
2026-06-09 17:28:00,0.92900000,0.92900000,0.92900000,0.92900000,0.00000000,2026-06-09 17:28:59,0.00000000,0
2026-06-09 17:29:00,0.92900000,0.93000000,0.92900000,0.93000000,980.53000000,2026-06-09 17:29:59,911.59945000,6
2026-06-09 17:30:00,0.93000000,0.93000000,0.93000000,0.93000000,0.00000000,2026-06-09 17:30:59,0.00000000,0
2026-06-09 17:31:00,0.93000000,0.93000000,0.93000000,0.93000000,0.00000000,2026-06-09 17:31:59,0.00000000,0
2026-06-09 17:32:00,0.93000000,0.93000000,0.93000000,0.93000000,0.00000000,2026-06-09 17:32:59,0.00000000,0
2026-06-09 17:33:00,0.93000000,0.93000000,0.93000000,0.93000000,0.00000000,2026-06-09 17:33:59,0.00000000,0
2026-06-09 17:34:00,0.93000000,0.93000000,0.93000000,0.93000000,257.11000000,2026-06-09 17:34:59,239.11230000,3
2026-06-09 17:35:00,0.93000000,0.93000000,0.93000000,0.93000000,195.75000000,2026-06-09 17:35:59,182.04750000,2
2026-06-09 17:36:00,0.93000000,0.93000000,0.93000000,0.93000000,0.00000000,2026-06-09 17:36:59,0.00000000,0
2026-06-09 17:37:00,0.93000000,0.93000000,0.93000000,0.93000000,6.56000000,2026-06-09 17:37:59,6.10080000,1
2026-06-09 17:38:00,0.93100000,0.93100000,0.93100000,0.93100000,61.83000000,2026-06-09 17:38:59,57.56373000,2
2026-06-09 17:39:00,0.93100000,0.93100000,0.93100000,0.93100000,0.00000000,2026-06-09 17:39:59,0.00000000,0
2026-06-09 17:40:00,0.93100000,0.93100000,0.93100000,0.93100000,0.00000000,2026-06-09 17:40:59,0.00000000,0
2026-06-09 17:41:00,0.93100000,0.93100000,0.93100000,0.93100000,0.00000000,2026-06-09 17:41:59,0.00000000,0
2026-06-09 17:42:00,0.93200000,0.93200000,0.93200000,0.93200000,46.58000000,2026-06-09 17:42:59,43.41256000,2
2026-06-09 17:43:00,0.93300000,0.93300000,0.93300000,0.93300000,999.46000000,2026-06-09 17:43:59,932.49618000,2
2026-06-09 17:44:00,0.93200000,0.93200000,0.93200000,0.93200000,80.36000000,2026-06-09 17:44:59,74.89552000,1
2026-06-09 17:45:00,0.93200000,0.93200000,0.93200000,0.93200000,0.00000000,2026-06-09 17:45:59,0.00000000,0
2026-06-09 17:46:00,0.93000000,0.93100000,0.93000000,0.93000000,437.47000000,2026-06-09 17:46:59,406.86370000,4
2026-06-09 17:47:00,0.93000000,0.93000000,0.93000000,0.93000000,50.00000000,2026-06-09 17:47:59,46.50000000,1
2026-06-09 17:48:00,0.93100000,0.93100000,0.93100000,0.93100000,97.70000000,2026-06-09 17:48:59,90.95870000,2
2026-06-09 17:49:00,0.93000000,0.93000000,0.93000000,0.93000000,44.27000000,2026-06-09 17:49:59,41.17110000,1
2026-06-09 17:50:00,0.93000000,0.93000000,0.93000000,0.93000000,0.00000000,2026-06-09 17:50:59,0.00000000,0
2026-06-09 17:51:00,0.92900000,0.92900000,0.92900000,0.92900000,335.00000000,2026-06-09 17:51:59,311.21500000,4
2026-06-09 17:52:00,0.92900000,0.92900000,0.92900000,0.92900000,71.17000000,2026-06-09 17:52:59,66.11693000,1
2026-06-09 17:53:00,0.92800000,0.92800000,0.92800000,0.92800000,36.95000000,2026-06-09 17:53:59,34.28960000,1
2026-06-09 17:54:00,0.92800000,0.92800000,0.92800000,0.92800000,0.00000000,2026-06-09 17:54:59,0.00000000,0
2026-06-09 17:55:00,0.92900000,0.92900000,0.92900000,0.92900000,1502.42000000,2026-06-09 17:55:59,1395.74818000,2
2026-06-09 17:56:00,0.93000000,0.93100000,0.93000000,0.93000000,413.34000000,2026-06-09 17:56:59,384.68620000,5
2026-06-09 17:57:00,0.93100000,0.93100000,0.93100000,0.93100000,20.07000000,2026-06-09 17:57:59,18.68517000,1
2026-06-09 17:58:00,0.93100000,0.93100000,0.93100000,0.93100000,7.57000000,2026-06-09 17:58:59,7.04767000,1
2026-06-09 17:59:00,0.93200000,0.93300000,0.93200000,0.93300000,14.90000000,2026-06-09 17:59:59,13.89507000,2
2026-06-09 18:00:00,0.93300000,0.93300000,0.93300000,0.93300000,20.00000000,2026-06-09 18:00:59,18.66000000,1
2026-06-09 18:01:00,0.93300000,0.93300000,0.93300000,0.93300000,107.18000000,2026-06-09 18:01:59,99.99894000,1
2026-06-09 18:02:00,0.93100000,0.93100000,0.93100000,0.93100000,97.70000000,2026-06-09 18:02:59,90.95870000,1
2026-06-09 18:03:00,0.93000000,0.93000000,0.93000000,0.93000000,496.68000000,2026-06-09 18:03:59,461.91240000,3
2026-06-09 18:04:00,0.93000000,0.93000000,0.93000000,0.93000000,0.00000000,2026-06-09 18:04:59,0.00000000,0
2026-06-09 18:05:00,0.93000000,0.93000000,0.93000000,0.93000000,0.00000000,2026-06-09 18:05:59,0.00000000,0
2026-06-09 18:06:00,0.93000000,0.93000000,0.93000000,0.93000000,32.54000000,2026-06-09 18:06:59,30.26220000,1
2026-06-09 18:07:00,0.93100000,0.93100000,0.93100000,0.93100000,36.05000000,2026-06-09 18:07:59,33.56255000,1
2026-06-09 18:08:00,0.93100000,0.93100000,0.93100000,0.93100000,0.00000000,2026-06-09 18:08:59,0.00000000,0
2026-06-09 18:09:00,0.93100000,0.93100000,0.93100000,0.93100000,211.31000000,2026-06-09 18:09:59,196.72961000,3
2026-06-09 18:10:00,0.93100000,0.93100000,0.93100000,0.93100000,0.00000000,2026-06-09 18:10:59,0.00000000,0
2026-06-09 18:11:00,0.93100000,0.93100000,0.93100000,0.93100000,172.51000000,2026-06-09 18:11:59,160.60681000,2
2026-06-09 18:12:00,0.93100000,0.93100000,0.93100000,0.93100000,960.11000000,2026-06-09 18:12:59,893.86241000,4
2026-06-09 18:13:00,0.93100000,0.93100000,0.93100000,0.93100000,0.00000000,2026-06-09 18:13:59,0.00000000,0
2026-06-09 18:14:00,0.93100000,0.93100000,0.93100000,0.93100000,0.00000000,2026-06-09 18:14:59,0.00000000,0
2026-06-09 18:15:00,0.93000000,0.93000000,0.92900000,0.92900000,46.73000000,2026-06-09 18:15:59,43.44681000,2
2026-06-09 18:16:00,0.92900000,0.92900000,0.92900000,0.92900000,0.00000000,2026-06-09 18:16:59,0.00000000,0
2026-06-09 18:17:00,0.92900000,0.92900000,0.92900000,0.92900000,0.00000000,2026-06-09 18:17:59,0.00000000,0
2026-06-09 18:18:00,0.92800000,0.92800000,0.92800000,0.92800000,69.50000000,2026-06-09 18:18:59,64.49600000,2
2026-06-09 18:19:00,0.92800000,0.92800000,0.92600000,0.92600000,1833.01000000,2026-06-09 18:19:59,1697.99570000,7
2026-06-09 18:20:00,0.92500000,0.92600000,0.92500000,0.92600000,1841.33000000,2026-06-09 18:20:59,1703.43725000,10
2026-06-09 18:21:00,0.92500000,0.92500000,0.92500000,0.92500000,97.70000000,2026-06-09 18:21:59,90.37250000,1
2026-06-09 18:22:00,0.92500000,0.92500000,0.92500000,0.92500000,195.40000000,2026-06-09 18:22:59,180.74500000,2
2026-06-09 18:23:00,0.92500000,0.92500000,0.92500000,0.92500000,0.00000000,2026-06-09 18:23:59,0.00000000,0
2026-06-09 18:24:00,0.92500000,0.92500000,0.92500000,0.92500000,1491.82000000,2026-06-09 18:24:59,1379.93350000,6
2026-06-09 18:25:00,0.92500000,0.92500000,0.92500000,0.92500000,0.00000000,2026-06-09 18:25:59,0.00000000,0
2026-06-09 18:26:00,0.92400000,0.92500000,0.92400000,0.92500000,386.31000000,2026-06-09 18:26:59,356.99044000,6
2026-06-09 18:27:00,0.92500000,0.92500000,0.92500000,0.92500000,0.00000000,2026-06-09 18:27:59,0.00000000,0
2026-06-09 18:28:00,0.92500000,0.92500000,0.92400000,0.92400000,107.84000000,2026-06-09 18:28:59,99.65593000,2
2026-06-09 18:29:00,0.92400000,0.92400000,0.92400000,0.92400000,0.00000000,2026-06-09 18:29:59,0.00000000,0
2026-06-09 18:30:00,0.92400000,0.92400000,0.92400000,0.92400000,0.00000000,2026-06-09 18:30:59,0.00000000,0
2026-06-09 18:31:00,0.92400000,0.92400000,0.92400000,0.92400000,69.97000000,2026-06-09 18:31:59,64.65228000,1
2026-06-09 18:32:00,0.92500000,0.92500000,0.92500000,0.92500000,7.03000000,2026-06-09 18:32:59,6.50275000,1
2026-06-09 18:33:00,0.92500000,0.92500000,0.92500000,0.92500000,222.78000000,2026-06-09 18:33:59,206.07150000,5
2026-06-09 18:34:00,0.92600000,0.92600000,0.92600000,0.92600000,57.02000000,2026-06-09 18:34:59,52.80052000,1
2026-06-09 18:35:00,0.92500000,0.92500000,0.92400000,0.92400000,223.36000000,2026-06-09 18:35:59,206.43603000,3
2026-06-09 18:36:00,0.92400000,0.92400000,0.92400000,0.92400000,7.48000000,2026-06-09 18:36:59,6.91152000,1
2026-06-09 18:37:00,0.92500000,0.92500000,0.92500000,0.92500000,1008.87000000,2026-06-09 18:37:59,933.20475000,4
2026-06-09 18:38:00,0.92500000,0.92500000,0.92500000,0.92500000,0.00000000,2026-06-09 18:38:59,0.00000000,0
2026-06-09 18:39:00,0.92500000,0.92500000,0.92500000,0.92500000,14.75000000,2026-06-09 18:39:59,13.64375000,1
2026-06-09 18:40:00,0.92600000,0.92600000,0.92600000,0.92600000,676.66000000,2026-06-09 18:40:59,626.58716000,6
2026-06-09 18:41:00,0.92600000,0.92600000,0.92600000,0.92600000,0.00000000,2026-06-09 18:41:59,0.00000000,0
2026-06-09 18:42:00,0.92600000,0.92600000,0.92600000,0.92600000,0.00000000,2026-06-09 18:42:59,0.00000000,0
2026-06-09 18:43:00,0.92600000,0.92600000,0.92400000,0.92500000,11240.05000000,2026-06-09 18:43:59,10394.46609000,21
2026-06-09 18:44:00,0.92500000,0.92600000,0.92500000,0.92600000,429.87000000,2026-06-09 18:44:59,397.63838000,2
2026-06-09 18:45:00,0.92600000,0.92600000,0.92600000,0.92600000,0.00000000,2026-06-09 18:45:59,0.00000000,0
2026-06-09 18:46:00,0.92600000,0.92600000,0.92600000,0.92600000,0.00000000,2026-06-09 18:46:59,0.00000000,0
2026-06-09 18:47:00,0.92600000,0.92600000,0.92600000,0.92600000,0.00000000,2026-06-09 18:47:59,0.00000000,0
2026-06-09 18:48:00,0.92500000,0.92500000,0.92500000,0.92500000,207.08000000,2026-06-09 18:48:59,191.54900000,1
2026-06-09 18:49:00,0.92500000,0.92500000,0.92500000,0.92500000,0.00000000,2026-06-09 18:49:59,0.00000000,0
2026-06-09 18:50:00,0.92500000,0.92500000,0.92500000,0.92500000,0.00000000,2026-06-09 18:50:59,0.00000000,0
2026-06-09 18:51:00,0.92400000,0.92400000,0.92400000,0.92400000,51.91000000,2026-06-09 18:51:59,47.96484000,1
2026-06-09 18:52:00,0.92400000,0.92400000,0.92400000,0.92400000,0.00000000,2026-06-09 18:52:59,0.00000000,0
2026-06-09 18:53:00,0.92400000,0.92400000,0.92400000,0.92400000,0.00000000,2026-06-09 18:53:59,0.00000000,0
2026-06-09 18:54:00,0.92400000,0.92400000,0.92400000,0.92400000,0.00000000,2026-06-09 18:54:59,0.00000000,0
2026-06-09 18:55:00,0.92400000,0.92400000,0.92400000,0.92400000,26.89000000,2026-06-09 18:55:59,24.84636000,1
2026-06-09 18:56:00,0.92300000,0.92300000,0.92200000,0.92200000,52.07000000,2026-06-09 18:56:59,48.01654000,3
2026-06-09 18:57:00,0.92300000,0.92300000,0.92300000,0.92300000,2445.87000000,2026-06-09 18:57:59,2257.53801000,6
2026-06-09 18:58:00,0.92300000,0.92300000,0.92300000,0.92300000,0.00000000,2026-06-09 18:58:59,0.00000000,0
2026-06-09 18:59:00,0.92300000,0.92300000,0.92300000,0.92300000,0.00000000,2026-06-09 18:59:59,0.00000000,0
2026-06-09 19:00:00,0.92400000,0.92400000,0.92300000,0.92300000,18.89000000,2026-06-09 19:00:59,17.44754000,2
2026-06-09 19:01:00,0.92300000,0.92300000,0.92300000,0.92300000,0.00000000,2026-06-09 19:01:59,0.00000000,0
2026-06-09 19:02:00,0.92300000,0.92300000,0.92300000,0.92300000,66.73000000,2026-06-09 19:02:59,61.59179000,3
2026-06-09 19:03:00,0.92200000,0.92200000,0.92200000,0.92200000,53.04000000,2026-06-09 19:03:59,48.90288000,2
2026-06-09 19:04:00,0.92200000,0.92200000,0.92200000,0.92200000,0.00000000,2026-06-09 19:04:59,0.00000000,0
2026-06-09 19:05:00,0.92200000,0.92200000,0.92200000,0.92200000,0.00000000,2026-06-09 19:05:59,0.00000000,0
2026-06-09 19:06:00,0.92200000,0.92200000,0.92200000,0.92200000,0.00000000,2026-06-09 19:06:59,0.00000000,0
2026-06-09 19:07:00,0.92200000,0.92200000,0.92200000,0.92200000,0.00000000,2026-06-09 19:07:59,0.00000000,0
2026-06-09 19:08:00,0.92300000,0.92300000,0.92300000,0.92300000,162.02000000,2026-06-09 19:08:59,149.54446000,3
2026-06-09 19:09:00,0.92300000,0.92300000,0.92300000,0.92300000,0.00000000,2026-06-09 19:09:59,0.00000000,0
2026-06-09 19:10:00,0.92300000,0.92300000,0.92300000,0.92300000,0.00000000,2026-06-09 19:10:59,0.00000000,0
2026-06-09 19:11:00,0.92300000,0.92300000,0.92300000,0.92300000,0.00000000,2026-06-09 19:11:59,0.00000000,0
2026-06-09 19:12:00,0.92500000,0.92500000,0.92500000,0.92500000,980.59000000,2026-06-09 19:12:59,907.04575000,3
2026-06-09 19:13:00,0.92500000,0.92500000,0.92500000,0.92500000,0.00000000,2026-06-09 19:13:59,0.00000000,0
2026-06-09 19:14:00,0.92500000,0.92500000,0.92500000,0.92500000,0.00000000,2026-06-09 19:14:59,0.00000000,0
2026-06-09 19:15:00,0.92500000,0.92500000,0.92500000,0.92500000,0.00000000,2026-06-09 19:15:59,0.00000000,0
2026-06-09 19:16:00,0.92500000,0.92600000,0.92500000,0.92600000,141.55000000,2026-06-09 19:16:59,131.04573000,2
2026-06-09 19:17:00,0.92500000,0.92500000,0.92500000,0.92500000,104.20000000,2026-06-09 19:17:59,96.38500000,2
2026-06-09 19:18:00,0.92500000,0.92500000,0.92500000,0.92500000,119.18000000,2026-06-09 19:18:59,110.24150000,1
2026-06-09 19:19:00,0.92600000,0.92700000,0.92600000,0.92700000,2064.89000000,2026-06-09 19:19:59,1914.10101000,9
2026-06-09 19:20:00,0.92700000,0.92700000,0.92700000,0.92700000,0.00000000,2026-06-09 19:20:59,0.00000000,0
2026-06-09 19:21:00,0.92700000,0.92700000,0.92700000,0.92700000,0.00000000,2026-06-09 19:21:59,0.00000000,0
2026-06-09 19:22:00,0.92700000,0.92700000,0.92700000,0.92700000,50.99000000,2026-06-09 19:22:59,47.26773000,1
2026-06-09 19:23:00,0.92700000,0.92700000,0.92700000,0.92700000,83.33000000,2026-06-09 19:23:59,77.24691000,1
2026-06-09 19:24:00,0.92700000,0.92700000,0.92700000,0.92700000,0.00000000,2026-06-09 19:24:59,0.00000000,0
2026-06-09 19:25:00,0.92700000,0.92700000,0.92700000,0.92700000,83.33000000,2026-06-09 19:25:59,77.24691000,1
2026-06-09 19:26:00,0.92600000,0.92600000,0.92600000,0.92600000,1182.44000000,2026-06-09 19:26:59,1094.93944000,3
2026-06-09 19:27:00,0.92600000,0.92600000,0.92600000,0.92600000,0.00000000,2026-06-09 19:27:59,0.00000000,0
2026-06-09 19:28:00,0.92600000,0.92600000,0.92600000,0.92600000,10.82000000,2026-06-09 19:28:59,10.01932000,1
2026-06-09 19:29:00,0.92600000,0.92600000,0.92600000,0.92600000,0.00000000,2026-06-09 19:29:59,0.00000000,0
2026-06-09 19:30:00,0.92600000,0.92600000,0.92600000,0.92600000,581.25000000,2026-06-09 19:30:59,538.23750000,3
2026-06-09 19:31:00,0.92500000,0.92600000,0.92500000,0.92600000,214.62000000,2026-06-09 19:31:59,198.73001000,3
2026-06-09 19:32:00,0.92600000,0.92600000,0.92600000,0.92600000,0.00000000,2026-06-09 19:32:59,0.00000000,0
2026-06-09 19:33:00,0.92700000,0.92700000,0.92700000,0.92700000,10.79000000,2026-06-09 19:33:59,10.00233000,1
2026-06-09 19:34:00,0.92700000,0.92700000,0.92700000,0.92700000,1033.48000000,2026-06-09 19:34:59,958.03596000,4
2026-06-09 19:35:00,0.92700000,0.92700000,0.92700000,0.92700000,0.00000000,2026-06-09 19:35:59,0.00000000,0
2026-06-09 19:36:00,0.92700000,0.92700000,0.92700000,0.92700000,1097.19000000,2026-06-09 19:36:59,1017.09513000,1
2026-06-09 19:37:00,0.92600000,0.92600000,0.92600000,0.92600000,18.05000000,2026-06-09 19:37:59,16.71430000,2
2026-06-09 19:38:00,0.92600000,0.92600000,0.92600000,0.92600000,0.00000000,2026-06-09 19:38:59,0.00000000,0
2026-06-09 19:39:00,0.92700000,0.92700000,0.92700000,0.92700000,148.41000000,2026-06-09 19:39:59,137.57607000,5
2026-06-09 19:40:00,0.92700000,0.92700000,0.92600000,0.92600000,309.17000000,2026-06-09 19:40:59,286.59437000,3
2026-06-09 19:41:00,0.92600000,0.92600000,0.92600000,0.92600000,0.00000000,2026-06-09 19:41:59,0.00000000,0
2026-06-09 19:42:00,0.92600000,0.92600000,0.92600000,0.92600000,98.20000000,2026-06-09 19:42:59,90.93320000,1
2026-06-09 19:43:00,0.92600000,0.92600000,0.92600000,0.92600000,0.00000000,2026-06-09 19:43:59,0.00000000,0
2026-06-09 19:44:00,0.92600000,0.92600000,0.92600000,0.92600000,0.00000000,2026-06-09 19:44:59,0.00000000,0
2026-06-09 19:45:00,0.92700000,0.92700000,0.92700000,0.92700000,40.00000000,2026-06-09 19:45:59,37.08000000,1
2026-06-09 19:46:00,0.92700000,0.92700000,0.92700000,0.92700000,0.00000000,2026-06-09 19:46:59,0.00000000,0
2026-06-09 19:47:00,0.92700000,0.92700000,0.92700000,0.92700000,0.00000000,2026-06-09 19:47:59,0.00000000,0
2026-06-09 19:48:00,0.92600000,0.92600000,0.92600000,0.92600000,200.51000000,2026-06-09 19:48:59,185.67226000,2
2026-06-09 19:49:00,0.92500000,0.92500000,0.92500000,0.92500000,12.67000000,2026-06-09 19:49:59,11.71975000,1
2026-06-09 19:50:00,0.92500000,0.92500000,0.92500000,0.92500000,0.00000000,2026-06-09 19:50:59,0.00000000,0
2026-06-09 19:51:00,0.92400000,0.92400000,0.92400000,0.92400000,4757.15000000,2026-06-09 19:51:59,4395.60660000,15
2026-06-09 19:52:00,0.92400000,0.92400000,0.92400000,0.92400000,0.00000000,2026-06-09 19:52:59,0.00000000,0
2026-06-09 19:53:00,0.92300000,0.92300000,0.92300000,0.92300000,142.86000000,2026-06-09 19:53:59,131.85978000,1
2026-06-09 19:54:00,0.92400000,0.92400000,0.92400000,0.92400000,6.98000000,2026-06-09 19:54:59,6.44952000,1
2026-06-09 19:55:00,0.92400000,0.92400000,0.92400000,0.92400000,0.00000000,2026-06-09 19:55:59,0.00000000,0
2026-06-09 19:56:00,0.92400000,0.92400000,0.92400000,0.92400000,0.00000000,2026-06-09 19:56:59,0.00000000,0
2026-06-09 19:57:00,0.92200000,0.92200000,0.92200000,0.92200000,204.75000000,2026-06-09 19:57:59,188.77950000,1
2026-06-09 19:58:00,0.92200000,0.92200000,0.92200000,0.92200000,0.00000000,2026-06-09 19:58:59,0.00000000,0
2026-06-09 19:59:00,0.92200000,0.92200000,0.92200000,0.92200000,0.00000000,2026-06-09 19:59:59,0.00000000,0
2026-06-09 20:00:00,0.92100000,0.92100000,0.92100000,0.92100000,11.88000000,2026-06-09 20:00:59,10.94148000,1
2026-06-09 20:01:00,0.92100000,0.92100000,0.92100000,0.92100000,0.00000000,2026-06-09 20:01:59,0.00000000,0
2026-06-09 20:02:00,0.92100000,0.92100000,0.92100000,0.92100000,1073.93000000,2026-06-09 20:02:59,989.08953000,4
2026-06-09 20:03:00,0.92100000,0.92200000,0.92100000,0.92200000,2502.54000000,2026-06-09 20:03:59,2306.29158000,14
2026-06-09 20:04:00,0.92300000,0.92300000,0.92300000,0.92300000,14.60000000,2026-06-09 20:04:59,13.47580000,1
2026-06-09 20:05:00,0.92300000,0.92300000,0.92300000,0.92300000,0.00000000,2026-06-09 20:05:59,0.00000000,0
2026-06-09 20:06:00,0.92200000,0.92200000,0.92200000,0.92200000,125.57000000,2026-06-09 20:06:59,115.77554000,1
2026-06-09 20:07:00,0.92200000,0.92200000,0.92200000,0.92200000,142.29000000,2026-06-09 20:07:59,131.19138000,1
2026-06-09 20:08:00,0.92300000,0.92300000,0.92300000,0.92300000,108.34000000,2026-06-09 20:08:59,99.99782000,1
2026-06-09 20:09:00,0.92200000,0.92200000,0.92200000,0.92200000,148.11000000,2026-06-09 20:09:59,136.55742000,2
2026-06-09 20:10:00,0.92200000,0.92200000,0.92200000,0.92200000,1335.87000000,2026-06-09 20:10:59,1231.67214000,3
2026-06-09 20:11:00,0.92100000,0.92100000,0.92100000,0.92100000,1727.11000000,2026-06-09 20:11:59,1590.66831000,7
2026-06-09 20:12:00,0.92100000,0.92100000,0.92100000,0.92100000,0.00000000,2026-06-09 20:12:59,0.00000000,0
2026-06-09 20:13:00,0.92200000,0.92300000,0.92200000,0.92300000,1712.21000000,2026-06-09 20:13:59,1578.69762000,6
2026-06-09 20:14:00,0.92300000,0.92300000,0.92300000,0.92300000,1632.97000000,2026-06-09 20:14:59,1507.23131000,4
2026-06-09 20:15:00,0.92300000,0.92300000,0.92300000,0.92300000,80.00000000,2026-06-09 20:15:59,73.84000000,2
2026-06-09 20:16:00,0.92400000,0.92400000,0.92400000,0.92400000,45.57000000,2026-06-09 20:16:59,42.10668000,1
2026-06-09 20:17:00,0.92400000,0.92400000,0.92400000,0.92400000,0.00000000,2026-06-09 20:17:59,0.00000000,0
2026-06-09 20:18:00,0.92400000,0.92400000,0.92300000,0.92400000,6336.72000000,2026-06-09 20:18:59,5853.78628000,20
2026-06-09 20:19:00,0.92400000,0.92400000,0.92400000,0.92400000,869.40000000,2026-06-09 20:19:59,803.32560000,5
2026-06-09 20:20:00,0.92500000,0.92500000,0.92500000,0.92500000,1117.37000000,2026-06-09 20:20:59,1033.56725000,4
2026-06-09 20:21:00,0.92500000,0.92500000,0.92500000,0.92500000,1181.78000000,2026-06-09 20:21:59,1093.14650000,5
2026-06-09 20:22:00,0.92500000,0.92500000,0.92500000,0.92500000,0.00000000,2026-06-09 20:22:59,0.00000000,0
2026-06-09 20:23:00,0.92500000,0.92500000,0.92500000,0.92500000,160.00000000,2026-06-09 20:23:59,148.00000000,4
2026-06-09 20:24:00,0.92500000,0.92500000,0.92500000,0.92500000,40.00000000,2026-06-09 20:24:59,37.00000000,1
2026-06-09 20:25:00,0.92500000,0.92500000,0.92500000,0.92500000,0.00000000,2026-06-09 20:25:59,0.00000000,0
2026-06-09 20:26:00,0.92500000,0.92500000,0.92500000,0.92500000,0.00000000,2026-06-09 20:26:59,0.00000000,0
2026-06-09 20:27:00,0.92500000,0.92500000,0.92500000,0.92500000,0.00000000,2026-06-09 20:27:59,0.00000000,0
2026-06-09 20:28:00,0.92500000,0.92500000,0.92500000,0.92500000,0.00000000,2026-06-09 20:28:59,0.00000000,0
2026-06-09 20:29:00,0.92300000,0.92300000,0.92300000,0.92300000,138.20000000,2026-06-09 20:29:59,127.55860000,2
2026-06-09 20:30:00,0.92300000,0.92300000,0.92300000,0.92300000,0.00000000,2026-06-09 20:30:59,0.00000000,0
2026-06-09 20:31:00,0.92300000,0.92300000,0.92300000,0.92300000,0.00000000,2026-06-09 20:31:59,0.00000000,0
2026-06-09 20:32:00,0.92300000,0.92400000,0.92300000,0.92400000,1386.58000000,2026-06-09 20:32:59,1281.15992000,6
2026-06-09 20:33:00,0.92400000,0.92500000,0.92400000,0.92500000,171.68000000,2026-06-09 20:33:59,158.79359000,4
2026-06-09 20:34:00,0.92500000,0.92500000,0.92400000,0.92400000,103.80000000,2026-06-09 20:34:59,96.00695000,4
2026-06-09 20:35:00,0.92400000,0.92400000,0.92300000,0.92300000,1348.48000000,2026-06-09 20:35:59,1244.70027000,7
2026-06-09 20:36:00,0.92300000,0.92300000,0.92300000,0.92300000,2676.66000000,2026-06-09 20:36:59,2470.55718000,12
2026-06-09 20:37:00,0.92300000,0.92300000,0.92300000,0.92300000,40.00000000,2026-06-09 20:37:59,36.92000000,1
2026-06-09 20:38:00,0.92300000,0.92300000,0.92300000,0.92300000,0.00000000,2026-06-09 20:38:59,0.00000000,0
2026-06-09 20:39:00,0.92300000,0.92300000,0.92300000,0.92300000,21.66000000,2026-06-09 20:39:59,19.99218000,2
2026-06-09 20:40:00,0.92300000,0.92300000,0.92300000,0.92300000,2154.42000000,2026-06-09 20:40:59,1988.52966000,7
2026-06-09 20:41:00,0.92300000,0.92300000,0.92300000,0.92300000,1174.34000000,2026-06-09 20:41:59,1083.91582000,4
2026-06-09 20:42:00,0.92300000,0.92300000,0.92300000,0.92300000,0.00000000,2026-06-09 20:42:59,0.00000000,0
2026-06-09 20:43:00,0.92300000,0.92300000,0.92300000,0.92300000,263.29000000,2026-06-09 20:43:59,243.01667000,2
2026-06-09 20:44:00,0.92300000,0.92300000,0.92300000,0.92300000,0.00000000,2026-06-09 20:44:59,0.00000000,0
2026-06-09 20:45:00,0.92400000,0.92400000,0.92400000,0.92400000,3141.46000000,2026-06-09 20:45:59,2902.70904000,12
2026-06-09 20:46:00,0.92400000,0.92400000,0.92400000,0.92400000,0.00000000,2026-06-09 20:46:59,0.00000000,0
2026-06-09 20:47:00,0.92400000,0.92400000,0.92400000,0.92400000,0.00000000,2026-06-09 20:47:59,0.00000000,0
2026-06-09 20:48:00,0.92500000,0.92500000,0.92500000,0.92500000,7.97000000,2026-06-09 20:48:59,7.37225000,1
2026-06-09 20:49:00,0.92300000,0.92300000,0.92300000,0.92300000,148.52000000,2026-06-09 20:49:59,137.08396000,2
2026-06-09 20:50:00,0.92300000,0.92300000,0.92300000,0.92300000,7.80000000,2026-06-09 20:50:59,7.19940000,1
2026-06-09 20:51:00,0.92300000,0.92300000,0.92300000,0.92300000,0.00000000,2026-06-09 20:51:59,0.00000000,0
2026-06-09 20:52:00,0.92300000,0.92300000,0.92300000,0.92300000,2047.67000000,2026-06-09 20:52:59,1889.99941000,5
2026-06-09 20:53:00,0.92400000,0.92400000,0.92400000,0.92400000,1378.40000000,2026-06-09 20:53:59,1273.64160000,8
2026-06-09 20:54:00,0.92300000,0.92300000,0.92300000,0.92300000,12.95000000,2026-06-09 20:54:59,11.95285000,1
2026-06-09 20:55:00,0.92300000,0.92300000,0.92300000,0.92300000,0.00000000,2026-06-09 20:55:59,0.00000000,0
2026-06-09 20:56:00,0.92400000,0.92400000,0.92400000,0.92400000,104.38000000,2026-06-09 20:56:59,96.44712000,2
2026-06-09 20:57:00,0.92400000,0.92400000,0.92400000,0.92400000,0.00000000,2026-06-09 20:57:59,0.00000000,0
2026-06-09 20:58:00,0.92400000,0.92400000,0.92400000,0.92400000,0.00000000,2026-06-09 20:58:59,0.00000000,0
2026-06-09 20:59:00,0.92300000,0.92300000,0.92300000,0.92300000,14.34000000,2026-06-09 20:59:59,13.23582000,1
2026-06-09 21:00:00,0.92300000,0.92400000,0.92300000,0.92400000,18.76000000,2026-06-09 21:00:59,17.32200000,2
2026-06-09 21:01:00,0.92400000,0.92400000,0.92400000,0.92400000,0.00000000,2026-06-09 21:01:59,0.00000000,0
2026-06-09 21:02:00,0.92400000,0.92400000,0.92400000,0.92400000,0.00000000,2026-06-09 21:02:59,0.00000000,0
2026-06-09 21:03:00,0.92400000,0.92400000,0.92400000,0.92400000,5.94000000,2026-06-09 21:03:59,5.48856000,1
2026-06-09 21:04:00,0.92300000,0.92500000,0.92300000,0.92500000,325.77000000,2026-06-09 21:04:59,300.94182000,8
2026-06-09 21:05:00,0.92500000,0.92500000,0.92500000,0.92500000,0.00000000,2026-06-09 21:05:59,0.00000000,0
2026-06-09 21:06:00,0.92500000,0.92500000,0.92500000,0.92500000,9.69000000,2026-06-09 21:06:59,8.96325000,1
2026-06-09 21:07:00,0.92600000,0.92600000,0.92500000,0.92500000,18.14000000,2026-06-09 21:07:59,16.78906000,2
2026-06-09 21:08:00,0.92500000,0.92500000,0.92400000,0.92400000,146.08000000,2026-06-09 21:08:59,135.03354000,3
2026-06-09 21:09:00,0.92400000,0.92500000,0.92400000,0.92500000,570.93000000,2026-06-09 21:09:59,528.02662000,4
2026-06-09 21:10:00,0.92500000,0.92500000,0.92400000,0.92400000,378.51000000,2026-06-09 21:10:59,350.03725000,3
2026-06-09 21:11:00,0.92500000,0.92500000,0.92400000,0.92400000,445.28000000,2026-06-09 21:11:59,411.74167000,5
2026-06-09 21:12:00,0.92500000,0.92500000,0.92400000,0.92400000,1014.41000000,2026-06-09 21:12:59,938.22661000,6
2026-06-09 21:13:00,0.92400000,0.92400000,0.92400000,0.92400000,160.22000000,2026-06-09 21:13:59,148.04328000,2
2026-06-09 21:14:00,0.92500000,0.92500000,0.92500000,0.92500000,98.32000000,2026-06-09 21:14:59,90.94600000,1
2026-06-09 21:15:00,0.92500000,0.92500000,0.92500000,0.92500000,152.27000000,2026-06-09 21:15:59,140.84975000,2
2026-06-09 21:16:00,0.92400000,0.92400000,0.92400000,0.92400000,160.57000000,2026-06-09 21:16:59,148.36668000,2
2026-06-09 21:17:00,0.92400000,0.92500000,0.92400000,0.92400000,395.05000000,2026-06-09 21:17:59,365.32325000,7
2026-06-09 21:18:00,0.92400000,0.92400000,0.92400000,0.92400000,167.37000000,2026-06-09 21:18:59,154.64988000,3
2026-06-09 21:19:00,0.92400000,0.92400000,0.92400000,0.92400000,170.40000000,2026-06-09 21:19:59,157.44960000,3
2026-06-09 21:20:00,0.92500000,0.92500000,0.92400000,0.92400000,299.69000000,2026-06-09 21:20:59,277.05006000,4
2026-06-09 21:21:00,0.92400000,0.92400000,0.92300000,0.92400000,242.10000000,2026-06-09 21:21:59,223.60360000,3
2026-06-09 21:22:00,0.92400000,0.92400000,0.92400000,0.92400000,157.86000000,2026-06-09 21:22:59,145.86264000,3
2026-06-09 21:23:00,0.92400000,0.92400000,0.92400000,0.92400000,222.82000000,2026-06-09 21:23:59,205.88568000,5
2026-06-09 21:24:00,0.92400000,0.92400000,0.92400000,0.92400000,110.82000000,2026-06-09 21:24:59,102.39768000,1
2026-06-09 21:25:00,0.92400000,0.92400000,0.92400000,0.92400000,176.32000000,2026-06-09 21:25:59,162.91968000,4
2026-06-09 21:26:00,0.92300000,0.92400000,0.92300000,0.92400000,245.00000000,2026-06-09 21:26:59,226.28500000,4
2026-06-09 21:27:00,0.92300000,0.92400000,0.92300000,0.92400000,1400.74000000,2026-06-09 21:27:59,1294.15225000,5
2026-06-09 21:28:00,0.92400000,0.92400000,0.92400000,0.92400000,78.78000000,2026-06-09 21:28:59,72.79272000,1
2026-06-09 21:29:00,0.92500000,0.92600000,0.92500000,0.92600000,504.81000000,2026-06-09 21:29:59,467.36652000,8
2026-06-09 21:30:00,0.92500000,0.92500000,0.92500000,0.92500000,1532.88000000,2026-06-09 21:30:59,1417.91400000,10
2026-06-09 21:31:00,0.92500000,0.92500000,0.92400000,0.92400000,317.75000000,2026-06-09 21:31:59,293.84165000,3
2026-06-09 21:32:00,0.92400000,0.92400000,0.92300000,0.92300000,762.37000000,2026-06-09 21:32:59,704.35515000,9
2026-06-09 21:33:00,0.92200000,0.92200000,0.92200000,0.92200000,1202.99000000,2026-06-09 21:33:59,1109.15678000,4
2026-06-09 21:34:00,0.92100000,0.92100000,0.92100000,0.92100000,226.62000000,2026-06-09 21:34:59,208.71702000,5
2026-06-09 21:35:00,0.92100000,0.92100000,0.92100000,0.92100000,0.00000000,2026-06-09 21:35:59,0.00000000,0
2026-06-09 21:36:00,0.92100000,0.92100000,0.91900000,0.92100000,712.95000000,2026-06-09 21:36:59,655.28833000,5
2026-06-09 21:37:00,0.92000000,0.92000000,0.92000000,0.92000000,1488.85000000,2026-06-09 21:37:59,1369.74200000,4
2026-06-09 21:38:00,0.92100000,0.92100000,0.92100000,0.92100000,10.99000000,2026-06-09 21:38:59,10.12179000,1
2026-06-09 21:39:00,0.92100000,0.92100000,0.92100000,0.92100000,1145.36000000,2026-06-09 21:39:59,1054.87656000,1
2026-06-09 21:40:00,0.92100000,0.92100000,0.92100000,0.92100000,0.00000000,2026-06-09 21:40:59,0.00000000,0
2026-06-09 21:41:00,0.92000000,0.92000000,0.91900000,0.91900000,1084.61000000,2026-06-09 21:41:59,996.84679000,3
2026-06-09 21:42:00,0.91900000,0.92000000,0.91900000,0.91900000,92.21000000,2026-06-09 21:42:59,84.76041000,3
2026-06-09 21:43:00,0.91800000,0.91800000,0.91700000,0.91700000,109.75000000,2026-06-09 21:43:59,100.70396000,4
2026-06-09 21:44:00,0.91600000,0.91700000,0.91600000,0.91700000,1649.35000000,2026-06-09 21:44:59,1510.84108000,9
2026-06-09 21:45:00,0.91700000,0.91700000,0.91700000,0.91700000,0.00000000,2026-06-09 21:45:59,0.00000000,0
2026-06-09 21:46:00,0.91700000,0.91700000,0.91700000,0.91700000,204.75000000,2026-06-09 21:46:59,187.75575000,2
2026-06-09 21:47:00,0.91800000,0.92000000,0.91800000,0.92000000,4117.21000000,2026-06-09 21:47:59,3782.83893000,21
2026-06-09 21:48:00,0.91900000,0.92000000,0.91900000,0.92000000,1336.10000000,2026-06-09 21:48:59,1229.15177000,4
2026-06-09 21:49:00,0.92000000,0.92000000,0.92000000,0.92000000,356.16000000,2026-06-09 21:49:59,327.66720000,2
2026-06-09 21:50:00,0.92000000,0.92000000,0.92000000,0.92000000,1166.30000000,2026-06-09 21:50:59,1072.99600000,2
2026-06-09 21:51:00,0.91900000,0.91900000,0.91900000,0.91900000,31.71000000,2026-06-09 21:51:59,29.14149000,1
2026-06-09 21:52:00,0.91900000,0.91900000,0.91900000,0.91900000,1349.38000000,2026-06-09 21:52:59,1240.08022000,5
2026-06-09 21:53:00,0.92100000,0.92100000,0.92100000,0.92100000,257.36000000,2026-06-09 21:53:59,237.02856000,2
2026-06-09 21:54:00,0.92100000,0.92100000,0.92100000,0.92100000,0.00000000,2026-06-09 21:54:59,0.00000000,0
2026-06-09 21:55:00,0.92200000,0.92200000,0.92100000,0.92100000,1439.11000000,2026-06-09 21:55:59,1326.71827000,6
2026-06-09 21:56:00,0.92200000,0.92300000,0.92200000,0.92300000,1534.44000000,2026-06-09 21:56:59,1416.06942000,6
2026-06-09 21:57:00,0.92300000,0.92400000,0.92300000,0.92400000,521.65000000,2026-06-09 21:57:59,481.68770000,4
2026-06-09 21:58:00,0.92400000,0.92400000,0.92400000,0.92400000,1115.19000000,2026-06-09 21:58:59,1030.43556000,2
2026-06-09 21:59:00,0.92400000,0.92400000,0.92400000,0.92400000,1229.90000000,2026-06-09 21:59:59,1136.42760000,5
2026-06-09 22:00:00,0.92400000,0.92600000,0.92400000,0.92500000,2352.02000000,2026-06-09 22:00:59,2175.57737000,6
2026-06-09 22:01:00,0.92500000,0.92500000,0.92500000,0.92500000,0.00000000,2026-06-09 22:01:59,0.00000000,0
2026-06-09 22:02:00,0.92400000,0.92400000,0.92300000,0.92400000,248.91000000,2026-06-09 22:02:59,229.98403000,4
2026-06-09 22:03:00,0.92400000,0.92400000,0.92400000,0.92400000,451.91000000,2026-06-09 22:03:59,417.56484000,5
2026-06-09 22:04:00,0.92500000,0.92500000,0.92500000,0.92500000,316.90000000,2026-06-09 22:04:59,293.13250000,3
2026-06-09 22:05:00,0.92500000,0.92500000,0.92500000,0.92500000,0.00000000,2026-06-09 22:05:59,0.00000000,0
2026-06-09 22:06:00,0.92500000,0.92500000,0.92500000,0.92500000,0.00000000,2026-06-09 22:06:59,0.00000000,0
2026-06-09 22:07:00,0.92300000,0.92300000,0.92300000,0.92300000,1153.85000000,2026-06-09 22:07:59,1065.00355000,1
2026-06-09 22:08:00,0.92300000,0.92300000,0.92300000,0.92300000,0.00000000,2026-06-09 22:08:59,0.00000000,0
2026-06-09 22:09:00,0.92200000,0.92200000,0.92200000,0.92200000,133.20000000,2026-06-09 22:09:59,122.81040000,2
2026-06-09 22:10:00,0.92100000,0.92100000,0.92100000,0.92100000,714.70000000,2026-06-09 22:10:59,658.23870000,13
2026-06-09 22:11:00,0.92200000,0.92300000,0.92200000,0.92300000,805.95000000,2026-06-09 22:11:59,743.16545000,19
2026-06-09 22:12:00,0.92200000,0.92200000,0.92200000,0.92200000,218.70000000,2026-06-09 22:12:59,201.64140000,2
2026-06-09 22:13:00,0.92200000,0.92200000,0.92200000,0.92200000,0.00000000,2026-06-09 22:13:59,0.00000000,0
2026-06-09 22:14:00,0.92200000,0.92200000,0.92200000,0.92200000,0.00000000,2026-06-09 22:14:59,0.00000000,0
2026-06-09 22:15:00,0.92200000,0.92200000,0.92200000,0.92200000,32.56000000,2026-06-09 22:15:59,30.02032000,4
2026-06-09 22:16:00,0.92400000,0.92400000,0.92400000,0.92400000,944.39000000,2026-06-09 22:16:59,872.61636000,5
2026-06-09 22:17:00,0.92500000,0.92500000,0.92500000,0.92500000,1209.52000000,2026-06-09 22:17:59,1118.80600000,4
2026-06-09 22:18:00,0.92500000,0.92500000,0.92500000,0.92500000,0.00000000,2026-06-09 22:18:59,0.00000000,0
2026-06-09 22:19:00,0.92500000,0.92500000,0.92500000,0.92500000,218.70000000,2026-06-09 22:19:59,202.29750000,1
2026-06-09 22:20:00,0.92500000,0.92500000,0.92400000,0.92400000,2322.03000000,2026-06-09 22:20:59,2147.28018000,9
2026-06-09 22:21:00,0.92400000,0.92400000,0.92400000,0.92400000,0.00000000,2026-06-09 22:21:59,0.00000000,0
2026-06-09 22:22:00,0.92400000,0.92400000,0.92400000,0.92400000,0.00000000,2026-06-09 22:22:59,0.00000000,0
2026-06-09 22:23:00,0.92300000,0.92300000,0.92300000,0.92300000,51.57000000,2026-06-09 22:23:59,47.59911000,2
2026-06-09 22:24:00,0.92300000,0.92300000,0.92300000,0.92300000,1133.70000000,2026-06-09 22:24:59,1046.40510000,2
2026-06-09 22:25:00,0.92300000,0.92300000,0.92300000,0.92300000,0.00000000,2026-06-09 22:25:59,0.00000000,0
2026-06-09 22:26:00,0.92200000,0.92200000,0.92200000,0.92200000,158.33000000,2026-06-09 22:26:59,145.98026000,2
2026-06-09 22:27:00,0.92200000,0.92200000,0.92200000,0.92200000,755.04000000,2026-06-09 22:27:59,696.14688000,4
2026-06-09 22:28:00,0.92200000,0.92200000,0.92200000,0.92200000,190.88000000,2026-06-09 22:28:59,175.99136000,2
2026-06-09 22:29:00,0.92100000,0.92100000,0.92100000,0.92100000,455.38000000,2026-06-09 22:29:59,419.40498000,5
2026-06-09 22:30:00,0.92000000,0.92000000,0.92000000,0.92000000,218.70000000,2026-06-09 22:30:59,201.20400000,1
2026-06-09 22:31:00,0.92000000,0.92000000,0.92000000,0.92000000,98.20000000,2026-06-09 22:31:59,90.34400000,1
2026-06-09 22:32:00,0.92000000,0.92000000,0.92000000,0.92000000,218.70000000,2026-06-09 22:32:59,201.20400000,1
2026-06-09 22:33:00,0.92000000,0.92000000,0.92000000,0.92000000,59.67000000,2026-06-09 22:33:59,54.89640000,2
2026-06-09 22:34:00,0.91900000,0.92000000,0.91900000,0.92000000,90.39000000,2026-06-09 22:34:59,83.14841000,3
2026-06-09 22:35:00,0.92100000,0.92100000,0.92100000,0.92100000,50.00000000,2026-06-09 22:35:59,46.05000000,1
2026-06-09 22:36:00,0.92000000,0.92000000,0.91800000,0.91800000,526.69000000,2026-06-09 22:36:59,483.62770000,7
2026-06-09 22:37:00,0.91800000,0.91800000,0.91800000,0.91800000,0.00000000,2026-06-09 22:37:59,0.00000000,0
2026-06-09 22:38:00,0.91800000,0.91800000,0.91800000,0.91800000,525.64000000,2026-06-09 22:38:59,482.53752000,5
2026-06-09 22:39:00,0.91900000,0.91900000,0.91900000,0.91900000,988.38000000,2026-06-09 22:39:59,908.32122000,6
2026-06-09 22:40:00,0.91900000,0.91900000,0.91900000,0.91900000,7.72000000,2026-06-09 22:40:59,7.09468000,1
2026-06-09 22:41:00,0.91700000,0.91700000,0.91600000,0.91600000,1161.16000000,2026-06-09 22:41:59,1063.65116000,4
2026-06-09 22:42:00,0.91600000,0.91600000,0.91600000,0.91600000,4578.39000000,2026-06-09 22:42:59,4193.80524000,12
2026-06-09 22:43:00,0.91600000,0.91600000,0.91600000,0.91600000,1958.08000000,2026-06-09 22:43:59,1793.60128000,14
2026-06-09 22:44:00,0.91600000,0.91600000,0.91600000,0.91600000,218.70000000,2026-06-09 22:44:59,200.32920000,2
2026-06-09 22:45:00,0.91600000,0.91600000,0.91600000,0.91600000,0.00000000,2026-06-09 22:45:59,0.00000000,0
2026-06-09 22:46:00,0.91600000,0.91600000,0.91600000,0.91600000,0.00000000,2026-06-09 22:46:59,0.00000000,0
2026-06-09 22:47:00,0.91700000,0.91700000,0.91700000,0.91700000,250.99000000,2026-06-09 22:47:59,230.15783000,2
2026-06-09 22:48:00,0.91700000,0.91800000,0.91700000,0.91800000,777.56000000,2026-06-09 22:48:59,713.26350000,7
2026-06-09 22:49:00,0.91900000,0.92000000,0.91900000,0.92000000,635.62000000,2026-06-09 22:49:59,584.52024000,4
2026-06-09 22:50:00,0.92000000,0.92000000,0.92000000,0.92000000,1953.20000000,2026-06-09 22:50:59,1796.94400000,6
2026-06-09 22:51:00,0.92000000,0.92000000,0.92000000,0.92000000,1450.59000000,2026-06-09 22:51:59,1334.54280000,5
2026-06-09 22:52:00,0.91900000,0.92000000,0.91900000,0.92000000,479.10000000,2026-06-09 22:52:59,440.62200000,5
2026-06-09 22:53:00,0.92000000,0.92000000,0.92000000,0.92000000,0.00000000,2026-06-09 22:53:59,0.00000000,0
2026-06-09 22:54:00,0.92100000,0.92100000,0.92100000,0.92100000,218.70000000,2026-06-09 22:54:59,201.42270000,1
2026-06-09 22:55:00,0.92100000,0.92100000,0.92100000,0.92100000,0.00000000,2026-06-09 22:55:59,0.00000000,0
2026-06-09 22:56:00,0.92100000,0.92100000,0.92100000,0.92100000,0.00000000,2026-06-09 22:56:59,0.00000000,0
2026-06-09 22:57:00,0.92100000,0.92100000,0.92100000,0.92100000,333.20000000,2026-06-09 22:57:59,306.87720000,5
2026-06-09 22:58:00,0.92100000,0.92100000,0.92100000,0.92100000,542.65000000,2026-06-09 22:58:59,499.78065000,4
2026-06-09 22:59:00,0.92100000,0.92100000,0.92100000,0.92100000,0.00000000,2026-06-09 22:59:59,0.00000000,0
2026-06-09 23:00:00,0.92100000,0.92100000,0.92100000,0.92100000,0.00000000,2026-06-09 23:00:59,0.00000000,0
2026-06-09 23:01:00,0.92100000,0.92100000,0.92100000,0.92100000,11.84000000,2026-06-09 23:01:59,10.90464000,1
2026-06-09 23:02:00,0.92200000,0.92300000,0.92200000,0.92200000,752.75000000,2026-06-09 23:02:59,694.27050000,9
2026-06-09 23:03:00,0.92200000,0.92200000,0.92200000,0.92200000,602.23000000,2026-06-09 23:03:59,555.25606000,4
2026-06-09 23:04:00,0.92200000,0.92200000,0.92200000,0.92200000,23.20000000,2026-06-09 23:04:59,21.39040000,1
2026-06-09 23:05:00,0.92200000,0.92200000,0.92200000,0.92200000,0.00000000,2026-06-09 23:05:59,0.00000000,0
2026-06-09 23:06:00,0.92200000,0.92200000,0.92200000,0.92200000,0.00000000,2026-06-09 23:06:59,0.00000000,0
2026-06-09 23:07:00,0.92200000,0.92200000,0.92200000,0.92200000,0.00000000,2026-06-09 23:07:59,0.00000000,0
2026-06-09 23:08:00,0.92100000,0.92100000,0.92000000,0.92000000,401.02000000,2026-06-09 23:08:59,368.96282000,6
2026-06-09 23:09:00,0.92000000,0.92000000,0.92000000,0.92000000,1015.40000000,2026-06-09 23:09:59,934.16800000,6
2026-06-09 23:10:00,0.91900000,0.91900000,0.91900000,0.91900000,831.09000000,2026-06-09 23:10:59,763.77171000,2
2026-06-09 23:11:00,0.91900000,0.91900000,0.91800000,0.91800000,1853.25000000,2026-06-09 23:11:59,1701.81697000,8
2026-06-09 23:12:00,0.91800000,0.91800000,0.91800000,0.91800000,0.00000000,2026-06-09 23:12:59,0.00000000,0
2026-06-09 23:13:00,0.91900000,0.91900000,0.91900000,0.91900000,5.76000000,2026-06-09 23:13:59,5.29344000,1
2026-06-09 23:14:00,0.91900000,0.91900000,0.91900000,0.91900000,0.00000000,2026-06-09 23:14:59,0.00000000,0
2026-06-09 23:15:00,0.91700000,0.91800000,0.91700000,0.91800000,327.62000000,2026-06-09 23:15:59,300.45477000,4
2026-06-09 23:16:00,0.91700000,0.91700000,0.91700000,0.91700000,829.80000000,2026-06-09 23:16:59,760.92660000,6
2026-06-09 23:17:00,0.91500000,0.91500000,0.91500000,0.91500000,1453.06000000,2026-06-09 23:17:59,1329.54990000,6
2026-06-09 23:18:00,0.91500000,0.91500000,0.91500000,0.91500000,1151.55000000,2026-06-09 23:18:59,1053.66825000,3
2026-06-09 23:19:00,0.91500000,0.91500000,0.91500000,0.91500000,2503.21000000,2026-06-09 23:19:59,2290.43715000,5
2026-06-09 23:20:00,0.91500000,0.91500000,0.91500000,0.91500000,530.13000000,2026-06-09 23:20:59,485.06895000,4
2026-06-09 23:21:00,0.91700000,0.91700000,0.91700000,0.91700000,105.06000000,2026-06-09 23:21:59,96.34002000,3
2026-06-09 23:22:00,0.91700000,0.91700000,0.91700000,0.91700000,0.00000000,2026-06-09 23:22:59,0.00000000,0
2026-06-09 23:23:00,0.91500000,0.91500000,0.91500000,0.91500000,91.15000000,2026-06-09 23:23:59,83.40225000,1
2026-06-09 23:24:00,0.91500000,0.91500000,0.91500000,0.91500000,0.00000000,2026-06-09 23:24:59,0.00000000,0
2026-06-09 23:25:00,0.91400000,0.91400000,0.91400000,0.91400000,1214.65000000,2026-06-09 23:25:59,1110.19010000,7
2026-06-09 23:26:00,0.91400000,0.91400000,0.91200000,0.91300000,569.33000000,2026-06-09 23:26:59,520.13298000,7
2026-06-09 23:27:00,0.91300000,0.91300000,0.91300000,0.91300000,1485.25000000,2026-06-09 23:27:59,1356.03325000,3
2026-06-09 23:28:00,0.91400000,0.91400000,0.91400000,0.91400000,1195.39000000,2026-06-09 23:28:59,1092.58646000,6
2026-06-09 23:29:00,0.91400000,0.91400000,0.91400000,0.91400000,0.00000000,2026-06-09 23:29:59,0.00000000,0
2026-06-09 23:30:00,0.91500000,0.91500000,0.91500000,0.91500000,1726.89000000,2026-06-09 23:30:59,1580.10435000,8
2026-06-09 23:31:00,0.91500000,0.91500000,0.91500000,0.91500000,0.00000000,2026-06-09 23:31:59,0.00000000,0
2026-06-09 23:32:00,0.91300000,0.91300000,0.91100000,0.91100000,795.12000000,2026-06-09 23:32:59,725.01133000,14
2026-06-09 23:33:00,0.91100000,0.91100000,0.91100000,0.91100000,1237.34000000,2026-06-09 23:33:59,1127.21674000,4
2026-06-09 23:34:00,0.91000000,0.91100000,0.91000000,0.91000000,1287.37000000,2026-06-09 23:34:59,1171.73654000,9
2026-06-09 23:35:00,0.91000000,0.91000000,0.91000000,0.91000000,79.44000000,2026-06-09 23:35:59,72.29040000,1
2026-06-09 23:36:00,0.91000000,0.91000000,0.91000000,0.91000000,448.77000000,2026-06-09 23:36:59,408.38070000,3
2026-06-09 23:37:00,0.91000000,0.91000000,0.91000000,0.91000000,24.44000000,2026-06-09 23:37:59,22.24040000,1
2026-06-09 23:38:00,0.91000000,0.91000000,0.91000000,0.91000000,6.97000000,2026-06-09 23:38:59,6.34270000,1
2026-06-09 23:39:00,0.91100000,0.91100000,0.91000000,0.91000000,1219.37000000,2026-06-09 23:39:59,1109.72490000,12
2026-06-09 23:40:00,0.91000000,0.91000000,0.91000000,0.91000000,1590.02000000,2026-06-09 23:40:59,1446.91820000,7
2026-06-09 23:41:00,0.91000000,0.91000000,0.91000000,0.91000000,204.75000000,2026-06-09 23:41:59,186.32250000,1
2026-06-09 23:42:00,0.91000000,0.91000000,0.91000000,0.91000000,0.00000000,2026-06-09 23:42:59,0.00000000,0
2026-06-09 23:43:00,0.91000000,0.91000000,0.91000000,0.91000000,0.00000000,2026-06-09 23:43:59,0.00000000,0
2026-06-09 23:44:00,0.91000000,0.91000000,0.91000000,0.91000000,181.24000000,2026-06-09 23:44:59,164.92840000,3
2026-06-09 23:45:00,0.91000000,0.91000000,0.90900000,0.90900000,385.53000000,2026-06-09 23:45:59,350.76397000,6
2026-06-09 23:46:00,0.90900000,0.90900000,0.90800000,0.90800000,1316.74000000,2026-06-09 23:46:59,1196.74671000,11
2026-06-09 23:47:00,0.90800000,0.90800000,0.90700000,0.90700000,4482.50000000,2026-06-09 23:47:59,4065.77624000,28
2026-06-09 23:48:00,0.90700000,0.90700000,0.90700000,0.90700000,90.62000000,2026-06-09 23:48:59,82.19234000,1
2026-06-09 23:49:00,0.90700000,0.90700000,0.90700000,0.90700000,0.00000000,2026-06-09 23:49:59,0.00000000,0
2026-06-09 23:50:00,0.90700000,0.90700000,0.90700000,0.90700000,86.40000000,2026-06-09 23:50:59,78.36480000,4
2026-06-09 23:51:00,0.90700000,0.90700000,0.90700000,0.90700000,40.00000000,2026-06-09 23:51:59,36.28000000,1
2026-06-09 23:52:00,0.90800000,0.90900000,0.90800000,0.90800000,439.48000000,2026-06-09 23:52:59,399.05445000,6
2026-06-09 23:53:00,0.90800000,0.90800000,0.90800000,0.90800000,0.00000000,2026-06-09 23:53:59,0.00000000,0
2026-06-09 23:54:00,0.90800000,0.90800000,0.90800000,0.90800000,0.00000000,2026-06-09 23:54:59,0.00000000,0
2026-06-09 23:55:00,0.90900000,0.90900000,0.90900000,0.90900000,1043.99000000,2026-06-09 23:55:59,948.98691000,3
2026-06-09 23:56:00,0.90900000,0.90900000,0.90900000,0.90900000,0.00000000,2026-06-09 23:56:59,0.00000000,0
2026-06-09 23:57:00,0.90900000,0.91100000,0.90900000,0.91100000,3240.16000000,2026-06-09 23:57:59,2947.35299000,15
2026-06-09 23:58:00,0.91100000,0.91100000,0.91100000,0.91100000,0.00000000,2026-06-09 23:58:59,0.00000000,0
2026-06-09 23:59:00,0.91000000,0.91000000,0.91000000,0.91000000,199.32000000,2026-06-09 23:59:59,181.38120000,2
2026-06-10 00:00:00,0.91000000,0.91000000,0.91000000,0.91000000,0.00000000,2026-06-10 00:00:59,0.00000000,0
2026-06-10 00:01:00,0.90900000,0.90900000,0.90900000,0.90900000,98.20000000,2026-06-10 00:01:59,89.26380000,1
2026-06-10 00:02:00,0.91000000,0.91000000,0.91000000,0.91000000,5.93000000,2026-06-10 00:02:59,5.39630000,1
2026-06-10 00:03:00,0.91100000,0.91100000,0.91100000,0.91100000,55.84000000,2026-06-10 00:03:59,50.87024000,3
2026-06-10 00:04:00,0.91100000,0.91100000,0.91100000,0.91100000,0.00000000,2026-06-10 00:04:59,0.00000000,0
2026-06-10 00:05:00,0.91400000,0.91400000,0.91400000,0.91400000,53.45000000,2026-06-10 00:05:59,48.85330000,2
2026-06-10 00:06:00,0.91400000,0.91400000,0.91400000,0.91400000,15.49000000,2026-06-10 00:06:59,14.15786000,1
2026-06-10 00:07:00,0.91300000,0.91300000,0.91300000,0.91300000,137.51000000,2026-06-10 00:07:59,125.54663000,1
2026-06-10 00:08:00,0.91300000,0.91300000,0.91300000,0.91300000,130.37000000,2026-06-10 00:08:59,119.02781000,1
2026-06-10 00:09:00,0.91300000,0.91300000,0.91300000,0.91300000,0.00000000,2026-06-10 00:09:59,0.00000000,0
2026-06-10 00:10:00,0.91300000,0.91300000,0.91300000,0.91300000,10.13000000,2026-06-10 00:10:59,9.24869000,1
2026-06-10 00:11:00,0.91200000,0.91200000,0.91200000,0.91200000,481.78000000,2026-06-10 00:11:59,439.38336000,2
2026-06-10 00:12:00,0.91100000,0.91100000,0.91100000,0.91100000,1473.19000000,2026-06-10 00:12:59,1342.07609000,3
2026-06-10 00:13:00,0.91100000,0.91100000,0.91100000,0.91100000,0.00000000,2026-06-10 00:13:59,0.00000000,0
2026-06-10 00:14:00,0.91100000,0.91100000,0.91100000,0.91100000,9.87000000,2026-06-10 00:14:59,8.99157000,2
2026-06-10 00:15:00,0.91100000,0.91100000,0.91000000,0.91000000,232.03000000,2026-06-10 00:15:59,211.35205000,2
2026-06-10 00:16:00,0.91300000,0.91300000,0.91300000,0.91300000,31.61000000,2026-06-10 00:16:59,28.85993000,1
2026-06-10 00:17:00,0.91400000,0.91500000,0.91300000,0.91300000,2636.32000000,2026-06-10 00:17:59,2408.92910000,17
2026-06-10 00:18:00,0.91300000,0.91300000,0.91300000,0.91300000,36.50000000,2026-06-10 00:18:59,33.32450000,2
2026-06-10 00:19:00,0.91300000,0.91300000,0.91300000,0.91300000,0.00000000,2026-06-10 00:19:59,0.00000000,0
2026-06-10 00:20:00,0.91200000,0.91200000,0.91200000,0.91200000,7.74000000,2026-06-10 00:20:59,7.05888000,1
2026-06-10 00:21:00,0.91300000,0.91500000,0.91300000,0.91500000,327.77000000,2026-06-10 00:21:59,299.57854000,5
2026-06-10 00:22:00,0.91500000,0.91500000,0.91500000,0.91500000,0.00000000,2026-06-10 00:22:59,0.00000000,0
2026-06-10 00:23:00,0.91400000,0.91400000,0.91400000,0.91400000,1163.90000000,2026-06-10 00:23:59,1063.80460000,2
2026-06-10 00:24:00,0.91400000,0.91400000,0.91400000,0.91400000,976.82000000,2026-06-10 00:24:59,892.81348000,4
2026-06-10 00:25:00,0.91400000,0.91400000,0.91400000,0.91400000,409.96000000,2026-06-10 00:25:59,374.70344000,5
2026-06-10 00:26:00,0.91500000,0.91500000,0.91500000,0.91500000,28.76000000,2026-06-10 00:26:59,26.31540000,1
2026-06-10 00:27:00,0.91500000,0.91500000,0.91500000,0.91500000,1189.10000000,2026-06-10 00:27:59,1088.02650000,8
2026-06-10 00:28:00,0.91500000,0.91500000,0.91500000,0.91500000,0.00000000,2026-06-10 00:28:59,0.00000000,0
2026-06-10 00:29:00,0.91500000,0.91500000,0.91500000,0.91500000,0.00000000,2026-06-10 00:29:59,0.00000000,0
2026-06-10 00:30:00,0.91500000,0.91500000,0.91400000,0.91500000,6261.96000000,2026-06-10 00:30:59,5728.61649000,20
2026-06-10 00:31:00,0.91500000,0.91500000,0.91400000,0.91400000,113.63000000,2026-06-10 00:31:59,103.86603000,3
2026-06-10 00:32:00,0.91400000,0.91400000,0.91400000,0.91400000,0.00000000,2026-06-10 00:32:59,0.00000000,0
2026-06-10 00:33:00,0.91500000,0.91500000,0.91500000,0.91500000,789.57000000,2026-06-10 00:33:59,722.45655000,4
2026-06-10 00:34:00,0.91500000,0.91500000,0.91500000,0.91500000,0.00000000,2026-06-10 00:34:59,0.00000000,0
2026-06-10 00:35:00,0.91500000,0.91500000,0.91500000,0.91500000,0.00000000,2026-06-10 00:35:59,0.00000000,0
2026-06-10 00:36:00,0.91400000,0.91400000,0.91400000,0.91400000,46.87000000,2026-06-10 00:36:59,42.83918000,1
2026-06-10 00:37:00,0.91400000,0.91400000,0.91400000,0.91400000,24.07000000,2026-06-10 00:37:59,21.99998000,1
2026-06-10 00:38:00,0.91600000,0.91600000,0.91600000,0.91600000,8.73000000,2026-06-10 00:38:59,7.99668000,1
2026-06-10 00:39:00,0.91600000,0.91600000,0.91600000,0.91600000,0.00000000,2026-06-10 00:39:59,0.00000000,0
2026-06-10 00:40:00,0.91500000,0.91500000,0.91400000,0.91500000,2991.82000000,2026-06-10 00:40:59,2735.64215000,18
2026-06-10 00:41:00,0.91500000,0.91500000,0.91500000,0.91500000,596.36000000,2026-06-10 00:41:59,545.66940000,3
2026-06-10 00:42:00,0.91500000,0.91500000,0.91500000,0.91500000,0.00000000,2026-06-10 00:42:59,0.00000000,0
2026-06-10 00:43:00,0.91500000,0.91500000,0.91500000,0.91500000,0.00000000,2026-06-10 00:43:59,0.00000000,0
2026-06-10 00:44:00,0.91500000,0.91500000,0.91500000,0.91500000,0.00000000,2026-06-10 00:44:59,0.00000000,0
2026-06-10 00:45:00,0.91600000,0.91600000,0.91600000,0.91600000,353.89000000,2026-06-10 00:45:59,324.16324000,2
2026-06-10 00:46:00,0.91600000,0.91600000,0.91600000,0.91600000,268.69000000,2026-06-10 00:46:59,246.12004000,2
2026-06-10 00:47:00,0.91500000,0.91500000,0.91500000,0.91500000,98.20000000,2026-06-10 00:47:59,89.85300000,1
2026-06-10 00:48:00,0.91600000,0.91600000,0.91600000,0.91600000,105.24000000,2026-06-10 00:48:59,96.39984000,2
2026-06-10 00:49:00,0.91500000,0.91500000,0.91500000,0.91500000,314.05000000,2026-06-10 00:49:59,287.35575000,3
2026-06-10 00:50:00,0.91500000,0.91500000,0.91500000,0.91500000,0.00000000,2026-06-10 00:50:59,0.00000000,0
2026-06-10 00:51:00,0.91500000,0.91500000,0.91500000,0.91500000,0.00000000,2026-06-10 00:51:59,0.00000000,0
2026-06-10 00:52:00,0.91500000,0.91500000,0.91500000,0.91500000,18.59000000,2026-06-10 00:52:59,17.00985000,1
2026-06-10 00:53:00,0.91500000,0.91500000,0.91500000,0.91500000,0.00000000,2026-06-10 00:53:59,0.00000000,0
2026-06-10 00:54:00,0.91500000,0.91500000,0.91500000,0.91500000,0.00000000,2026-06-10 00:54:59,0.00000000,0
2026-06-10 00:55:00,0.91500000,0.91500000,0.91500000,0.91500000,0.00000000,2026-06-10 00:55:59,0.00000000,0
2026-06-10 00:56:00,0.91500000,0.91500000,0.91500000,0.91500000,0.00000000,2026-06-10 00:56:59,0.00000000,0
2026-06-10 00:57:00,0.91500000,0.91500000,0.91500000,0.91500000,113.58000000,2026-06-10 00:57:59,103.92570000,1
2026-06-10 00:58:00,0.91500000,0.91500000,0.91500000,0.91500000,0.00000000,2026-06-10 00:58:59,0.00000000,0
2026-06-10 00:59:00,0.91500000,0.91500000,0.91500000,0.91500000,0.00000000,2026-06-10 00:59:59,0.00000000,0
2026-06-10 01:00:00,0.91600000,0.91600000,0.91600000,0.91600000,11.78000000,2026-06-10 01:00:59,10.79048000,1
2026-06-10 01:01:00,0.91500000,0.91500000,0.91500000,0.91500000,131.97000000,2026-06-10 01:01:59,120.75255000,1
2026-06-10 01:02:00,0.91500000,0.91500000,0.91500000,0.91500000,123.17000000,2026-06-10 01:02:59,112.70055000,1
2026-06-10 01:03:00,0.91600000,0.91600000,0.91600000,0.91600000,159.98000000,2026-06-10 01:03:59,146.54168000,2
2026-06-10 01:04:00,0.91600000,0.91600000,0.91600000,0.91600000,0.00000000,2026-06-10 01:04:59,0.00000000,0
2026-06-10 01:05:00,0.91500000,0.91500000,0.91500000,0.91500000,52.59000000,2026-06-10 01:05:59,48.11985000,1
2026-06-10 01:06:00,0.91600000,0.91600000,0.91600000,0.91600000,1209.21000000,2026-06-10 01:06:59,1107.63636000,7
2026-06-10 01:07:00,0.91500000,0.91600000,0.91500000,0.91600000,108.00000000,2026-06-10 01:07:59,98.82947000,2
2026-06-10 01:08:00,0.91600000,0.91600000,0.91600000,0.91600000,24.94000000,2026-06-10 01:08:59,22.84504000,2
2026-06-10 01:09:00,0.91600000,0.91600000,0.91600000,0.91600000,5.99000000,2026-06-10 01:09:59,5.48684000,1
2026-06-10 01:10:00,0.91600000,0.91600000,0.91600000,0.91600000,0.00000000,2026-06-10 01:10:59,0.00000000,0
2026-06-10 01:11:00,0.91600000,0.91700000,0.91500000,0.91600000,928.16000000,2026-06-10 01:11:59,849.86604000,11
2026-06-10 01:12:00,0.91600000,0.91600000,0.91600000,0.91600000,0.00000000,2026-06-10 01:12:59,0.00000000,0
2026-06-10 01:13:00,0.91600000,0.91600000,0.91600000,0.91600000,0.00000000,2026-06-10 01:13:59,0.00000000,0
2026-06-10 01:14:00,0.91600000,0.91600000,0.91600000,0.91600000,111.98000000,2026-06-10 01:14:59,102.57368000,1
2026-06-10 01:15:00,0.91600000,0.91600000,0.91600000,0.91600000,0.00000000,2026-06-10 01:15:59,0.00000000,0
2026-06-10 01:16:00,0.91600000,0.91600000,0.91600000,0.91600000,490.81000000,2026-06-10 01:16:59,449.58196000,4
2026-06-10 01:17:00,0.91600000,0.91600000,0.91600000,0.91600000,0.00000000,2026-06-10 01:17:59,0.00000000,0
2026-06-10 01:18:00,0.91600000,0.91600000,0.91600000,0.91600000,0.00000000,2026-06-10 01:18:59,0.00000000,0
2026-06-10 01:19:00,0.91600000,0.91600000,0.91600000,0.91600000,0.00000000,2026-06-10 01:19:59,0.00000000,0
2026-06-10 01:20:00,0.91600000,0.91600000,0.91600000,0.91600000,12.66000000,2026-06-10 01:20:59,11.59656000,1
2026-06-10 01:21:00,0.91600000,0.91600000,0.91600000,0.91600000,10.91000000,2026-06-10 01:21:59,9.99356000,1
2026-06-10 01:22:00,0.91500000,0.91500000,0.91500000,0.91500000,7.23000000,2026-06-10 01:22:59,6.61545000,1
2026-06-10 01:23:00,0.91500000,0.91500000,0.91500000,0.91500000,0.00000000,2026-06-10 01:23:59,0.00000000,0
2026-06-10 01:24:00,0.91500000,0.91500000,0.91500000,0.91500000,0.00000000,2026-06-10 01:24:59,0.00000000,0
2026-06-10 01:25:00,0.91500000,0.91500000,0.91500000,0.91500000,0.00000000,2026-06-10 01:25:59,0.00000000,0
2026-06-10 01:26:00,0.91800000,0.91800000,0.91800000,0.91800000,202.78000000,2026-06-10 01:26:59,186.15204000,4
2026-06-10 01:27:00,0.91700000,0.91700000,0.91700000,0.91700000,34.00000000,2026-06-10 01:27:59,31.17800000,1
2026-06-10 01:28:00,0.91700000,0.91700000,0.91700000,0.91700000,37.37000000,2026-06-10 01:28:59,34.26829000,1
2026-06-10 01:29:00,0.91700000,0.91700000,0.91700000,0.91700000,0.00000000,2026-06-10 01:29:59,0.00000000,0
2026-06-10 01:30:00,0.91500000,0.91500000,0.91400000,0.91400000,751.19000000,2026-06-10 01:30:59,687.13410000,2
2026-06-10 01:31:00,0.91400000,0.91400000,0.91400000,0.91400000,0.00000000,2026-06-10 01:31:59,0.00000000,0
2026-06-10 01:32:00,0.91300000,0.91300000,0.91300000,0.91300000,176.76000000,2026-06-10 01:32:59,161.38188000,1
2026-06-10 01:33:00,0.91200000,0.91200000,0.91100000,0.91100000,2284.94000000,2026-06-10 01:33:59,2081.59926000,12
2026-06-10 01:34:00,0.91100000,0.91100000,0.91100000,0.91100000,0.00000000,2026-06-10 01:34:59,0.00000000,0
2026-06-10 01:35:00,0.91100000,0.91100000,0.91100000,0.91100000,32.38000000,2026-06-10 01:35:59,29.49818000,1
2026-06-10 01:36:00,0.91100000,0.91100000,0.91100000,0.91100000,154.10000000,2026-06-10 01:36:59,140.38510000,2
2026-06-10 01:37:00,0.91000000,0.91000000,0.91000000,0.91000000,575.26000000,2026-06-10 01:37:59,523.48660000,6
2026-06-10 01:38:00,0.90900000,0.90900000,0.90900000,0.90900000,63.71000000,2026-06-10 01:38:59,57.91239000,3
2026-06-10 01:39:00,0.90900000,0.90900000,0.90900000,0.90900000,0.00000000,2026-06-10 01:39:59,0.00000000,0
2026-06-10 01:40:00,0.90900000,0.91000000,0.90900000,0.91000000,426.45000000,2026-06-10 01:40:59,387.86175000,2
2026-06-10 01:41:00,0.90900000,0.90900000,0.90900000,0.90900000,52.76000000,2026-06-10 01:41:59,47.95884000,1
2026-06-10 01:42:00,0.90800000,0.90800000,0.90800000,0.90800000,131.75000000,2026-06-10 01:42:59,119.62900000,2
2026-06-10 01:43:00,0.90800000,0.90800000,0.90800000,0.90800000,0.00000000,2026-06-10 01:43:59,0.00000000,0
2026-06-10 01:44:00,0.91000000,0.91000000,0.90900000,0.90900000,520.91000000,2026-06-10 01:44:59,473.51578000,6
2026-06-10 01:45:00,0.90800000,0.90900000,0.90800000,0.90900000,326.23000000,2026-06-10 01:45:59,296.32437000,3
2026-06-10 01:46:00,0.90900000,0.90900000,0.90900000,0.90900000,218.70000000,2026-06-10 01:46:59,198.79830000,2
2026-06-10 01:47:00,0.90900000,0.90900000,0.90900000,0.90900000,0.00000000,2026-06-10 01:47:59,0.00000000,0
2026-06-10 01:48:00,0.90900000,0.90900000,0.90900000,0.90900000,0.00000000,2026-06-10 01:48:59,0.00000000,0
2026-06-10 01:49:00,0.91000000,0.91100000,0.91000000,0.91100000,248.96000000,2026-06-10 01:49:59,226.77230000,2
2026-06-10 01:50:00,0.91100000,0.91100000,0.91100000,0.91100000,548.84000000,2026-06-10 01:50:59,499.99324000,1
2026-06-10 01:51:00,0.91000000,0.91000000,0.91000000,0.91000000,579.54000000,2026-06-10 01:51:59,527.38140000,3
2026-06-10 01:52:00,0.91000000,0.91000000,0.91000000,0.91000000,10.73000000,2026-06-10 01:52:59,9.76430000,1
2026-06-10 01:53:00,0.90900000,0.91000000,0.90900000,0.91000000,183.56000000,2026-06-10 01:53:59,166.91913000,5
2026-06-10 01:54:00,0.91000000,0.91000000,0.91000000,0.91000000,0.00000000,2026-06-10 01:54:59,0.00000000,0
2026-06-10 01:55:00,0.90900000,0.90900000,0.90900000,0.90900000,81.72000000,2026-06-10 01:55:59,74.28348000,2
2026-06-10 01:56:00,0.91000000,0.91000000,0.91000000,0.91000000,257.68000000,2026-06-10 01:56:59,234.48880000,4
2026-06-10 01:57:00,0.91000000,0.91000000,0.91000000,0.91000000,1015.85000000,2026-06-10 01:57:59,924.42350000,2
2026-06-10 01:58:00,0.91000000,0.91000000,0.91000000,0.91000000,23.02000000,2026-06-10 01:58:59,20.94820000,1
2026-06-10 01:59:00,0.91000000,0.91000000,0.91000000,0.91000000,0.00000000,2026-06-10 01:59:59,0.00000000,0
2026-06-10 02:00:00,0.91000000,0.91100000,0.91000000,0.91100000,40.21000000,2026-06-10 02:00:59,36.59715000,3
2026-06-10 02:01:00,0.91100000,0.91200000,0.91100000,0.91200000,534.86000000,2026-06-10 02:01:59,487.65832000,5
2026-06-10 02:02:00,0.91100000,0.91100000,0.91000000,0.91000000,308.71000000,2026-06-10 02:02:59,281.08874000,5
2026-06-10 02:03:00,0.91000000,0.91000000,0.91000000,0.91000000,0.00000000,2026-06-10 02:03:59,0.00000000,0
2026-06-10 02:04:00,0.91100000,0.91100000,0.91100000,0.91100000,52.84000000,2026-06-10 02:04:59,48.13724000,1
2026-06-10 02:05:00,0.91100000,0.91100000,0.91100000,0.91100000,21.97000000,2026-06-10 02:05:59,20.01467000,1
2026-06-10 02:06:00,0.91100000,0.91100000,0.91100000,0.91100000,0.00000000,2026-06-10 02:06:59,0.00000000,0
2026-06-10 02:07:00,0.91100000,0.91100000,0.91100000,0.91100000,0.00000000,2026-06-10 02:07:59,0.00000000,0
2026-06-10 02:08:00,0.91000000,0.91000000,0.90900000,0.90900000,648.33000000,2026-06-10 02:08:59,589.93474000,3
2026-06-10 02:09:00,0.91000000,0.91000000,0.91000000,0.91000000,151.13000000,2026-06-10 02:09:59,137.52830000,2
2026-06-10 02:10:00,0.91000000,0.91000000,0.90900000,0.90900000,125.42000000,2026-06-10 02:10:59,114.04108000,4
2026-06-10 02:11:00,0.90900000,0.90900000,0.90900000,0.90900000,0.00000000,2026-06-10 02:11:59,0.00000000,0
2026-06-10 02:12:00,0.90900000,0.90900000,0.90900000,0.90900000,0.00000000,2026-06-10 02:12:59,0.00000000,0
2026-06-10 02:13:00,0.90900000,0.90900000,0.90900000,0.90900000,157.06000000,2026-06-10 02:13:59,142.76754000,5
2026-06-10 02:14:00,0.90900000,0.90900000,0.90900000,0.90900000,358.78000000,2026-06-10 02:14:59,326.13102000,3
2026-06-10 02:15:00,0.90800000,0.90800000,0.90700000,0.90700000,100.00000000,2026-06-10 02:15:59,90.71699000,3
2026-06-10 02:16:00,0.90700000,0.90700000,0.90600000,0.90700000,633.22000000,2026-06-10 02:16:59,574.31903000,11
2026-06-10 02:17:00,0.90700000,0.90700000,0.90600000,0.90600000,6275.82000000,2026-06-10 02:17:59,5690.84594000,19
2026-06-10 02:18:00,0.90700000,0.90700000,0.90700000,0.90700000,1366.89000000,2026-06-10 02:18:59,1239.76923000,3
2026-06-10 02:19:00,0.90600000,0.90600000,0.90500000,0.90500000,5469.89000000,2026-06-10 02:19:59,4951.80024000,29
2026-06-10 02:20:00,0.90500000,0.90600000,0.90500000,0.90600000,1298.08000000,2026-06-10 02:20:59,1176.05234000,7
2026-06-10 02:21:00,0.90600000,0.90800000,0.90600000,0.90800000,2499.11000000,2026-06-10 02:21:59,2266.09614000,17
2026-06-10 02:22:00,0.90800000,0.90800000,0.90800000,0.90800000,114.20000000,2026-06-10 02:22:59,103.69360000,1
2026-06-10 02:23:00,0.90800000,0.90800000,0.90800000,0.90800000,0.00000000,2026-06-10 02:23:59,0.00000000,0
2026-06-10 02:24:00,0.90800000,0.90800000,0.90800000,0.90800000,0.00000000,2026-06-10 02:24:59,0.00000000,0
2026-06-10 02:25:00,0.90900000,0.90900000,0.90900000,0.90900000,131.82000000,2026-06-10 02:25:59,119.82438000,2
2026-06-10 02:26:00,0.90900000,0.90900000,0.90900000,0.90900000,0.00000000,2026-06-10 02:26:59,0.00000000,0
2026-06-10 02:27:00,0.91000000,0.91000000,0.91000000,0.91000000,98.20000000,2026-06-10 02:27:59,89.36200000,1
2026-06-10 02:28:00,0.91100000,0.91100000,0.91100000,0.91100000,200.00000000,2026-06-10 02:28:59,182.20000000,3
2026-06-10 02:29:00,0.91100000,0.91100000,0.91100000,0.91100000,0.00000000,2026-06-10 02:29:59,0.00000000,0
2026-06-10 02:30:00,0.91200000,0.91200000,0.91100000,0.91100000,947.46000000,2026-06-10 02:30:59,863.50996000,7
2026-06-10 02:31:00,0.91100000,0.91100000,0.91000000,0.91000000,590.04000000,2026-06-10 02:31:59,536.97450000,5
2026-06-10 02:32:00,0.91200000,0.91200000,0.91200000,0.91200000,11.13000000,2026-06-10 02:32:59,10.15056000,1
2026-06-10 02:33:00,0.91300000,0.91300000,0.91300000,0.91300000,383.40000000,2026-06-10 02:33:59,350.04420000,2
2026-06-10 02:34:00,0.91300000,0.91300000,0.91200000,0.91200000,170.74000000,2026-06-10 02:34:59,155.72419000,4
2026-06-10 02:35:00,0.91100000,0.91100000,0.91100000,0.91100000,554.83000000,2026-06-10 02:35:59,505.45013000,2
2026-06-10 02:36:00,0.91100000,0.91100000,0.91100000,0.91100000,0.00000000,2026-06-10 02:36:59,0.00000000,0
2026-06-10 02:37:00,0.91100000,0.91100000,0.91100000,0.91100000,0.00000000,2026-06-10 02:37:59,0.00000000,0
2026-06-10 02:38:00,0.91100000,0.91100000,0.90900000,0.91000000,306.52000000,2026-06-10 02:38:59,278.68361000,4
2026-06-10 02:39:00,0.91100000,0.91100000,0.91100000,0.91100000,1376.00000000,2026-06-10 02:39:59,1253.53600000,3
2026-06-10 02:40:00,0.91100000,0.91100000,0.91100000,0.91100000,0.00000000,2026-06-10 02:40:59,0.00000000,0
2026-06-10 02:41:00,0.91100000,0.91100000,0.91100000,0.91100000,0.00000000,2026-06-10 02:41:59,0.00000000,0
2026-06-10 02:42:00,0.91200000,0.91300000,0.91100000,0.91100000,586.72000000,2026-06-10 02:42:59,534.88885000,8
2026-06-10 02:43:00,0.91200000,0.91300000,0.91200000,0.91300000,192.04000000,2026-06-10 02:43:59,175.23723000,2
2026-06-10 02:44:00,0.91400000,0.91500000,0.91400000,0.91500000,143.37000000,2026-06-10 02:44:59,131.05103000,3
2026-06-10 02:45:00,0.91500000,0.91500000,0.91400000,0.91400000,110.14000000,2026-06-10 02:45:59,100.73806000,3
2026-06-10 02:46:00,0.91400000,0.91400000,0.91400000,0.91400000,1034.76000000,2026-06-10 02:46:59,945.77064000,2
2026-06-10 02:47:00,0.91400000,0.91400000,0.91300000,0.91400000,413.89000000,2026-06-10 02:47:59,378.21632000,8
2026-06-10 02:48:00,0.91400000,0.91400000,0.91400000,0.91400000,0.00000000,2026-06-10 02:48:59,0.00000000,0
2026-06-10 02:49:00,0.91200000,0.91200000,0.91200000,0.91200000,1244.44000000,2026-06-10 02:49:59,1134.92928000,9
2026-06-10 02:50:00,0.91100000,0.91200000,0.91100000,0.91200000,385.22000000,2026-06-10 02:50:59,351.08588000,4
2026-06-10 02:51:00,0.91200000,0.91200000,0.91200000,0.91200000,0.00000000,2026-06-10 02:51:59,0.00000000,0
2026-06-10 02:52:00,0.91100000,0.91100000,0.91100000,0.91100000,818.49000000,2026-06-10 02:52:59,745.64439000,4
2026-06-10 02:53:00,0.91100000,0.91100000,0.91100000,0.91100000,0.00000000,2026-06-10 02:53:59,0.00000000,0
2026-06-10 02:54:00,0.91200000,0.91200000,0.91200000,0.91200000,10.82000000,2026-06-10 02:54:59,9.86784000,1
2026-06-10 02:55:00,0.91200000,0.91200000,0.91200000,0.91200000,0.00000000,2026-06-10 02:55:59,0.00000000,0
2026-06-10 02:56:00,0.91200000,0.91200000,0.91200000,0.91200000,0.00000000,2026-06-10 02:56:59,0.00000000,0
2026-06-10 02:57:00,0.91200000,0.91200000,0.91200000,0.91200000,0.00000000,2026-06-10 02:57:59,0.00000000,0
2026-06-10 02:58:00,0.91100000,0.91100000,0.91100000,0.91100000,136.69000000,2026-06-10 02:58:59,124.52459000,5
2026-06-10 02:59:00,0.91000000,0.91000000,0.91000000,0.91000000,896.95000000,2026-06-10 02:59:59,816.22450000,8
2026-06-10 03:00:00,0.90900000,0.90900000,0.90900000,0.90900000,676.83000000,2026-06-10 03:00:59,615.23847000,4
2026-06-10 03:01:00,0.91000000,0.91000000,0.91000000,0.91000000,423.90000000,2026-06-10 03:01:59,385.74900000,7
2026-06-10 03:02:00,0.91000000,0.91000000,0.90900000,0.90900000,85.75000000,2026-06-10 03:02:59,78.01675000,2
2026-06-10 03:03:00,0.90900000,0.90900000,0.90900000,0.90900000,0.00000000,2026-06-10 03:03:59,0.00000000,0
2026-06-10 03:04:00,0.90900000,0.90900000,0.90900000,0.90900000,0.00000000,2026-06-10 03:04:59,0.00000000,0
2026-06-10 03:05:00,0.90900000,0.90900000,0.90900000,0.90900000,386.25000000,2026-06-10 03:05:59,351.10125000,3
2026-06-10 03:06:00,0.91000000,0.91000000,0.91000000,0.91000000,6.99000000,2026-06-10 03:06:59,6.36090000,1
2026-06-10 03:07:00,0.91000000,0.91200000,0.91000000,0.91200000,2168.59000000,2026-06-10 03:07:59,1974.16895000,11
2026-06-10 03:08:00,0.91200000,0.91200000,0.91200000,0.91200000,1810.61000000,2026-06-10 03:08:59,1651.27632000,19
2026-06-10 03:09:00,0.91100000,0.91100000,0.91100000,0.91100000,239.19000000,2026-06-10 03:09:59,217.90209000,2
2026-06-10 03:10:00,0.91100000,0.91100000,0.91000000,0.91000000,628.15000000,2026-06-10 03:10:59,571.85150000,8
2026-06-10 03:11:00,0.91100000,0.91200000,0.91100000,0.91200000,2473.48000000,2026-06-10 03:11:59,2254.24057000,27
2026-06-10 03:12:00,0.91200000,0.91200000,0.91200000,0.91200000,395.00000000,2026-06-10 03:12:59,360.24000000,9
2026-06-10 03:13:00,0.91100000,0.91100000,0.91100000,0.91100000,539.75000000,2026-06-10 03:13:59,491.71225000,8
2026-06-10 03:14:00,0.91200000,0.91200000,0.91100000,0.91100000,116.31000000,2026-06-10 03:14:59,105.96623000,4
2026-06-10 03:15:00,0.91100000,0.91100000,0.91100000,0.91100000,0.00000000,2026-06-10 03:15:59,0.00000000,0
2026-06-10 03:16:00,0.91100000,0.91100000,0.91100000,0.91100000,0.00000000,2026-06-10 03:16:59,0.00000000,0
2026-06-10 03:17:00,0.91200000,0.91200000,0.91200000,0.91200000,204.75000000,2026-06-10 03:17:59,186.73200000,1
2026-06-10 03:18:00,0.91200000,0.91200000,0.91200000,0.91200000,0.00000000,2026-06-10 03:18:59,0.00000000,0
2026-06-10 03:19:00,0.91200000,0.91300000,0.91200000,0.91300000,2789.33000000,2026-06-10 03:19:59,2544.10696000,6
2026-06-10 03:20:00,0.91200000,0.91200000,0.91200000,0.91200000,3328.15000000,2026-06-10 03:20:59,3035.27280000,9
2026-06-10 03:21:00,0.91200000,0.91200000,0.91200000,0.91200000,0.00000000,2026-06-10 03:21:59,0.00000000,0
2026-06-10 03:22:00,0.91200000,0.91200000,0.91200000,0.91200000,0.00000000,2026-06-10 03:22:59,0.00000000,0
2026-06-10 03:23:00,0.91100000,0.91100000,0.91100000,0.91100000,30.37000000,2026-06-10 03:23:59,27.66707000,2
2026-06-10 03:24:00,0.91100000,0.91100000,0.91100000,0.91100000,0.00000000,2026-06-10 03:24:59,0.00000000,0
2026-06-10 03:25:00,0.91300000,0.91300000,0.91300000,0.91300000,9.07000000,2026-06-10 03:25:59,8.28091000,1
2026-06-10 03:26:00,0.91300000,0.91400000,0.91300000,0.91400000,514.90000000,2026-06-10 03:26:59,470.15085000,2
2026-06-10 03:27:00,0.91400000,0.91400000,0.91400000,0.91400000,987.32000000,2026-06-10 03:27:59,902.41048000,2
2026-06-10 03:28:00,0.91400000,0.91400000,0.91400000,0.91400000,0.00000000,2026-06-10 03:28:59,0.00000000,0
2026-06-10 03:29:00,0.91300000,0.91300000,0.91300000,0.91300000,818.96000000,2026-06-10 03:29:59,747.71048000,3
2026-06-10 03:30:00,0.91200000,0.91300000,0.91200000,0.91300000,216.18000000,2026-06-10 03:30:59,197.33613000,5
2026-06-10 03:31:00,0.91300000,0.91300000,0.91200000,0.91200000,565.68000000,2026-06-10 03:31:59,515.91760000,2
2026-06-10 03:32:00,0.91100000,0.91100000,0.90900000,0.90900000,1642.14000000,2026-06-10 03:32:59,1493.46504000,10
2026-06-10 03:33:00,0.91000000,0.91000000,0.90900000,0.90900000,178.72000000,2026-06-10 03:33:59,162.60648000,2
2026-06-10 03:34:00,0.90900000,0.90900000,0.90900000,0.90900000,592.10000000,2026-06-10 03:34:59,538.21890000,6
2026-06-10 03:35:00,0.90800000,0.90800000,0.90800000,0.90800000,249.02000000,2026-06-10 03:35:59,226.11016000,4
2026-06-10 03:36:00,0.90900000,0.91000000,0.90900000,0.91000000,1024.77000000,2026-06-10 03:36:59,931.54756000,2
2026-06-10 03:37:00,0.91100000,0.91100000,0.91100000,0.91100000,21.95000000,2026-06-10 03:37:59,19.99645000,1
2026-06-10 03:38:00,0.91300000,0.91300000,0.91300000,0.91300000,132.62000000,2026-06-10 03:38:59,121.08206000,1
2026-06-10 03:39:00,0.91300000,0.91300000,0.91300000,0.91300000,1464.89000000,2026-06-10 03:39:59,1337.44457000,8
2026-06-10 03:40:00,0.91300000,0.91300000,0.91300000,0.91300000,0.00000000,2026-06-10 03:40:59,0.00000000,0
2026-06-10 03:41:00,0.91300000,0.91300000,0.91300000,0.91300000,267.59000000,2026-06-10 03:41:59,244.30967000,1
2026-06-10 03:42:00,0.91300000,0.91300000,0.91300000,0.91300000,0.00000000,2026-06-10 03:42:59,0.00000000,0
2026-06-10 03:43:00,0.91300000,0.91300000,0.91300000,0.91300000,0.00000000,2026-06-10 03:43:59,0.00000000,0
2026-06-10 03:44:00,0.91300000,0.91300000,0.91300000,0.91300000,0.00000000,2026-06-10 03:44:59,0.00000000,0
2026-06-10 03:45:00,0.91300000,0.91300000,0.91300000,0.91300000,0.00000000,2026-06-10 03:45:59,0.00000000,0
2026-06-10 03:46:00,0.91300000,0.91300000,0.91300000,0.91300000,0.00000000,2026-06-10 03:46:59,0.00000000,0
2026-06-10 03:47:00,0.91500000,0.91500000,0.91500000,0.91500000,404.16000000,2026-06-10 03:47:59,369.80640000,5
2026-06-10 03:48:00,0.91500000,0.91500000,0.91500000,0.91500000,1073.21000000,2026-06-10 03:48:59,981.98715000,2
2026-06-10 03:49:00,0.91500000,0.91500000,0.91500000,0.91500000,27.65000000,2026-06-10 03:49:59,25.29975000,1
2026-06-10 03:50:00,0.91400000,0.91400000,0.91400000,0.91400000,134.02000000,2026-06-10 03:50:59,122.49428000,3
2026-06-10 03:51:00,0.91400000,0.91400000,0.91400000,0.91400000,0.00000000,2026-06-10 03:51:59,0.00000000,0
2026-06-10 03:52:00,0.91300000,0.91300000,0.91300000,0.91300000,918.90000000,2026-06-10 03:52:59,838.95570000,5
2026-06-10 03:53:00,0.91300000,0.91300000,0.91300000,0.91300000,475.56000000,2026-06-10 03:53:59,434.18628000,6
2026-06-10 03:54:00,0.91300000,0.91300000,0.91300000,0.91300000,199.83000000,2026-06-10 03:54:59,182.44479000,4
2026-06-10 03:55:00,0.91300000,0.91300000,0.91300000,0.91300000,0.00000000,2026-06-10 03:55:59,0.00000000,0
2026-06-10 03:56:00,0.91300000,0.91300000,0.91300000,0.91300000,367.65000000,2026-06-10 03:56:59,335.66445000,4
2026-06-10 03:57:00,0.91300000,0.91300000,0.91300000,0.91300000,107.89000000,2026-06-10 03:57:59,98.50357000,2
2026-06-10 03:58:00,0.91300000,0.91300000,0.91300000,0.91300000,0.00000000,2026-06-10 03:58:59,0.00000000,0
2026-06-10 03:59:00,0.91300000,0.91300000,0.91300000,0.91300000,0.00000000,2026-06-10 03:59:59,0.00000000,0
2026-06-10 04:00:00,0.91300000,0.91300000,0.91300000,0.91300000,0.00000000,2026-06-10 04:00:59,0.00000000,0
2026-06-10 04:01:00,0.91300000,0.91300000,0.91300000,0.91300000,0.00000000,2026-06-10 04:01:59,0.00000000,0
2026-06-10 04:02:00,0.91200000,0.91200000,0.91200000,0.91200000,109.53000000,2026-06-10 04:02:59,99.89136000,1
2026-06-10 04:03:00,0.91300000,0.91400000,0.91300000,0.91400000,468.45000000,2026-06-10 04:03:59,428.05833000,5
2026-06-10 04:04:00,0.91400000,0.91400000,0.91400000,0.91400000,0.00000000,2026-06-10 04:04:59,0.00000000,0
2026-06-10 04:05:00,0.91600000,0.91600000,0.91600000,0.91600000,595.25000000,2026-06-10 04:05:59,545.24900000,7
2026-06-10 04:06:00,0.91600000,0.91600000,0.91600000,0.91600000,204.75000000,2026-06-10 04:06:59,187.55100000,1
2026-06-10 04:07:00,0.91600000,0.91600000,0.91600000,0.91600000,395.91000000,2026-06-10 04:07:59,362.65356000,2
2026-06-10 04:08:00,0.91600000,0.91600000,0.91500000,0.91500000,137.02000000,2026-06-10 04:08:59,125.41212000,3
2026-06-10 04:09:00,0.91500000,0.91500000,0.91500000,0.91500000,0.00000000,2026-06-10 04:09:59,0.00000000,0
2026-06-10 04:10:00,0.91500000,0.91500000,0.91500000,0.91500000,1126.70000000,2026-06-10 04:10:59,1030.93050000,5
2026-06-10 04:11:00,0.91400000,0.91400000,0.91400000,0.91400000,518.11000000,2026-06-10 04:11:59,473.55254000,5
2026-06-10 04:12:00,0.91400000,0.91400000,0.91400000,0.91400000,1102.28000000,2026-06-10 04:12:59,1007.48392000,6
2026-06-10 04:13:00,0.91400000,0.91400000,0.91400000,0.91400000,449.65000000,2026-06-10 04:13:59,410.98010000,3
2026-06-10 04:14:00,0.91400000,0.91400000,0.91400000,0.91400000,1126.26000000,2026-06-10 04:14:59,1029.40164000,6
2026-06-10 04:15:00,0.91400000,0.91400000,0.91400000,0.91400000,127.66000000,2026-06-10 04:15:59,116.68124000,2
2026-06-10 04:16:00,0.91400000,0.91400000,0.91400000,0.91400000,0.00000000,2026-06-10 04:16:59,0.00000000,0
2026-06-10 04:17:00,0.91500000,0.91500000,0.91400000,0.91400000,1057.47000000,2026-06-10 04:17:59,967.53296000,9
2026-06-10 04:18:00,0.91600000,0.91600000,0.91600000,0.91600000,626.57000000,2026-06-10 04:18:59,573.93812000,4
2026-06-10 04:19:00,0.91600000,0.91600000,0.91600000,0.91600000,319.93000000,2026-06-10 04:19:59,293.05588000,2
2026-06-10 04:20:00,0.91700000,0.91700000,0.91700000,0.91700000,1057.00000000,2026-06-10 04:20:59,969.26900000,9
2026-06-10 04:21:00,0.91700000,0.91700000,0.91700000,0.91700000,5.81000000,2026-06-10 04:21:59,5.32777000,1
2026-06-10 04:22:00,0.91800000,0.91800000,0.91800000,0.91800000,604.30000000,2026-06-10 04:22:59,554.74740000,7
2026-06-10 04:23:00,0.91900000,0.91900000,0.91900000,0.91900000,590.25000000,2026-06-10 04:23:59,542.43975000,7
2026-06-10 04:24:00,0.91800000,0.91800000,0.91800000,0.91800000,1076.51000000,2026-06-10 04:24:59,988.23618000,7
2026-06-10 04:25:00,0.91700000,0.91700000,0.91600000,0.91700000,640.58000000,2026-06-10 04:25:59,587.39286000,4
2026-06-10 04:26:00,0.91700000,0.91700000,0.91700000,0.91700000,794.00000000,2026-06-10 04:26:59,728.09800000,2
2026-06-10 04:27:00,0.91700000,0.91700000,0.91700000,0.91700000,0.00000000,2026-06-10 04:27:59,0.00000000,0
2026-06-10 04:28:00,0.91600000,0.91600000,0.91600000,0.91600000,14.04000000,2026-06-10 04:28:59,12.86064000,1
2026-06-10 04:29:00,0.91600000,0.91600000,0.91600000,0.91600000,0.00000000,2026-06-10 04:29:59,0.00000000,0
2026-06-10 04:30:00,0.91600000,0.91600000,0.91600000,0.91600000,0.00000000,2026-06-10 04:30:59,0.00000000,0
2026-06-10 04:31:00,0.91600000,0.91600000,0.91600000,0.91600000,0.00000000,2026-06-10 04:31:59,0.00000000,0
2026-06-10 04:32:00,0.91500000,0.91500000,0.91500000,0.91500000,693.79000000,2026-06-10 04:32:59,634.81785000,5
2026-06-10 04:33:00,0.91500000,0.91500000,0.91500000,0.91500000,0.00000000,2026-06-10 04:33:59,0.00000000,0
2026-06-10 04:34:00,0.91500000,0.91600000,0.91500000,0.91600000,199.20000000,2026-06-10 04:34:59,182.32050000,4
2026-06-10 04:35:00,0.91700000,0.91700000,0.91700000,0.91700000,910.00000000,2026-06-10 04:35:59,834.47000000,1
2026-06-10 04:36:00,0.91700000,0.91700000,0.91700000,0.91700000,5.78000000,2026-06-10 04:36:59,5.30026000,1
2026-06-10 04:37:00,0.91600000,0.91700000,0.91600000,0.91700000,100.01000000,2026-06-10 04:37:59,91.70158000,2
2026-06-10 04:38:00,0.91700000,0.91700000,0.91700000,0.91700000,135.05000000,2026-06-10 04:38:59,123.84085000,3
2026-06-10 04:39:00,0.91700000,0.91700000,0.91700000,0.91700000,1340.21000000,2026-06-10 04:39:59,1228.97257000,6
2026-06-10 04:40:00,0.91700000,0.91700000,0.91700000,0.91700000,0.00000000,2026-06-10 04:40:59,0.00000000,0
2026-06-10 04:41:00,0.91700000,0.91700000,0.91700000,0.91700000,0.00000000,2026-06-10 04:41:59,0.00000000,0
2026-06-10 04:42:00,0.91700000,0.91700000,0.91700000,0.91700000,1210.69000000,2026-06-10 04:42:59,1110.20273000,3
2026-06-10 04:43:00,0.91600000,0.91600000,0.91600000,0.91600000,10.56000000,2026-06-10 04:43:59,9.67296000,1
2026-06-10 04:44:00,0.91700000,0.91700000,0.91700000,0.91700000,35.00000000,2026-06-10 04:44:59,32.09500000,1
2026-06-10 04:45:00,0.91700000,0.91700000,0.91700000,0.91700000,0.00000000,2026-06-10 04:45:59,0.00000000,0
2026-06-10 04:46:00,0.91700000,0.91700000,0.91700000,0.91700000,0.00000000,2026-06-10 04:46:59,0.00000000,0
2026-06-10 04:47:00,0.91700000,0.91700000,0.91700000,0.91700000,1346.10000000,2026-06-10 04:47:59,1234.37370000,4
2026-06-10 04:48:00,0.91700000,0.91700000,0.91600000,0.91600000,347.65000000,2026-06-10 04:48:59,318.49210000,3
2026-06-10 04:49:00,0.91600000,0.91600000,0.91600000,0.91600000,0.00000000,2026-06-10 04:49:59,0.00000000,0
2026-06-10 04:50:00,0.91600000,0.91600000,0.91500000,0.91500000,479.14000000,2026-06-10 04:50:59,438.42089000,3
2026-06-10 04:51:00,0.91500000,0.91500000,0.91500000,0.91500000,0.00000000,2026-06-10 04:51:59,0.00000000,0
2026-06-10 04:52:00,0.91600000,0.91600000,0.91600000,0.91600000,52.15000000,2026-06-10 04:52:59,47.76940000,1
2026-06-10 04:53:00,0.91600000,0.91600000,0.91600000,0.91600000,98.20000000,2026-06-10 04:53:59,89.95120000,1
2026-06-10 04:54:00,0.91600000,0.91600000,0.91600000,0.91600000,167.47000000,2026-06-10 04:54:59,153.40252000,2
2026-06-10 04:55:00,0.91600000,0.91600000,0.91600000,0.91600000,0.00000000,2026-06-10 04:55:59,0.00000000,0
2026-06-10 04:56:00,0.91600000,0.91600000,0.91600000,0.91600000,0.00000000,2026-06-10 04:56:59,0.00000000,0
2026-06-10 04:57:00,0.91600000,0.91600000,0.91600000,0.91600000,269.36000000,2026-06-10 04:57:59,246.73376000,2
2026-06-10 04:58:00,0.91600000,0.91600000,0.91600000,0.91600000,131.79000000,2026-06-10 04:58:59,120.71964000,2
2026-06-10 04:59:00,0.91500000,0.91500000,0.91500000,0.91500000,716.82000000,2026-06-10 04:59:59,655.89030000,3
2026-06-10 05:00:00,0.91500000,0.91500000,0.91500000,0.91500000,0.00000000,2026-06-10 05:00:59,0.00000000,0
2026-06-10 05:01:00,0.91400000,0.91400000,0.91400000,0.91400000,105.04000000,2026-06-10 05:01:59,96.00656000,3
2026-06-10 05:02:00,0.91400000,0.91400000,0.91400000,0.91400000,0.00000000,2026-06-10 05:02:59,0.00000000,0
2026-06-10 05:03:00,0.91100000,0.91100000,0.91000000,0.91000000,1108.68000000,2026-06-10 05:03:59,1008.93710000,14
2026-06-10 05:04:00,0.91000000,0.91100000,0.91000000,0.91000000,544.46000000,2026-06-10 05:04:59,495.46986000,9
2026-06-10 05:05:00,0.91000000,0.91000000,0.90900000,0.90900000,222.62000000,2026-06-10 05:05:59,202.42805000,3
2026-06-10 05:06:00,0.90900000,0.90900000,0.90900000,0.90900000,0.00000000,2026-06-10 05:06:59,0.00000000,0
2026-06-10 05:07:00,0.90900000,0.90900000,0.90900000,0.90900000,385.00000000,2026-06-10 05:07:59,349.96500000,6
2026-06-10 05:08:00,0.90900000,0.90900000,0.90900000,0.90900000,157.70000000,2026-06-10 05:08:59,143.34930000,2
2026-06-10 05:09:00,0.90800000,0.90800000,0.90700000,0.90800000,6105.21000000,2026-06-10 05:09:59,5542.58531000,29
2026-06-10 05:10:00,0.90900000,0.90900000,0.90900000,0.90900000,641.73000000,2026-06-10 05:10:59,583.33257000,7
2026-06-10 05:11:00,0.91000000,0.91000000,0.91000000,0.91000000,52.79000000,2026-06-10 05:11:59,48.03890000,1
2026-06-10 05:12:00,0.91000000,0.91000000,0.91000000,0.91000000,1033.15000000,2026-06-10 05:12:59,940.16650000,17
2026-06-10 05:13:00,0.91000000,0.91000000,0.91000000,0.91000000,361.88000000,2026-06-10 05:13:59,329.31080000,4
2026-06-10 05:14:00,0.90900000,0.90900000,0.90900000,0.90900000,570.00000000,2026-06-10 05:14:59,518.13000000,11
2026-06-10 05:15:00,0.91000000,0.91000000,0.91000000,0.91000000,43.05000000,2026-06-10 05:15:59,39.17550000,1
2026-06-10 05:16:00,0.91200000,0.91200000,0.91200000,0.91200000,35.00000000,2026-06-10 05:16:59,31.92000000,1
2026-06-10 05:17:00,0.91200000,0.91300000,0.91200000,0.91300000,1032.57000000,2026-06-10 05:17:59,942.27346000,11
2026-06-10 05:18:00,0.91300000,0.91300000,0.91300000,0.91300000,547.64000000,2026-06-10 05:18:59,499.99532000,3
2026-06-10 05:19:00,0.91100000,0.91100000,0.90900000,0.91000000,1419.39000000,2026-06-10 05:19:59,1292.10874000,19
2026-06-10 05:20:00,0.91000000,0.91100000,0.91000000,0.91100000,222.90000000,2026-06-10 05:20:59,202.87400000,3
2026-06-10 05:21:00,0.91000000,0.91000000,0.91000000,0.91000000,141.20000000,2026-06-10 05:21:59,128.49200000,3
2026-06-10 05:22:00,0.91000000,0.91000000,0.91000000,0.91000000,0.00000000,2026-06-10 05:22:59,0.00000000,0
2026-06-10 05:23:00,0.91000000,0.91100000,0.91000000,0.91100000,185.38000000,2026-06-10 05:23:59,168.85920000,4
2026-06-10 05:24:00,0.91000000,0.91000000,0.90800000,0.90800000,1060.09000000,2026-06-10 05:24:59,963.73103000,11
2026-06-10 05:25:00,0.90800000,0.90900000,0.90800000,0.90900000,756.00000000,2026-06-10 05:25:59,686.92838000,5
2026-06-10 05:26:00,0.90900000,0.90900000,0.90900000,0.90900000,0.00000000,2026-06-10 05:26:59,0.00000000,0
2026-06-10 05:27:00,0.90900000,0.90900000,0.90900000,0.90900000,0.00000000,2026-06-10 05:27:59,0.00000000,0
2026-06-10 05:28:00,0.90900000,0.90900000,0.90900000,0.90900000,28.55000000,2026-06-10 05:28:59,25.95195000,1
2026-06-10 05:29:00,0.90900000,0.90900000,0.90900000,0.90900000,374.94000000,2026-06-10 05:29:59,340.82046000,3
2026-06-10 05:30:00,0.90900000,0.90900000,0.90900000,0.90900000,750.63000000,2026-06-10 05:30:59,682.32267000,4
2026-06-10 05:31:00,0.91000000,0.91000000,0.91000000,0.91000000,345.97000000,2026-06-10 05:31:59,314.83270000,3
2026-06-10 05:32:00,0.90900000,0.90900000,0.90600000,0.90700000,4507.28000000,2026-06-10 05:32:59,4091.44983000,20
2026-06-10 05:33:00,0.90800000,0.90800000,0.90800000,0.90800000,47.07000000,2026-06-10 05:33:59,42.73956000,1
2026-06-10 05:34:00,0.90700000,0.90700000,0.90600000,0.90600000,112.39000000,2026-06-10 05:34:59,101.90392000,6
2026-06-10 05:35:00,0.90600000,0.90600000,0.90600000,0.90600000,505.45000000,2026-06-10 05:35:59,457.93770000,4
2026-06-10 05:36:00,0.90700000,0.90700000,0.90700000,0.90700000,444.09000000,2026-06-10 05:36:59,402.78963000,3
2026-06-10 05:37:00,0.90700000,0.90700000,0.90700000,0.90700000,45.55000000,2026-06-10 05:37:59,41.31385000,3
2026-06-10 05:38:00,0.90700000,0.90700000,0.90700000,0.90700000,150.00000000,2026-06-10 05:38:59,136.05000000,2
2026-06-10 05:39:00,0.90600000,0.90600000,0.90500000,0.90600000,685.20000000,2026-06-10 05:39:59,620.34924000,10
2026-06-10 05:40:00,0.90500000,0.90500000,0.90500000,0.90500000,571.90000000,2026-06-10 05:40:59,517.56950000,8
2026-06-10 05:41:00,0.90600000,0.90600000,0.90600000,0.90600000,456.90000000,2026-06-10 05:41:59,413.95140000,5
2026-06-10 05:42:00,0.90600000,0.90600000,0.90600000,0.90600000,0.00000000,2026-06-10 05:42:59,0.00000000,0
2026-06-10 05:43:00,0.90600000,0.90600000,0.90600000,0.90600000,91.20000000,2026-06-10 05:43:59,82.62720000,2
2026-06-10 05:44:00,0.90600000,0.90600000,0.90600000,0.90600000,0.00000000,2026-06-10 05:44:59,0.00000000,0
2026-06-10 05:45:00,0.90500000,0.90700000,0.90500000,0.90700000,732.67000000,2026-06-10 05:45:59,664.11939000,9
2026-06-10 05:46:00,0.90600000,0.90600000,0.90600000,0.90600000,412.42000000,2026-06-10 05:46:59,373.65252000,3
2026-06-10 05:47:00,0.90600000,0.90600000,0.90600000,0.90600000,342.95000000,2026-06-10 05:47:59,310.71270000,3
2026-06-10 05:48:00,0.90600000,0.90600000,0.90600000,0.90600000,0.00000000,2026-06-10 05:48:59,0.00000000,0
2026-06-10 05:49:00,0.90600000,0.90600000,0.90600000,0.90600000,0.00000000,2026-06-10 05:49:59,0.00000000,0
2026-06-10 05:50:00,0.90700000,0.90700000,0.90600000,0.90600000,810.78000000,2026-06-10 05:50:59,735.05934000,7
2026-06-10 05:51:00,0.90700000,0.90700000,0.90700000,0.90700000,50.27000000,2026-06-10 05:51:59,45.59489000,2
2026-06-10 05:52:00,0.90800000,0.90800000,0.90800000,0.90800000,382.85000000,2026-06-10 05:52:59,347.62780000,5
2026-06-10 05:53:00,0.90800000,0.90800000,0.90800000,0.90800000,0.00000000,2026-06-10 05:53:59,0.00000000,0
2026-06-10 05:54:00,0.90700000,0.90700000,0.90700000,0.90700000,99.67000000,2026-06-10 05:54:59,90.40069000,2
2026-06-10 05:55:00,0.90700000,0.90800000,0.90700000,0.90800000,1470.56000000,2026-06-10 05:55:59,1333.93681000,5
2026-06-10 05:56:00,0.90700000,0.90700000,0.90700000,0.90700000,91.22000000,2026-06-10 05:56:59,82.73654000,2
2026-06-10 05:57:00,0.90700000,0.90700000,0.90700000,0.90700000,0.00000000,2026-06-10 05:57:59,0.00000000,0
2026-06-10 05:58:00,0.90700000,0.90700000,0.90700000,0.90700000,0.00000000,2026-06-10 05:58:59,0.00000000,0
2026-06-10 05:59:00,0.90600000,0.90600000,0.90600000,0.90600000,16.63000000,2026-06-10 05:59:59,15.06678000,1
2026-06-10 06:00:00,0.90600000,0.90700000,0.90500000,0.90700000,815.40000000,2026-06-10 06:00:59,738.91140000,9
2026-06-10 06:01:00,0.90700000,0.90700000,0.90700000,0.90700000,0.00000000,2026-06-10 06:01:59,0.00000000,0
2026-06-10 06:02:00,0.90500000,0.90500000,0.90400000,0.90400000,530.16000000,2026-06-10 06:02:59,479.41464000,5
2026-06-10 06:03:00,0.90500000,0.90500000,0.90500000,0.90500000,283.19000000,2026-06-10 06:03:59,256.28695000,2
2026-06-10 06:04:00,0.90500000,0.90500000,0.90500000,0.90500000,0.00000000,2026-06-10 06:04:59,0.00000000,0
2026-06-10 06:05:00,0.90500000,0.90600000,0.90500000,0.90500000,1334.96000000,2026-06-10 06:05:59,1208.15268000,6
2026-06-10 06:06:00,0.90500000,0.90500000,0.90400000,0.90400000,1125.80000000,2026-06-10 06:06:59,1018.35705000,7
2026-06-10 06:07:00,0.90500000,0.90600000,0.90500000,0.90600000,19.55000000,2026-06-10 06:07:59,17.70125000,2
2026-06-10 06:08:00,0.90400000,0.90400000,0.90400000,0.90400000,537.12000000,2026-06-10 06:08:59,485.55648000,6
2026-06-10 06:09:00,0.90500000,0.90600000,0.90500000,0.90600000,135.42000000,2026-06-10 06:09:59,122.64731000,2
2026-06-10 06:10:00,0.90500000,0.90700000,0.90500000,0.90700000,327.22000000,2026-06-10 06:10:59,296.43751000,5
2026-06-10 06:11:00,0.90600000,0.90600000,0.90500000,0.90500000,1708.01000000,2026-06-10 06:11:59,1545.85930000,10
2026-06-10 06:12:00,0.90400000,0.90400000,0.90400000,0.90400000,10.49000000,2026-06-10 06:12:59,9.48296000,1
2026-06-10 06:13:00,0.90400000,0.90400000,0.90400000,0.90400000,283.17000000,2026-06-10 06:13:59,255.98568000,3
2026-06-10 06:14:00,0.90400000,0.90400000,0.90300000,0.90300000,848.15000000,2026-06-10 06:14:59,766.28284000,12
2026-06-10 06:15:00,0.90200000,0.90300000,0.90200000,0.90200000,301.56000000,2026-06-10 06:15:59,272.08720000,6
2026-06-10 06:16:00,0.90300000,0.90300000,0.90200000,0.90200000,181.06000000,2026-06-10 06:16:59,163.48071000,4
2026-06-10 06:17:00,0.90200000,0.90400000,0.90200000,0.90300000,999.90000000,2026-06-10 06:17:59,903.15244000,9
2026-06-10 06:18:00,0.90300000,0.90300000,0.90300000,0.90300000,167.98000000,2026-06-10 06:18:59,151.68594000,4
2026-06-10 06:19:00,0.90200000,0.90200000,0.90100000,0.90100000,1192.74000000,2026-06-10 06:19:59,1074.72857000,18
2026-06-10 06:20:00,0.90000000,0.90100000,0.89900000,0.90000000,1574.06000000,2026-06-10 06:20:59,1416.29211000,29
2026-06-10 06:21:00,0.90000000,0.90000000,0.89800000,0.89800000,9286.57000000,2026-06-10 06:21:59,8348.73563000,45
2026-06-10 06:22:00,0.89900000,0.90000000,0.89800000,0.89800000,9021.72000000,2026-06-10 06:22:59,8104.30750000,43
2026-06-10 06:23:00,0.89800000,0.89800000,0.89800000,0.89800000,204.55000000,2026-06-10 06:23:59,183.68590000,2
2026-06-10 06:24:00,0.89800000,0.89800000,0.89800000,0.89800000,446.84000000,2026-06-10 06:24:59,401.26232000,8
2026-06-10 06:25:00,0.89900000,0.89900000,0.89900000,0.89900000,9.28000000,2026-06-10 06:25:59,8.34272000,1
2026-06-10 06:26:00,0.89900000,0.89900000,0.89900000,0.89900000,0.00000000,2026-06-10 06:26:59,0.00000000,0
2026-06-10 06:27:00,0.90100000,0.90200000,0.90100000,0.90200000,238.70000000,2026-06-10 06:27:59,215.08870000,2
2026-06-10 06:28:00,0.90300000,0.90300000,0.90200000,0.90200000,1283.59000000,2026-06-10 06:28:59,1159.01468000,5
2026-06-10 06:29:00,0.90300000,0.90300000,0.90300000,0.90300000,513.75000000,2026-06-10 06:29:59,463.91625000,4
2026-06-10 06:30:00,0.90200000,0.90400000,0.90200000,0.90400000,58.23000000,2026-06-10 06:30:59,52.61456000,2
2026-06-10 06:31:00,0.90400000,0.90400000,0.90400000,0.90400000,0.00000000,2026-06-10 06:31:59,0.00000000,0
2026-06-10 06:32:00,0.90500000,0.90500000,0.90300000,0.90300000,1234.88000000,2026-06-10 06:32:59,1117.34492000,3
2026-06-10 06:33:00,0.90400000,0.90400000,0.90300000,0.90300000,201.42000000,2026-06-10 06:33:59,181.97294000,4
2026-06-10 06:34:00,0.90300000,0.90300000,0.90300000,0.90300000,110.74000000,2026-06-10 06:34:59,99.99822000,2
2026-06-10 06:35:00,0.90400000,0.90400000,0.90400000,0.90400000,393.76000000,2026-06-10 06:35:59,355.95904000,4
2026-06-10 06:36:00,0.90500000,0.90500000,0.90400000,0.90500000,204.63000000,2026-06-10 06:36:59,185.18142000,3
2026-06-10 06:37:00,0.90500000,0.90500000,0.90300000,0.90300000,671.21000000,2026-06-10 06:37:59,607.16339000,10
2026-06-10 06:38:00,0.90400000,0.90600000,0.90400000,0.90600000,1085.01000000,2026-06-10 06:38:59,982.65399000,8
2026-06-10 06:39:00,0.90600000,0.90600000,0.90500000,0.90600000,477.83000000,2026-06-10 06:39:59,432.90291000,7
2026-06-10 06:40:00,0.90600000,0.90600000,0.90600000,0.90600000,170.42000000,2026-06-10 06:40:59,154.40052000,1
2026-06-10 06:41:00,0.90500000,0.90800000,0.90500000,0.90800000,5568.25000000,2026-06-10 06:41:59,5054.66096000,19
2026-06-10 06:42:00,0.90700000,0.90700000,0.90600000,0.90600000,290.15000000,2026-06-10 06:42:59,262.96688000,5
2026-06-10 06:43:00,0.90600000,0.90600000,0.90600000,0.90600000,0.00000000,2026-06-10 06:43:59,0.00000000,0
2026-06-10 06:44:00,0.90600000,0.90600000,0.90600000,0.90600000,259.15000000,2026-06-10 06:44:59,234.78990000,3
2026-06-10 06:45:00,0.90600000,0.90600000,0.90600000,0.90600000,110.25000000,2026-06-10 06:45:59,99.88650000,1
2026-06-10 06:46:00,0.90500000,0.90500000,0.90500000,0.90500000,900.00000000,2026-06-10 06:46:59,814.50000000,3
2026-06-10 06:47:00,0.90300000,0.90300000,0.90300000,0.90300000,110.74000000,2026-06-10 06:47:59,99.99822000,1
2026-06-10 06:48:00,0.90300000,0.90300000,0.90300000,0.90300000,112.98000000,2026-06-10 06:48:59,102.02094000,1
2026-06-10 06:49:00,0.90300000,0.90300000,0.90300000,0.90300000,223.01000000,2026-06-10 06:49:59,201.37803000,3
2026-06-10 06:50:00,0.90300000,0.90300000,0.90300000,0.90300000,110.74000000,2026-06-10 06:50:59,99.99822000,1
2026-06-10 06:51:00,0.90400000,0.90500000,0.90400000,0.90500000,1297.33000000,2026-06-10 06:51:59,1172.90047000,4
2026-06-10 06:52:00,0.90500000,0.90500000,0.90400000,0.90400000,1225.39000000,2026-06-10 06:52:59,1108.86745000,2
2026-06-10 06:53:00,0.90400000,0.90400000,0.90400000,0.90400000,484.70000000,2026-06-10 06:53:59,438.16880000,4
2026-06-10 06:54:00,0.90500000,0.90600000,0.90500000,0.90500000,409.61000000,2026-06-10 06:54:59,370.97453000,4
2026-06-10 06:55:00,0.90600000,0.90600000,0.90600000,0.90600000,135.59000000,2026-06-10 06:55:59,122.84454000,2
2026-06-10 06:56:00,0.90700000,0.90900000,0.90700000,0.90900000,504.27000000,2026-06-10 06:56:59,458.01006000,5
2026-06-10 06:57:00,0.90900000,0.90900000,0.90900000,0.90900000,1303.33000000,2026-06-10 06:57:59,1184.72697000,5
2026-06-10 06:58:00,0.90800000,0.90800000,0.90800000,0.90800000,769.12000000,2026-06-10 06:58:59,698.36096000,8
2026-06-10 06:59:00,0.90800000,0.90800000,0.90800000,0.90800000,92.63000000,2026-06-10 06:59:59,84.10804000,2
2026-06-10 07:00:00,0.90700000,0.90700000,0.90700000,0.90700000,110.25000000,2026-06-10 07:00:59,99.99675000,2
2026-06-10 07:01:00,0.90700000,0.90800000,0.90600000,0.90600000,693.94000000,2026-06-10 07:01:59,629.38582000,6
2026-06-10 07:02:00,0.90600000,0.90600000,0.90600000,0.90600000,215.11000000,2026-06-10 07:02:59,194.88966000,3
2026-06-10 07:03:00,0.90600000,0.90600000,0.90600000,0.90600000,0.00000000,2026-06-10 07:03:59,0.00000000,0
2026-06-10 07:04:00,0.90600000,0.90600000,0.90600000,0.90600000,204.75000000,2026-06-10 07:04:59,185.50350000,1
2026-06-10 07:05:00,0.90600000,0.90600000,0.90400000,0.90400000,264.62000000,2026-06-10 07:05:59,239.46366000,5
2026-06-10 07:06:00,0.90400000,0.90400000,0.90400000,0.90400000,110.50000000,2026-06-10 07:06:59,99.89200000,1
2026-06-10 07:07:00,0.90400000,0.90400000,0.90400000,0.90400000,110.50000000,2026-06-10 07:07:59,99.89200000,2
2026-06-10 07:08:00,0.90400000,0.90400000,0.90400000,0.90400000,0.00000000,2026-06-10 07:08:59,0.00000000,0
2026-06-10 07:09:00,0.90500000,0.90500000,0.90500000,0.90500000,989.47000000,2026-06-10 07:09:59,895.47035000,9
2026-06-10 07:10:00,0.90500000,0.90500000,0.90300000,0.90300000,991.72000000,2026-06-10 07:10:59,896.55197000,6
2026-06-10 07:11:00,0.90400000,0.90400000,0.90400000,0.90400000,45.58000000,2026-06-10 07:11:59,41.20432000,1
2026-06-10 07:12:00,0.90400000,0.90400000,0.90400000,0.90400000,0.00000000,2026-06-10 07:12:59,0.00000000,0
2026-06-10 07:13:00,0.90500000,0.90600000,0.90500000,0.90600000,1203.19000000,2026-06-10 07:13:59,1089.00999000,3
2026-06-10 07:14:00,0.90600000,0.90600000,0.90600000,0.90600000,0.00000000,2026-06-10 07:14:59,0.00000000,0
2026-06-10 07:15:00,0.90500000,0.90500000,0.90500000,0.90500000,16.61000000,2026-06-10 07:15:59,15.03205000,1
2026-06-10 07:16:00,0.90400000,0.90400000,0.90400000,0.90400000,165.80000000,2026-06-10 07:16:59,149.88320000,2
2026-06-10 07:17:00,0.90300000,0.90300000,0.90300000,0.90300000,110.74000000,2026-06-10 07:17:59,99.99822000,2
2026-06-10 07:18:00,0.90300000,0.90400000,0.90300000,0.90300000,1804.29000000,2026-06-10 07:18:59,1630.23568000,11
2026-06-10 07:19:00,0.90300000,0.90300000,0.90300000,0.90300000,208.94000000,2026-06-10 07:19:59,188.67282000,2
2026-06-10 07:20:00,0.90300000,0.90300000,0.90300000,0.90300000,272.31000000,2026-06-10 07:20:59,245.89593000,4
2026-06-10 07:21:00,0.90300000,0.90400000,0.90300000,0.90400000,202.94000000,2026-06-10 07:21:59,183.34702000,2
2026-06-10 07:22:00,0.90400000,0.90400000,0.90400000,0.90400000,184.34000000,2026-06-10 07:22:59,166.64336000,2
2026-06-10 07:23:00,0.90300000,0.90400000,0.90300000,0.90400000,643.08000000,2026-06-10 07:23:59,581.33432000,7
2026-06-10 07:24:00,0.90400000,0.90500000,0.90400000,0.90400000,1516.40000000,2026-06-10 07:24:59,1371.12855000,6
2026-06-10 07:25:00,0.90400000,0.90400000,0.90400000,0.90400000,164.22000000,2026-06-10 07:25:59,148.45488000,2
2026-06-10 07:26:00,0.90300000,0.90300000,0.90300000,0.90300000,110.74000000,2026-06-10 07:26:59,99.99822000,1
2026-06-10 07:27:00,0.90400000,0.90500000,0.90400000,0.90500000,118.64000000,2026-06-10 07:27:59,107.25870000,2
2026-06-10 07:28:00,0.90800000,0.90800000,0.90800000,0.90800000,92.11000000,2026-06-10 07:28:59,83.63588000,1
2026-06-10 07:29:00,0.90700000,0.90700000,0.90700000,0.90700000,110.25000000,2026-06-10 07:29:59,99.99675000,2
2026-06-10 07:30:00,0.90800000,0.90800000,0.90800000,0.90800000,179.95000000,2026-06-10 07:30:59,163.39460000,3
2026-06-10 07:31:00,0.90800000,0.90800000,0.90800000,0.90800000,0.00000000,2026-06-10 07:31:59,0.00000000,0
2026-06-10 07:32:00,0.90800000,0.90800000,0.90800000,0.90800000,0.00000000,2026-06-10 07:32:59,0.00000000,0
2026-06-10 07:33:00,0.90800000,0.90800000,0.90800000,0.90800000,0.00000000,2026-06-10 07:33:59,0.00000000,0
2026-06-10 07:34:00,0.90800000,0.90800000,0.90800000,0.90800000,0.00000000,2026-06-10 07:34:59,0.00000000,0
2026-06-10 07:35:00,0.90700000,0.90700000,0.90700000,0.90700000,43.21000000,2026-06-10 07:35:59,39.19147000,1
2026-06-10 07:36:00,0.90600000,0.90600000,0.90600000,0.90600000,110.25000000,2026-06-10 07:36:59,99.88650000,1
2026-06-10 07:37:00,0.90600000,0.90600000,0.90600000,0.90600000,0.00000000,2026-06-10 07:37:59,0.00000000,0
2026-06-10 07:38:00,0.90600000,0.90600000,0.90600000,0.90600000,3220.00000000,2026-06-10 07:38:59,2917.32000000,8
2026-06-10 07:39:00,0.90600000,0.90600000,0.90600000,0.90600000,1006.91000000,2026-06-10 07:39:59,912.26046000,4
2026-06-10 07:40:00,0.90600000,0.90600000,0.90500000,0.90500000,332.02000000,2026-06-10 07:40:59,300.69987000,5
2026-06-10 07:41:00,0.90500000,0.90500000,0.90500000,0.90500000,1374.34000000,2026-06-10 07:41:59,1243.77770000,7
2026-06-10 07:42:00,0.90600000,0.90600000,0.90600000,0.90600000,129.29000000,2026-06-10 07:42:59,117.13674000,1
2026-06-10 07:43:00,0.90600000,0.90600000,0.90600000,0.90600000,0.00000000,2026-06-10 07:43:59,0.00000000,0
2026-06-10 07:44:00,0.90600000,0.90600000,0.90600000,0.90600000,91.94000000,2026-06-10 07:44:59,83.29764000,1
2026-06-10 07:45:00,0.90600000,0.90700000,0.90600000,0.90700000,671.21000000,2026-06-10 07:45:59,608.20821000,4
2026-06-10 07:46:00,0.90700000,0.90800000,0.90700000,0.90700000,1510.72000000,2026-06-10 07:46:59,1370.31424000,13
2026-06-10 07:47:00,0.90800000,0.90800000,0.90700000,0.90700000,1173.18000000,2026-06-10 07:47:59,1064.16622000,3
2026-06-10 07:48:00,0.90600000,0.90600000,0.90600000,0.90600000,110.25000000,2026-06-10 07:48:59,99.88650000,1
2026-06-10 07:49:00,0.90600000,0.90600000,0.90600000,0.90600000,197.60000000,2026-06-10 07:49:59,179.02560000,3
2026-06-10 07:50:00,0.90800000,0.90800000,0.90800000,0.90800000,110.25000000,2026-06-10 07:50:59,100.10700000,1
2026-06-10 07:51:00,0.90700000,0.90700000,0.90700000,0.90700000,64.29000000,2026-06-10 07:51:59,58.31103000,1
2026-06-10 07:52:00,0.90700000,0.90700000,0.90700000,0.90700000,0.00000000,2026-06-10 07:52:59,0.00000000,0
2026-06-10 07:53:00,0.90600000,0.90600000,0.90600000,0.90600000,22.07000000,2026-06-10 07:53:59,19.99542000,1
2026-06-10 07:54:00,0.90500000,0.90500000,0.90500000,0.90500000,15.97000000,2026-06-10 07:54:59,14.45285000,1
2026-06-10 07:55:00,0.90500000,0.90500000,0.90500000,0.90500000,0.00000000,2026-06-10 07:55:59,0.00000000,0
2026-06-10 07:56:00,0.90500000,0.90700000,0.90500000,0.90700000,343.67000000,2026-06-10 07:56:59,311.28521000,3
2026-06-10 07:57:00,0.90700000,0.90700000,0.90700000,0.90700000,0.00000000,2026-06-10 07:57:59,0.00000000,0
2026-06-10 07:58:00,0.90700000,0.90700000,0.90700000,0.90700000,288.49000000,2026-06-10 07:58:59,261.66043000,3
2026-06-10 07:59:00,0.90700000,0.90700000,0.90700000,0.90700000,0.00000000,2026-06-10 07:59:59,0.00000000,0
2026-06-10 08:00:00,0.90700000,0.90700000,0.90700000,0.90700000,0.00000000,2026-06-10 08:00:59,0.00000000,0
2026-06-10 08:01:00,0.90700000,0.90700000,0.90700000,0.90700000,0.00000000,2026-06-10 08:01:59,0.00000000,0
2026-06-10 08:02:00,0.90700000,0.90700000,0.90700000,0.90700000,129.39000000,2026-06-10 08:02:59,117.35673000,2
2026-06-10 08:03:00,0.90900000,0.90900000,0.90400000,0.90500000,17620.65000000,2026-06-10 08:03:59,15959.05594000,82
2026-06-10 08:04:00,0.90400000,0.90400000,0.89500000,0.89600000,4341.11000000,2026-06-10 08:04:59,3914.78913000,44
2026-06-10 08:05:00,0.89600000,0.89800000,0.89500000,0.89800000,2156.61000000,2026-06-10 08:05:59,1931.59401000,26
2026-06-10 08:06:00,0.89900000,0.89900000,0.89400000,0.89500000,6759.48000000,2026-06-10 08:06:59,6046.70658000,24
2026-06-10 08:07:00,0.89800000,0.89900000,0.89800000,0.89900000,1544.72000000,2026-06-10 08:07:59,1388.04829000,5
2026-06-10 08:08:00,0.89800000,0.89800000,0.89800000,0.89800000,41.80000000,2026-06-10 08:08:59,37.53640000,5
2026-06-10 08:09:00,0.89700000,0.89900000,0.89700000,0.89900000,889.06000000,2026-06-10 08:09:59,798.38195000,5
2026-06-10 08:10:00,0.89900000,0.90100000,0.89900000,0.90100000,1007.52000000,2026-06-10 08:10:59,905.88510000,6
2026-06-10 08:11:00,0.89900000,0.89900000,0.89800000,0.89900000,910.37000000,2026-06-10 08:11:59,818.40871000,9
2026-06-10 08:12:00,0.89900000,0.89900000,0.89900000,0.89900000,0.00000000,2026-06-10 08:12:59,0.00000000,0
2026-06-10 08:13:00,0.89900000,0.89900000,0.89900000,0.89900000,98.20000000,2026-06-10 08:13:59,88.28180000,1
2026-06-10 08:14:00,0.90000000,0.90000000,0.90000000,0.90000000,553.35000000,2026-06-10 08:14:59,498.01500000,3
2026-06-10 08:15:00,0.90100000,0.90100000,0.90000000,0.90100000,455.35000000,2026-06-10 08:15:59,410.10194000,5
2026-06-10 08:16:00,0.90100000,0.90100000,0.90100000,0.90100000,228.37000000,2026-06-10 08:16:59,205.76137000,3
2026-06-10 08:17:00,0.90100000,0.90100000,0.90100000,0.90100000,0.00000000,2026-06-10 08:17:59,0.00000000,0
2026-06-10 08:18:00,0.89700000,0.89900000,0.89700000,0.89800000,837.93000000,2026-06-10 08:18:59,752.70386000,7
2026-06-10 08:19:00,0.89800000,0.89800000,0.89800000,0.89800000,0.00000000,2026-06-10 08:19:59,0.00000000,0
2026-06-10 08:20:00,0.89700000,0.89800000,0.89700000,0.89800000,241.82000000,2026-06-10 08:20:59,217.10894000,3
2026-06-10 08:21:00,0.89900000,0.89900000,0.89900000,0.89900000,1119.34000000,2026-06-10 08:21:59,1006.28666000,6
2026-06-10 08:22:00,0.89900000,0.89900000,0.89900000,0.89900000,0.00000000,2026-06-10 08:22:59,0.00000000,0
2026-06-10 08:23:00,0.89900000,0.89900000,0.89900000,0.89900000,0.00000000,2026-06-10 08:23:59,0.00000000,0
2026-06-10 08:24:00,0.89900000,0.89900000,0.89800000,0.89800000,712.52000000,2026-06-10 08:24:59,640.45728000,5
2026-06-10 08:25:00,0.89800000,0.89800000,0.89100000,0.89300000,5289.51000000,2026-06-10 08:25:59,4723.96048000,46
2026-06-10 08:26:00,0.89300000,0.89300000,0.89300000,0.89300000,0.00000000,2026-06-10 08:26:59,0.00000000,0
2026-06-10 08:27:00,0.89500000,0.89500000,0.89400000,0.89400000,1006.93000000,2026-06-10 08:27:59,900.22764000,7
2026-06-10 08:28:00,0.89500000,0.89500000,0.89500000,0.89500000,491.70000000,2026-06-10 08:28:59,440.07150000,3
2026-06-10 08:29:00,0.89500000,0.89500000,0.89500000,0.89500000,426.26000000,2026-06-10 08:29:59,381.50270000,3
2026-06-10 08:30:00,0.89600000,0.89600000,0.89600000,0.89600000,193.21000000,2026-06-10 08:30:59,173.11616000,3
2026-06-10 08:31:00,0.89500000,0.89500000,0.89500000,0.89500000,500.07000000,2026-06-10 08:31:59,447.56265000,4
2026-06-10 08:32:00,0.89500000,0.89500000,0.89500000,0.89500000,29.82000000,2026-06-10 08:32:59,26.68890000,1
2026-06-10 08:33:00,0.89500000,0.89500000,0.89500000,0.89500000,0.00000000,2026-06-10 08:33:59,0.00000000,0
2026-06-10 08:34:00,0.89400000,0.89400000,0.89400000,0.89400000,109.65000000,2026-06-10 08:34:59,98.02710000,3
2026-06-10 08:35:00,0.89500000,0.89500000,0.89400000,0.89400000,2106.52000000,2026-06-10 08:35:59,1884.56542000,15
2026-06-10 08:36:00,0.89400000,0.89400000,0.89400000,0.89400000,98.20000000,2026-06-10 08:36:59,87.79080000,1
2026-06-10 08:37:00,0.89500000,0.89600000,0.89400000,0.89500000,7193.43000000,2026-06-10 08:37:59,6443.58063000,24
2026-06-10 08:38:00,0.89500000,0.89500000,0.89400000,0.89400000,2000.31000000,2026-06-10 08:38:59,1789.40647000,10
2026-06-10 08:39:00,0.89500000,0.89500000,0.89500000,0.89500000,235.09000000,2026-06-10 08:39:59,210.40555000,6
2026-06-10 08:40:00,0.89500000,0.89700000,0.89500000,0.89700000,980.25000000,2026-06-10 08:40:59,878.55815000,9
2026-06-10 08:41:00,0.89700000,0.89700000,0.89700000,0.89700000,0.00000000,2026-06-10 08:41:59,0.00000000,0
2026-06-10 08:42:00,0.89700000,0.89700000,0.89700000,0.89700000,686.91000000,2026-06-10 08:42:59,616.15827000,6
2026-06-10 08:43:00,0.89700000,0.89800000,0.89700000,0.89800000,456.93000000,2026-06-10 08:43:59,410.09643000,6
2026-06-10 08:44:00,0.89800000,0.89800000,0.89800000,0.89800000,111.90000000,2026-06-10 08:44:59,100.48620000,2
2026-06-10 08:45:00,0.89700000,0.89700000,0.89700000,0.89700000,86.00000000,2026-06-10 08:45:59,77.14200000,2
2026-06-10 08:46:00,0.89800000,0.90000000,0.89800000,0.90000000,3181.66000000,2026-06-10 08:46:59,2859.66980000,30
2026-06-10 08:47:00,0.90000000,0.90000000,0.90000000,0.90000000,6.48000000,2026-06-10 08:47:59,5.83200000,1
2026-06-10 08:48:00,0.90000000,0.90100000,0.89900000,0.89900000,687.00000000,2026-06-10 08:48:59,618.37366000,8
2026-06-10 08:49:00,0.89800000,0.89900000,0.89800000,0.89900000,431.71000000,2026-06-10 08:49:59,388.06570000,6
2026-06-10 08:50:00,0.89900000,0.89900000,0.89900000,0.89900000,17.01000000,2026-06-10 08:50:59,15.29199000,2
2026-06-10 08:51:00,0.89900000,0.90000000,0.89900000,0.90000000,2435.96000000,2026-06-10 08:51:59,2192.15584000,9
2026-06-10 08:52:00,0.90000000,0.90000000,0.90000000,0.90000000,0.00000000,2026-06-10 08:52:59,0.00000000,0
2026-06-10 08:53:00,0.90000000,0.90000000,0.89900000,0.89900000,603.45000000,2026-06-10 08:53:59,543.08355000,5
2026-06-10 08:54:00,0.89800000,0.89900000,0.89800000,0.89900000,674.34000000,2026-06-10 08:54:59,605.74576000,9
2026-06-10 08:55:00,0.89900000,0.89900000,0.89900000,0.89900000,1286.01000000,2026-06-10 08:55:59,1156.12299000,4
2026-06-10 08:56:00,0.89900000,0.89900000,0.89700000,0.89700000,27.72000000,2026-06-10 08:56:59,24.90828000,2
2026-06-10 08:57:00,0.89700000,0.89700000,0.89700000,0.89700000,0.00000000,2026-06-10 08:57:59,0.00000000,0
2026-06-10 08:58:00,0.89700000,0.89700000,0.89700000,0.89700000,0.00000000,2026-06-10 08:58:59,0.00000000,0
2026-06-10 08:59:00,0.89600000,0.89600000,0.89600000,0.89600000,227.56000000,2026-06-10 08:59:59,203.89376000,4
2026-06-10 09:00:00,0.89500000,0.89500000,0.89500000,0.89500000,355.25000000,2026-06-10 09:00:59,317.94875000,3
2026-06-10 09:01:00,0.89500000,0.89500000,0.89400000,0.89400000,1212.47000000,2026-06-10 09:01:59,1084.03151000,5
2026-06-10 09:02:00,0.89400000,0.89400000,0.89400000,0.89400000,204.75000000,2026-06-10 09:02:59,183.04650000,2
2026-06-10 09:03:00,0.89500000,0.89500000,0.89500000,0.89500000,753.80000000,2026-06-10 09:03:59,674.65100000,2
2026-06-10 09:04:00,0.89500000,0.89500000,0.89500000,0.89500000,1435.28000000,2026-06-10 09:04:59,1284.57560000,9
2026-06-10 09:05:00,0.89600000,0.89700000,0.89600000,0.89700000,2270.25000000,2026-06-10 09:05:59,2035.22355000,15
2026-06-10 09:06:00,0.89700000,0.89700000,0.89700000,0.89700000,1900.19000000,2026-06-10 09:06:59,1704.47043000,13
2026-06-10 09:07:00,0.89700000,0.89700000,0.89700000,0.89700000,570.33000000,2026-06-10 09:07:59,511.58601000,4
2026-06-10 09:08:00,0.89700000,0.89700000,0.89700000,0.89700000,1064.50000000,2026-06-10 09:08:59,954.85650000,12
2026-06-10 09:09:00,0.89800000,0.89800000,0.89700000,0.89700000,5861.13000000,2026-06-10 09:09:59,5259.76824000,15
2026-06-10 09:10:00,0.89700000,0.89700000,0.89700000,0.89700000,0.00000000,2026-06-10 09:10:59,0.00000000,0
2026-06-10 09:11:00,0.89800000,0.89800000,0.89800000,0.89800000,124.75000000,2026-06-10 09:11:59,112.02550000,2
2026-06-10 09:12:00,0.89900000,0.90100000,0.89900000,0.90100000,8080.48000000,2026-06-10 09:12:59,7277.78730000,26
2026-06-10 09:13:00,0.90100000,0.90300000,0.90100000,0.90300000,2644.00000000,2026-06-10 09:13:59,2384.83005000,12
2026-06-10 09:14:00,0.90200000,0.90200000,0.90200000,0.90200000,3401.10000000,2026-06-10 09:14:59,3067.79220000,5
2026-06-10 09:15:00,0.90100000,0.90200000,0.89800000,0.89800000,1867.45000000,2026-06-10 09:15:59,1678.02566000,6
2026-06-10 09:16:00,0.89800000,0.89800000,0.89800000,0.89800000,0.00000000,2026-06-10 09:16:59,0.00000000,0
2026-06-10 09:17:00,0.89800000,0.89800000,0.89800000,0.89800000,0.00000000,2026-06-10 09:17:59,0.00000000,0
2026-06-10 09:18:00,0.89800000,0.89800000,0.89800000,0.89800000,98.20000000,2026-06-10 09:18:59,88.18360000,1
2026-06-10 09:19:00,0.89700000,0.89800000,0.89700000,0.89800000,466.07000000,2026-06-10 09:19:59,418.22157000,5
2026-06-10 09:20:00,0.89800000,0.89800000,0.89800000,0.89800000,0.00000000,2026-06-10 09:20:59,0.00000000,0
2026-06-10 09:21:00,0.89800000,0.89800000,0.89800000,0.89800000,0.00000000,2026-06-10 09:21:59,0.00000000,0
2026-06-10 09:22:00,0.89800000,0.89800000,0.89800000,0.89800000,0.00000000,2026-06-10 09:22:59,0.00000000,0
2026-06-10 09:23:00,0.89800000,0.89800000,0.89800000,0.89800000,0.00000000,2026-06-10 09:23:59,0.00000000,0
2026-06-10 09:24:00,0.89800000,0.89800000,0.89800000,0.89800000,0.00000000,2026-06-10 09:24:59,0.00000000,0
2026-06-10 09:25:00,0.89800000,0.89800000,0.89800000,0.89800000,124.77000000,2026-06-10 09:25:59,112.04346000,1
2026-06-10 09:26:00,0.89900000,0.89900000,0.89900000,0.89900000,26.80000000,2026-06-10 09:26:59,24.09320000,3
2026-06-10 09:27:00,0.90000000,0.90000000,0.90000000,0.90000000,1621.24000000,2026-06-10 09:27:59,1459.11600000,5
2026-06-10 09:28:00,0.90000000,0.90000000,0.90000000,0.90000000,1265.83000000,2026-06-10 09:28:59,1139.24700000,4
2026-06-10 09:29:00,0.90000000,0.90000000,0.90000000,0.90000000,5.70000000,2026-06-10 09:29:59,5.13000000,1
2026-06-10 09:30:00,0.90100000,0.91300000,0.89900000,0.91000000,21502.22000000,2026-06-10 09:30:59,19453.24713000,120
2026-06-10 09:31:00,0.91100000,0.91400000,0.90900000,0.90900000,4201.56000000,2026-06-10 09:31:59,3830.24510000,25
2026-06-10 09:32:00,0.90900000,0.91100000,0.90900000,0.91100000,264.60000000,2026-06-10 09:32:59,240.62028000,8
2026-06-10 09:33:00,0.91200000,0.91700000,0.91200000,0.91500000,799.10000000,2026-06-10 09:33:59,731.51916000,16
2026-06-10 09:34:00,0.91600000,0.91600000,0.91500000,0.91500000,3278.58000000,2026-06-10 09:34:59,3000.21728000,22
2026-06-10 09:35:00,0.91400000,0.91500000,0.91300000,0.91300000,4126.58000000,2026-06-10 09:35:59,3771.17097000,16
2026-06-10 09:36:00,0.91300000,0.91500000,0.91300000,0.91500000,8644.21000000,2026-06-10 09:36:59,7900.96814000,17
2026-06-10 09:37:00,0.91500000,0.91500000,0.91400000,0.91500000,1441.49000000,2026-06-10 09:37:59,1318.89459000,7
2026-06-10 09:38:00,0.91300000,0.91300000,0.91200000,0.91300000,2879.96000000,2026-06-10 09:38:59,2629.09906000,13
2026-06-10 09:39:00,0.91400000,0.91400000,0.91300000,0.91300000,335.50000000,2026-06-10 09:39:59,306.45351000,4
2026-06-10 09:40:00,0.91300000,0.91300000,0.91200000,0.91200000,152.85000000,2026-06-10 09:40:59,139.54062000,3
2026-06-10 09:41:00,0.91300000,0.91400000,0.91300000,0.91400000,470.99000000,2026-06-10 09:41:59,430.16387000,5
2026-06-10 09:42:00,0.91200000,0.91200000,0.91200000,0.91200000,216.87000000,2026-06-10 09:42:59,197.78544000,3
2026-06-10 09:43:00,0.91200000,0.91200000,0.91200000,0.91200000,204.75000000,2026-06-10 09:43:59,186.73200000,2
2026-06-10 09:44:00,0.91200000,0.91200000,0.91200000,0.91200000,104.73000000,2026-06-10 09:44:59,95.51376000,2
2026-06-10 09:45:00,0.91300000,0.91300000,0.91300000,0.91300000,57.75000000,2026-06-10 09:45:59,52.72575000,3
2026-06-10 09:46:00,0.91200000,0.91300000,0.91200000,0.91300000,401.07000000,2026-06-10 09:46:59,366.09065000,5
2026-06-10 09:47:00,0.91300000,0.91300000,0.91300000,0.91300000,0.00000000,2026-06-10 09:47:59,0.00000000,0
2026-06-10 09:48:00,0.91300000,0.91300000,0.91300000,0.91300000,0.00000000,2026-06-10 09:48:59,0.00000000,0
2026-06-10 09:49:00,0.91300000,0.91300000,0.91300000,0.91300000,96.41000000,2026-06-10 09:49:59,88.02233000,2
2026-06-10 09:50:00,0.91300000,0.91300000,0.91200000,0.91200000,472.59000000,2026-06-10 09:50:59,431.26775000,4
2026-06-10 09:51:00,0.91300000,0.91300000,0.91200000,0.91200000,174.52000000,2026-06-10 09:51:59,159.25331000,4
2026-06-10 09:52:00,0.91200000,0.91200000,0.91100000,0.91100000,283.12000000,2026-06-10 09:52:59,257.95786000,5
2026-06-10 09:53:00,0.91000000,0.91100000,0.91000000,0.91100000,1023.38000000,2026-06-10 09:53:59,931.42325000,6
2026-06-10 09:54:00,0.91200000,0.91200000,0.91200000,0.91200000,1272.37000000,2026-06-10 09:54:59,1160.40144000,2
2026-06-10 09:55:00,0.91200000,0.91200000,0.91200000,0.91200000,0.00000000,2026-06-10 09:55:59,0.00000000,0
2026-06-10 09:56:00,0.91000000,0.91000000,0.91000000,0.91000000,204.75000000,2026-06-10 09:56:59,186.32250000,1
2026-06-10 09:57:00,0.91100000,0.91100000,0.91100000,0.91100000,1176.98000000,2026-06-10 09:57:59,1072.22878000,7
2026-06-10 09:58:00,0.91100000,0.91100000,0.91100000,0.91100000,0.00000000,2026-06-10 09:58:59,0.00000000,0
2026-06-10 09:59:00,0.91100000,0.91100000,0.91100000,0.91100000,0.00000000,2026-06-10 09:59:59,0.00000000,0
2026-06-10 10:00:00,0.91100000,0.91100000,0.91100000,0.91100000,51.05000000,2026-06-10 10:00:59,46.50655000,3
2026-06-10 10:01:00,0.91100000,0.91100000,0.91100000,0.91100000,98.20000000,2026-06-10 10:01:59,89.46020000,1
2026-06-10 10:02:00,0.91100000,0.91100000,0.91100000,0.91100000,0.00000000,2026-06-10 10:02:59,0.00000000,0
2026-06-10 10:03:00,0.91000000,0.91000000,0.91000000,0.91000000,109.89000000,2026-06-10 10:03:59,99.99990000,1
2026-06-10 10:04:00,0.91000000,0.91000000,0.91000000,0.91000000,0.00000000,2026-06-10 10:04:59,0.00000000,0
2026-06-10 10:05:00,0.91000000,0.91000000,0.91000000,0.91000000,730.94000000,2026-06-10 10:05:59,665.15540000,5
2026-06-10 10:06:00,0.91100000,0.91100000,0.91100000,0.91100000,874.09000000,2026-06-10 10:06:59,796.29599000,5
2026-06-10 10:07:00,0.91000000,0.91000000,0.91000000,0.91000000,317.20000000,2026-06-10 10:07:59,288.65200000,4
2026-06-10 10:08:00,0.91100000,0.91100000,0.91100000,0.91100000,297.50000000,2026-06-10 10:08:59,271.02250000,1
2026-06-10 10:09:00,0.91200000,0.91200000,0.91200000,0.91200000,639.49000000,2026-06-10 10:09:59,583.21488000,6
2026-06-10 10:10:00,0.91200000,0.91300000,0.91200000,0.91300000,5543.28000000,2026-06-10 10:10:59,5055.56235000,13
2026-06-10 10:11:00,0.91300000,0.91300000,0.91300000,0.91300000,7.87000000,2026-06-10 10:11:59,7.18531000,1
2026-06-10 10:12:00,0.91200000,0.91500000,0.91200000,0.91500000,2833.42000000,2026-06-10 10:12:59,2588.62520000,19
2026-06-10 10:13:00,0.91500000,0.91500000,0.91500000,0.91500000,0.00000000,2026-06-10 10:13:59,0.00000000,0
2026-06-10 10:14:00,0.91500000,0.91500000,0.91500000,0.91500000,272.28000000,2026-06-10 10:14:59,249.13620000,4
2026-06-10 10:15:00,0.91500000,0.91500000,0.91500000,0.91500000,0.00000000,2026-06-10 10:15:59,0.00000000,0
2026-06-10 10:16:00,0.91500000,0.91500000,0.91500000,0.91500000,0.00000000,2026-06-10 10:16:59,0.00000000,0
2026-06-10 10:17:00,0.91400000,0.91500000,0.91400000,0.91500000,598.05000000,2026-06-10 10:17:59,547.13603000,8
2026-06-10 10:18:00,0.91500000,0.91500000,0.91500000,0.91500000,17.34000000,2026-06-10 10:18:59,15.86610000,1
2026-06-10 10:19:00,0.91600000,0.91600000,0.91500000,0.91500000,1635.71000000,2026-06-10 10:19:59,1496.68120000,7
2026-06-10 10:20:00,0.91400000,0.91400000,0.91400000,0.91400000,6.91000000,2026-06-10 10:20:59,6.31574000,1
2026-06-10 10:21:00,0.91500000,0.91500000,0.91500000,0.91500000,433.10000000,2026-06-10 10:21:59,396.28650000,3
2026-06-10 10:22:00,0.91500000,0.91500000,0.91500000,0.91500000,0.00000000,2026-06-10 10:22:59,0.00000000,0
2026-06-10 10:23:00,0.91300000,0.91400000,0.91300000,0.91400000,1684.43000000,2026-06-10 10:23:59,1538.45712000,8
2026-06-10 10:24:00,0.91400000,0.91400000,0.91400000,0.91400000,0.00000000,2026-06-10 10:24:59,0.00000000,0
2026-06-10 10:25:00,0.91400000,0.91400000,0.91400000,0.91400000,1591.42000000,2026-06-10 10:25:59,1454.55788000,8
2026-06-10 10:26:00,0.91300000,0.91300000,0.91300000,0.91300000,460.77000000,2026-06-10 10:26:59,420.68301000,3
2026-06-10 10:27:00,0.91400000,0.91400000,0.91400000,0.91400000,1274.39000000,2026-06-10 10:27:59,1164.79246000,6
2026-06-10 10:28:00,0.91500000,0.91500000,0.91500000,0.91500000,213.15000000,2026-06-10 10:28:59,195.03225000,2
2026-06-10 10:29:00,0.91500000,0.91500000,0.91500000,0.91500000,0.00000000,2026-06-10 10:29:59,0.00000000,0
2026-06-10 10:30:00,0.91500000,0.92200000,0.91500000,0.92100000,34550.86000000,2026-06-10 10:30:59,31764.28429000,102
2026-06-10 10:31:00,0.92200000,0.92200000,0.92200000,0.92200000,221.03000000,2026-06-10 10:31:59,203.78966000,3
2026-06-10 10:32:00,0.92100000,0.92200000,0.92100000,0.92200000,1029.28000000,2026-06-10 10:32:59,948.87657000,7
2026-06-10 10:33:00,0.92200000,0.92200000,0.92200000,0.92200000,83.93000000,2026-06-10 10:33:59,77.38346000,1
2026-06-10 10:34:00,0.92100000,0.92200000,0.92100000,0.92200000,130.14000000,2026-06-10 10:34:59,119.97764000,8
2026-06-10 10:35:00,0.92200000,0.92400000,0.92200000,0.92400000,778.46000000,2026-06-10 10:35:59,718.96893000,9
2026-06-10 10:36:00,0.92400000,0.92500000,0.92400000,0.92500000,1188.05000000,2026-06-10 10:36:59,1098.88674000,11
2026-06-10 10:37:00,0.92500000,0.92800000,0.92500000,0.92700000,6425.80000000,2026-06-10 10:37:59,5953.37399000,44
2026-06-10 10:38:00,0.92800000,0.92800000,0.92700000,0.92700000,872.76000000,2026-06-10 10:38:59,809.15351000,8
2026-06-10 10:39:00,0.92700000,0.92700000,0.92700000,0.92700000,0.00000000,2026-06-10 10:39:59,0.00000000,0
2026-06-10 10:40:00,0.92700000,0.92900000,0.92700000,0.92900000,1781.63000000,2026-06-10 10:40:59,1652.04885000,8
2026-06-10 10:41:00,0.92800000,0.92800000,0.92700000,0.92700000,200.84000000,2026-06-10 10:41:59,186.19868000,2
2026-06-10 10:42:00,0.92700000,0.92800000,0.92700000,0.92800000,497.97000000,2026-06-10 10:42:59,461.77735000,9
2026-06-10 10:43:00,0.92800000,0.92900000,0.92800000,0.92900000,311.64000000,2026-06-10 10:43:59,289.42240000,3
2026-06-10 10:44:00,0.93000000,0.93000000,0.92900000,0.92900000,2536.07000000,2026-06-10 10:44:59,2358.52086000,12
2026-06-10 10:45:00,0.93000000,0.93000000,0.92900000,0.92900000,579.61000000,2026-06-10 10:45:59,538.49269000,6
2026-06-10 10:46:00,0.92900000,0.92900000,0.92900000,0.92900000,720.31000000,2026-06-10 10:46:59,669.16799000,8
2026-06-10 10:47:00,0.92800000,0.92900000,0.92800000,0.92900000,162.37000000,2026-06-10 10:47:59,150.73683000,5
2026-06-10 10:48:00,0.92900000,0.92900000,0.92900000,0.92900000,34.15000000,2026-06-10 10:48:59,31.72535000,1
2026-06-10 10:49:00,0.93000000,0.93000000,0.93000000,0.93000000,1065.20000000,2026-06-10 10:49:59,990.63600000,4
2026-06-10 10:50:00,0.92900000,0.92900000,0.92700000,0.92700000,178.17000000,2026-06-10 10:50:59,165.46385000,5
2026-06-10 10:51:00,0.92700000,0.92700000,0.92600000,0.92600000,87.43000000,2026-06-10 10:51:59,81.03731000,2
2026-06-10 10:52:00,0.92600000,0.92600000,0.92600000,0.92600000,0.00000000,2026-06-10 10:52:59,0.00000000,0
2026-06-10 10:53:00,0.92600000,0.92600000,0.92600000,0.92600000,437.04000000,2026-06-10 10:53:59,404.69904000,6
2026-06-10 10:54:00,0.92500000,0.92500000,0.92500000,0.92500000,1606.08000000,2026-06-10 10:54:59,1485.62400000,5
2026-06-10 10:55:00,0.92400000,0.92500000,0.92400000,0.92500000,361.91000000,2026-06-10 10:55:59,334.75875000,5
2026-06-10 10:56:00,0.92400000,0.92400000,0.92300000,0.92300000,871.51000000,2026-06-10 10:56:59,804.64309000,8
2026-06-10 10:57:00,0.92300000,0.92400000,0.92300000,0.92400000,1558.39000000,2026-06-10 10:57:59,1439.72090000,9
2026-06-10 10:58:00,0.92400000,0.92400000,0.92200000,0.92200000,1781.76000000,2026-06-10 10:58:59,1643.91652000,7
2026-06-10 10:59:00,0.92300000,0.92300000,0.92300000,0.92300000,10.52000000,2026-06-10 10:59:59,9.70996000,1
2026-06-10 11:00:00,0.92300000,0.92300000,0.92300000,0.92300000,81.47000000,2026-06-10 11:00:59,75.19681000,1
2026-06-10 11:01:00,0.92000000,0.92100000,0.92000000,0.92000000,253.20000000,2026-06-10 11:01:59,232.98400000,7
2026-06-10 11:02:00,0.92000000,0.92000000,0.92000000,0.92000000,213.55000000,2026-06-10 11:02:59,196.46600000,3
2026-06-10 11:03:00,0.92200000,0.92300000,0.92200000,0.92300000,910.02000000,2026-06-10 11:03:59,839.93336000,7
2026-06-10 11:04:00,0.92400000,0.92500000,0.92400000,0.92500000,1016.52000000,2026-06-10 11:04:59,939.76392000,9
2026-06-10 11:05:00,0.92500000,0.92500000,0.92500000,0.92500000,0.00000000,2026-06-10 11:05:59,0.00000000,0
2026-06-10 11:06:00,0.92400000,0.92400000,0.92400000,0.92400000,1114.06000000,2026-06-10 11:06:59,1029.39144000,3
2026-06-10 11:07:00,0.92400000,0.92400000,0.92400000,0.92400000,0.00000000,2026-06-10 11:07:59,0.00000000,0
2026-06-10 11:08:00,0.92300000,0.92300000,0.92300000,0.92300000,294.68000000,2026-06-10 11:08:59,271.98964000,3
2026-06-10 11:09:00,0.92300000,0.92300000,0.92300000,0.92300000,939.82000000,2026-06-10 11:09:59,867.45386000,2
2026-06-10 11:10:00,0.92200000,0.92200000,0.92200000,0.92200000,1054.02000000,2026-06-10 11:10:59,971.80644000,1
2026-06-10 11:11:00,0.92000000,0.92100000,0.92000000,0.92100000,4115.02000000,2026-06-10 11:11:59,3789.90633000,12
2026-06-10 11:12:00,0.92100000,0.92100000,0.92100000,0.92100000,56.41000000,2026-06-10 11:12:59,51.95361000,1
2026-06-10 11:13:00,0.91900000,0.92100000,0.91800000,0.92100000,2210.49000000,2026-06-10 11:13:59,2031.30201000,11
2026-06-10 11:14:00,0.92000000,0.92000000,0.91900000,0.91900000,3121.20000000,2026-06-10 11:14:59,2870.08465000,10
2026-06-10 11:15:00,0.91900000,0.91900000,0.91900000,0.91900000,98.20000000,2026-06-10 11:15:59,90.24580000,1
2026-06-10 11:16:00,0.91900000,0.91900000,0.91800000,0.91800000,4510.49000000,2026-06-10 11:16:59,4141.75873000,18
2026-06-10 11:17:00,0.91900000,0.92100000,0.91900000,0.92100000,527.53000000,2026-06-10 11:17:59,485.66684000,5
2026-06-10 11:18:00,0.91700000,0.91700000,0.91700000,0.91700000,3213.67000000,2026-06-10 11:18:59,2946.93539000,12
2026-06-10 11:19:00,0.91700000,0.91700000,0.91700000,0.91700000,164.50000000,2026-06-10 11:19:59,150.84650000,2
2026-06-10 11:20:00,0.91700000,0.91700000,0.91700000,0.91700000,0.00000000,2026-06-10 11:20:59,0.00000000,0
2026-06-10 11:21:00,0.91600000,0.91700000,0.91600000,0.91700000,690.61000000,2026-06-10 11:21:59,633.15525000,11
2026-06-10 11:22:00,0.91800000,0.91800000,0.91800000,0.91800000,76.84000000,2026-06-10 11:22:59,70.53912000,1
2026-06-10 11:23:00,0.92000000,0.92000000,0.92000000,0.92000000,215.96000000,2026-06-10 11:23:59,198.68320000,3
2026-06-10 11:24:00,0.92000000,0.92000000,0.92000000,0.92000000,0.00000000,2026-06-10 11:24:59,0.00000000,0
2026-06-10 11:25:00,0.92000000,0.92000000,0.91900000,0.91900000,1392.75000000,2026-06-10 11:25:59,1280.08900000,9
2026-06-10 11:26:00,0.92000000,0.92000000,0.91900000,0.91900000,256.45000000,2026-06-10 11:26:59,235.68298000,4
2026-06-10 11:27:00,0.92000000,0.92000000,0.92000000,0.92000000,1048.50000000,2026-06-10 11:27:59,964.62000000,7
2026-06-10 11:28:00,0.92000000,0.92000000,0.91900000,0.91900000,1038.48000000,2026-06-10 11:28:59,955.38627000,2
2026-06-10 11:29:00,0.91900000,0.91900000,0.91900000,0.91900000,0.00000000,2026-06-10 11:29:59,0.00000000,0
2026-06-10 11:30:00,0.91800000,0.91800000,0.91800000,0.91800000,51.42000000,2026-06-10 11:30:59,47.20356000,3
2026-06-10 11:31:00,0.91700000,0.91700000,0.91700000,0.91700000,85.40000000,2026-06-10 11:31:59,78.31180000,2
2026-06-10 11:32:00,0.91800000,0.91800000,0.91800000,0.91800000,33.26000000,2026-06-10 11:32:59,30.53268000,2
2026-06-10 11:33:00,0.91800000,0.91900000,0.91800000,0.91900000,140.80000000,2026-06-10 11:33:59,129.29700000,2
2026-06-10 11:34:00,0.92000000,0.92000000,0.92000000,0.92000000,204.75000000,2026-06-10 11:34:59,188.37000000,1
2026-06-10 11:35:00,0.92000000,0.92000000,0.92000000,0.92000000,1125.99000000,2026-06-10 11:35:59,1035.91080000,1
2026-06-10 11:36:00,0.91900000,0.91900000,0.91800000,0.91800000,348.20000000,2026-06-10 11:36:59,319.89760000,7
2026-06-10 11:37:00,0.91800000,0.91800000,0.91600000,0.91600000,188.20000000,2026-06-10 11:37:59,172.52620000,5
2026-06-10 11:38:00,0.91600000,0.91600000,0.91600000,0.91600000,468.12000000,2026-06-10 11:38:59,428.79792000,6
2026-06-10 11:39:00,0.91600000,0.91700000,0.91600000,0.91700000,414.16000000,2026-06-10 11:39:59,379.57764000,4
2026-06-10 11:40:00,0.91700000,0.91700000,0.91700000,0.91700000,0.00000000,2026-06-10 11:40:59,0.00000000,0
2026-06-10 11:41:00,0.92000000,0.92100000,0.92000000,0.92100000,421.27000000,2026-06-10 11:41:59,387.66660000,5
2026-06-10 11:42:00,0.92000000,0.92000000,0.91900000,0.91900000,2027.85000000,2026-06-10 11:42:59,1865.61000000,3
2026-06-10 11:43:00,0.91900000,0.91900000,0.91900000,0.91900000,0.00000000,2026-06-10 11:43:59,0.00000000,0
2026-06-10 11:44:00,0.91900000,0.91900000,0.91900000,0.91900000,98.20000000,2026-06-10 11:44:59,90.24580000,1
2026-06-10 11:45:00,0.91800000,0.91800000,0.91800000,0.91800000,1185.79000000,2026-06-10 11:45:59,1088.55522000,2
2026-06-10 11:46:00,0.91800000,0.91800000,0.91800000,0.91800000,0.00000000,2026-06-10 11:46:59,0.00000000,0
2026-06-10 11:47:00,0.91800000,0.91800000,0.91800000,0.91800000,204.75000000,2026-06-10 11:47:59,187.96050000,1
2026-06-10 11:48:00,0.91700000,0.91700000,0.91700000,0.91700000,10.90000000,2026-06-10 11:48:59,9.99530000,1
2026-06-10 11:49:00,0.91700000,0.91700000,0.91700000,0.91700000,39.99000000,2026-06-10 11:49:59,36.67083000,1
2026-06-10 11:50:00,0.91800000,0.91800000,0.91700000,0.91800000,2205.68000000,2026-06-10 11:50:59,2024.72334000,6
2026-06-10 11:51:00,0.91800000,0.91800000,0.91600000,0.91600000,6771.44000000,2026-06-10 11:51:59,6210.78328000,23
2026-06-10 11:52:00,0.91600000,0.91600000,0.91600000,0.91600000,1884.13000000,2026-06-10 11:52:59,1725.86308000,6
2026-06-10 11:53:00,0.91600000,0.91600000,0.91600000,0.91600000,1154.61000000,2026-06-10 11:53:59,1057.62276000,2
2026-06-10 11:54:00,0.91700000,0.91700000,0.91700000,0.91700000,1267.20000000,2026-06-10 11:54:59,1162.02240000,7
2026-06-10 11:55:00,0.91800000,0.91800000,0.91800000,0.91800000,2164.22000000,2026-06-10 11:55:59,1986.75396000,9
2026-06-10 11:56:00,0.91600000,0.91600000,0.91600000,0.91600000,140.95000000,2026-06-10 11:56:59,129.11020000,2
2026-06-10 11:57:00,0.91600000,0.91600000,0.91600000,0.91600000,204.75000000,2026-06-10 11:57:59,187.55100000,1
2026-06-10 11:58:00,0.91500000,0.91800000,0.91500000,0.91800000,603.00000000,2026-06-10 11:58:59,553.28068000,7
2026-06-10 11:59:00,0.91800000,0.91900000,0.91800000,0.91900000,354.02000000,2026-06-10 11:59:59,325.24618000,4
2026-06-10 12:00:00,0.92000000,0.92000000,0.92000000,0.92000000,439.73000000,2026-06-10 12:00:59,404.55160000,5
2026-06-10 12:01:00,0.92200000,0.92200000,0.92200000,0.92200000,159.76000000,2026-06-10 12:01:59,147.29872000,3
2026-06-10 12:02:00,0.92200000,0.92200000,0.92200000,0.92200000,35.02000000,2026-06-10 12:02:59,32.28844000,1
2026-06-10 12:03:00,0.92300000,0.92300000,0.92200000,0.92200000,44.39000000,2026-06-10 12:03:59,40.94197000,3
2026-06-10 12:04:00,0.92100000,0.92100000,0.92000000,0.92000000,170.82000000,2026-06-10 12:04:59,157.21484000,3
2026-06-10 12:05:00,0.91800000,0.91800000,0.91700000,0.91700000,269.26000000,2026-06-10 12:05:59,247.03163000,5
2026-06-10 12:06:00,0.91700000,0.91700000,0.91600000,0.91600000,171.97000000,2026-06-10 12:06:59,157.65380000,4
2026-06-10 12:07:00,0.91600000,0.91600000,0.91600000,0.91600000,0.00000000,2026-06-10 12:07:59,0.00000000,0
2026-06-10 12:08:00,0.91700000,0.91700000,0.91600000,0.91600000,1077.72000000,2026-06-10 12:08:59,987.23413000,4
2026-06-10 12:09:00,0.91700000,0.91800000,0.91700000,0.91800000,149.37000000,2026-06-10 12:09:59,136.99841000,5
2026-06-10 12:10:00,0.91600000,0.91600000,0.91600000,0.91600000,240.57000000,2026-06-10 12:10:59,220.36212000,2
2026-06-10 12:11:00,0.91600000,0.91600000,0.91600000,0.91600000,1323.93000000,2026-06-10 12:11:59,1212.71988000,3
2026-06-10 12:12:00,0.91600000,0.91600000,0.91600000,0.91600000,0.00000000,2026-06-10 12:12:59,0.00000000,0
2026-06-10 12:13:00,0.91800000,0.91800000,0.91800000,0.91800000,98.20000000,2026-06-10 12:13:59,90.14760000,1
2026-06-10 12:14:00,0.91700000,0.91700000,0.91700000,0.91700000,91.12000000,2026-06-10 12:14:59,83.55704000,1
2026-06-10 12:15:00,0.91600000,0.91600000,0.91600000,0.91600000,125.57000000,2026-06-10 12:15:59,115.02212000,1
2026-06-10 12:16:00,0.91600000,0.91600000,0.91500000,0.91600000,201.87000000,2026-06-10 12:16:59,184.81470000,4
2026-06-10 12:17:00,0.91600000,0.91600000,0.91600000,0.91600000,0.00000000,2026-06-10 12:17:59,0.00000000,0
2026-06-10 12:18:00,0.91500000,0.91500000,0.91500000,0.91500000,42.61000000,2026-06-10 12:18:59,38.98815000,1
2026-06-10 12:19:00,0.91900000,0.91900000,0.91900000,0.91900000,239.01000000,2026-06-10 12:19:59,219.65019000,3
2026-06-10 12:20:00,0.92000000,0.92000000,0.92000000,0.92000000,156.87000000,2026-06-10 12:20:59,144.32040000,2
2026-06-10 12:21:00,0.92100000,0.92100000,0.92100000,0.92100000,22.19000000,2026-06-10 12:21:59,20.43699000,1
2026-06-10 12:22:00,0.92200000,0.92200000,0.92200000,0.92200000,85.18000000,2026-06-10 12:22:59,78.53596000,1
2026-06-10 12:23:00,0.92200000,0.92200000,0.92200000,0.92200000,115.98000000,2026-06-10 12:23:59,106.93356000,1
2026-06-10 12:24:00,0.92300000,0.92400000,0.92300000,0.92400000,207.53000000,2026-06-10 12:24:59,191.64839000,3
2026-06-10 12:25:00,0.92400000,0.92400000,0.92400000,0.92400000,65.75000000,2026-06-10 12:25:59,60.75300000,1
2026-06-10 12:26:00,0.92300000,0.92300000,0.92300000,0.92300000,60.25000000,2026-06-10 12:26:59,55.61075000,2
2026-06-10 12:27:00,0.92300000,0.92300000,0.92300000,0.92300000,0.00000000,2026-06-10 12:27:59,0.00000000,0
2026-06-10 12:28:00,0.92300000,0.92400000,0.92300000,0.92400000,1311.95000000,2026-06-10 12:28:59,1210.97985000,8
2026-06-10 12:29:00,0.92400000,0.92400000,0.92300000,0.92300000,123.27000000,2026-06-10 12:29:59,113.85390000,2
2026-06-10 12:30:00,0.92400000,0.92400000,0.92400000,0.92400000,104.11000000,2026-06-10 12:30:59,96.19764000,3
2026-06-10 12:31:00,0.92400000,0.92400000,0.92400000,0.92400000,199.60000000,2026-06-10 12:31:59,184.43040000,1
2026-06-10 12:32:00,0.92400000,0.92400000,0.92400000,0.92400000,1233.04000000,2026-06-10 12:32:59,1139.32896000,6
2026-06-10 12:33:00,0.92400000,0.92400000,0.92400000,0.92400000,0.00000000,2026-06-10 12:33:59,0.00000000,0
2026-06-10 12:34:00,0.92300000,0.92300000,0.92300000,0.92300000,134.58000000,2026-06-10 12:34:59,124.21734000,1
2026-06-10 12:35:00,0.92300000,0.92300000,0.92300000,0.92300000,0.00000000,2026-06-10 12:35:59,0.00000000,0
2026-06-10 12:36:00,0.92200000,0.92300000,0.92200000,0.92300000,537.77000000,2026-06-10 12:36:59,496.08025000,5
2026-06-10 12:37:00,0.92300000,0.92300000,0.92300000,0.92300000,151.30000000,2026-06-10 12:37:59,139.64990000,2
2026-06-10 12:38:00,0.92300000,0.92300000,0.92300000,0.92300000,0.00000000,2026-06-10 12:38:59,0.00000000,0
2026-06-10 12:39:00,0.92000000,0.92100000,0.92000000,0.92100000,1706.11000000,2026-06-10 12:39:59,1569.77591000,9
2026-06-10 12:40:00,0.92000000,0.92000000,0.92000000,0.92000000,108.69000000,2026-06-10 12:40:59,99.99480000,1
2026-06-10 12:41:00,0.91900000,0.92000000,0.91900000,0.92000000,52.54000000,2026-06-10 12:41:59,48.29124000,2
2026-06-10 12:42:00,0.92000000,0.92000000,0.92000000,0.92000000,326.26000000,2026-06-10 12:42:59,300.15920000,2
2026-06-10 12:43:00,0.92100000,0.92100000,0.92100000,0.92100000,910.00000000,2026-06-10 12:43:59,838.11000000,1
2026-06-10 12:44:00,0.92200000,0.92300000,0.92200000,0.92300000,441.80000000,2026-06-10 12:44:59,407.64943000,4
2026-06-10 12:45:00,0.92300000,0.92500000,0.92300000,0.92400000,4680.48000000,2026-06-10 12:45:59,4324.72563000,17
2026-06-10 12:46:00,0.92500000,0.92600000,0.92500000,0.92600000,468.38000000,2026-06-10 12:46:59,433.40559000,7
2026-06-10 12:47:00,0.92500000,0.92500000,0.91900000,0.91900000,10349.44000000,2026-06-10 12:47:59,9538.10099000,52
2026-06-10 12:48:00,0.91700000,0.91700000,0.91400000,0.91400000,1915.90000000,2026-06-10 12:48:59,1755.20021000,11
2026-06-10 12:49:00,0.91300000,0.91600000,0.91300000,0.91600000,1349.37000000,2026-06-10 12:49:59,1235.81635000,8
2026-06-10 12:50:00,0.91500000,0.91800000,0.91400000,0.91400000,2353.44000000,2026-06-10 12:50:59,2157.40525000,14
2026-06-10 12:51:00,0.91400000,0.91500000,0.91400000,0.91500000,205.63000000,2026-06-10 12:51:59,188.05325000,3
2026-06-10 12:52:00,0.91500000,0.91500000,0.91500000,0.91500000,194.89000000,2026-06-10 12:52:59,178.32435000,3
2026-06-10 12:53:00,0.91700000,0.92100000,0.91700000,0.92100000,897.78000000,2026-06-10 12:53:59,824.41411000,5
2026-06-10 12:54:00,0.92200000,0.92400000,0.92200000,0.92400000,706.44000000,2026-06-10 12:54:59,651.55262000,8
2026-06-10 12:55:00,0.92200000,0.92200000,0.92200000,0.92200000,98.20000000,2026-06-10 12:55:59,90.54040000,1
2026-06-10 12:56:00,0.92200000,0.92200000,0.92200000,0.92200000,1419.24000000,2026-06-10 12:56:59,1308.53928000,5
2026-06-10 12:57:00,0.92200000,0.92200000,0.92200000,0.92200000,0.00000000,2026-06-10 12:57:59,0.00000000,0
2026-06-10 12:58:00,0.92300000,0.92300000,0.92300000,0.92300000,46.53000000,2026-06-10 12:58:59,42.94719000,2
2026-06-10 12:59:00,0.92300000,0.92300000,0.92300000,0.92300000,12.52000000,2026-06-10 12:59:59,11.55596000,2
2026-06-10 13:00:00,0.92400000,0.92400000,0.92400000,0.92400000,204.75000000,2026-06-10 13:00:59,189.18900000,1
2026-06-10 13:01:00,0.92200000,0.92200000,0.92200000,0.92200000,16.23000000,2026-06-10 13:01:59,14.96406000,1
2026-06-10 13:02:00,0.92200000,0.92200000,0.92200000,0.92200000,44.16000000,2026-06-10 13:02:59,40.71552000,1
2026-06-10 13:03:00,0.92300000,0.92300000,0.92300000,0.92300000,409.50000000,2026-06-10 13:03:59,377.96850000,6
2026-06-10 13:04:00,0.92300000,0.92300000,0.92300000,0.92300000,1242.76000000,2026-06-10 13:04:59,1147.06748000,3
2026-06-10 13:05:00,0.92300000,0.92300000,0.92300000,0.92300000,1271.03000000,2026-06-10 13:05:59,1173.16069000,8
2026-06-10 13:06:00,0.92300000,0.92800000,0.92300000,0.92800000,12743.23000000,2026-06-10 13:06:59,11793.22459000,71
2026-06-10 13:07:00,0.92700000,0.92700000,0.92500000,0.92700000,4578.61000000,2026-06-10 13:07:59,4240.99624000,30
2026-06-10 13:08:00,0.92600000,0.92700000,0.92500000,0.92500000,4817.75000000,2026-06-10 13:08:59,4458.30049000,31
2026-06-10 13:09:00,0.92500000,0.92600000,0.92500000,0.92600000,650.45000000,2026-06-10 13:09:59,601.72435000,7
2026-06-10 13:10:00,0.92600000,0.92600000,0.92500000,0.92500000,2526.79000000,2026-06-10 13:10:59,2339.26700000,9
2026-06-10 13:11:00,0.92500000,0.92500000,0.92300000,0.92300000,1911.10000000,2026-06-10 13:11:59,1764.46662000,15
2026-06-10 13:12:00,0.92300000,0.92300000,0.92300000,0.92300000,0.00000000,2026-06-10 13:12:59,0.00000000,0
2026-06-10 13:13:00,0.92500000,0.92500000,0.92300000,0.92400000,1763.38000000,2026-06-10 13:13:59,1629.92803000,8
2026-06-10 13:14:00,0.92300000,0.92300000,0.92300000,0.92300000,712.98000000,2026-06-10 13:14:59,658.08054000,4
2026-06-10 13:15:00,0.92400000,0.92500000,0.92400000,0.92400000,464.27000000,2026-06-10 13:15:59,429.19623000,6
2026-06-10 13:16:00,0.92500000,0.92500000,0.92400000,0.92400000,1291.46000000,2026-06-10 13:16:59,1194.05938000,3
2026-06-10 13:17:00,0.92400000,0.92400000,0.92400000,0.92400000,541.12000000,2026-06-10 13:17:59,499.99488000,3
2026-06-10 13:18:00,0.92400000,0.92400000,0.92400000,0.92400000,29.69000000,2026-06-10 13:18:59,27.43356000,1
2026-06-10 13:19:00,0.92400000,0.92400000,0.92400000,0.92400000,0.00000000,2026-06-10 13:19:59,0.00000000,0
2026-06-10 13:20:00,0.92400000,0.92500000,0.92400000,0.92400000,1542.24000000,2026-06-10 13:20:59,1425.23056000,9
2026-06-10 13:21:00,0.92300000,0.92300000,0.92200000,0.92200000,639.91000000,2026-06-10 13:21:59,590.53873000,3
2026-06-10 13:22:00,0.92500000,0.92500000,0.92400000,0.92400000,1768.42000000,2026-06-10 13:22:59,1634.06002000,8
2026-06-10 13:23:00,0.92300000,0.92300000,0.92300000,0.92300000,98.20000000,2026-06-10 13:23:59,90.63860000,1
2026-06-10 13:24:00,0.92300000,0.92300000,0.92100000,0.92100000,700.17000000,2026-06-10 13:24:59,645.56081000,7
2026-06-10 13:25:00,0.92100000,0.92100000,0.92000000,0.92100000,1265.95000000,2026-06-10 13:25:59,1165.26476000,7
2026-06-10 13:26:00,0.92300000,0.92300000,0.92300000,0.92300000,324.44000000,2026-06-10 13:26:59,299.45812000,2
2026-06-10 13:27:00,0.92400000,0.92400000,0.92400000,0.92400000,173.28000000,2026-06-10 13:27:59,160.11072000,4
2026-06-10 13:28:00,0.92500000,0.92500000,0.92500000,0.92500000,128.81000000,2026-06-10 13:28:59,119.14925000,4
2026-06-10 13:29:00,0.92500000,0.92600000,0.92500000,0.92600000,167.17000000,2026-06-10 13:29:59,154.63944000,4
2026-06-10 13:30:00,0.92500000,0.92500000,0.92500000,0.92500000,1678.51000000,2026-06-10 13:30:59,1552.62175000,7
2026-06-10 13:31:00,0.92400000,0.92400000,0.92300000,0.92300000,536.21000000,2026-06-10 13:31:59,495.00656000,4
2026-06-10 13:32:00,0.92100000,0.92300000,0.92100000,0.92300000,938.14000000,2026-06-10 13:32:59,864.81746000,6
2026-06-10 13:33:00,0.92300000,0.92300000,0.92200000,0.92200000,1848.38000000,2026-06-10 13:33:59,1705.94474000,12
2026-06-10 13:34:00,0.92200000,0.92300000,0.92200000,0.92300000,733.47000000,2026-06-10 13:34:59,676.45052000,7
2026-06-10 13:35:00,0.92500000,0.92500000,0.92400000,0.92500000,5609.59000000,2026-06-10 13:35:59,5188.12583000,17
2026-06-10 13:36:00,0.92400000,0.92400000,0.92400000,0.92400000,216.64000000,2026-06-10 13:36:59,200.17536000,1
2026-06-10 13:37:00,0.92400000,0.92500000,0.92400000,0.92400000,791.50000000,2026-06-10 13:37:59,731.35555000,4
2026-06-10 13:38:00,0.92300000,0.92400000,0.92300000,0.92400000,251.34000000,2026-06-10 13:38:59,232.09754000,4
2026-06-10 13:39:00,0.92300000,0.92300000,0.92300000,0.92300000,827.19000000,2026-06-10 13:39:59,763.49637000,8
2026-06-10 13:40:00,0.92300000,0.92300000,0.92300000,0.92300000,0.00000000,2026-06-10 13:40:59,0.00000000,0
2026-06-10 13:41:00,0.92400000,0.92500000,0.92300000,0.92300000,823.89000000,2026-06-10 13:41:59,761.29595000,6
2026-06-10 13:42:00,0.92300000,0.92300000,0.92300000,0.92300000,0.00000000,2026-06-10 13:42:59,0.00000000,0
2026-06-10 13:43:00,0.92300000,0.92300000,0.92300000,0.92300000,0.00000000,2026-06-10 13:43:59,0.00000000,0
2026-06-10 13:44:00,0.92300000,0.92300000,0.92300000,0.92300000,0.00000000,2026-06-10 13:44:59,0.00000000,0
2026-06-10 13:45:00,0.91900000,0.91900000,0.91900000,0.91900000,520.89000000,2026-06-10 13:45:59,478.69791000,7
2026-06-10 13:46:00,0.91800000,0.91800000,0.91700000,0.91800000,266.80000000,2026-06-10 13:46:59,244.88375000,5
2026-06-10 13:47:00,0.91800000,0.91800000,0.91800000,0.91800000,0.00000000,2026-06-10 13:47:59,0.00000000,0
2026-06-10 13:48:00,0.91500000,0.91500000,0.91500000,0.91500000,525.30000000,2026-06-10 13:48:59,480.64950000,6
2026-06-10 13:49:00,0.91500000,0.91500000,0.91500000,0.91500000,25.12000000,2026-06-10 13:49:59,22.98480000,2
2026-06-10 13:50:00,0.91500000,0.91500000,0.91500000,0.91500000,120.65000000,2026-06-10 13:50:59,110.39475000,3
2026-06-10 13:51:00,0.91500000,0.91600000,0.91500000,0.91600000,1371.96000000,2026-06-10 13:51:59,1256.54530000,4
2026-06-10 13:52:00,0.91700000,0.91900000,0.91700000,0.91900000,374.76000000,2026-06-10 13:52:59,344.03784000,6
2026-06-10 13:53:00,0.91800000,0.91800000,0.91800000,0.91800000,642.86000000,2026-06-10 13:53:59,590.14548000,4
2026-06-10 13:54:00,0.91800000,0.91800000,0.91800000,0.91800000,1208.32000000,2026-06-10 13:54:59,1109.23776000,3
2026-06-10 13:55:00,0.91700000,0.91700000,0.91700000,0.91700000,140.90000000,2026-06-10 13:55:59,129.20530000,2
2026-06-10 13:56:00,0.91700000,0.91700000,0.91700000,0.91700000,186.03000000,2026-06-10 13:56:59,170.58951000,1
2026-06-10 13:57:00,0.91800000,0.91800000,0.91800000,0.91800000,98.20000000,2026-06-10 13:57:59,90.14760000,1
2026-06-10 13:58:00,0.91800000,0.91800000,0.91800000,0.91800000,104.81000000,2026-06-10 13:58:59,96.21558000,2
2026-06-10 13:59:00,0.91900000,0.91900000,0.91900000,0.91900000,44.37000000,2026-06-10 13:59:59,40.77603000,1
2026-06-10 14:00:00,0.91900000,0.91900000,0.91900000,0.91900000,98.20000000,2026-06-10 14:00:59,90.24580000,1
2026-06-10 14:01:00,0.91900000,0.92000000,0.91900000,0.92000000,206.13000000,2026-06-10 14:01:59,189.54140000,5
2026-06-10 14:02:00,0.92100000,0.92200000,0.92100000,0.92200000,330.62000000,2026-06-10 14:02:59,304.58497000,4
2026-06-10 14:03:00,0.92300000,0.92300000,0.92300000,0.92300000,49.88000000,2026-06-10 14:03:59,46.03924000,2
2026-06-10 14:04:00,0.92300000,0.92300000,0.92300000,0.92300000,0.00000000,2026-06-10 14:04:59,0.00000000,0
2026-06-10 14:05:00,0.92200000,0.92200000,0.92100000,0.92100000,585.46000000,2026-06-10 14:05:59,539.25124000,5
2026-06-10 14:06:00,0.92100000,0.92100000,0.92000000,0.92000000,500.00000000,2026-06-10 14:06:59,460.30295000,4
2026-06-10 14:07:00,0.92000000,0.92000000,0.92000000,0.92000000,0.00000000,2026-06-10 14:07:59,0.00000000,0
2026-06-10 14:08:00,0.91900000,0.91900000,0.91900000,0.91900000,544.06000000,2026-06-10 14:08:59,499.99114000,1
2026-06-10 14:09:00,0.91800000,0.91800000,0.91800000,0.91800000,642.86000000,2026-06-10 14:09:59,590.14548000,3
2026-06-10 14:10:00,0.91700000,0.91700000,0.91400000,0.91500000,2757.03000000,2026-06-10 14:10:59,2524.73628000,29
2026-06-10 14:11:00,0.91500000,0.91600000,0.91500000,0.91600000,499.73000000,2026-06-10 14:11:59,457.65448000,4
2026-06-10 14:12:00,0.91700000,0.91700000,0.91600000,0.91600000,637.02000000,2026-06-10 14:12:59,583.60149000,5
2026-06-10 14:13:00,0.91600000,0.91600000,0.91600000,0.91600000,0.00000000,2026-06-10 14:13:59,0.00000000,0
2026-06-10 14:14:00,0.91800000,0.91800000,0.91800000,0.91800000,127.04000000,2026-06-10 14:14:59,116.62272000,2
2026-06-10 14:15:00,0.91800000,0.91900000,0.91800000,0.91900000,540.59000000,2026-06-10 14:15:59,496.64955000,5
2026-06-10 14:16:00,0.91900000,0.92000000,0.91900000,0.92000000,240.38000000,2026-06-10 14:16:59,221.05140000,3
2026-06-10 14:17:00,0.92000000,0.92000000,0.91900000,0.91900000,642.26000000,2026-06-10 14:17:59,590.33514000,2
2026-06-10 14:18:00,0.91900000,0.91900000,0.91900000,0.91900000,98.20000000,2026-06-10 14:18:59,90.24580000,1
2026-06-10 14:19:00,0.91900000,0.91900000,0.91800000,0.91800000,657.93000000,2026-06-10 14:19:59,604.52380000,4
2026-06-10 14:20:00,0.91800000,0.91800000,0.91800000,0.91800000,626.59000000,2026-06-10 14:20:59,575.20962000,1
2026-06-10 14:21:00,0.91800000,0.91800000,0.91700000,0.91800000,3599.57000000,2026-06-10 14:21:59,3301.21864000,13
2026-06-10 14:22:00,0.91800000,0.91800000,0.91600000,0.91600000,214.71000000,2026-06-10 14:22:59,196.72906000,4
2026-06-10 14:23:00,0.91600000,0.91600000,0.91600000,0.91600000,0.00000000,2026-06-10 14:23:59,0.00000000,0
2026-06-10 14:24:00,0.91800000,0.91900000,0.91700000,0.91700000,2039.58000000,2026-06-10 14:24:59,1871.92464000,15
2026-06-10 14:25:00,0.91800000,0.91800000,0.91800000,0.91800000,1418.10000000,2026-06-10 14:25:59,1301.81580000,3
2026-06-10 14:26:00,0.91800000,0.91800000,0.91700000,0.91700000,140.92000000,2026-06-10 14:26:59,129.32184000,2
2026-06-10 14:27:00,0.91600000,0.91700000,0.91600000,0.91700000,691.94000000,2026-06-10 14:27:59,634.50078000,4
2026-06-10 14:28:00,0.91600000,0.91600000,0.91600000,0.91600000,98.20000000,2026-06-10 14:28:59,89.95120000,1
2026-06-10 14:29:00,0.91400000,0.91400000,0.91300000,0.91300000,371.69000000,2026-06-10 14:29:59,339.58981000,8
2026-06-10 14:30:00,0.91100000,0.91100000,0.91100000,0.91100000,262.28000000,2026-06-10 14:30:59,238.93708000,5
2026-06-10 14:31:00,0.91100000,0.91100000,0.91000000,0.91000000,2148.35000000,2026-06-10 14:31:59,1955.10494000,5
2026-06-10 14:32:00,0.90900000,0.90900000,0.90800000,0.90800000,106.59000000,2026-06-10 14:32:59,96.87352000,4
2026-06-10 14:33:00,0.90900000,0.91000000,0.90900000,0.91000000,623.45000000,2026-06-10 14:33:59,566.83591000,8
2026-06-10 14:34:00,0.91000000,0.91000000,0.91000000,0.91000000,0.00000000,2026-06-10 14:34:59,0.00000000,0
2026-06-10 14:35:00,0.91000000,0.91000000,0.91000000,0.91000000,33.48000000,2026-06-10 14:35:59,30.46680000,1
2026-06-10 14:36:00,0.90900000,0.90900000,0.90900000,0.90900000,103.81000000,2026-06-10 14:36:59,94.36329000,2
2026-06-10 14:37:00,0.90900000,0.91100000,0.90900000,0.91100000,880.37000000,2026-06-10 14:37:59,801.60757000,3
2026-06-10 14:38:00,0.91000000,0.91000000,0.91000000,0.91000000,1547.83000000,2026-06-10 14:38:59,1408.52530000,7
2026-06-10 14:39:00,0.90900000,0.91000000,0.90900000,0.91000000,285.89000000,2026-06-10 14:39:59,260.04598000,3
2026-06-10 14:40:00,0.91100000,0.91100000,0.90800000,0.90900000,9611.58000000,2026-06-10 14:40:59,8749.13050000,48
2026-06-10 14:41:00,0.90800000,0.90800000,0.90800000,0.90800000,104.72000000,2026-06-10 14:41:59,95.08576000,2
2026-06-10 14:42:00,0.90800000,0.90800000,0.90800000,0.90800000,523.46000000,2026-06-10 14:42:59,475.30168000,5
2026-06-10 14:43:00,0.90900000,0.91100000,0.90900000,0.91100000,391.19000000,2026-06-10 14:43:59,355.98129000,4
2026-06-10 14:44:00,0.91000000,0.91000000,0.91000000,0.91000000,35.00000000,2026-06-10 14:44:59,31.85000000,1
2026-06-10 14:45:00,0.90800000,0.90800000,0.90800000,0.90800000,240.00000000,2026-06-10 14:45:59,217.92000000,2
2026-06-10 14:46:00,0.91000000,0.91000000,0.91000000,0.91000000,2313.02000000,2026-06-10 14:46:59,2104.84820000,7
2026-06-10 14:47:00,0.91100000,0.91100000,0.91100000,0.91100000,1100.80000000,2026-06-10 14:47:59,1002.82880000,2
2026-06-10 14:48:00,0.91200000,0.91400000,0.91200000,0.91400000,438.83000000,2026-06-10 14:48:59,400.49117000,7
2026-06-10 14:49:00,0.91400000,0.91500000,0.91400000,0.91400000,875.14000000,2026-06-10 14:49:59,799.88637000,5
2026-06-10 14:50:00,0.91400000,0.91400000,0.91000000,0.91100000,2861.72000000,2026-06-10 14:50:59,2607.56169000,20
2026-06-10 14:51:00,0.91000000,0.91100000,0.91000000,0.91100000,102.44000000,2026-06-10 14:51:59,93.23157000,3
2026-06-10 14:52:00,0.91000000,0.91000000,0.90900000,0.90900000,104.89000000,2026-06-10 14:52:59,95.35170000,2
2026-06-10 14:53:00,0.90800000,0.90800000,0.90800000,0.90800000,63.70000000,2026-06-10 14:53:59,57.83960000,1
2026-06-10 14:54:00,0.90800000,0.90800000,0.90800000,0.90800000,0.00000000,2026-06-10 14:54:59,0.00000000,0
2026-06-10 14:55:00,0.91100000,0.91200000,0.91100000,0.91200000,241.27000000,2026-06-10 14:55:59,219.83197000,4
2026-06-10 14:56:00,0.91200000,0.91200000,0.91200000,0.91200000,0.00000000,2026-06-10 14:56:59,0.00000000,0
2026-06-10 14:57:00,0.91200000,0.91200000,0.91200000,0.91200000,0.00000000,2026-06-10 14:57:59,0.00000000,0
2026-06-10 14:58:00,0.91200000,0.91200000,0.91200000,0.91200000,0.00000000,2026-06-10 14:58:59,0.00000000,0
2026-06-10 14:59:00,0.91300000,0.91300000,0.91300000,0.91300000,98.20000000,2026-06-10 14:59:59,89.65660000,1
2026-06-10 15:00:00,0.91400000,0.91400000,0.91400000,0.91400000,35.00000000,2026-06-10 15:00:59,31.99000000,1
2026-06-10 15:01:00,0.91300000,0.91300000,0.91300000,0.91300000,42.93000000,2026-06-10 15:01:59,39.19509000,1
2026-06-10 15:02:00,0.91400000,0.91400000,0.91400000,0.91400000,109.40000000,2026-06-10 15:02:59,99.99160000,1
2026-06-10 15:03:00,0.91400000,0.91400000,0.91400000,0.91400000,1963.18000000,2026-06-10 15:03:59,1794.34652000,3
2026-06-10 15:04:00,0.91400000,0.91400000,0.91400000,0.91400000,0.00000000,2026-06-10 15:04:59,0.00000000,0
2026-06-10 15:05:00,0.91400000,0.91400000,0.91400000,0.91400000,55.70000000,2026-06-10 15:05:59,50.90980000,1
2026-06-10 15:06:00,0.91400000,0.91400000,0.91400000,0.91400000,105.30000000,2026-06-10 15:06:59,96.24420000,2
2026-06-10 15:07:00,0.91200000,0.91200000,0.91000000,0.91000000,252.20000000,2026-06-10 15:07:59,229.81000000,3
2026-06-10 15:08:00,0.91000000,0.91000000,0.91000000,0.91000000,0.00000000,2026-06-10 15:08:59,0.00000000,0
2026-06-10 15:09:00,0.91200000,0.91200000,0.91200000,0.91200000,98.20000000,2026-06-10 15:09:59,89.55840000,1
2026-06-10 15:10:00,0.91000000,0.91000000,0.91000000,0.91000000,98.20000000,2026-06-10 15:10:59,89.36200000,1
2026-06-10 15:11:00,0.90900000,0.91000000,0.90900000,0.91000000,234.71000000,2026-06-10 15:11:59,213.36534000,4
2026-06-10 15:12:00,0.91000000,0.91000000,0.91000000,0.91000000,0.00000000,2026-06-10 15:12:59,0.00000000,0
2026-06-10 15:13:00,0.91000000,0.91000000,0.91000000,0.91000000,322.24000000,2026-06-10 15:13:59,293.23840000,4
2026-06-10 15:14:00,0.91100000,0.91100000,0.91100000,0.91100000,85.61000000,2026-06-10 15:14:59,77.99071000,3
2026-06-10 15:15:00,0.91200000,0.91200000,0.91200000,0.91200000,98.20000000,2026-06-10 15:15:59,89.55840000,1
2026-06-10 15:16:00,0.91100000,0.91100000,0.91100000,0.91100000,3213.08000000,2026-06-10 15:16:59,2927.11588000,7
2026-06-10 15:17:00,0.91200000,0.91200000,0.90900000,0.90900000,169.04000000,2026-06-10 15:17:59,153.79227000,3
2026-06-10 15:18:00,0.90900000,0.90900000,0.90900000,0.90900000,70.60000000,2026-06-10 15:18:59,64.17540000,1
2026-06-10 15:19:00,0.90900000,0.90900000,0.90900000,0.90900000,36.40000000,2026-06-10 15:19:59,33.08760000,1
2026-06-10 15:20:00,0.90900000,0.90900000,0.90900000,0.90900000,0.00000000,2026-06-10 15:20:59,0.00000000,0
2026-06-10 15:21:00,0.91000000,0.91100000,0.91000000,0.91100000,1107.48000000,2026-06-10 15:21:59,1008.87133000,5
2026-06-10 15:22:00,0.91000000,0.91000000,0.90800000,0.90800000,946.00000000,2026-06-10 15:22:59,859.06121000,6
2026-06-10 15:23:00,0.91000000,0.91000000,0.91000000,0.91000000,266.77000000,2026-06-10 15:23:59,242.76070000,1
2026-06-10 15:24:00,0.91000000,0.91100000,0.91000000,0.91100000,273.52000000,2026-06-10 15:24:59,249.07852000,3
2026-06-10 15:25:00,0.91100000,0.91100000,0.91000000,0.91000000,401.15000000,2026-06-10 15:25:59,365.14470000,3
2026-06-10 15:26:00,0.91000000,0.91000000,0.91000000,0.91000000,98.20000000,2026-06-10 15:26:59,89.36200000,1
2026-06-10 15:27:00,0.90900000,0.90900000,0.90900000,0.90900000,98.20000000,2026-06-10 15:27:59,89.26380000,1
2026-06-10 15:28:00,0.90900000,0.90900000,0.90900000,0.90900000,0.00000000,2026-06-10 15:28:59,0.00000000,0
2026-06-10 15:29:00,0.91000000,0.91000000,0.91000000,0.91000000,257.02000000,2026-06-10 15:29:59,233.88820000,3
2026-06-10 15:30:00,0.91100000,0.91100000,0.91100000,0.91100000,13.06000000,2026-06-10 15:30:59,11.89766000,1
2026-06-10 15:31:00,0.91100000,0.91100000,0.91100000,0.91100000,121.48000000,2026-06-10 15:31:59,110.66828000,2
2026-06-10 15:32:00,0.91000000,0.91000000,0.91000000,0.91000000,184.27000000,2026-06-10 15:32:59,167.68570000,4
2026-06-10 15:33:00,0.91000000,0.91000000,0.91000000,0.91000000,100.39000000,2026-06-10 15:33:59,91.35490000,4
2026-06-10 15:34:00,0.90900000,0.91000000,0.90900000,0.90900000,541.40000000,2026-06-10 15:34:59,492.14332000,5
2026-06-10 15:35:00,0.90900000,0.90900000,0.90700000,0.90700000,992.72000000,2026-06-10 15:35:59,901.44854000,6
2026-06-10 15:36:00,0.90800000,0.90800000,0.90800000,0.90800000,990.42000000,2026-06-10 15:36:59,899.30136000,3
2026-06-10 15:37:00,0.90700000,0.90700000,0.90700000,0.90700000,106.99000000,2026-06-10 15:37:59,97.03993000,2
2026-06-10 15:38:00,0.90700000,0.90700000,0.90700000,0.90700000,20.75000000,2026-06-10 15:38:59,18.82025000,1
2026-06-10 15:39:00,0.90700000,0.90800000,0.90700000,0.90800000,223.87000000,2026-06-10 15:39:59,203.14829000,2
2026-06-10 15:40:00,0.90700000,0.90700000,0.90700000,0.90700000,98.20000000,2026-06-10 15:40:59,89.06740000,1
2026-06-10 15:41:00,0.90700000,0.90700000,0.90700000,0.90700000,98.20000000,2026-06-10 15:41:59,89.06740000,1
2026-06-10 15:42:00,0.90700000,0.90700000,0.90700000,0.90700000,377.66000000,2026-06-10 15:42:59,342.53762000,2
2026-06-10 15:43:00,0.90600000,0.90600000,0.90600000,0.90600000,701.44000000,2026-06-10 15:43:59,635.50464000,3
2026-06-10 15:44:00,0.90600000,0.90600000,0.90600000,0.90600000,605.49000000,2026-06-10 15:44:59,548.57394000,2
2026-06-10 15:45:00,0.90600000,0.90700000,0.90600000,0.90700000,288.80000000,2026-06-10 15:45:59,261.84340000,5
2026-06-10 15:46:00,0.90600000,0.90600000,0.90600000,0.90600000,111.97000000,2026-06-10 15:46:59,101.44482000,4
2026-06-10 15:47:00,0.90600000,0.90600000,0.90600000,0.90600000,48.56000000,2026-06-10 15:47:59,43.99536000,2
2026-06-10 15:48:00,0.90800000,0.90800000,0.90800000,0.90800000,2629.94000000,2026-06-10 15:48:59,2387.98552000,13
2026-06-10 15:49:00,0.91000000,0.91000000,0.90900000,0.90900000,641.19000000,2026-06-10 15:49:59,582.84871000,5
2026-06-10 15:50:00,0.90900000,0.90900000,0.90600000,0.90600000,3946.77000000,2026-06-10 15:50:59,3579.52489000,25
2026-06-10 15:51:00,0.90700000,0.90700000,0.90700000,0.90700000,445.56000000,2026-06-10 15:51:59,404.12292000,5
2026-06-10 15:52:00,0.90800000,0.90800000,0.90800000,0.90800000,11.19000000,2026-06-10 15:52:59,10.16052000,1
2026-06-10 15:53:00,0.90900000,0.90900000,0.90900000,0.90900000,91.19000000,2026-06-10 15:53:59,82.89171000,1
2026-06-10 15:54:00,0.91000000,0.91100000,0.91000000,0.91100000,897.83000000,2026-06-10 15:54:59,817.22832000,6
2026-06-10 15:55:00,0.91000000,0.91000000,0.91000000,0.91000000,548.60000000,2026-06-10 15:55:59,499.22600000,4
2026-06-10 15:56:00,0.91000000,0.91000000,0.91000000,0.91000000,350.02000000,2026-06-10 15:56:59,318.51820000,3
2026-06-10 15:57:00,0.91100000,0.91200000,0.91100000,0.91200000,1242.03000000,2026-06-10 15:57:59,1131.58753000,5
2026-06-10 15:58:00,0.91200000,0.91200000,0.91200000,0.91200000,49.38000000,2026-06-10 15:58:59,45.03456000,6
2026-06-10 15:59:00,0.91200000,0.91200000,0.91100000,0.91200000,152.12000000,2026-06-10 15:59:59,138.67952000,3
2026-06-10 16:00:00,0.91200000,0.91300000,0.91200000,0.91300000,142.16000000,2026-06-10 16:00:59,129.65653000,3
2026-06-10 16:01:00,0.91300000,0.91300000,0.91300000,0.91300000,867.02000000,2026-06-10 16:01:59,791.58926000,3
2026-06-10 16:02:00,0.91200000,0.91200000,0.91200000,0.91200000,98.15000000,2026-06-10 16:02:59,89.51280000,2
2026-06-10 16:03:00,0.91100000,0.91100000,0.91100000,0.91100000,98.20000000,2026-06-10 16:03:59,89.46020000,1
2026-06-10 16:04:00,0.91100000,0.91100000,0.91100000,0.91100000,0.00000000,2026-06-10 16:04:59,0.00000000,0
2026-06-10 16:05:00,0.90900000,0.91000000,0.90900000,0.91000000,466.44000000,2026-06-10 16:05:59,424.31483000,4
2026-06-10 16:06:00,0.91100000,0.91100000,0.91100000,0.91100000,184.55000000,2026-06-10 16:06:59,168.12505000,2
2026-06-10 16:07:00,0.91200000,0.91300000,0.91200000,0.91300000,239.07000000,2026-06-10 16:07:59,218.25202000,3
2026-06-10 16:08:00,0.91400000,0.91400000,0.91400000,0.91400000,85.68000000,2026-06-10 16:08:59,78.31152000,2
2026-06-10 16:09:00,0.91400000,0.91400000,0.91400000,0.91400000,0.00000000,2026-06-10 16:09:59,0.00000000,0
2026-06-10 16:10:00,0.91300000,0.91300000,0.91300000,0.91300000,98.20000000,2026-06-10 16:10:59,89.65660000,1
2026-06-10 16:11:00,0.91000000,0.91000000,0.91000000,0.91000000,20.86000000,2026-06-10 16:11:59,18.98260000,1
2026-06-10 16:12:00,0.90900000,0.90900000,0.90900000,0.90900000,42.96000000,2026-06-10 16:12:59,39.05064000,1
2026-06-10 16:13:00,0.91000000,0.91000000,0.90900000,0.90900000,356.75000000,2026-06-10 16:13:59,324.38395000,6
2026-06-10 16:14:00,0.90800000,0.90800000,0.90800000,0.90800000,633.29000000,2026-06-10 16:14:59,575.02732000,5
2026-06-10 16:15:00,0.90800000,0.90900000,0.90800000,0.90900000,500.18000000,2026-06-10 16:15:59,454.30164000,6
2026-06-10 16:16:00,0.90900000,0.90900000,0.90900000,0.90900000,0.00000000,2026-06-10 16:16:59,0.00000000,0
2026-06-10 16:17:00,0.90800000,0.90800000,0.90800000,0.90800000,98.20000000,2026-06-10 16:17:59,89.16560000,1
2026-06-10 16:18:00,0.90600000,0.90700000,0.90600000,0.90700000,322.88000000,2026-06-10 16:18:59,292.84554000,5
2026-06-10 16:19:00,0.90600000,0.90600000,0.90600000,0.90600000,104.90000000,2026-06-10 16:19:59,95.03940000,2
2026-06-10 16:20:00,0.90700000,0.90700000,0.90700000,0.90700000,37.35000000,2026-06-10 16:20:59,33.87645000,2
2026-06-10 16:21:00,0.90500000,0.90600000,0.90500000,0.90600000,89.36000000,2026-06-10 16:21:59,80.90795000,3
2026-06-10 16:22:00,0.90600000,0.90600000,0.90600000,0.90600000,6.62000000,2026-06-10 16:22:59,5.99772000,1
2026-06-10 16:23:00,0.90500000,0.90500000,0.90400000,0.90400000,446.42000000,2026-06-10 16:23:59,403.93358000,6
2026-06-10 16:24:00,0.90500000,0.90600000,0.90500000,0.90600000,604.99000000,2026-06-10 16:24:59,547.97234000,8
2026-06-10 16:25:00,0.90700000,0.90700000,0.90700000,0.90700000,1021.62000000,2026-06-10 16:25:59,926.60934000,7
2026-06-10 16:26:00,0.90700000,0.90700000,0.90700000,0.90700000,113.99000000,2026-06-10 16:26:59,103.38893000,2
2026-06-10 16:27:00,0.90500000,0.90500000,0.90400000,0.90400000,196.40000000,2026-06-10 16:27:59,177.64380000,2
2026-06-10 16:28:00,0.90600000,0.90600000,0.90600000,0.90600000,25.84000000,2026-06-10 16:28:59,23.41104000,1
2026-06-10 16:29:00,0.90500000,0.90600000,0.90500000,0.90600000,334.94000000,2026-06-10 16:29:59,303.34020000,5
2026-06-10 16:30:00,0.90600000,0.90600000,0.90600000,0.90600000,410.86000000,2026-06-10 16:30:59,372.23916000,4
2026-06-10 16:31:00,0.90700000,0.90700000,0.90600000,0.90600000,138.20000000,2026-06-10 16:31:59,125.24920000,2
2026-06-10 16:32:00,0.90600000,0.90600000,0.90600000,0.90600000,236.40000000,2026-06-10 16:32:59,214.17840000,3
2026-06-10 16:33:00,0.90700000,0.90700000,0.90700000,0.90700000,443.03000000,2026-06-10 16:33:59,401.82821000,4
2026-06-10 16:34:00,0.90700000,0.90800000,0.90700000,0.90800000,583.72000000,2026-06-10 16:34:59,529.54904000,7
2026-06-10 16:35:00,0.90700000,0.90700000,0.90600000,0.90600000,340.30000000,2026-06-10 16:35:59,308.50820000,4
2026-06-10 16:36:00,0.90600000,0.90600000,0.90600000,0.90600000,15.35000000,2026-06-10 16:36:59,13.90710000,1
2026-06-10 16:37:00,0.90500000,0.90500000,0.90500000,0.90500000,40.00000000,2026-06-10 16:37:59,36.20000000,1
2026-06-10 16:38:00,0.90500000,0.90600000,0.90500000,0.90600000,578.20000000,2026-06-10 16:38:59,523.48920000,14
2026-06-10 16:39:00,0.90700000,0.90700000,0.90500000,0.90500000,303.72000000,2026-06-10 16:39:59,275.16790000,4
2026-06-10 16:40:00,0.90500000,0.90500000,0.90500000,0.90500000,258.20000000,2026-06-10 16:40:59,233.67100000,5
2026-06-10 16:41:00,0.90400000,0.90400000,0.90400000,0.90400000,126.01000000,2026-06-10 16:41:59,113.91304000,4
2026-06-10 16:42:00,0.90500000,0.90500000,0.90400000,0.90500000,89.26000000,2026-06-10 16:42:59,80.77104000,3
2026-06-10 16:43:00,0.90500000,0.90500000,0.90500000,0.90500000,450.16000000,2026-06-10 16:43:59,407.39480000,5
2026-06-10 16:44:00,0.90400000,0.90400000,0.90400000,0.90400000,268.43000000,2026-06-10 16:44:59,242.66072000,2
2026-06-10 16:45:00,0.90400000,0.90400000,0.90400000,0.90400000,316.73000000,2026-06-10 16:45:59,286.32392000,2
2026-06-10 16:46:00,0.90300000,0.90300000,0.90200000,0.90200000,403.80000000,2026-06-10 16:46:59,364.55432000,9
2026-06-10 16:47:00,0.90300000,0.90300000,0.90200000,0.90200000,172.98000000,2026-06-10 16:47:59,156.15766000,3
2026-06-10 16:48:00,0.90100000,0.90100000,0.90100000,0.90100000,143.95000000,2026-06-10 16:48:59,129.69895000,4
2026-06-10 16:49:00,0.90100000,0.90100000,0.90100000,0.90100000,50.00000000,2026-06-10 16:49:59,45.05000000,1
2026-06-10 16:50:00,0.90100000,0.90100000,0.89800000,0.90100000,5648.04000000,2026-06-10 16:50:59,5082.03783000,37
2026-06-10 16:51:00,0.90100000,0.90100000,0.90100000,0.90100000,0.00000000,2026-06-10 16:51:59,0.00000000,0
2026-06-10 16:52:00,0.90100000,0.90100000,0.90100000,0.90100000,0.00000000,2026-06-10 16:52:59,0.00000000,0
2026-06-10 16:53:00,0.90200000,0.90200000,0.90200000,0.90200000,130.28000000,2026-06-10 16:53:59,117.51256000,2
2026-06-10 16:54:00,0.90300000,0.90300000,0.90200000,0.90200000,353.65000000,2026-06-10 16:54:59,319.00351000,5
2026-06-10 16:55:00,0.90200000,0.90200000,0.90200000,0.90200000,98.20000000,2026-06-10 16:55:59,88.57640000,1
2026-06-10 16:56:00,0.90300000,0.90300000,0.90300000,0.90300000,333.42000000,2026-06-10 16:56:59,301.07826000,2
2026-06-10 16:57:00,0.90300000,0.90300000,0.90300000,0.90300000,59.18000000,2026-06-10 16:57:59,53.43954000,1
2026-06-10 16:58:00,0.90300000,0.90300000,0.90300000,0.90300000,0.00000000,2026-06-10 16:58:59,0.00000000,0
2026-06-10 16:59:00,0.90200000,0.90200000,0.90200000,0.90200000,98.20000000,2026-06-10 16:59:59,88.57640000,1
2026-06-10 17:00:00,0.90100000,0.90100000,0.90000000,0.90000000,891.36000000,2026-06-10 17:00:59,802.42201000,7
2026-06-10 17:01:00,0.89900000,0.89900000,0.89900000,0.89900000,5.63000000,2026-06-10 17:01:59,5.06137000,1
2026-06-10 17:02:00,0.89900000,0.90100000,0.89900000,0.90100000,225.33000000,2026-06-10 17:02:59,202.72907000,2
2026-06-10 17:03:00,0.90200000,0.90300000,0.90200000,0.90300000,208.19000000,2026-06-10 17:03:59,187.89737000,3
2026-06-10 17:04:00,0.90200000,0.90200000,0.90200000,0.90200000,107.12000000,2026-06-10 17:04:59,96.62224000,1
2026-06-10 17:05:00,0.90100000,0.90100000,0.89900000,0.89900000,1111.68000000,2026-06-10 17:05:59,1000.35424000,9
2026-06-10 17:06:00,0.90100000,0.90100000,0.90100000,0.90100000,214.45000000,2026-06-10 17:06:59,193.21945000,2
2026-06-10 17:07:00,0.90100000,0.90100000,0.90100000,0.90100000,0.00000000,2026-06-10 17:07:59,0.00000000,0
2026-06-10 17:08:00,0.90100000,0.90100000,0.90100000,0.90100000,0.00000000,2026-06-10 17:08:59,0.00000000,0
2026-06-10 17:09:00,0.89800000,0.89800000,0.89700000,0.89700000,545.04000000,2026-06-10 17:09:59,489.02144000,8
2026-06-10 17:10:00,0.89800000,0.89800000,0.89800000,0.89800000,7.37000000,2026-06-10 17:10:59,6.61826000,1
2026-06-10 17:11:00,0.89900000,0.89900000,0.89900000,0.89900000,98.20000000,2026-06-10 17:11:59,88.28180000,1
2026-06-10 17:12:00,0.89900000,0.89900000,0.89900000,0.89900000,0.00000000,2026-06-10 17:12:59,0.00000000,0
2026-06-10 17:13:00,0.90000000,0.90000000,0.89700000,0.89800000,10517.91000000,2026-06-10 17:13:59,9457.61304000,49
2026-06-10 17:14:00,0.89800000,0.89800000,0.89800000,0.89800000,0.00000000,2026-06-10 17:14:59,0.00000000,0
2026-06-10 17:15:00,0.89800000,0.89900000,0.89800000,0.89900000,568.26000000,2026-06-10 17:15:59,510.39568000,4
2026-06-10 17:16:00,0.89900000,0.89900000,0.89800000,0.89800000,3119.79000000,2026-06-10 17:16:59,2802.67311000,5
2026-06-10 17:17:00,0.89800000,0.89800000,0.89800000,0.89800000,1712.33000000,2026-06-10 17:17:59,1537.67234000,5
2026-06-10 17:18:00,0.89800000,0.89800000,0.89800000,0.89800000,0.00000000,2026-06-10 17:18:59,0.00000000,0
2026-06-10 17:19:00,0.90000000,0.90000000,0.90000000,0.90000000,1178.58000000,2026-06-10 17:19:59,1060.72200000,5
2026-06-10 17:20:00,0.89900000,0.89900000,0.89700000,0.89700000,301.93000000,2026-06-10 17:20:59,271.00761000,6
2026-06-10 17:21:00,0.89800000,0.89800000,0.89700000,0.89700000,641.33000000,2026-06-10 17:21:59,575.89863000,30
2026-06-10 17:22:00,0.89900000,0.90100000,0.89900000,0.90100000,907.07000000,2026-06-10 17:22:59,816.36300000,7
2026-06-10 17:23:00,0.90100000,0.90200000,0.90100000,0.90200000,294.60000000,2026-06-10 17:23:59,265.53280000,3
2026-06-10 17:24:00,0.90100000,0.90100000,0.90100000,0.90100000,98.20000000,2026-06-10 17:24:59,88.47820000,1
2026-06-10 17:25:00,0.90100000,0.90100000,0.90100000,0.90100000,0.00000000,2026-06-10 17:25:59,0.00000000,0
2026-06-10 17:26:00,0.90100000,0.90100000,0.90100000,0.90100000,68.94000000,2026-06-10 17:26:59,62.11494000,1
2026-06-10 17:27:00,0.90100000,0.90100000,0.90100000,0.90100000,350.63000000,2026-06-10 17:27:59,315.91763000,3
2026-06-10 17:28:00,0.90100000,0.90100000,0.90100000,0.90100000,5612.62000000,2026-06-10 17:28:59,5056.97062000,18
2026-06-10 17:29:00,0.90100000,0.90100000,0.90100000,0.90100000,389.82000000,2026-06-10 17:29:59,351.22782000,4
2026-06-10 17:30:00,0.90000000,0.90000000,0.89900000,0.89900000,2662.68000000,2026-06-10 17:30:59,2395.74144000,7
2026-06-10 17:31:00,0.89900000,0.89900000,0.89900000,0.89900000,32.94000000,2026-06-10 17:31:59,29.61306000,2
2026-06-10 17:32:00,0.89800000,0.90000000,0.89800000,0.90000000,747.97000000,2026-06-10 17:32:59,671.87346000,4
2026-06-10 17:33:00,0.90100000,0.90100000,0.90100000,0.90100000,21.72000000,2026-06-10 17:33:59,19.56972000,1
2026-06-10 17:34:00,0.90200000,0.90200000,0.90200000,0.90200000,337.68000000,2026-06-10 17:34:59,304.58736000,8
2026-06-10 17:35:00,0.90100000,0.90100000,0.90100000,0.90100000,2870.23000000,2026-06-10 17:35:59,2586.07723000,15
2026-06-10 17:36:00,0.90000000,0.90000000,0.89900000,0.89900000,1315.19000000,2026-06-10 17:36:59,1183.65296000,6
2026-06-10 17:37:00,0.90000000,0.90000000,0.89900000,0.90000000,3305.69000000,2026-06-10 17:37:59,2975.07546000,13
2026-06-10 17:38:00,0.90000000,0.90000000,0.89900000,0.90000000,1912.35000000,2026-06-10 17:38:59,1720.75100000,51
2026-06-10 17:39:00,0.89900000,0.89900000,0.89900000,0.89900000,1525.48000000,2026-06-10 17:39:59,1371.40652000,3
2026-06-10 17:40:00,0.89800000,0.89900000,0.89800000,0.89900000,1180.93000000,2026-06-10 17:40:59,1060.48081000,5
2026-06-10 17:41:00,0.89900000,0.89900000,0.89900000,0.89900000,1048.60000000,2026-06-10 17:41:59,942.69140000,3
2026-06-10 17:42:00,0.89900000,0.89900000,0.89900000,0.89900000,288.52000000,2026-06-10 17:42:59,259.37948000,3
2026-06-10 17:43:00,0.89900000,0.89900000,0.89800000,0.89800000,4153.03000000,2026-06-10 17:43:59,3731.59632000,28
2026-06-10 17:44:00,0.89800000,0.89800000,0.89700000,0.89700000,1479.43000000,2026-06-10 17:44:59,1327.88882000,8
2026-06-10 17:45:00,0.89700000,0.89700000,0.89700000,0.89700000,658.74000000,2026-06-10 17:45:59,590.88978000,4
2026-06-10 17:46:00,0.89600000,0.89600000,0.89600000,0.89600000,391.72000000,2026-06-10 17:46:59,350.98112000,5
2026-06-10 17:47:00,0.89600000,0.89600000,0.89600000,0.89600000,0.00000000,2026-06-10 17:47:59,0.00000000,0
2026-06-10 17:48:00,0.89600000,0.89600000,0.89600000,0.89600000,0.00000000,2026-06-10 17:48:59,0.00000000,0
2026-06-10 17:49:00,0.89700000,0.89700000,0.89700000,0.89700000,98.20000000,2026-06-10 17:49:59,88.08540000,1
2026-06-10 17:50:00,0.89700000,0.89700000,0.89500000,0.89500000,924.72000000,2026-06-10 17:50:59,828.56000000,8
2026-06-10 17:51:00,0.89500000,0.89500000,0.89500000,0.89500000,9433.86000000,2026-06-10 17:51:59,8443.30470000,10
2026-06-10 17:52:00,0.89500000,0.89500000,0.89500000,0.89500000,413.19000000,2026-06-10 17:52:59,369.80505000,3
2026-06-10 17:53:00,0.89400000,0.89400000,0.89300000,0.89300000,908.31000000,2026-06-10 17:53:59,811.15261000,11
2026-06-10 17:54:00,0.89400000,0.89400000,0.89300000,0.89400000,508.92000000,2026-06-10 17:54:59,454.97225000,6
2026-06-10 17:55:00,0.89400000,0.89400000,0.89200000,0.89200000,316.40000000,2026-06-10 17:55:59,282.46520000,5
2026-06-10 17:56:00,0.89200000,0.89200000,0.89200000,0.89200000,676.84000000,2026-06-10 17:56:59,603.74128000,4
2026-06-10 17:57:00,0.89300000,0.89300000,0.89300000,0.89300000,18.57000000,2026-06-10 17:57:59,16.58301000,2
2026-06-10 17:58:00,0.89300000,0.89400000,0.89300000,0.89400000,293.16000000,2026-06-10 17:58:59,261.89008000,3
2026-06-10 17:59:00,0.89400000,0.89400000,0.89400000,0.89400000,0.00000000,2026-06-10 17:59:59,0.00000000,0
2026-06-10 18:00:00,0.89400000,0.89400000,0.89300000,0.89300000,352.78000000,2026-06-10 18:00:59,315.36243000,7
2026-06-10 18:01:00,0.89300000,0.89300000,0.89300000,0.89300000,0.00000000,2026-06-10 18:01:59,0.00000000,0
2026-06-10 18:02:00,0.89300000,0.89300000,0.89300000,0.89300000,35.31000000,2026-06-10 18:02:59,31.53183000,1
2026-06-10 18:03:00,0.89300000,0.89300000,0.89300000,0.89300000,46.50000000,2026-06-10 18:03:59,41.52450000,2
2026-06-10 18:04:00,0.89300000,0.89300000,0.89200000,0.89200000,126.41000000,2026-06-10 18:04:59,112.83677000,3
2026-06-10 18:05:00,0.89100000,0.89100000,0.88800000,0.89000000,11954.35000000,2026-06-10 18:05:59,10633.65648000,75
2026-06-10 18:06:00,0.89000000,0.89000000,0.89000000,0.89000000,98.20000000,2026-06-10 18:06:59,87.39800000,1
2026-06-10 18:07:00,0.89000000,0.89000000,0.89000000,0.89000000,0.00000000,2026-06-10 18:07:59,0.00000000,0
2026-06-10 18:08:00,0.89000000,0.89000000,0.89000000,0.89000000,50.00000000,2026-06-10 18:08:59,44.50000000,2
2026-06-10 18:09:00,0.89000000,0.89100000,0.89000000,0.89000000,2977.50000000,2026-06-10 18:09:59,2650.03699000,31
2026-06-10 18:10:00,0.89000000,0.89000000,0.88700000,0.88700000,12678.19000000,2026-06-10 18:10:59,11262.61918000,63
2026-06-10 18:11:00,0.88700000,0.88700000,0.88700000,0.88700000,1453.10000000,2026-06-10 18:11:59,1288.89970000,4
2026-06-10 18:12:00,0.88700000,0.88700000,0.88700000,0.88700000,0.00000000,2026-06-10 18:12:59,0.00000000,0
2026-06-10 18:13:00,0.88700000,0.88800000,0.88700000,0.88800000,3674.33000000,2026-06-10 18:13:59,3262.33310000,19
2026-06-10 18:14:00,0.88800000,0.88900000,0.88700000,0.88700000,4499.73000000,2026-06-10 18:14:59,3994.02430000,18
2026-06-10 18:15:00,0.88900000,0.88900000,0.88800000,0.88900000,3827.95000000,2026-06-10 18:15:59,3402.77626000,33
2026-06-10 18:16:00,0.89000000,0.89000000,0.89000000,0.89000000,328.43000000,2026-06-10 18:16:59,292.30270000,5
2026-06-10 18:17:00,0.89100000,0.89100000,0.89000000,0.89000000,939.82000000,2026-06-10 18:17:59,837.26764000,12
2026-06-10 18:18:00,0.89000000,0.89000000,0.89000000,0.89000000,1379.31000000,2026-06-10 18:18:59,1227.58590000,12
2026-06-10 18:19:00,0.89100000,0.89100000,0.89100000,0.89100000,33.00000000,2026-06-10 18:19:59,29.40300000,1
2026-06-10 18:20:00,0.89000000,0.89000000,0.88900000,0.89000000,372.50000000,2026-06-10 18:20:59,331.33147000,5
2026-06-10 18:21:00,0.88900000,0.88900000,0.88900000,0.88900000,43.70000000,2026-06-10 18:21:59,38.84930000,1
2026-06-10 18:22:00,0.88900000,0.89000000,0.88900000,0.89000000,102.62000000,2026-06-10 18:22:59,91.25360000,3
2026-06-10 18:23:00,0.89100000,0.89100000,0.89000000,0.89000000,451.88000000,2026-06-10 18:23:59,402.58108000,7
2026-06-10 18:24:00,0.88800000,0.88900000,0.88800000,0.88900000,956.25000000,2026-06-10 18:24:59,849.76000000,5
2026-06-10 18:25:00,0.89000000,0.89000000,0.89000000,0.89000000,6.68000000,2026-06-10 18:25:59,5.94520000,1
2026-06-10 18:26:00,0.89100000,0.89100000,0.89100000,0.89100000,196.40000000,2026-06-10 18:26:59,174.99240000,2
2026-06-10 18:27:00,0.89200000,0.89200000,0.89200000,0.89200000,6.73000000,2026-06-10 18:27:59,6.00316000,1
2026-06-10 18:28:00,0.89200000,0.89200000,0.89200000,0.89200000,0.00000000,2026-06-10 18:28:59,0.00000000,0
2026-06-10 18:29:00,0.89200000,0.89300000,0.89200000,0.89300000,1411.91000000,2026-06-10 18:29:59,1259.53571000,6
2026-06-10 18:30:00,0.89300000,0.89300000,0.89300000,0.89300000,67.66000000,2026-06-10 18:30:59,60.42038000,1
2026-06-10 18:31:00,0.89300000,0.89300000,0.89300000,0.89300000,0.00000000,2026-06-10 18:31:59,0.00000000,0
2026-06-10 18:32:00,0.89400000,0.89400000,0.89400000,0.89400000,33.24000000,2026-06-10 18:32:59,29.71656000,4
2026-06-10 18:33:00,0.89400000,0.89400000,0.89400000,0.89400000,411.46000000,2026-06-10 18:33:59,367.84524000,4
2026-06-10 18:34:00,0.89400000,0.89400000,0.89400000,0.89400000,0.00000000,2026-06-10 18:34:59,0.00000000,0
2026-06-10 18:35:00,0.89500000,0.89600000,0.89500000,0.89500000,686.23000000,2026-06-10 18:35:59,614.30759000,8
2026-06-10 18:36:00,0.89500000,0.89500000,0.89500000,0.89500000,0.00000000,2026-06-10 18:36:59,0.00000000,0
2026-06-10 18:37:00,0.89500000,0.89500000,0.89500000,0.89500000,0.00000000,2026-06-10 18:37:59,0.00000000,0
2026-06-10 18:38:00,0.89600000,0.89600000,0.89600000,0.89600000,186.95000000,2026-06-10 18:38:59,167.50720000,5
2026-06-10 18:39:00,0.89600000,0.89600000,0.89600000,0.89600000,0.00000000,2026-06-10 18:39:59,0.00000000,0
2026-06-10 18:40:00,0.89500000,0.89500000,0.89400000,0.89400000,758.00000000,2026-06-10 18:40:59,677.77894000,9
2026-06-10 18:41:00,0.89500000,0.89500000,0.89500000,0.89500000,43.74000000,2026-06-10 18:41:59,39.14730000,2
2026-06-10 18:42:00,0.89600000,0.89600000,0.89600000,0.89600000,817.12000000,2026-06-10 18:42:59,732.13952000,1
2026-06-10 18:43:00,0.89600000,0.89600000,0.89500000,0.89500000,161.42000000,2026-06-10 18:43:59,144.47975000,2
2026-06-10 18:44:00,0.89500000,0.89500000,0.89500000,0.89500000,11.17000000,2026-06-10 18:44:59,9.99715000,1
2026-06-10 18:45:00,0.89600000,0.89600000,0.89600000,0.89600000,278.86000000,2026-06-10 18:45:59,249.85856000,2
2026-06-10 18:46:00,0.89700000,0.89700000,0.89700000,0.89700000,22.27000000,2026-06-10 18:46:59,19.97619000,1
2026-06-10 18:47:00,0.89600000,0.89700000,0.89600000,0.89700000,164.77000000,2026-06-10 18:47:59,147.69533000,4
2026-06-10 18:48:00,0.89700000,0.89700000,0.89700000,0.89700000,0.00000000,2026-06-10 18:48:59,0.00000000,0
2026-06-10 18:49:00,0.89700000,0.89700000,0.89400000,0.89400000,502.70000000,2026-06-10 18:49:59,450.31535000,11
2026-06-10 18:50:00,0.89400000,0.89400000,0.89100000,0.89100000,3128.97000000,2026-06-10 18:50:59,2789.89888000,24
2026-06-10 18:51:00,0.89100000,0.89100000,0.88800000,0.88900000,172.40000000,2026-06-10 18:51:59,153.30905000,10
2026-06-10 18:52:00,0.88700000,0.88700000,0.88600000,0.88700000,1351.54000000,2026-06-10 18:52:59,1198.30688000,13
2026-06-10 18:53:00,0.88800000,0.88800000,0.88800000,0.88800000,220.30000000,2026-06-10 18:53:59,195.62640000,3
2026-06-10 18:54:00,0.88600000,0.88700000,0.88600000,0.88700000,46.21000000,2026-06-10 18:54:59,40.98206000,2
2026-06-10 18:55:00,0.88700000,0.88700000,0.88700000,0.88700000,1693.58000000,2026-06-10 18:55:59,1502.20546000,4
2026-06-10 18:56:00,0.88700000,0.88700000,0.88600000,0.88700000,362.41000000,2026-06-10 18:56:59,321.33759000,5
2026-06-10 18:57:00,0.88700000,0.88700000,0.88500000,0.88500000,72.24000000,2026-06-10 18:57:59,63.98159000,4
2026-06-10 18:58:00,0.88500000,0.88500000,0.88200000,0.88500000,2863.85000000,2026-06-10 18:58:59,2529.92588000,28
2026-06-10 18:59:00,0.88500000,0.88600000,0.88500000,0.88600000,143.28000000,2026-06-10 18:59:59,126.89708000,4
2026-06-10 19:00:00,0.88700000,0.88700000,0.88500000,0.88500000,1042.54000000,2026-06-10 19:00:59,924.60964000,11
2026-06-10 19:01:00,0.88600000,0.88700000,0.88500000,0.88600000,1669.91000000,2026-06-10 19:01:59,1479.59638000,8
2026-06-10 19:02:00,0.88600000,0.88600000,0.88500000,0.88500000,1074.60000000,2026-06-10 19:02:59,951.04118000,3
2026-06-10 19:03:00,0.88600000,0.88700000,0.88600000,0.88700000,1372.87000000,2026-06-10 19:03:59,1216.37982000,4
2026-06-10 19:04:00,0.88500000,0.88500000,0.88400000,0.88500000,272.51000000,2026-06-10 19:04:59,240.98081000,7
2026-06-10 19:05:00,0.88500000,0.88500000,0.88500000,0.88500000,6.24000000,2026-06-10 19:05:59,5.52240000,1
2026-06-10 19:06:00,0.88500000,0.88500000,0.88500000,0.88500000,9.85000000,2026-06-10 19:06:59,8.71725000,1
2026-06-10 19:07:00,0.88400000,0.88500000,0.88400000,0.88500000,121.88000000,2026-06-10 19:07:59,107.76380000,3
2026-06-10 19:08:00,0.88500000,0.88600000,0.88500000,0.88600000,89.56000000,2026-06-10 19:08:59,79.26683000,2
2026-06-10 19:09:00,0.88600000,0.88600000,0.88600000,0.88600000,10.13000000,2026-06-10 19:09:59,8.97518000,1
2026-06-10 19:10:00,0.88700000,0.88700000,0.88700000,0.88700000,1364.19000000,2026-06-10 19:10:59,1210.03653000,6
2026-06-10 19:11:00,0.88600000,0.88600000,0.88400000,0.88400000,3207.03000000,2026-06-10 19:11:59,2837.07094000,27
2026-06-10 19:12:00,0.88400000,0.88500000,0.88400000,0.88500000,1382.11000000,2026-06-10 19:12:59,1221.79148000,4
2026-06-10 19:13:00,0.88600000,0.88600000,0.88600000,0.88600000,308.36000000,2026-06-10 19:13:59,273.20696000,4
2026-06-10 19:14:00,0.88600000,0.88600000,0.88600000,0.88600000,1241.68000000,2026-06-10 19:14:59,1100.12848000,1
2026-06-10 19:15:00,0.88600000,0.88600000,0.88600000,0.88600000,319.28000000,2026-06-10 19:15:59,282.88208000,4
2026-06-10 19:16:00,0.88600000,0.88600000,0.88600000,0.88600000,149.82000000,2026-06-10 19:16:59,132.74052000,7
2026-06-10 19:17:00,0.88500000,0.88500000,0.88300000,0.88300000,885.64000000,2026-06-10 19:17:59,782.03876000,8
2026-06-10 19:18:00,0.88400000,0.88400000,0.88400000,0.88400000,554.38000000,2026-06-10 19:18:59,490.07192000,5
2026-06-10 19:19:00,0.88500000,0.88600000,0.88400000,0.88400000,1661.00000000,2026-06-10 19:19:59,1470.35978000,14
2026-06-10 19:20:00,0.88300000,0.88400000,0.88200000,0.88300000,4594.68000000,2026-06-10 19:20:59,4055.96210000,25
2026-06-10 19:21:00,0.88400000,0.88500000,0.88400000,0.88500000,210.48000000,2026-06-10 19:21:59,186.26856000,4
2026-06-10 19:22:00,0.88500000,0.88500000,0.88500000,0.88500000,0.00000000,2026-06-10 19:22:59,0.00000000,0
2026-06-10 19:23:00,0.88400000,0.88400000,0.88400000,0.88400000,514.99000000,2026-06-10 19:23:59,455.25116000,2
2026-06-10 19:24:00,0.88400000,0.88500000,0.88400000,0.88500000,65.10000000,2026-06-10 19:24:59,57.60559000,4
2026-06-10 19:25:00,0.88500000,0.88500000,0.88500000,0.88500000,113.00000000,2026-06-10 19:25:59,100.00500000,1
2026-06-10 19:26:00,0.88600000,0.88600000,0.88600000,0.88600000,5038.51000000,2026-06-10 19:26:59,4464.11986000,18
2026-06-10 19:27:00,0.88600000,0.88600000,0.88600000,0.88600000,0.00000000,2026-06-10 19:27:59,0.00000000,0
2026-06-10 19:28:00,0.88700000,0.88900000,0.88700000,0.88700000,1301.73000000,2026-06-10 19:28:59,1155.70385000,7
2026-06-10 19:29:00,0.88700000,0.88700000,0.88600000,0.88600000,341.48000000,2026-06-10 19:29:59,302.65648000,4
2026-06-10 19:30:00,0.88600000,0.88800000,0.88600000,0.88800000,393.12000000,2026-06-10 19:30:59,348.69026000,9
2026-06-10 19:31:00,0.88900000,0.89000000,0.88900000,0.89000000,120.43000000,2026-06-10 19:31:59,107.08857000,4
2026-06-10 19:32:00,0.89100000,0.89100000,0.89100000,0.89100000,6.19000000,2026-06-10 19:32:59,5.51529000,1
2026-06-10 19:33:00,0.89000000,0.89000000,0.89000000,0.89000000,157.32000000,2026-06-10 19:33:59,140.01480000,4
2026-06-10 19:34:00,0.89000000,0.89000000,0.88800000,0.88900000,3700.91000000,2026-06-10 19:34:59,3290.76435000,29
2026-06-10 19:35:00,0.89000000,0.89000000,0.89000000,0.89000000,781.37000000,2026-06-10 19:35:59,695.41930000,8
2026-06-10 19:36:00,0.89000000,0.89100000,0.89000000,0.89100000,113.30000000,2026-06-10 19:36:59,100.87240000,3
2026-06-10 19:37:00,0.89100000,0.89200000,0.89100000,0.89100000,6218.59000000,2026-06-10 19:37:59,5541.00569000,27
2026-06-10 19:38:00,0.89200000,0.89200000,0.89200000,0.89200000,286.29000000,2026-06-10 19:38:59,255.37068000,4
2026-06-10 19:39:00,0.89200000,0.89200000,0.89200000,0.89200000,1257.27000000,2026-06-10 19:39:59,1121.48484000,2
2026-06-10 19:40:00,0.89200000,0.89300000,0.89200000,0.89300000,430.82000000,2026-06-10 19:40:59,384.51301000,4
2026-06-10 19:41:00,0.89300000,0.89300000,0.89300000,0.89300000,1408.33000000,2026-06-10 19:41:59,1257.63869000,3
2026-06-10 19:42:00,0.89400000,0.89400000,0.89300000,0.89400000,4693.29000000,2026-06-10 19:42:59,4193.60375000,35
2026-06-10 19:43:00,0.89400000,0.89400000,0.89400000,0.89400000,0.00000000,2026-06-10 19:43:59,0.00000000,0
2026-06-10 19:44:00,0.89400000,0.89400000,0.89200000,0.89300000,1186.29000000,2026-06-10 19:44:59,1058.96997000,12
2026-06-10 19:45:00,0.89300000,0.89300000,0.89300000,0.89300000,99.00000000,2026-06-10 19:45:59,88.40700000,1
2026-06-10 19:46:00,0.89300000,0.89400000,0.89300000,0.89400000,658.72000000,2026-06-10 19:46:59,588.52596000,5
2026-06-10 19:47:00,0.89300000,0.89300000,0.89200000,0.89200000,204.16000000,2026-06-10 19:47:59,182.20972000,3
2026-06-10 19:48:00,0.89200000,0.89200000,0.89200000,0.89200000,124.00000000,2026-06-10 19:48:59,110.60800000,2
2026-06-10 19:49:00,0.89200000,0.89200000,0.89200000,0.89200000,0.00000000,2026-06-10 19:49:59,0.00000000,0
2026-06-10 19:50:00,0.89200000,0.89200000,0.89200000,0.89200000,0.00000000,2026-06-10 19:50:59,0.00000000,0
2026-06-10 19:51:00,0.89300000,0.89300000,0.89300000,0.89300000,141.16000000,2026-06-10 19:51:59,126.05588000,3
2026-06-10 19:52:00,0.89300000,0.89300000,0.89200000,0.89200000,105.16000000,2026-06-10 19:52:59,93.90172000,2
2026-06-10 19:53:00,0.89100000,0.89100000,0.88900000,0.89000000,1499.97000000,2026-06-10 19:53:59,1334.72185000,17
2026-06-10 19:54:00,0.89100000,0.89100000,0.89100000,0.89100000,1055.74000000,2026-06-10 19:54:59,940.66434000,5
2026-06-10 19:55:00,0.89100000,0.89100000,0.89100000,0.89100000,334.90000000,2026-06-10 19:55:59,298.39590000,3
2026-06-10 19:56:00,0.89100000,0.89100000,0.89100000,0.89100000,0.00000000,2026-06-10 19:56:59,0.00000000,0
2026-06-10 19:57:00,0.89100000,0.89100000,0.89100000,0.89100000,0.00000000,2026-06-10 19:57:59,0.00000000,0
2026-06-10 19:58:00,0.89000000,0.89000000,0.89000000,0.89000000,6.17000000,2026-06-10 19:58:59,5.49130000,1
2026-06-10 19:59:00,0.88900000,0.88900000,0.88800000,0.88800000,824.36000000,2026-06-10 19:59:59,732.82076000,9
2026-06-10 20:00:00,0.88800000,0.88800000,0.88800000,0.88800000,2470.79000000,2026-06-10 20:00:59,2194.06152000,7
2026-06-10 20:01:00,0.88800000,0.89000000,0.88800000,0.88900000,6407.25000000,2026-06-10 20:01:59,5693.38356000,38
2026-06-10 20:02:00,0.88900000,0.89000000,0.88800000,0.88800000,2262.68000000,2026-06-10 20:02:59,2010.61610000,16
2026-06-10 20:03:00,0.88800000,0.88800000,0.88800000,0.88800000,482.89000000,2026-06-10 20:03:59,428.80632000,3
2026-06-10 20:04:00,0.88800000,0.88800000,0.88700000,0.88700000,41.71000000,2026-06-10 20:04:59,37.00576000,3
2026-06-10 20:05:00,0.88900000,0.88900000,0.88900000,0.88900000,144.87000000,2026-06-10 20:05:59,128.78943000,3
2026-06-10 20:06:00,0.88900000,0.88900000,0.88900000,0.88900000,0.00000000,2026-06-10 20:06:59,0.00000000,0
2026-06-10 20:07:00,0.88900000,0.88900000,0.88900000,0.88900000,576.51000000,2026-06-10 20:07:59,512.51739000,4
2026-06-10 20:08:00,0.88900000,0.88900000,0.88800000,0.88800000,506.24000000,2026-06-10 20:08:59,449.61544000,5
2026-06-10 20:09:00,0.88800000,0.88800000,0.88700000,0.88700000,670.61000000,2026-06-10 20:09:59,595.34088000,8
2026-06-10 20:10:00,0.88600000,0.88700000,0.88600000,0.88700000,2056.29000000,2026-06-10 20:10:59,1823.89059000,6
2026-06-10 20:11:00,0.88700000,0.88700000,0.88700000,0.88700000,31.91000000,2026-06-10 20:11:59,28.30417000,2
2026-06-10 20:12:00,0.88700000,0.88700000,0.88700000,0.88700000,1310.29000000,2026-06-10 20:12:59,1162.22723000,2
2026-06-10 20:13:00,0.88600000,0.88600000,0.88600000,0.88600000,307.10000000,2026-06-10 20:13:59,272.09060000,5
2026-06-10 20:14:00,0.88600000,0.88600000,0.88600000,0.88600000,0.00000000,2026-06-10 20:14:59,0.00000000,0
2026-06-10 20:15:00,0.88600000,0.88600000,0.88500000,0.88500000,1212.40000000,2026-06-10 20:15:59,1073.01530000,6
2026-06-10 20:16:00,0.88500000,0.88500000,0.88500000,0.88500000,99.00000000,2026-06-10 20:16:59,87.61500000,1
2026-06-10 20:17:00,0.88600000,0.88600000,0.88600000,0.88600000,1985.72000000,2026-06-10 20:17:59,1759.34792000,10
2026-06-10 20:18:00,0.88700000,0.88800000,0.88700000,0.88800000,3405.68000000,2026-06-10 20:18:59,3021.47999000,25
2026-06-10 20:19:00,0.88700000,0.89200000,0.88700000,0.89100000,11006.82000000,2026-06-10 20:19:59,9795.45666000,58
2026-06-10 20:20:00,0.89100000,0.89500000,0.89100000,0.89500000,5420.27000000,2026-06-10 20:20:59,4840.30929000,30
2026-06-10 20:21:00,0.89500000,0.89500000,0.89300000,0.89300000,358.77000000,2026-06-10 20:21:59,320.79993000,6
2026-06-10 20:22:00,0.89400000,0.89400000,0.89400000,0.89400000,1186.05000000,2026-06-10 20:22:59,1060.32870000,3
2026-06-10 20:23:00,0.89400000,0.89400000,0.89400000,0.89400000,0.00000000,2026-06-10 20:23:59,0.00000000,0
2026-06-10 20:24:00,0.89400000,0.89400000,0.89400000,0.89400000,1344.92000000,2026-06-10 20:24:59,1202.35848000,6
2026-06-10 20:25:00,0.89300000,0.89400000,0.89300000,0.89400000,50.60000000,2026-06-10 20:25:59,45.22048000,3
2026-06-10 20:26:00,0.89400000,0.89400000,0.89400000,0.89400000,140.13000000,2026-06-10 20:26:59,125.27622000,2
2026-06-10 20:27:00,0.89500000,0.89500000,0.89500000,0.89500000,49.26000000,2026-06-10 20:27:59,44.08770000,2
2026-06-10 20:28:00,0.89500000,0.89500000,0.89500000,0.89500000,0.00000000,2026-06-10 20:28:59,0.00000000,0
2026-06-10 20:29:00,0.89600000,0.89700000,0.89600000,0.89700000,516.16000000,2026-06-10 20:29:59,462.98357000,7
2026-06-10 20:30:00,0.89700000,0.89900000,0.89700000,0.89900000,262.48000000,2026-06-10 20:30:59,235.52665000,5
2026-06-10 20:31:00,0.89800000,0.89800000,0.89500000,0.89500000,4275.78000000,2026-06-10 20:31:59,3827.00898000,23
2026-06-10 20:32:00,0.89500000,0.89700000,0.89400000,0.89600000,3351.85000000,2026-06-10 20:32:59,3001.63838000,31
2026-06-10 20:33:00,0.89700000,0.89700000,0.89600000,0.89600000,297.70000000,2026-06-10 20:33:59,266.77340000,6
2026-06-10 20:34:00,0.89600000,0.89600000,0.89600000,0.89600000,2419.81000000,2026-06-10 20:34:59,2168.14976000,5
2026-06-10 20:35:00,0.89700000,0.89800000,0.89700000,0.89800000,163.05000000,2026-06-10 20:35:59,146.41276000,5
2026-06-10 20:36:00,0.89800000,0.89800000,0.89800000,0.89800000,139.00000000,2026-06-10 20:36:59,124.82200000,2
2026-06-10 20:37:00,0.89800000,0.89800000,0.89800000,0.89800000,0.00000000,2026-06-10 20:37:59,0.00000000,0
2026-06-10 20:38:00,0.89700000,0.89700000,0.89700000,0.89700000,1504.71000000,2026-06-10 20:38:59,1349.72487000,4
2026-06-10 20:39:00,0.89700000,0.89700000,0.89700000,0.89700000,0.00000000,2026-06-10 20:39:59,0.00000000,0
2026-06-10 20:40:00,0.89600000,0.89700000,0.89600000,0.89600000,9932.62000000,2026-06-10 20:40:59,8899.81012000,18
2026-06-10 20:41:00,0.89700000,0.89900000,0.89700000,0.89900000,1710.44000000,2026-06-10 20:41:59,1536.55398000,18
2026-06-10 20:42:00,0.89900000,0.90000000,0.89900000,0.90000000,212.13000000,2026-06-10 20:42:59,190.83921000,5
2026-06-10 20:43:00,0.89900000,0.89900000,0.89900000,0.89900000,136.82000000,2026-06-10 20:43:59,123.00118000,10
2026-06-10 20:44:00,0.89900000,0.89900000,0.89900000,0.89900000,2446.44000000,2026-06-10 20:44:59,2199.34956000,8
2026-06-10 20:45:00,0.89900000,0.89900000,0.89900000,0.89900000,465.14000000,2026-06-10 20:45:59,418.16086000,4
2026-06-10 20:46:00,0.89800000,0.89800000,0.89800000,0.89800000,6.11000000,2026-06-10 20:46:59,5.48678000,1
2026-06-10 20:47:00,0.89700000,0.89700000,0.89700000,0.89700000,1102.85000000,2026-06-10 20:47:59,989.25645000,4
2026-06-10 20:48:00,0.89700000,0.89700000,0.89700000,0.89700000,84.00000000,2026-06-10 20:48:59,75.34800000,1
2026-06-10 20:49:00,0.89700000,0.89700000,0.89700000,0.89700000,0.00000000,2026-06-10 20:49:59,0.00000000,0
2026-06-10 20:50:00,0.89700000,0.89700000,0.89700000,0.89700000,128.33000000,2026-06-10 20:50:59,115.11201000,1
2026-06-10 20:51:00,0.89800000,0.89800000,0.89800000,0.89800000,105.14000000,2026-06-10 20:51:59,94.41572000,2
2026-06-10 20:52:00,0.89900000,0.89900000,0.89900000,0.89900000,6.13000000,2026-06-10 20:52:59,5.51087000,1
2026-06-10 20:53:00,0.89900000,0.89900000,0.89900000,0.89900000,0.00000000,2026-06-10 20:53:59,0.00000000,0
2026-06-10 20:54:00,0.89900000,0.89900000,0.89900000,0.89900000,0.00000000,2026-06-10 20:54:59,0.00000000,0
2026-06-10 20:55:00,0.89900000,0.89900000,0.89900000,0.89900000,0.00000000,2026-06-10 20:55:59,0.00000000,0
2026-06-10 20:56:00,0.89900000,0.89900000,0.89900000,0.89900000,0.00000000,2026-06-10 20:56:59,0.00000000,0
2026-06-10 20:57:00,0.89900000,0.89900000,0.89900000,0.89900000,2153.89000000,2026-06-10 20:57:59,1936.34711000,9
2026-06-10 20:58:00,0.89900000,0.89900000,0.89800000,0.89800000,10376.69000000,2026-06-10 20:58:59,9318.36662000,21
2026-06-10 20:59:00,0.89800000,0.89900000,0.89800000,0.89900000,1317.35000000,2026-06-10 20:59:59,1184.01057000,9
2026-06-10 21:00:00,0.89900000,0.90000000,0.89900000,0.90000000,2481.24000000,2026-06-10 21:00:59,2231.83236000,7
2026-06-10 21:01:00,0.90100000,0.90300000,0.90100000,0.90200000,993.64000000,2026-06-10 21:01:59,896.21167000,19
2026-06-10 21:02:00,0.90300000,0.90300000,0.90200000,0.90200000,532.61000000,2026-06-10 21:02:59,480.42032000,5
2026-06-10 21:03:00,0.90100000,0.90200000,0.90100000,0.90200000,401.17000000,2026-06-10 21:03:59,361.47634000,3
2026-06-10 21:04:00,0.90200000,0.90200000,0.90200000,0.90200000,590.68000000,2026-06-10 21:04:59,532.79336000,6
2026-06-10 21:05:00,0.90200000,0.90200000,0.90200000,0.90200000,305.31000000,2026-06-10 21:05:59,275.38962000,2
2026-06-10 21:06:00,0.90100000,0.90100000,0.90100000,0.90100000,504.09000000,2026-06-10 21:06:59,454.18509000,5
2026-06-10 21:07:00,0.90100000,0.90200000,0.90100000,0.90200000,276.46000000,2026-06-10 21:07:59,249.19557000,5
2026-06-10 21:08:00,0.90100000,0.90100000,0.90100000,0.90100000,1434.78000000,2026-06-10 21:08:59,1292.73678000,12
2026-06-10 21:09:00,0.90000000,0.90100000,0.90000000,0.90100000,98.41000000,2026-06-10 21:09:59,88.64712000,2
2026-06-10 21:10:00,0.90100000,0.90100000,0.90100000,0.90100000,0.00000000,2026-06-10 21:10:59,0.00000000,0
2026-06-10 21:11:00,0.90100000,0.90100000,0.90100000,0.90100000,0.00000000,2026-06-10 21:11:59,0.00000000,0
2026-06-10 21:12:00,0.90200000,0.90200000,0.90200000,0.90200000,105.11000000,2026-06-10 21:12:59,94.80922000,2
2026-06-10 21:13:00,0.90300000,0.90300000,0.90300000,0.90300000,1201.85000000,2026-06-10 21:13:59,1085.27055000,7
2026-06-10 21:14:00,0.90200000,0.90300000,0.90200000,0.90300000,1778.18000000,2026-06-10 21:14:59,1605.68618000,12
2026-06-10 21:15:00,0.90400000,0.90400000,0.90400000,0.90400000,18.60000000,2026-06-10 21:15:59,16.81440000,2
2026-06-10 21:16:00,0.90400000,0.90400000,0.90400000,0.90400000,0.00000000,2026-06-10 21:16:59,0.00000000,0
2026-06-10 21:17:00,0.90400000,0.90700000,0.90400000,0.90700000,8407.80000000,2026-06-10 21:17:59,7612.51986000,31
2026-06-10 21:18:00,0.90600000,0.90600000,0.90500000,0.90500000,444.94000000,2026-06-10 21:18:59,402.89239000,10
2026-06-10 21:19:00,0.90600000,0.90600000,0.90600000,0.90600000,250.33000000,2026-06-10 21:19:59,226.79898000,4
2026-06-10 21:20:00,0.90500000,0.90500000,0.90500000,0.90500000,236.25000000,2026-06-10 21:20:59,213.80625000,4
2026-06-10 21:21:00,0.90600000,0.90600000,0.90600000,0.90600000,45.89000000,2026-06-10 21:21:59,41.57634000,2
2026-06-10 21:22:00,0.90500000,0.90500000,0.90500000,0.90500000,455.72000000,2026-06-10 21:22:59,412.42660000,5
2026-06-10 21:23:00,0.90400000,0.90400000,0.90300000,0.90300000,81.07000000,2026-06-10 21:23:59,73.24728000,4
2026-06-10 21:24:00,0.90300000,0.90300000,0.90300000,0.90300000,0.00000000,2026-06-10 21:24:59,0.00000000,0
2026-06-10 21:25:00,0.90300000,0.90300000,0.90300000,0.90300000,6.47000000,2026-06-10 21:25:59,5.84241000,2
2026-06-10 21:26:00,0.90300000,0.90300000,0.90300000,0.90300000,0.00000000,2026-06-10 21:26:59,0.00000000,0
2026-06-10 21:27:00,0.90300000,0.90300000,0.90300000,0.90300000,0.00000000,2026-06-10 21:27:59,0.00000000,0
2026-06-10 21:28:00,0.90300000,0.90300000,0.90300000,0.90300000,0.00000000,2026-06-10 21:28:59,0.00000000,0
2026-06-10 21:29:00,0.90400000,0.90500000,0.90400000,0.90500000,166.91000000,2026-06-10 21:29:59,150.99172000,4
2026-06-10 21:30:00,0.90600000,0.90600000,0.90600000,0.90600000,367.42000000,2026-06-10 21:30:59,332.88252000,5
2026-06-10 21:31:00,0.90600000,0.90600000,0.90600000,0.90600000,0.00000000,2026-06-10 21:31:59,0.00000000,0
2026-06-10 21:32:00,0.90600000,0.90600000,0.90600000,0.90600000,0.00000000,2026-06-10 21:32:59,0.00000000,0
2026-06-10 21:33:00,0.90500000,0.90700000,0.90500000,0.90600000,5168.59000000,2026-06-10 21:33:59,4683.53616000,28
2026-06-10 21:34:00,0.90600000,0.90600000,0.90500000,0.90500000,682.78000000,2026-06-10 21:34:59,618.44502000,9
2026-06-10 21:35:00,0.90500000,0.90500000,0.90500000,0.90500000,0.00000000,2026-06-10 21:35:59,0.00000000,0
2026-06-10 21:36:00,0.90400000,0.90500000,0.90300000,0.90500000,2818.30000000,2026-06-10 21:36:59,2548.34552000,17
2026-06-10 21:37:00,0.90400000,0.90400000,0.90400000,0.90400000,2637.99000000,2026-06-10 21:37:59,2384.74296000,8
2026-06-10 21:38:00,0.90400000,0.90400000,0.90400000,0.90400000,0.00000000,2026-06-10 21:38:59,0.00000000,0
2026-06-10 21:39:00,0.90300000,0.90300000,0.90300000,0.90300000,6.08000000,2026-06-10 21:39:59,5.49024000,1
2026-06-10 21:40:00,0.90300000,0.90300000,0.90300000,0.90300000,0.00000000,2026-06-10 21:40:59,0.00000000,0
2026-06-10 21:41:00,0.90300000,0.90300000,0.90300000,0.90300000,925.68000000,2026-06-10 21:41:59,835.88904000,8
2026-06-10 21:42:00,0.90400000,0.90500000,0.90400000,0.90500000,34.28000000,2026-06-10 21:42:59,30.99520000,3
2026-06-10 21:43:00,0.90500000,0.90500000,0.90400000,0.90400000,585.32000000,2026-06-10 21:43:59,529.51053000,5
2026-06-10 21:44:00,0.90300000,0.90300000,0.90300000,0.90300000,2188.82000000,2026-06-10 21:44:59,1976.50446000,6
2026-06-10 21:45:00,0.90400000,0.90400000,0.90400000,0.90400000,1093.17000000,2026-06-10 21:45:59,988.22568000,11
2026-06-10 21:46:00,0.90500000,0.90500000,0.90500000,0.90500000,105.08000000,2026-06-10 21:46:59,95.09740000,2
2026-06-10 21:47:00,0.90500000,0.90500000,0.90500000,0.90500000,0.00000000,2026-06-10 21:47:59,0.00000000,0
2026-06-10 21:48:00,0.90500000,0.90500000,0.90500000,0.90500000,2113.32000000,2026-06-10 21:48:59,1912.55460000,6
2026-06-10 21:49:00,0.90500000,0.90500000,0.90500000,0.90500000,0.00000000,2026-06-10 21:49:59,0.00000000,0
2026-06-10 21:50:00,0.90500000,0.90500000,0.90500000,0.90500000,0.00000000,2026-06-10 21:50:59,0.00000000,0
2026-06-10 21:51:00,0.90500000,0.90500000,0.90500000,0.90500000,1140.98000000,2026-06-10 21:51:59,1032.58690000,3
2026-06-10 21:52:00,0.90500000,0.90500000,0.90500000,0.90500000,99.98000000,2026-06-10 21:52:59,90.48190000,1
2026-06-10 21:53:00,0.90400000,0.90400000,0.90400000,0.90400000,1050.43000000,2026-06-10 21:53:59,949.58872000,4
2026-06-10 21:54:00,0.90300000,0.90300000,0.90300000,0.90300000,105.08000000,2026-06-10 21:54:59,94.88724000,2
2026-06-10 21:55:00,0.90300000,0.90300000,0.90300000,0.90300000,0.00000000,2026-06-10 21:55:59,0.00000000,0
2026-06-10 21:56:00,0.90300000,0.90300000,0.90300000,0.90300000,0.00000000,2026-06-10 21:56:59,0.00000000,0
2026-06-10 21:57:00,0.90300000,0.90300000,0.90300000,0.90300000,145.59000000,2026-06-10 21:57:59,131.46777000,3
2026-06-10 21:58:00,0.90400000,0.90400000,0.90400000,0.90400000,25.79000000,2026-06-10 21:58:59,23.31416000,2
2026-06-10 21:59:00,0.90500000,0.90500000,0.90500000,0.90500000,17.12000000,2026-06-10 21:59:59,15.49360000,2
2026-06-10 22:00:00,0.90500000,0.90500000,0.90500000,0.90500000,99.00000000,2026-06-10 22:00:59,89.59500000,1
2026-06-10 22:01:00,0.90600000,0.90600000,0.90600000,0.90600000,483.32000000,2026-06-10 22:01:59,437.88792000,6
2026-06-10 22:02:00,0.90700000,0.90800000,0.90700000,0.90800000,335.24000000,2026-06-10 22:02:59,304.34586000,7
2026-06-10 22:03:00,0.90700000,0.90700000,0.90700000,0.90700000,241.64000000,2026-06-10 22:03:59,219.16748000,3
2026-06-10 22:04:00,0.90700000,0.91100000,0.90700000,0.91000000,4209.00000000,2026-06-10 22:04:59,3827.26084000,45
2026-06-10 22:05:00,0.91000000,0.91000000,0.91000000,0.91000000,10.99000000,2026-06-10 22:05:59,10.00090000,1
2026-06-10 22:06:00,0.91100000,0.91100000,0.91000000,0.91000000,1210.97000000,2026-06-10 22:06:59,1102.63660000,10
2026-06-10 22:07:00,0.90900000,0.90900000,0.90900000,0.90900000,782.69000000,2026-06-10 22:07:59,711.46521000,5
2026-06-10 22:08:00,0.90800000,0.90800000,0.90800000,0.90800000,294.55000000,2026-06-10 22:08:59,267.45140000,3
2026-06-10 22:09:00,0.90800000,0.90800000,0.90800000,0.90800000,1750.79000000,2026-06-10 22:09:59,1589.71732000,9
2026-06-10 22:10:00,0.90800000,0.90800000,0.90800000,0.90800000,226.00000000,2026-06-10 22:10:59,205.20800000,2
2026-06-10 22:11:00,0.90800000,0.90900000,0.90800000,0.90900000,614.69000000,2026-06-10 22:11:59,558.19902000,5
2026-06-10 22:12:00,0.90800000,0.90800000,0.90800000,0.90800000,2499.70000000,2026-06-10 22:12:59,2269.72760000,6
2026-06-10 22:13:00,0.90900000,0.90900000,0.90900000,0.90900000,48.45000000,2026-06-10 22:13:59,44.04105000,2
2026-06-10 22:14:00,0.90900000,0.90900000,0.90900000,0.90900000,0.00000000,2026-06-10 22:14:59,0.00000000,0
2026-06-10 22:15:00,0.90900000,0.90900000,0.90900000,0.90900000,843.79000000,2026-06-10 22:15:59,767.00511000,3
2026-06-10 22:16:00,0.90900000,0.90900000,0.90900000,0.90900000,11.60000000,2026-06-10 22:16:59,10.54440000,1
2026-06-10 22:17:00,0.90900000,0.90900000,0.90900000,0.90900000,0.00000000,2026-06-10 22:17:59,0.00000000,0
2026-06-10 22:18:00,0.90900000,0.90900000,0.90900000,0.90900000,403.67000000,2026-06-10 22:18:59,366.93603000,3
2026-06-10 22:19:00,0.90900000,0.91100000,0.90900000,0.91100000,179.26000000,2026-06-10 22:19:59,163.14229000,4
2026-06-10 22:20:00,0.91000000,0.91000000,0.90900000,0.90900000,2397.72000000,2026-06-10 22:20:59,2179.89738000,10
2026-06-10 22:21:00,0.90900000,0.90900000,0.90900000,0.90900000,215.88000000,2026-06-10 22:21:59,196.23492000,3
2026-06-10 22:22:00,0.90900000,0.90900000,0.90900000,0.90900000,0.00000000,2026-06-10 22:22:59,0.00000000,0
2026-06-10 22:23:00,0.90800000,0.90900000,0.90800000,0.90900000,1045.85000000,2026-06-10 22:23:59,949.65053000,7
2026-06-10 22:24:00,0.90900000,0.90900000,0.90900000,0.90900000,551.51000000,2026-06-10 22:24:59,501.32259000,3
2026-06-10 22:25:00,0.90900000,0.90900000,0.90900000,0.90900000,0.00000000,2026-06-10 22:25:59,0.00000000,0
2026-06-10 22:26:00,0.90900000,0.91000000,0.90900000,0.90900000,1658.27000000,2026-06-10 22:26:59,1508.96185000,25
2026-06-10 22:27:00,0.90900000,0.90900000,0.90900000,0.90900000,83.33000000,2026-06-10 22:27:59,75.74697000,1
2026-06-10 22:28:00,0.90900000,0.90900000,0.90900000,0.90900000,0.00000000,2026-06-10 22:28:59,0.00000000,0
2026-06-10 22:29:00,0.90900000,0.91000000,0.90900000,0.91000000,607.19000000,2026-06-10 22:29:59,552.23465000,6
2026-06-10 22:30:00,0.91000000,0.91000000,0.91000000,0.91000000,209.25000000,2026-06-10 22:30:59,190.41750000,1
2026-06-10 22:31:00,0.90900000,0.90900000,0.90800000,0.90800000,132.03000000,2026-06-10 22:31:59,120.00527000,4
2026-06-10 22:32:00,0.91000000,0.91100000,0.91000000,0.91000000,152.27000000,2026-06-10 22:32:59,138.58196000,4
2026-06-10 22:33:00,0.91100000,0.91100000,0.91000000,0.91000000,897.45000000,2026-06-10 22:33:59,816.71263000,6
2026-06-10 22:34:00,0.91000000,0.91000000,0.91000000,0.91000000,0.00000000,2026-06-10 22:34:59,0.00000000,0
2026-06-10 22:35:00,0.91000000,0.91000000,0.91000000,0.91000000,275.37000000,2026-06-10 22:35:59,250.58670000,4
2026-06-10 22:36:00,0.90900000,0.90900000,0.90900000,0.90900000,223.31000000,2026-06-10 22:36:59,202.98879000,3
2026-06-10 22:37:00,0.90900000,0.90900000,0.90900000,0.90900000,0.00000000,2026-06-10 22:37:59,0.00000000,0
2026-06-10 22:38:00,0.90800000,0.91000000,0.90800000,0.91000000,159.93000000,2026-06-10 22:38:59,145.45954000,6
2026-06-10 22:39:00,0.91000000,0.91000000,0.91000000,0.91000000,715.07000000,2026-06-10 22:39:59,650.71370000,5
2026-06-10 22:40:00,0.91000000,0.91000000,0.91000000,0.91000000,0.00000000,2026-06-10 22:40:59,0.00000000,0
2026-06-10 22:41:00,0.91100000,0.91300000,0.91100000,0.91200000,1891.38000000,2026-06-10 22:41:59,1724.59978000,14
2026-06-10 22:42:00,0.91300000,0.91300000,0.91300000,0.91300000,305.72000000,2026-06-10 22:42:59,279.12236000,2
2026-06-10 22:43:00,0.91300000,0.91300000,0.91300000,0.91300000,371.18000000,2026-06-10 22:43:59,338.88734000,6
2026-06-10 22:44:00,0.91200000,0.91200000,0.91200000,0.91200000,6.01000000,2026-06-10 22:44:59,5.48112000,1
2026-06-10 22:45:00,0.91100000,0.91100000,0.91100000,0.91100000,49.02000000,2026-06-10 22:45:59,44.65722000,2
2026-06-10 22:46:00,0.91100000,0.91100000,0.91100000,0.91100000,0.00000000,2026-06-10 22:46:59,0.00000000,0
2026-06-10 22:47:00,0.91100000,0.91100000,0.91100000,0.91100000,0.00000000,2026-06-10 22:47:59,0.00000000,0
2026-06-10 22:48:00,0.91100000,0.91100000,0.91100000,0.91100000,0.00000000,2026-06-10 22:48:59,0.00000000,0
2026-06-10 22:49:00,0.91100000,0.91100000,0.91100000,0.91100000,105.50000000,2026-06-10 22:49:59,96.11050000,2
2026-06-10 22:50:00,0.91100000,0.91100000,0.91100000,0.91100000,99.00000000,2026-06-10 22:50:59,90.18900000,1
2026-06-10 22:51:00,0.91100000,0.91200000,0.91100000,0.91200000,754.22000000,2026-06-10 22:51:59,687.82351000,5
2026-06-10 22:52:00,0.91200000,0.91200000,0.91200000,0.91200000,396.00000000,2026-06-10 22:52:59,361.15200000,4
2026-06-10 22:53:00,0.91200000,0.91200000,0.91200000,0.91200000,0.00000000,2026-06-10 22:53:59,0.00000000,0
2026-06-10 22:54:00,0.91200000,0.91200000,0.91100000,0.91100000,65.68000000,2026-06-10 22:54:59,59.84052000,4
2026-06-10 22:55:00,0.91100000,0.91100000,0.91100000,0.91100000,0.00000000,2026-06-10 22:55:59,0.00000000,0
2026-06-10 22:56:00,0.91100000,0.91100000,0.91100000,0.91100000,0.00000000,2026-06-10 22:56:59,0.00000000,0
2026-06-10 22:57:00,0.91000000,0.91000000,0.91000000,0.91000000,32.34000000,2026-06-10 22:57:59,29.42940000,3
2026-06-10 22:58:00,0.91000000,0.91000000,0.91000000,0.91000000,0.00000000,2026-06-10 22:58:59,0.00000000,0
2026-06-10 22:59:00,0.91100000,0.91100000,0.91100000,0.91100000,25.71000000,2026-06-10 22:59:59,23.42181000,1
2026-06-10 23:00:00,0.91100000,0.91100000,0.91100000,0.91100000,58.20000000,2026-06-10 23:00:59,53.02020000,1
2026-06-10 23:01:00,0.91000000,0.91000000,0.91000000,0.91000000,8.18000000,2026-06-10 23:01:59,7.44380000,1
2026-06-10 23:02:00,0.91100000,0.91100000,0.91100000,0.91100000,92.16000000,2026-06-10 23:02:59,83.95776000,1
2026-06-10 23:03:00,0.91100000,0.91100000,0.91100000,0.91100000,0.00000000,2026-06-10 23:03:59,0.00000000,0
2026-06-10 23:04:00,0.91200000,0.91200000,0.91200000,0.91200000,242.36000000,2026-06-10 23:04:59,221.03232000,3
2026-06-10 23:05:00,0.91200000,0.91200000,0.91200000,0.91200000,0.00000000,2026-06-10 23:05:59,0.00000000,0
2026-06-10 23:06:00,0.91200000,0.91200000,0.91100000,0.91100000,795.78000000,2026-06-10 23:06:59,725.16483000,10
2026-06-10 23:07:00,0.91100000,0.91100000,0.91100000,0.91100000,0.00000000,2026-06-10 23:07:59,0.00000000,0
2026-06-10 23:08:00,0.91100000,0.91100000,0.91100000,0.91100000,0.00000000,2026-06-10 23:08:59,0.00000000,0
2026-06-10 23:09:00,0.91100000,0.91100000,0.91100000,0.91100000,0.00000000,2026-06-10 23:09:59,0.00000000,0
2026-06-10 23:10:00,0.91000000,0.91000000,0.91000000,0.91000000,6.03000000,2026-06-10 23:10:59,5.48730000,1
2026-06-10 23:11:00,0.90900000,0.90900000,0.90900000,0.90900000,1311.21000000,2026-06-10 23:11:59,1191.88989000,4
2026-06-10 23:12:00,0.90900000,0.90900000,0.90900000,0.90900000,18.20000000,2026-06-10 23:12:59,16.54380000,1
2026-06-10 23:13:00,0.90900000,0.91000000,0.90900000,0.91000000,314.10000000,2026-06-10 23:13:59,285.62175000,3
2026-06-10 23:14:00,0.90900000,0.90900000,0.90900000,0.90900000,6.25000000,2026-06-10 23:14:59,5.68125000,1
2026-06-10 23:15:00,0.90900000,0.90900000,0.90900000,0.90900000,0.00000000,2026-06-10 23:15:59,0.00000000,0
2026-06-10 23:16:00,0.90900000,0.90900000,0.90900000,0.90900000,1012.52000000,2026-06-10 23:16:59,920.38068000,6
2026-06-10 23:17:00,0.90800000,0.90800000,0.90800000,0.90800000,14.58000000,2026-06-10 23:17:59,13.23864000,2
2026-06-10 23:18:00,0.90900000,0.90900000,0.90900000,0.90900000,129.14000000,2026-06-10 23:18:59,117.38826000,3
2026-06-10 23:19:00,0.90900000,0.90900000,0.90900000,0.90900000,0.00000000,2026-06-10 23:19:59,0.00000000,0
2026-06-10 23:20:00,0.90900000,0.90900000,0.90900000,0.90900000,46.82000000,2026-06-10 23:20:59,42.55938000,2
2026-06-10 23:21:00,0.90800000,0.90800000,0.90800000,0.90800000,6.04000000,2026-06-10 23:21:59,5.48432000,1
2026-06-10 23:22:00,0.90800000,0.90800000,0.90800000,0.90800000,0.00000000,2026-06-10 23:22:59,0.00000000,0
2026-06-10 23:23:00,0.90700000,0.90700000,0.90700000,0.90700000,472.90000000,2026-06-10 23:23:59,428.92030000,5
2026-06-10 23:24:00,0.90700000,0.90700000,0.90700000,0.90700000,194.54000000,2026-06-10 23:24:59,176.44778000,1
2026-06-10 23:25:00,0.90700000,0.90700000,0.90700000,0.90700000,0.00000000,2026-06-10 23:25:59,0.00000000,0
2026-06-10 23:26:00,0.90700000,0.90700000,0.90700000,0.90700000,1217.52000000,2026-06-10 23:26:59,1104.29064000,3
2026-06-10 23:27:00,0.90700000,0.90700000,0.90700000,0.90700000,0.00000000,2026-06-10 23:27:59,0.00000000,0
2026-06-10 23:28:00,0.90700000,0.90700000,0.90700000,0.90700000,176.22000000,2026-06-10 23:28:59,159.83154000,2
2026-06-10 23:29:00,0.90700000,0.90700000,0.90700000,0.90700000,0.00000000,2026-06-10 23:29:59,0.00000000,0
2026-06-10 23:30:00,0.90600000,0.90600000,0.90600000,0.90600000,10378.83000000,2026-06-10 23:30:59,9403.21998000,7
2026-06-10 23:31:00,0.90500000,0.90500000,0.90500000,0.90500000,233.38000000,2026-06-10 23:31:59,211.20890000,4
2026-06-10 23:32:00,0.90500000,0.90500000,0.90500000,0.90500000,0.00000000,2026-06-10 23:32:59,0.00000000,0
2026-06-10 23:33:00,0.90500000,0.90600000,0.90500000,0.90600000,2578.59000000,2026-06-10 23:33:59,2335.82230000,17
2026-06-10 23:34:00,0.90500000,0.90500000,0.90500000,0.90500000,143.83000000,2026-06-10 23:34:59,130.16615000,2
2026-06-10 23:35:00,0.90500000,0.90500000,0.90500000,0.90500000,0.00000000,2026-06-10 23:35:59,0.00000000,0
2026-06-10 23:36:00,0.90600000,0.90600000,0.90600000,0.90600000,321.55000000,2026-06-10 23:36:59,291.32430000,4
2026-06-10 23:37:00,0.90600000,0.90600000,0.90600000,0.90600000,190.42000000,2026-06-10 23:37:59,172.52052000,3
2026-06-10 23:38:00,0.90600000,0.90600000,0.90600000,0.90600000,0.00000000,2026-06-10 23:38:59,0.00000000,0
2026-06-10 23:39:00,0.90600000,0.90600000,0.90600000,0.90600000,0.00000000,2026-06-10 23:39:59,0.00000000,0
2026-06-10 23:40:00,0.90700000,0.90700000,0.90700000,0.90700000,567.71000000,2026-06-10 23:40:59,514.91297000,5
2026-06-10 23:41:00,0.90700000,0.90800000,0.90700000,0.90700000,1063.00000000,2026-06-10 23:41:59,964.63230000,11
2026-06-10 23:42:00,0.90700000,0.90700000,0.90700000,0.90700000,209.25000000,2026-06-10 23:42:59,189.78975000,1
2026-06-10 23:43:00,0.90700000,0.90700000,0.90700000,0.90700000,0.00000000,2026-06-10 23:43:59,0.00000000,0
2026-06-10 23:44:00,0.90700000,0.90700000,0.90700000,0.90700000,1360.16000000,2026-06-10 23:44:59,1233.66512000,7
2026-06-10 23:45:00,0.90600000,0.90600000,0.90600000,0.90600000,65.03000000,2026-06-10 23:45:59,58.91718000,2
2026-06-10 23:46:00,0.90600000,0.90600000,0.90600000,0.90600000,0.00000000,2026-06-10 23:46:59,0.00000000,0
2026-06-10 23:47:00,0.90600000,0.90600000,0.90600000,0.90600000,0.00000000,2026-06-10 23:47:59,0.00000000,0
2026-06-10 23:48:00,0.90600000,0.90600000,0.90600000,0.90600000,0.00000000,2026-06-10 23:48:59,0.00000000,0
2026-06-10 23:49:00,0.90600000,0.90600000,0.90600000,0.90600000,0.00000000,2026-06-10 23:49:59,0.00000000,0
2026-06-10 23:50:00,0.90700000,0.90700000,0.90700000,0.90700000,43.21000000,2026-06-10 23:50:59,39.19147000,1
2026-06-10 23:51:00,0.90800000,0.90800000,0.90800000,0.90800000,148.20000000,2026-06-10 23:51:59,134.56560000,3
2026-06-10 23:52:00,0.90800000,0.90800000,0.90800000,0.90800000,0.00000000,2026-06-10 23:52:59,0.00000000,0
2026-06-10 23:53:00,0.90800000,0.90800000,0.90800000,0.90800000,1114.67000000,2026-06-10 23:53:59,1012.12036000,2
2026-06-10 23:54:00,0.90900000,0.91000000,0.90900000,0.90900000,2107.64000000,2026-06-10 23:54:59,1917.73176000,19
2026-06-10 23:55:00,0.90900000,0.90900000,0.90800000,0.90800000,146.42000000,2026-06-10 23:55:59,133.06653000,4
2026-06-10 23:56:00,0.90900000,0.91000000,0.90900000,0.90900000,461.55000000,2026-06-10 23:56:59,419.83648000,10
2026-06-10 23:57:00,0.91000000,0.91000000,0.91000000,0.91000000,44.47000000,2026-06-10 23:57:59,40.46770000,2
2026-06-10 23:58:00,0.91000000,0.91000000,0.91000000,0.91000000,0.00000000,2026-06-10 23:58:59,0.00000000,0
2026-06-10 23:59:00,0.90900000,0.90900000,0.90900000,0.90900000,769.87000000,2026-06-10 23:59:59,699.81183000,6
2026-06-11 00:00:00,0.90900000,0.90900000,0.90900000,0.90900000,0.00000000,2026-06-11 00:00:59,0.00000000,0
2026-06-11 00:01:00,0.91000000,0.91000000,0.91000000,0.91000000,960.80000000,2026-06-11 00:01:59,874.32800000,2
2026-06-11 00:02:00,0.90900000,0.91000000,0.90900000,0.90900000,54.79000000,2026-06-11 00:02:59,49.81180000,3
2026-06-11 00:03:00,0.90900000,0.90900000,0.90900000,0.90900000,0.00000000,2026-06-11 00:03:59,0.00000000,0
2026-06-11 00:04:00,0.91000000,0.91000000,0.91000000,0.91000000,11.13000000,2026-06-11 00:04:59,10.12830000,1
2026-06-11 00:05:00,0.91000000,0.91000000,0.91000000,0.91000000,0.00000000,2026-06-11 00:05:59,0.00000000,0
2026-06-11 00:06:00,0.90900000,0.90900000,0.90800000,0.90800000,137.85000000,2026-06-11 00:06:59,125.20061000,4
2026-06-11 00:07:00,0.90800000,0.90800000,0.90800000,0.90800000,1200.55000000,2026-06-11 00:07:59,1090.09940000,2
2026-06-11 00:08:00,0.90800000,0.90800000,0.90800000,0.90800000,0.00000000,2026-06-11 00:08:59,0.00000000,0
2026-06-11 00:09:00,0.90800000,0.90800000,0.90800000,0.90800000,99.00000000,2026-06-11 00:09:59,89.89200000,1
2026-06-11 00:10:00,0.90700000,0.90700000,0.90700000,0.90700000,7.40000000,2026-06-11 00:10:59,6.71180000,1
2026-06-11 00:11:00,0.90800000,0.90800000,0.90700000,0.90700000,378.55000000,2026-06-11 00:11:59,343.71735000,5
2026-06-11 00:12:00,0.90600000,0.90600000,0.90600000,0.90600000,49.22000000,2026-06-11 00:12:59,44.59332000,2
2026-06-11 00:13:00,0.90600000,0.90600000,0.90600000,0.90600000,0.00000000,2026-06-11 00:13:59,0.00000000,0
2026-06-11 00:14:00,0.90600000,0.90600000,0.90600000,0.90600000,0.00000000,2026-06-11 00:14:59,0.00000000,0
2026-06-11 00:15:00,0.90700000,0.90700000,0.90700000,0.90700000,47.58000000,2026-06-11 00:15:59,43.15506000,2
2026-06-11 00:16:00,0.90800000,0.90800000,0.90800000,0.90800000,20.71000000,2026-06-11 00:16:59,18.80468000,2
2026-06-11 00:17:00,0.90800000,0.90900000,0.90800000,0.90900000,413.96000000,2026-06-11 00:17:59,376.19064000,4
2026-06-11 00:18:00,0.90900000,0.90900000,0.90900000,0.90900000,106.07000000,2026-06-11 00:18:59,96.41763000,4
2026-06-11 00:19:00,0.91000000,0.91000000,0.90900000,0.90900000,155.99000000,2026-06-11 00:19:59,141.80589000,3
2026-06-11 00:20:00,0.90800000,0.90800000,0.90800000,0.90800000,105.04000000,2026-06-11 00:20:59,95.37632000,2
2026-06-11 00:21:00,0.90800000,0.90800000,0.90800000,0.90800000,0.00000000,2026-06-11 00:21:59,0.00000000,0
2026-06-11 00:22:00,0.90800000,0.90800000,0.90800000,0.90800000,0.00000000,2026-06-11 00:22:59,0.00000000,0
2026-06-11 00:23:00,0.90800000,0.90800000,0.90800000,0.90800000,0.00000000,2026-06-11 00:23:59,0.00000000,0
2026-06-11 00:24:00,0.90800000,0.90800000,0.90800000,0.90800000,624.97000000,2026-06-11 00:24:59,567.47276000,5
2026-06-11 00:25:00,0.90900000,0.90900000,0.90900000,0.90900000,1453.50000000,2026-06-11 00:25:59,1321.23150000,4
2026-06-11 00:26:00,0.90900000,0.90900000,0.90900000,0.90900000,518.06000000,2026-06-11 00:26:59,470.91654000,3
2026-06-11 00:27:00,0.91000000,0.91100000,0.91000000,0.91100000,111.14000000,2026-06-11 00:27:59,101.14349000,3
2026-06-11 00:28:00,0.91000000,0.91000000,0.91000000,0.91000000,17.35000000,2026-06-11 00:28:59,15.78850000,1
2026-06-11 00:29:00,0.91000000,0.91000000,0.91000000,0.91000000,0.00000000,2026-06-11 00:29:59,0.00000000,0
2026-06-11 00:30:00,0.91100000,0.91100000,0.91100000,0.91100000,6.05000000,2026-06-11 00:30:59,5.51155000,1
2026-06-11 00:31:00,0.91100000,0.91200000,0.91100000,0.91200000,1263.68000000,2026-06-11 00:31:59,1152.44116000,4
2026-06-11 00:32:00,0.91300000,0.91400000,0.91300000,0.91400000,336.86000000,2026-06-11 00:32:59,307.79803000,10
2026-06-11 00:33:00,0.91500000,0.91700000,0.91500000,0.91700000,7838.17000000,2026-06-11 00:33:59,7173.92219000,52
2026-06-11 00:34:00,0.91600000,0.91700000,0.91500000,0.91500000,5355.62000000,2026-06-11 00:34:59,4905.66293000,21
2026-06-11 00:35:00,0.91500000,0.91500000,0.91500000,0.91500000,778.23000000,2026-06-11 00:35:59,712.08045000,5
2026-06-11 00:36:00,0.91400000,0.91400000,0.91400000,0.91400000,255.61000000,2026-06-11 00:36:59,233.62754000,4
2026-06-11 00:37:00,0.91400000,0.91400000,0.91400000,0.91400000,0.00000000,2026-06-11 00:37:59,0.00000000,0
2026-06-11 00:38:00,0.91300000,0.91400000,0.91300000,0.91400000,94.97000000,2026-06-11 00:38:59,86.79506000,3
2026-06-11 00:39:00,0.91400000,0.91400000,0.91400000,0.91400000,0.00000000,2026-06-11 00:39:59,0.00000000,0
2026-06-11 00:40:00,0.91300000,0.91300000,0.91300000,0.91300000,538.12000000,2026-06-11 00:40:59,491.30356000,8
2026-06-11 00:41:00,0.91300000,0.91300000,0.91300000,0.91300000,0.00000000,2026-06-11 00:41:59,0.00000000,0
2026-06-11 00:42:00,0.91300000,0.91300000,0.91300000,0.91300000,237.11000000,2026-06-11 00:42:59,216.48143000,5
2026-06-11 00:43:00,0.91300000,0.91300000,0.91300000,0.91300000,378.92000000,2026-06-11 00:43:59,345.95396000,5
2026-06-11 00:44:00,0.91300000,0.91300000,0.91300000,0.91300000,390.29000000,2026-06-11 00:44:59,356.33477000,3
2026-06-11 00:45:00,0.91300000,0.91500000,0.91300000,0.91400000,2305.57000000,2026-06-11 00:45:59,2107.87583000,17
2026-06-11 00:46:00,0.91400000,0.91400000,0.91400000,0.91400000,1438.86000000,2026-06-11 00:46:59,1315.11804000,5
2026-06-11 00:47:00,0.91400000,0.91500000,0.91400000,0.91500000,315.58000000,2026-06-11 00:47:59,288.72070000,5
2026-06-11 00:48:00,0.91500000,0.91500000,0.91500000,0.91500000,0.00000000,2026-06-11 00:48:59,0.00000000,0
2026-06-11 00:49:00,0.91400000,0.91400000,0.91300000,0.91400000,505.21000000,2026-06-11 00:49:59,461.75598000,8
2026-06-11 00:50:00,0.91300000,0.91300000,0.91300000,0.91300000,64.00000000,2026-06-11 00:50:59,58.43200000,2
2026-06-11 00:51:00,0.91400000,0.91500000,0.91400000,0.91400000,2030.35000000,2026-06-11 00:51:59,1857.40780000,8
2026-06-11 00:52:00,0.91400000,0.91400000,0.91400000,0.91400000,0.00000000,2026-06-11 00:52:59,0.00000000,0
2026-06-11 00:53:00,0.91400000,0.91400000,0.91400000,0.91400000,113.59000000,2026-06-11 00:53:59,103.82126000,1
2026-06-11 00:54:00,0.91400000,0.91400000,0.91400000,0.91400000,0.00000000,2026-06-11 00:54:59,0.00000000,0
2026-06-11 00:55:00,0.91400000,0.92300000,0.91400000,0.92200000,17457.26000000,2026-06-11 00:55:59,16049.50287000,137
2026-06-11 00:56:00,0.92200000,0.92600000,0.92200000,0.92500000,12592.35000000,2026-06-11 00:56:59,11640.00665000,69
2026-06-11 00:57:00,0.92500000,0.92500000,0.92500000,0.92500000,0.00000000,2026-06-11 00:57:59,0.00000000,0
2026-06-11 00:58:00,0.92500000,0.92500000,0.92400000,0.92400000,6063.71000000,2026-06-11 00:58:59,5604.91727000,13
2026-06-11 00:59:00,0.92500000,0.92500000,0.92300000,0.92300000,1921.79000000,2026-06-11 00:59:59,1777.15348000,15
2026-06-11 01:00:00,0.92300000,0.92300000,0.92300000,0.92300000,0.00000000,2026-06-11 01:00:59,0.00000000,0
2026-06-11 01:01:00,0.92200000,0.92200000,0.92200000,0.92200000,616.31000000,2026-06-11 01:01:59,568.23782000,7
2026-06-11 01:02:00,0.92200000,0.92200000,0.92200000,0.92200000,89.14000000,2026-06-11 01:02:59,82.18708000,1
2026-06-11 01:03:00,0.92200000,0.92200000,0.92200000,0.92200000,0.00000000,2026-06-11 01:03:59,0.00000000,0
2026-06-11 01:04:00,0.92300000,0.92400000,0.92300000,0.92300000,688.42000000,2026-06-11 01:04:59,635.64566000,7
2026-06-11 01:05:00,0.92200000,0.92200000,0.92200000,0.92200000,104.94000000,2026-06-11 01:05:59,96.75468000,2
2026-06-11 01:06:00,0.92200000,0.92200000,0.92200000,0.92200000,0.00000000,2026-06-11 01:06:59,0.00000000,0
2026-06-11 01:07:00,0.92100000,0.92100000,0.92100000,0.92100000,471.40000000,2026-06-11 01:07:59,434.15940000,9
2026-06-11 01:08:00,0.92100000,0.92100000,0.92100000,0.92100000,0.00000000,2026-06-11 01:08:59,0.00000000,0
2026-06-11 01:09:00,0.92100000,0.92100000,0.92100000,0.92100000,0.00000000,2026-06-11 01:09:59,0.00000000,0
2026-06-11 01:10:00,0.92100000,0.92200000,0.92100000,0.92200000,2722.00000000,2026-06-11 01:10:59,2509.61447000,15
2026-06-11 01:11:00,0.92200000,0.92300000,0.92200000,0.92300000,26.32000000,2026-06-11 01:11:59,24.28238000,2
2026-06-11 01:12:00,0.92300000,0.92400000,0.92300000,0.92400000,250.23000000,2026-06-11 01:12:59,231.06055000,7
2026-06-11 01:13:00,0.92400000,0.92400000,0.92300000,0.92300000,106.71000000,2026-06-11 01:13:59,98.57833000,3
2026-06-11 01:14:00,0.92300000,0.92400000,0.92300000,0.92400000,41.60000000,2026-06-11 01:14:59,38.40403000,3
2026-06-11 01:15:00,0.92300000,0.92300000,0.92300000,0.92300000,1425.57000000,2026-06-11 01:15:59,1315.80111000,6
2026-06-11 01:16:00,0.92400000,0.92400000,0.92400000,0.92400000,115.88000000,2026-06-11 01:16:59,107.07312000,3
2026-06-11 01:17:00,0.92400000,0.92400000,0.92400000,0.92400000,0.00000000,2026-06-11 01:17:59,0.00000000,0
2026-06-11 01:18:00,0.92300000,0.92300000,0.92300000,0.92300000,1226.08000000,2026-06-11 01:18:59,1131.67184000,4
2026-06-11 01:19:00,0.92300000,0.92300000,0.92300000,0.92300000,0.00000000,2026-06-11 01:19:59,0.00000000,0
2026-06-11 01:20:00,0.92300000,0.92600000,0.92300000,0.92500000,1171.70000000,2026-06-11 01:20:59,1083.82968000,16
2026-06-11 01:21:00,0.92400000,0.92400000,0.92400000,0.92400000,48.33000000,2026-06-11 01:21:59,44.65692000,2
2026-06-11 01:22:00,0.92400000,0.92400000,0.92400000,0.92400000,239.59000000,2026-06-11 01:22:59,221.38116000,3
2026-06-11 01:23:00,0.92400000,0.92400000,0.92400000,0.92400000,0.00000000,2026-06-11 01:23:59,0.00000000,0
2026-06-11 01:24:00,0.92400000,0.92400000,0.92400000,0.92400000,99.00000000,2026-06-11 01:24:59,91.47600000,1
2026-06-11 01:25:00,0.92300000,0.92300000,0.92300000,0.92300000,5.93000000,2026-06-11 01:25:59,5.47339000,1
2026-06-11 01:26:00,0.92300000,0.92300000,0.92300000,0.92300000,141.30000000,2026-06-11 01:26:59,130.41990000,3
2026-06-11 01:27:00,0.92300000,0.92300000,0.92300000,0.92300000,113.24000000,2026-06-11 01:27:59,104.52052000,1
2026-06-11 01:28:00,0.92300000,0.92300000,0.92300000,0.92300000,24.42000000,2026-06-11 01:28:59,22.53966000,3
2026-06-11 01:29:00,0.92300000,0.92300000,0.92300000,0.92300000,87.04000000,2026-06-11 01:29:59,80.33792000,2
2026-06-11 01:30:00,0.92300000,0.92300000,0.92300000,0.92300000,99.00000000,2026-06-11 01:30:59,91.37700000,1
2026-06-11 01:31:00,0.92300000,0.92300000,0.92300000,0.92300000,0.00000000,2026-06-11 01:31:59,0.00000000,0
2026-06-11 01:32:00,0.92300000,0.92300000,0.92300000,0.92300000,5.50000000,2026-06-11 01:32:59,5.07650000,1
2026-06-11 01:33:00,0.92400000,0.92400000,0.92300000,0.92300000,41.97000000,2026-06-11 01:33:59,38.74464000,3
2026-06-11 01:34:00,0.92300000,0.92300000,0.92300000,0.92300000,0.00000000,2026-06-11 01:34:59,0.00000000,0
2026-06-11 01:35:00,0.92300000,0.92300000,0.92300000,0.92300000,0.00000000,2026-06-11 01:35:59,0.00000000,0
2026-06-11 01:36:00,0.92300000,0.92300000,0.92300000,0.92300000,0.00000000,2026-06-11 01:36:59,0.00000000,0
2026-06-11 01:37:00,0.92300000,0.92300000,0.92300000,0.92300000,0.00000000,2026-06-11 01:37:59,0.00000000,0
2026-06-11 01:38:00,0.92300000,0.92400000,0.92300000,0.92400000,1582.99000000,2026-06-11 01:38:59,1461.37583000,13
2026-06-11 01:39:00,0.92500000,0.92500000,0.92500000,0.92500000,30.94000000,2026-06-11 01:39:59,28.61950000,2
2026-06-11 01:40:00,0.92600000,0.92600000,0.92500000,0.92600000,266.15000000,2026-06-11 01:40:59,246.36400000,7
2026-06-11 01:41:00,0.92500000,0.92500000,0.92500000,0.92500000,5.92000000,2026-06-11 01:41:59,5.47600000,1
2026-06-11 01:42:00,0.92500000,0.92500000,0.92500000,0.92500000,83.33000000,2026-06-11 01:42:59,77.08025000,1
2026-06-11 01:43:00,0.92600000,0.92600000,0.92600000,0.92600000,88.19000000,2026-06-11 01:43:59,81.66394000,2
2026-06-11 01:44:00,0.92600000,0.92600000,0.92600000,0.92600000,5.93000000,2026-06-11 01:44:59,5.49118000,1
2026-06-11 01:45:00,0.92600000,0.92600000,0.92600000,0.92600000,10.79000000,2026-06-11 01:45:59,9.99154000,1
2026-06-11 01:46:00,0.92600000,0.92600000,0.92600000,0.92600000,0.00000000,2026-06-11 01:46:59,0.00000000,0
2026-06-11 01:47:00,0.92700000,0.92800000,0.92700000,0.92800000,475.16000000,2026-06-11 01:47:59,440.48297000,10
2026-06-11 01:48:00,0.92700000,0.92800000,0.92700000,0.92800000,218.57000000,2026-06-11 01:48:59,202.80866000,9
2026-06-11 01:49:00,0.92800000,0.92800000,0.92800000,0.92800000,335.55000000,2026-06-11 01:49:59,311.39040000,5
2026-06-11 01:50:00,0.92800000,0.92900000,0.92800000,0.92900000,1363.24000000,2026-06-11 01:50:59,1266.11529000,16
2026-06-11 01:51:00,0.92900000,0.92900000,0.92800000,0.92800000,5599.31000000,2026-06-11 01:51:59,5196.45934000,18
2026-06-11 01:52:00,0.92900000,0.92900000,0.92900000,0.92900000,80.00000000,2026-06-11 01:52:59,74.32000000,2
2026-06-11 01:53:00,0.92800000,0.92800000,0.92800000,0.92800000,222.71000000,2026-06-11 01:53:59,206.67488000,4
2026-06-11 01:54:00,0.92800000,0.92800000,0.92800000,0.92800000,320.05000000,2026-06-11 01:54:59,297.00640000,4
2026-06-11 01:55:00,0.92900000,0.92900000,0.92900000,0.92900000,1449.16000000,2026-06-11 01:55:59,1346.26964000,6
2026-06-11 01:56:00,0.92800000,0.92800000,0.92800000,0.92800000,68.09000000,2026-06-11 01:56:59,63.18752000,2
2026-06-11 01:57:00,0.92800000,0.92800000,0.92800000,0.92800000,0.00000000,2026-06-11 01:57:59,0.00000000,0
2026-06-11 01:58:00,0.92700000,0.92700000,0.92700000,0.92700000,1328.57000000,2026-06-11 01:58:59,1231.58439000,3
2026-06-11 01:59:00,0.92700000,0.92700000,0.92700000,0.92700000,61.44000000,2026-06-11 01:59:59,56.95488000,1
2026-06-11 02:00:00,0.92600000,0.92700000,0.92600000,0.92700000,56.99000000,2026-06-11 02:00:59,52.81811000,2
2026-06-11 02:01:00,0.92700000,0.92700000,0.92700000,0.92700000,5.94000000,2026-06-11 02:01:59,5.50638000,1
2026-06-11 02:02:00,0.92600000,0.92600000,0.92600000,0.92600000,265.88000000,2026-06-11 02:02:59,246.20488000,5
2026-06-11 02:03:00,0.92600000,0.92600000,0.92400000,0.92400000,6854.20000000,2026-06-11 02:03:59,6337.84802000,20
2026-06-11 02:04:00,0.92500000,0.92600000,0.92500000,0.92600000,3093.10000000,2026-06-11 02:04:59,2861.77350000,8
2026-06-11 02:05:00,0.92600000,0.92600000,0.92600000,0.92600000,0.00000000,2026-06-11 02:05:59,0.00000000,0
2026-06-11 02:06:00,0.92500000,0.92500000,0.92500000,0.92500000,463.60000000,2026-06-11 02:06:59,428.83000000,4
2026-06-11 02:07:00,0.92500000,0.92600000,0.92500000,0.92500000,2225.01000000,2026-06-11 02:07:59,2058.98325000,12
2026-06-11 02:08:00,0.92500000,0.92500000,0.92500000,0.92500000,0.00000000,2026-06-11 02:08:59,0.00000000,0
2026-06-11 02:09:00,0.92400000,0.92500000,0.92400000,0.92500000,232.38000000,2026-06-11 02:09:59,214.74251000,3
2026-06-11 02:10:00,0.92600000,0.92600000,0.92600000,0.92600000,8.84000000,2026-06-11 02:10:59,8.18584000,1
2026-06-11 02:11:00,0.92500000,0.92500000,0.92500000,0.92500000,86.04000000,2026-06-11 02:11:59,79.58700000,1
2026-06-11 02:12:00,0.92600000,0.92600000,0.92600000,0.92600000,13.20000000,2026-06-11 02:12:59,12.22320000,2
2026-06-11 02:13:00,0.92500000,0.92500000,0.92500000,0.92500000,91.68000000,2026-06-11 02:13:59,84.80400000,1
2026-06-11 02:14:00,0.92500000,0.92500000,0.92500000,0.92500000,0.00000000,2026-06-11 02:14:59,0.00000000,0
2026-06-11 02:15:00,0.92500000,0.92500000,0.92500000,0.92500000,18.27000000,2026-06-11 02:15:59,16.89975000,1
2026-06-11 02:16:00,0.92500000,0.92500000,0.92500000,0.92500000,0.00000000,2026-06-11 02:16:59,0.00000000,0
2026-06-11 02:17:00,0.92600000,0.92600000,0.92600000,0.92600000,108.10000000,2026-06-11 02:17:59,100.10060000,4
2026-06-11 02:18:00,0.92500000,0.92500000,0.92400000,0.92400000,119.31000000,2026-06-11 02:18:59,110.34736000,4
2026-06-11 02:19:00,0.92400000,0.92400000,0.92400000,0.92400000,0.00000000,2026-06-11 02:19:59,0.00000000,0
2026-06-11 02:20:00,0.92400000,0.92400000,0.92400000,0.92400000,0.00000000,2026-06-11 02:20:59,0.00000000,0
2026-06-11 02:21:00,0.92500000,0.92500000,0.92500000,0.92500000,916.00000000,2026-06-11 02:21:59,847.30000000,7
2026-06-11 02:22:00,0.92500000,0.92500000,0.92500000,0.92500000,330.79000000,2026-06-11 02:22:59,305.98075000,3
2026-06-11 02:23:00,0.92400000,0.92400000,0.92400000,0.92400000,104.93000000,2026-06-11 02:23:59,96.95532000,2
2026-06-11 02:24:00,0.92400000,0.92400000,0.92400000,0.92400000,0.00000000,2026-06-11 02:24:59,0.00000000,0
2026-06-11 02:25:00,0.92300000,0.92300000,0.92200000,0.92200000,98.16000000,2026-06-11 02:25:59,90.50945000,3
2026-06-11 02:26:00,0.92200000,0.92200000,0.92200000,0.92200000,0.00000000,2026-06-11 02:26:59,0.00000000,0
2026-06-11 02:27:00,0.92200000,0.92200000,0.92100000,0.92100000,358.76000000,2026-06-11 02:27:59,330.51596000,7
2026-06-11 02:28:00,0.92100000,0.92100000,0.92100000,0.92100000,132.68000000,2026-06-11 02:28:59,122.19828000,1
2026-06-11 02:29:00,0.92100000,0.92100000,0.92100000,0.92100000,0.00000000,2026-06-11 02:29:59,0.00000000,0
2026-06-11 02:30:00,0.92100000,0.92100000,0.92100000,0.92100000,0.00000000,2026-06-11 02:30:59,0.00000000,0
2026-06-11 02:31:00,0.92100000,0.92100000,0.92100000,0.92100000,0.00000000,2026-06-11 02:31:59,0.00000000,0
2026-06-11 02:32:00,0.92100000,0.92100000,0.92100000,0.92100000,0.00000000,2026-06-11 02:32:59,0.00000000,0
2026-06-11 02:33:00,0.92100000,0.92200000,0.92100000,0.92200000,230.72000000,2026-06-11 02:33:59,212.59632000,4
2026-06-11 02:34:00,0.92200000,0.92200000,0.92100000,0.92100000,174.05000000,2026-06-11 02:34:59,160.30819000,4
2026-06-11 02:35:00,0.92100000,0.92100000,0.92000000,0.92000000,109.85000000,2026-06-11 02:35:59,101.07657000,4
2026-06-11 02:36:00,0.92000000,0.92300000,0.92000000,0.92300000,1008.64000000,2026-06-11 02:36:59,929.93804000,12
2026-06-11 02:37:00,0.92300000,0.92300000,0.92300000,0.92300000,0.00000000,2026-06-11 02:37:59,0.00000000,0
2026-06-11 02:38:00,0.92200000,0.92200000,0.92200000,0.92200000,14.41000000,2026-06-11 02:38:59,13.28602000,1
2026-06-11 02:39:00,0.92200000,0.92200000,0.92200000,0.92200000,0.00000000,2026-06-11 02:39:59,0.00000000,0
2026-06-11 02:40:00,0.92200000,0.92200000,0.92200000,0.92200000,1141.06000000,2026-06-11 02:40:59,1052.05732000,2
2026-06-11 02:41:00,0.92200000,0.92300000,0.92200000,0.92300000,381.57000000,2026-06-11 02:41:59,351.81798000,3
2026-06-11 02:42:00,0.92300000,0.92300000,0.92300000,0.92300000,0.00000000,2026-06-11 02:42:59,0.00000000,0
2026-06-11 02:43:00,0.92300000,0.92300000,0.92300000,0.92300000,0.00000000,2026-06-11 02:43:59,0.00000000,0
2026-06-11 02:44:00,0.92200000,0.92200000,0.92200000,0.92200000,2178.19000000,2026-06-11 02:44:59,2008.29118000,5
2026-06-11 02:45:00,0.92200000,0.92200000,0.92200000,0.92200000,0.00000000,2026-06-11 02:45:59,0.00000000,0
2026-06-11 02:46:00,0.92200000,0.92300000,0.92200000,0.92300000,1484.63000000,2026-06-11 02:46:59,1369.96349000,6
2026-06-11 02:47:00,0.92100000,0.92100000,0.92100000,0.92100000,5.95000000,2026-06-11 02:47:59,5.47995000,1
2026-06-11 02:48:00,0.92100000,0.92100000,0.92100000,0.92100000,209.25000000,2026-06-11 02:48:59,192.71925000,1
2026-06-11 02:49:00,0.92100000,0.92100000,0.92100000,0.92100000,0.00000000,2026-06-11 02:49:59,0.00000000,0
2026-06-11 02:50:00,0.92100000,0.92100000,0.92100000,0.92100000,0.00000000,2026-06-11 02:50:59,0.00000000,0
2026-06-11 02:51:00,0.92100000,0.92200000,0.92100000,0.92100000,461.27000000,2026-06-11 02:51:59,424.95767000,7
2026-06-11 02:52:00,0.92100000,0.92100000,0.92100000,0.92100000,0.00000000,2026-06-11 02:52:59,0.00000000,0
2026-06-11 02:53:00,0.92100000,0.92100000,0.92100000,0.92100000,0.00000000,2026-06-11 02:53:59,0.00000000,0
2026-06-11 02:54:00,0.92100000,0.92100000,0.92100000,0.92100000,12.14000000,2026-06-11 02:54:59,11.18094000,1
2026-06-11 02:55:00,0.92100000,0.92100000,0.92100000,0.92100000,208.62000000,2026-06-11 02:55:59,192.13902000,2
2026-06-11 02:56:00,0.92100000,0.92100000,0.92100000,0.92100000,0.00000000,2026-06-11 02:56:59,0.00000000,0
2026-06-11 02:57:00,0.92100000,0.92100000,0.92100000,0.92100000,0.00000000,2026-06-11 02:57:59,0.00000000,0
2026-06-11 02:58:00,0.92000000,0.92000000,0.91900000,0.91900000,571.05000000,2026-06-11 02:58:59,525.34929000,5
2026-06-11 02:59:00,0.91900000,0.91900000,0.91900000,0.91900000,1102.88000000,2026-06-11 02:59:59,1013.54672000,4
2026-06-11 03:00:00,0.91900000,0.91900000,0.91900000,0.91900000,0.00000000,2026-06-11 03:00:59,0.00000000,0
2026-06-11 03:01:00,0.91900000,0.91900000,0.91900000,0.91900000,0.00000000,2026-06-11 03:01:59,0.00000000,0
2026-06-11 03:02:00,0.91900000,0.91900000,0.91900000,0.91900000,0.00000000,2026-06-11 03:02:59,0.00000000,0
2026-06-11 03:03:00,0.91900000,0.91900000,0.91900000,0.91900000,0.00000000,2026-06-11 03:03:59,0.00000000,0
2026-06-11 03:04:00,0.91900000,0.91900000,0.91800000,0.91800000,97.78000000,2026-06-11 03:04:59,89.82210000,3
2026-06-11 03:05:00,0.91700000,0.92000000,0.91700000,0.92000000,1038.16000000,2026-06-11 03:05:59,953.56148000,12
2026-06-11 03:06:00,0.92000000,0.92000000,0.92000000,0.92000000,0.00000000,2026-06-11 03:06:59,0.00000000,0
2026-06-11 03:07:00,0.91800000,0.91800000,0.91800000,0.91800000,104.97000000,2026-06-11 03:07:59,96.36246000,3
2026-06-11 03:08:00,0.91800000,0.91800000,0.91800000,0.91800000,0.00000000,2026-06-11 03:08:59,0.00000000,0
2026-06-11 03:09:00,0.91800000,0.91900000,0.91800000,0.91900000,6175.69000000,2026-06-11 03:09:59,5675.44697000,11
2026-06-11 03:10:00,0.91900000,0.91900000,0.91900000,0.91900000,18.55000000,2026-06-11 03:10:59,17.04745000,1
2026-06-11 03:11:00,0.92000000,0.92000000,0.92000000,0.92000000,54.88000000,2026-06-11 03:11:59,50.48960000,3
2026-06-11 03:12:00,0.92100000,0.92200000,0.92100000,0.92200000,805.41000000,2026-06-11 03:12:59,741.78808000,7
2026-06-11 03:13:00,0.92100000,0.92100000,0.92100000,0.92100000,364.28000000,2026-06-11 03:13:59,335.50188000,3
2026-06-11 03:14:00,0.92000000,0.92100000,0.92000000,0.92100000,217.55000000,2026-06-11 03:14:59,200.35525000,2
2026-06-11 03:15:00,0.92200000,0.92200000,0.92200000,0.92200000,115.36000000,2026-06-11 03:15:59,106.36192000,2
2026-06-11 03:16:00,0.92200000,0.92200000,0.92200000,0.92200000,104.47000000,2026-06-11 03:16:59,96.32134000,2
2026-06-11 03:17:00,0.92200000,0.92200000,0.92200000,0.92200000,0.00000000,2026-06-11 03:17:59,0.00000000,0
2026-06-11 03:18:00,0.92100000,0.92100000,0.92000000,0.92000000,184.49000000,2026-06-11 03:18:59,169.77929000,3
2026-06-11 03:19:00,0.92000000,0.92000000,0.92000000,0.92000000,132.29000000,2026-06-11 03:19:59,121.70680000,3
2026-06-11 03:20:00,0.92100000,0.92100000,0.92100000,0.92100000,356.52000000,2026-06-11 03:20:59,328.35492000,3
2026-06-11 03:21:00,0.92200000,0.92300000,0.92100000,0.92300000,1466.77000000,2026-06-11 03:21:59,1353.05715000,9
2026-06-11 03:22:00,0.92200000,0.92300000,0.92200000,0.92300000,572.32000000,2026-06-11 03:22:59,527.76871000,5
2026-06-11 03:23:00,0.92400000,0.92400000,0.92400000,0.92400000,379.29000000,2026-06-11 03:23:59,350.46396000,6
2026-06-11 03:24:00,0.92400000,0.92500000,0.92300000,0.92500000,2347.52000000,2026-06-11 03:24:59,2169.99686000,15
2026-06-11 03:25:00,0.92400000,0.92400000,0.92300000,0.92300000,182.01000000,2026-06-11 03:25:59,168.10280000,4
2026-06-11 03:26:00,0.92300000,0.92300000,0.92300000,0.92300000,240.17000000,2026-06-11 03:26:59,221.67691000,6
2026-06-11 03:27:00,0.92300000,0.92300000,0.92200000,0.92200000,183.79000000,2026-06-11 03:27:59,169.57223000,3
2026-06-11 03:28:00,0.92200000,0.92200000,0.92200000,0.92200000,149.38000000,2026-06-11 03:28:59,137.72836000,2
2026-06-11 03:29:00,0.92200000,0.92300000,0.92200000,0.92300000,2171.32000000,2026-06-11 03:29:59,2002.04731000,12
2026-06-11 03:30:00,0.92200000,0.92300000,0.92200000,0.92300000,280.80000000,2026-06-11 03:30:59,259.08675000,3
2026-06-11 03:31:00,0.92300000,0.92500000,0.92300000,0.92500000,253.79000000,2026-06-11 03:31:59,234.52026000,5
2026-06-11 03:32:00,0.92500000,0.92700000,0.92500000,0.92600000,372.84000000,2026-06-11 03:32:59,345.19182000,8
2026-06-11 03:33:00,0.92600000,0.92600000,0.92600000,0.92600000,488.36000000,2026-06-11 03:33:59,452.22136000,5
2026-06-11 03:34:00,0.92500000,0.92600000,0.92500000,0.92600000,161.21000000,2026-06-11 03:34:59,149.16596000,3
2026-06-11 03:35:00,0.92600000,0.92600000,0.92500000,0.92500000,2019.42000000,2026-06-11 03:35:59,1869.90603000,4
2026-06-11 03:36:00,0.92500000,0.92500000,0.92500000,0.92500000,128.36000000,2026-06-11 03:36:59,118.73300000,2
2026-06-11 03:37:00,0.92600000,0.92600000,0.92500000,0.92500000,1118.71000000,2026-06-11 03:37:59,1035.81758000,3
2026-06-11 03:38:00,0.92500000,0.92500000,0.92500000,0.92500000,0.00000000,2026-06-11 03:38:59,0.00000000,0
2026-06-11 03:39:00,0.92600000,0.92600000,0.92600000,0.92600000,1882.23000000,2026-06-11 03:39:59,1742.94498000,6
2026-06-11 03:40:00,0.92500000,0.92500000,0.92400000,0.92400000,15.66000000,2026-06-11 03:40:59,14.47576000,2
2026-06-11 03:41:00,0.92500000,0.92500000,0.92500000,0.92500000,205.50000000,2026-06-11 03:41:59,190.08750000,2
2026-06-11 03:42:00,0.92500000,0.92500000,0.92500000,0.92500000,108.10000000,2026-06-11 03:42:59,99.99250000,1
2026-06-11 03:43:00,0.92500000,0.92500000,0.92500000,0.92500000,0.00000000,2026-06-11 03:43:59,0.00000000,0
2026-06-11 03:44:00,0.92500000,0.92500000,0.92500000,0.92500000,0.00000000,2026-06-11 03:44:59,0.00000000,0
2026-06-11 03:45:00,0.92400000,0.92600000,0.92400000,0.92500000,9752.01000000,2026-06-11 03:45:59,9018.07858000,64
2026-06-11 03:46:00,0.92500000,0.92500000,0.92400000,0.92500000,2255.84000000,2026-06-11 03:46:59,2086.54293000,11
2026-06-11 03:47:00,0.92500000,0.92500000,0.92400000,0.92400000,1464.44000000,2026-06-11 03:47:59,1353.37400000,7
2026-06-11 03:48:00,0.92400000,0.92400000,0.92400000,0.92400000,0.00000000,2026-06-11 03:48:59,0.00000000,0
2026-06-11 03:49:00,0.92400000,0.92400000,0.92400000,0.92400000,243.04000000,2026-06-11 03:49:59,224.56896000,3
2026-06-11 03:50:00,0.92400000,0.92400000,0.92300000,0.92300000,1133.49000000,2026-06-11 03:50:59,1046.58349000,6
2026-06-11 03:51:00,0.92400000,0.92400000,0.92400000,0.92400000,808.36000000,2026-06-11 03:51:59,746.92464000,4
2026-06-11 03:52:00,0.92400000,0.92500000,0.92400000,0.92400000,338.96000000,2026-06-11 03:52:59,313.21354000,4
2026-06-11 03:53:00,0.92300000,0.92300000,0.92300000,0.92300000,90.67000000,2026-06-11 03:53:59,83.68841000,3
2026-06-11 03:54:00,0.92300000,0.92300000,0.92300000,0.92300000,91.84000000,2026-06-11 03:54:59,84.76832000,1
2026-06-11 03:55:00,0.92300000,0.92300000,0.92300000,0.92300000,0.00000000,2026-06-11 03:55:59,0.00000000,0
2026-06-11 03:56:00,0.92300000,0.92300000,0.92300000,0.92300000,0.00000000,2026-06-11 03:56:59,0.00000000,0
2026-06-11 03:57:00,0.92200000,0.92200000,0.92200000,0.92200000,108.34000000,2026-06-11 03:57:59,99.88948000,2
2026-06-11 03:58:00,0.92200000,0.92200000,0.92200000,0.92200000,108.34000000,2026-06-11 03:58:59,99.88948000,1
2026-06-11 03:59:00,0.92200000,0.92200000,0.92200000,0.92200000,0.00000000,2026-06-11 03:59:59,0.00000000,0
2026-06-11 04:00:00,0.92200000,0.92200000,0.92100000,0.92200000,4770.15000000,2026-06-11 04:00:59,4397.96972000,10
2026-06-11 04:01:00,0.92200000,0.92200000,0.92200000,0.92200000,163.89000000,2026-06-11 04:01:59,151.10658000,3
2026-06-11 04:02:00,0.92300000,0.92300000,0.92300000,0.92300000,4287.14000000,2026-06-11 04:02:59,3957.03022000,15
2026-06-11 04:03:00,0.92300000,0.92400000,0.92300000,0.92400000,507.07000000,2026-06-11 04:03:59,468.13384000,4
2026-06-11 04:04:00,0.92400000,0.92400000,0.92400000,0.92400000,0.00000000,2026-06-11 04:04:59,0.00000000,0
2026-06-11 04:05:00,0.92300000,0.92300000,0.92300000,0.92300000,1820.86000000,2026-06-11 04:05:59,1680.65378000,3
2026-06-11 04:06:00,0.92300000,0.92300000,0.92300000,0.92300000,0.00000000,2026-06-11 04:06:59,0.00000000,0
2026-06-11 04:07:00,0.92300000,0.92300000,0.92300000,0.92300000,0.00000000,2026-06-11 04:07:59,0.00000000,0
2026-06-11 04:08:00,0.92300000,0.92300000,0.92300000,0.92300000,0.00000000,2026-06-11 04:08:59,0.00000000,0
2026-06-11 04:09:00,0.92200000,0.92300000,0.92200000,0.92300000,418.50000000,2026-06-11 04:09:59,386.18184000,6
2026-06-11 04:10:00,0.92400000,0.92400000,0.92400000,0.92400000,678.98000000,2026-06-11 04:10:59,627.37752000,8
2026-06-11 04:11:00,0.92400000,0.92400000,0.92400000,0.92400000,1758.73000000,2026-06-11 04:11:59,1625.06652000,2
2026-06-11 04:12:00,0.92300000,0.92300000,0.92300000,0.92300000,2280.28000000,2026-06-11 04:12:59,2104.69844000,10
2026-06-11 04:13:00,0.92300000,0.92300000,0.92300000,0.92300000,1259.40000000,2026-06-11 04:13:59,1162.42620000,6
2026-06-11 04:14:00,0.92300000,0.92300000,0.92300000,0.92300000,108.34000000,2026-06-11 04:14:59,99.99782000,2
2026-06-11 04:15:00,0.92300000,0.92300000,0.92300000,0.92300000,1153.40000000,2026-06-11 04:15:59,1064.58820000,3
2026-06-11 04:16:00,0.92400000,0.92400000,0.92400000,0.92400000,114.71000000,2026-06-11 04:16:59,105.99204000,2
2026-06-11 04:17:00,0.92300000,0.92400000,0.92300000,0.92400000,1825.97000000,2026-06-11 04:17:59,1687.18324000,8
2026-06-11 04:18:00,0.92500000,0.92500000,0.92500000,0.92500000,207.26000000,2026-06-11 04:18:59,191.71550000,3
2026-06-11 04:19:00,0.92500000,0.92600000,0.92500000,0.92600000,852.73000000,2026-06-11 04:19:59,789.56493000,14
2026-06-11 04:20:00,0.92700000,0.92800000,0.92700000,0.92700000,726.46000000,2026-06-11 04:20:59,673.43489000,8
2026-06-11 04:21:00,0.92700000,0.92700000,0.92700000,0.92700000,209.25000000,2026-06-11 04:21:59,193.97475000,2
2026-06-11 04:22:00,0.92700000,0.92700000,0.92700000,0.92700000,187.96000000,2026-06-11 04:22:59,174.23892000,2
2026-06-11 04:23:00,0.92600000,0.92600000,0.92400000,0.92500000,4521.10000000,2026-06-11 04:23:59,4181.56287000,18
2026-06-11 04:24:00,0.92500000,0.92500000,0.92500000,0.92500000,0.00000000,2026-06-11 04:24:59,0.00000000,0
2026-06-11 04:25:00,0.92400000,0.92400000,0.92300000,0.92300000,2528.09000000,2026-06-11 04:25:59,2335.90531000,8
2026-06-11 04:26:00,0.92400000,0.92400000,0.92300000,0.92400000,6928.89000000,2026-06-11 04:26:59,6400.03433000,23
2026-06-11 04:27:00,0.92400000,0.92400000,0.92400000,0.92400000,165.22000000,2026-06-11 04:27:59,152.66328000,2
2026-06-11 04:28:00,0.92400000,0.92400000,0.92400000,0.92400000,0.00000000,2026-06-11 04:28:59,0.00000000,0
2026-06-11 04:29:00,0.92500000,0.92500000,0.92500000,0.92500000,3810.23000000,2026-06-11 04:29:59,3524.46275000,10
2026-06-11 04:30:00,0.92500000,0.92500000,0.92500000,0.92500000,108.11000000,2026-06-11 04:30:59,100.00175000,1
2026-06-11 04:31:00,0.92400000,0.92400000,0.92400000,0.92400000,821.90000000,2026-06-11 04:31:59,759.43560000,2
2026-06-11 04:32:00,0.92400000,0.92400000,0.92400000,0.92400000,0.00000000,2026-06-11 04:32:59,0.00000000,0
2026-06-11 04:33:00,0.92400000,0.92400000,0.92400000,0.92400000,0.00000000,2026-06-11 04:33:59,0.00000000,0
2026-06-11 04:34:00,0.92300000,0.92300000,0.92300000,0.92300000,1436.70000000,2026-06-11 04:34:59,1326.07410000,6
2026-06-11 04:35:00,0.92300000,0.92300000,0.92200000,0.92200000,568.97000000,2026-06-11 04:35:59,525.03522000,6
2026-06-11 04:36:00,0.92200000,0.92200000,0.92200000,0.92200000,0.00000000,2026-06-11 04:36:59,0.00000000,0
2026-06-11 04:37:00,0.92200000,0.92200000,0.92200000,0.92200000,2235.44000000,2026-06-11 04:37:59,2061.07568000,4
2026-06-11 04:38:00,0.92100000,0.92100000,0.92000000,0.92000000,1059.84000000,2026-06-11 04:38:59,976.10669000,3
2026-06-11 04:39:00,0.92000000,0.92000000,0.92000000,0.92000000,0.00000000,2026-06-11 04:39:59,0.00000000,0
2026-06-11 04:40:00,0.91900000,0.91900000,0.91900000,0.91900000,2806.62000000,2026-06-11 04:40:59,2579.28378000,7
2026-06-11 04:41:00,0.91900000,0.91900000,0.91900000,0.91900000,0.00000000,2026-06-11 04:41:59,0.00000000,0
2026-06-11 04:42:00,0.91900000,0.91900000,0.91900000,0.91900000,0.00000000,2026-06-11 04:42:59,0.00000000,0
2026-06-11 04:43:00,0.91900000,0.91900000,0.91900000,0.91900000,0.00000000,2026-06-11 04:43:59,0.00000000,0
2026-06-11 04:44:00,0.92000000,0.92000000,0.92000000,0.92000000,17.10000000,2026-06-11 04:44:59,15.73200000,2
2026-06-11 04:45:00,0.92000000,0.92000000,0.92000000,0.92000000,0.00000000,2026-06-11 04:45:59,0.00000000,0
2026-06-11 04:46:00,0.92000000,0.92100000,0.92000000,0.92000000,997.80000000,2026-06-11 04:46:59,918.41032000,9
2026-06-11 04:47:00,0.92000000,0.92000000,0.92000000,0.92000000,0.00000000,2026-06-11 04:47:59,0.00000000,0
2026-06-11 04:48:00,0.92100000,0.92100000,0.92100000,0.92100000,6.89000000,2026-06-11 04:48:59,6.34569000,2
2026-06-11 04:49:00,0.92100000,0.92100000,0.92100000,0.92100000,209.25000000,2026-06-11 04:49:59,192.71925000,1
2026-06-11 04:50:00,0.92100000,0.92100000,0.92100000,0.92100000,283.02000000,2026-06-11 04:50:59,260.66142000,2
2026-06-11 04:51:00,0.92100000,0.92100000,0.92100000,0.92100000,184.73000000,2026-06-11 04:51:59,170.13633000,1
2026-06-11 04:52:00,0.92100000,0.92100000,0.92100000,0.92100000,82.35000000,2026-06-11 04:52:59,75.84435000,1
2026-06-11 04:53:00,0.92100000,0.92100000,0.92100000,0.92100000,0.00000000,2026-06-11 04:53:59,0.00000000,0
2026-06-11 04:54:00,0.92000000,0.92000000,0.92000000,0.92000000,116.73000000,2026-06-11 04:54:59,107.39160000,4
2026-06-11 04:55:00,0.91900000,0.92000000,0.91900000,0.92000000,123.81000000,2026-06-11 04:55:59,113.79639000,2
2026-06-11 04:56:00,0.91900000,0.92000000,0.91900000,0.92000000,1588.10000000,2026-06-11 04:56:59,1461.04326000,9
2026-06-11 04:57:00,0.92100000,0.92100000,0.92100000,0.92100000,1338.79000000,2026-06-11 04:57:59,1233.02559000,4
2026-06-11 04:58:00,0.92000000,0.92000000,0.92000000,0.92000000,108.58000000,2026-06-11 04:58:59,99.89360000,1
2026-06-11 04:59:00,0.92000000,0.92000000,0.92000000,0.92000000,0.00000000,2026-06-11 04:59:59,0.00000000,0
2026-06-11 05:00:00,0.92100000,0.92100000,0.92100000,0.92100000,3929.37000000,2026-06-11 05:00:59,3618.94977000,11
2026-06-11 05:01:00,0.92100000,0.92100000,0.92100000,0.92100000,1230.35000000,2026-06-11 05:01:59,1133.15235000,2
2026-06-11 05:02:00,0.92000000,0.92100000,0.92000000,0.92100000,115.25000000,2026-06-11 05:02:59,106.13858000,3
2026-06-11 05:03:00,0.92200000,0.92200000,0.92200000,0.92200000,1129.88000000,2026-06-11 05:03:59,1041.74936000,5
2026-06-11 05:04:00,0.92200000,0.92200000,0.92200000,0.92200000,0.00000000,2026-06-11 05:04:59,0.00000000,0
2026-06-11 05:05:00,0.92100000,0.92100000,0.92100000,0.92100000,11.91000000,2026-06-11 05:05:59,10.96911000,1
2026-06-11 05:06:00,0.92100000,0.92100000,0.92100000,0.92100000,10.00000000,2026-06-11 05:06:59,9.21000000,1
2026-06-11 05:07:00,0.92100000,0.92200000,0.92100000,0.92100000,3025.32000000,2026-06-11 05:07:59,2786.39272000,16
2026-06-11 05:08:00,0.92100000,0.92100000,0.92100000,0.92100000,1072.50000000,2026-06-11 05:08:59,987.77250000,2
2026-06-11 05:09:00,0.92100000,0.92100000,0.92100000,0.92100000,4035.68000000,2026-06-11 05:09:59,3716.86128000,10
2026-06-11 05:10:00,0.92200000,0.92200000,0.92200000,0.92200000,8840.49000000,2026-06-11 05:10:59,8150.93178000,12
2026-06-11 05:11:00,0.92300000,0.92300000,0.92300000,0.92300000,111.24000000,2026-06-11 05:11:59,102.67452000,3
2026-06-11 05:12:00,0.92300000,0.92300000,0.92300000,0.92300000,0.00000000,2026-06-11 05:12:59,0.00000000,0
2026-06-11 05:13:00,0.92400000,0.92400000,0.92400000,0.92400000,16.77000000,2026-06-11 05:13:59,15.49548000,2
2026-06-11 05:14:00,0.92400000,0.92400000,0.92400000,0.92400000,0.00000000,2026-06-11 05:14:59,0.00000000,0
2026-06-11 05:15:00,0.92400000,0.92400000,0.92400000,0.92400000,0.00000000,2026-06-11 05:15:59,0.00000000,0
2026-06-11 05:16:00,0.92400000,0.92500000,0.92400000,0.92500000,108.64000000,2026-06-11 05:16:59,100.39300000,2
2026-06-11 05:17:00,0.92400000,0.92400000,0.92400000,0.92400000,42.38000000,2026-06-11 05:17:59,39.15912000,1
2026-06-11 05:18:00,0.92400000,0.92400000,0.92400000,0.92400000,0.00000000,2026-06-11 05:18:59,0.00000000,0
2026-06-11 05:19:00,0.92400000,0.92400000,0.92400000,0.92400000,230.82000000,2026-06-11 05:19:59,213.27768000,3
2026-06-11 05:20:00,0.92400000,0.92400000,0.92400000,0.92400000,0.00000000,2026-06-11 05:20:59,0.00000000,0
2026-06-11 05:21:00,0.92400000,0.92400000,0.92400000,0.92400000,0.00000000,2026-06-11 05:21:59,0.00000000,0
2026-06-11 05:22:00,0.92400000,0.92400000,0.92400000,0.92400000,773.19000000,2026-06-11 05:22:59,714.42756000,1
2026-06-11 05:23:00,0.92500000,0.92500000,0.92500000,0.92500000,231.38000000,2026-06-11 05:23:59,214.02650000,3
2026-06-11 05:24:00,0.92500000,0.92600000,0.92500000,0.92500000,339.37000000,2026-06-11 05:24:59,314.03159000,6
2026-06-11 05:25:00,0.92600000,0.92600000,0.92600000,0.92600000,767.76000000,2026-06-11 05:25:59,710.94576000,5
2026-06-11 05:26:00,0.92600000,0.92600000,0.92600000,0.92600000,0.00000000,2026-06-11 05:26:59,0.00000000,0
2026-06-11 05:27:00,0.92600000,0.92600000,0.92600000,0.92600000,0.00000000,2026-06-11 05:27:59,0.00000000,0
2026-06-11 05:28:00,0.92700000,0.92700000,0.92700000,0.92700000,405.78000000,2026-06-11 05:28:59,376.15806000,4
2026-06-11 05:29:00,0.92700000,0.92700000,0.92700000,0.92700000,0.00000000,2026-06-11 05:29:59,0.00000000,0
2026-06-11 05:30:00,0.92800000,0.92800000,0.92800000,0.92800000,356.82000000,2026-06-11 05:30:59,331.12896000,4
2026-06-11 05:31:00,0.92900000,0.92900000,0.92900000,0.92900000,661.87000000,2026-06-11 05:31:59,614.87723000,9
2026-06-11 05:32:00,0.92900000,0.92900000,0.92900000,0.92900000,0.00000000,2026-06-11 05:32:59,0.00000000,0
2026-06-11 05:33:00,0.92800000,0.92800000,0.92800000,0.92800000,6.03000000,2026-06-11 05:33:59,5.59584000,1
2026-06-11 05:34:00,0.92900000,0.92900000,0.92900000,0.92900000,6.45000000,2026-06-11 05:34:59,5.99205000,1
2026-06-11 05:35:00,0.92900000,0.92900000,0.92900000,0.92900000,0.00000000,2026-06-11 05:35:59,0.00000000,0
2026-06-11 05:36:00,0.92900000,0.92900000,0.92800000,0.92800000,1105.31000000,2026-06-11 05:36:59,1025.73522000,4
2026-06-11 05:37:00,0.92800000,0.92800000,0.92800000,0.92800000,0.00000000,2026-06-11 05:37:59,0.00000000,0
2026-06-11 05:38:00,0.92800000,0.92800000,0.92800000,0.92800000,2000.00000000,2026-06-11 05:38:59,1856.00000000,7
2026-06-11 05:39:00,0.92700000,0.92800000,0.92700000,0.92800000,523.58000000,2026-06-11 05:39:59,485.63857000,5
2026-06-11 05:40:00,0.92700000,0.92700000,0.92600000,0.92600000,1138.00000000,2026-06-11 05:40:59,1054.87960000,5
2026-06-11 05:41:00,0.92500000,0.92600000,0.92500000,0.92500000,760.44000000,2026-06-11 05:41:59,703.62571000,8
2026-06-11 05:42:00,0.92400000,0.92400000,0.92400000,0.92400000,1311.03000000,2026-06-11 05:42:59,1211.39172000,9
2026-06-11 05:43:00,0.92400000,0.92400000,0.92400000,0.92400000,1466.94000000,2026-06-11 05:43:59,1355.45256000,2
2026-06-11 05:44:00,0.92400000,0.92400000,0.92400000,0.92400000,410.87000000,2026-06-11 05:44:59,379.64388000,1
2026-06-11 05:45:00,0.92400000,0.92400000,0.92400000,0.92400000,0.00000000,2026-06-11 05:45:59,0.00000000,0
2026-06-11 05:46:00,0.92300000,0.92400000,0.92300000,0.92400000,194.28000000,2026-06-11 05:46:59,179.33069000,4
2026-06-11 05:47:00,0.92400000,0.92400000,0.92400000,0.92400000,0.00000000,2026-06-11 05:47:59,0.00000000,0
2026-06-11 05:48:00,0.92400000,0.92500000,0.92400000,0.92500000,1118.46000000,2026-06-11 05:48:59,1033.57081000,6
2026-06-11 05:49:00,0.92400000,0.92400000,0.92400000,0.92400000,1996.13000000,2026-06-11 05:49:59,1844.42412000,12
2026-06-11 05:50:00,0.92400000,0.92400000,0.92400000,0.92400000,719.79000000,2026-06-11 05:50:59,665.08596000,3
2026-06-11 05:51:00,0.92400000,0.92400000,0.92400000,0.92400000,0.00000000,2026-06-11 05:51:59,0.00000000,0
2026-06-11 05:52:00,0.92500000,0.92500000,0.92500000,0.92500000,2036.74000000,2026-06-11 05:52:59,1883.98450000,9
2026-06-11 05:53:00,0.92400000,0.92400000,0.92400000,0.92400000,61.15000000,2026-06-11 05:53:59,56.50260000,2
2026-06-11 05:54:00,0.92400000,0.92400000,0.92400000,0.92400000,0.00000000,2026-06-11 05:54:59,0.00000000,0
2026-06-11 05:55:00,0.92500000,0.92500000,0.92500000,0.92500000,209.25000000,2026-06-11 05:55:59,193.55625000,1
2026-06-11 05:56:00,0.92400000,0.92500000,0.92400000,0.92500000,871.30000000,2026-06-11 05:56:59,805.94414000,7
2026-06-11 05:57:00,0.92500000,0.92500000,0.92500000,0.92500000,284.86000000,2026-06-11 05:57:59,263.49550000,2
2026-06-11 05:58:00,0.92500000,0.92500000,0.92500000,0.92500000,0.00000000,2026-06-11 05:58:59,0.00000000,0
2026-06-11 05:59:00,0.92400000,0.92400000,0.92400000,0.92400000,1833.12000000,2026-06-11 05:59:59,1693.80288000,7
2026-06-11 06:00:00,0.92400000,0.92400000,0.92400000,0.92400000,50.00000000,2026-06-11 06:00:59,46.20000000,1
2026-06-11 06:01:00,0.92500000,0.92600000,0.92500000,0.92600000,2521.05000000,2026-06-11 06:01:59,2333.16524000,7
2026-06-11 06:02:00,0.92700000,0.92700000,0.92700000,0.92700000,59.51000000,2026-06-11 06:02:59,55.16577000,3
2026-06-11 06:03:00,0.92700000,0.92700000,0.92700000,0.92700000,1231.40000000,2026-06-11 06:03:59,1141.50780000,3
2026-06-11 06:04:00,0.92700000,0.92700000,0.92600000,0.92600000,1047.65000000,2026-06-11 06:04:59,971.15439000,7
2026-06-11 06:05:00,0.92600000,0.92600000,0.92600000,0.92600000,91.45000000,2026-06-11 06:05:59,84.68270000,1
2026-06-11 06:06:00,0.92500000,0.92500000,0.92400000,0.92400000,1117.50000000,2026-06-11 06:06:59,1032.66646000,4
2026-06-11 06:07:00,0.92400000,0.92500000,0.92400000,0.92400000,1791.74000000,2026-06-11 06:07:59,1655.89664000,6
2026-06-11 06:08:00,0.92500000,0.92500000,0.92400000,0.92400000,1354.92000000,2026-06-11 06:08:59,1252.03650000,5
2026-06-11 06:09:00,0.92400000,0.92400000,0.92400000,0.92400000,90.34000000,2026-06-11 06:09:59,83.47416000,1
2026-06-11 06:10:00,0.92400000,0.92400000,0.92300000,0.92400000,196.76000000,2026-06-11 06:10:59,181.78999000,3
2026-06-11 06:11:00,0.92300000,0.92300000,0.92300000,0.92300000,1065.61000000,2026-06-11 06:11:59,983.55803000,2
2026-06-11 06:12:00,0.92300000,0.92400000,0.92300000,0.92400000,297.30000000,2026-06-11 06:12:59,274.49812000,2
2026-06-11 06:13:00,0.92300000,0.92300000,0.92100000,0.92100000,534.26000000,2026-06-11 06:13:59,492.59205000,6
2026-06-11 06:14:00,0.92100000,0.92100000,0.92100000,0.92100000,0.00000000,2026-06-11 06:14:59,0.00000000,0
2026-06-11 06:15:00,0.92100000,0.92100000,0.92100000,0.92100000,110.43000000,2026-06-11 06:15:59,101.70603000,2
2026-06-11 06:16:00,0.92100000,0.92100000,0.92100000,0.92100000,4002.24000000,2026-06-11 06:16:59,3686.06304000,5
2026-06-11 06:17:00,0.92000000,0.92000000,0.92000000,0.92000000,108.58000000,2026-06-11 06:17:59,99.89360000,2
2026-06-11 06:18:00,0.92100000,0.92100000,0.92100000,0.92100000,1114.80000000,2026-06-11 06:18:59,1026.73080000,2
2026-06-11 06:19:00,0.92100000,0.92200000,0.92100000,0.92200000,717.98000000,2026-06-11 06:19:59,661.26758000,4
2026-06-11 06:20:00,0.92100000,0.92100000,0.92100000,0.92100000,1224.20000000,2026-06-11 06:20:59,1127.48820000,7
2026-06-11 06:21:00,0.92100000,0.92100000,0.92100000,0.92100000,0.00000000,2026-06-11 06:21:59,0.00000000,0
2026-06-11 06:22:00,0.92100000,0.92100000,0.92100000,0.92100000,9.06000000,2026-06-11 06:22:59,8.34426000,1
2026-06-11 06:23:00,0.92100000,0.92100000,0.92000000,0.92000000,2229.67000000,2026-06-11 06:23:59,2053.38745000,9
2026-06-11 06:24:00,0.92100000,0.92100000,0.92100000,0.92100000,384.11000000,2026-06-11 06:24:59,353.76531000,4
2026-06-11 06:25:00,0.92100000,0.92100000,0.92100000,0.92100000,0.00000000,2026-06-11 06:25:59,0.00000000,0
2026-06-11 06:26:00,0.92100000,0.92100000,0.92100000,0.92100000,181.47000000,2026-06-11 06:26:59,167.13387000,2
2026-06-11 06:27:00,0.92200000,0.92200000,0.92200000,0.92200000,12.51000000,2026-06-11 06:27:59,11.53422000,1
2026-06-11 06:28:00,0.92100000,0.92200000,0.92100000,0.92200000,121.68000000,2026-06-11 06:28:59,112.18170000,3
2026-06-11 06:29:00,0.92200000,0.92200000,0.92200000,0.92200000,0.00000000,2026-06-11 06:29:59,0.00000000,0
2026-06-11 06:30:00,0.92200000,0.92300000,0.92200000,0.92300000,1572.00000000,2026-06-11 06:30:59,1450.76493000,6
2026-06-11 06:31:00,0.92300000,0.92500000,0.92300000,0.92500000,2988.78000000,2026-06-11 06:31:59,2758.71589000,6
2026-06-11 06:32:00,0.92600000,0.92600000,0.92600000,0.92600000,8.96000000,2026-06-11 06:32:59,8.29696000,2
2026-06-11 06:33:00,0.92500000,0.92500000,0.92400000,0.92400000,1587.69000000,2026-06-11 06:33:59,1468.30832000,8
2026-06-11 06:34:00,0.92400000,0.92400000,0.92400000,0.92400000,0.00000000,2026-06-11 06:34:59,0.00000000,0
2026-06-11 06:35:00,0.92300000,0.92300000,0.92300000,0.92300000,1892.28000000,2026-06-11 06:35:59,1746.57444000,6
2026-06-11 06:36:00,0.92300000,0.92400000,0.92300000,0.92400000,2220.90000000,2026-06-11 06:36:59,2052.00326000,6
2026-06-11 06:37:00,0.92400000,0.92400000,0.92400000,0.92400000,0.00000000,2026-06-11 06:37:59,0.00000000,0
2026-06-11 06:38:00,0.92400000,0.92400000,0.92400000,0.92400000,0.00000000,2026-06-11 06:38:59,0.00000000,0
2026-06-11 06:39:00,0.92400000,0.92400000,0.92400000,0.92400000,2148.58000000,2026-06-11 06:39:59,1985.28792000,3
2026-06-11 06:40:00,0.92300000,0.92300000,0.92300000,0.92300000,5.93000000,2026-06-11 06:40:59,5.47339000,1
2026-06-11 06:41:00,0.92300000,0.92300000,0.92300000,0.92300000,0.00000000,2026-06-11 06:41:59,0.00000000,0
2026-06-11 06:42:00,0.92200000,0.92200000,0.92200000,0.92200000,108.34000000,2026-06-11 06:42:59,99.88948000,3
2026-06-11 06:43:00,0.92200000,0.92200000,0.92200000,0.92200000,0.00000000,2026-06-11 06:43:59,0.00000000,0
2026-06-11 06:44:00,0.92200000,0.92200000,0.92200000,0.92200000,0.00000000,2026-06-11 06:44:59,0.00000000,0
2026-06-11 06:45:00,0.92200000,0.92200000,0.92200000,0.92200000,0.00000000,2026-06-11 06:45:59,0.00000000,0
2026-06-11 06:46:00,0.92200000,0.92200000,0.92200000,0.92200000,0.00000000,2026-06-11 06:46:59,0.00000000,0
2026-06-11 06:47:00,0.92200000,0.92200000,0.92200000,0.92200000,0.00000000,2026-06-11 06:47:59,0.00000000,0
2026-06-11 06:48:00,0.92200000,0.92200000,0.92100000,0.92200000,108.10000000,2026-06-11 06:48:59,99.62342000,5
2026-06-11 06:49:00,0.92200000,0.92200000,0.92200000,0.92200000,0.00000000,2026-06-11 06:49:59,0.00000000,0
2026-06-11 06:50:00,0.92200000,0.92200000,0.92200000,0.92200000,0.00000000,2026-06-11 06:50:59,0.00000000,0
2026-06-11 06:51:00,0.92200000,0.92300000,0.92200000,0.92300000,6042.07000000,2026-06-11 06:51:59,5574.86181000,21
2026-06-11 06:52:00,0.92300000,0.92300000,0.92300000,0.92300000,776.79000000,2026-06-11 06:52:59,716.97717000,2
2026-06-11 06:53:00,0.92300000,0.92300000,0.92300000,0.92300000,0.00000000,2026-06-11 06:53:59,0.00000000,0
2026-06-11 06:54:00,0.92300000,0.92300000,0.92300000,0.92300000,0.00000000,2026-06-11 06:54:59,0.00000000,0
2026-06-11 06:55:00,0.92300000,0.92300000,0.92300000,0.92300000,0.00000000,2026-06-11 06:55:59,0.00000000,0
2026-06-11 06:56:00,0.92200000,0.92200000,0.92200000,0.92200000,2084.30000000,2026-06-11 06:56:59,1921.72460000,6
2026-06-11 06:57:00,0.92100000,0.92100000,0.92100000,0.92100000,6.06000000,2026-06-11 06:57:59,5.58126000,1
2026-06-11 06:58:00,0.92100000,0.92100000,0.92100000,0.92100000,12.39000000,2026-06-11 06:58:59,11.41119000,1
2026-06-11 06:59:00,0.92100000,0.92100000,0.92100000,0.92100000,0.00000000,2026-06-11 06:59:59,0.00000000,0
2026-06-11 07:00:00,0.92200000,0.92200000,0.92200000,0.92200000,3301.49000000,2026-06-11 07:00:59,3043.97378000,8
2026-06-11 07:01:00,0.92200000,0.92200000,0.92200000,0.92200000,0.00000000,2026-06-11 07:01:59,0.00000000,0
2026-06-11 07:02:00,0.92100000,0.92100000,0.92100000,0.92100000,112.54000000,2026-06-11 07:02:59,103.64934000,2
2026-06-11 07:03:00,0.92100000,0.92100000,0.92100000,0.92100000,0.00000000,2026-06-11 07:03:59,0.00000000,0
2026-06-11 07:04:00,0.92100000,0.92100000,0.92100000,0.92100000,1471.83000000,2026-06-11 07:04:59,1355.55543000,8
2026-06-11 07:05:00,0.92100000,0.92100000,0.92100000,0.92100000,2416.94000000,2026-06-11 07:05:59,2226.00174000,4
2026-06-11 07:06:00,0.92100000,0.92200000,0.92100000,0.92200000,2788.85000000,2026-06-11 07:06:59,2568.53681000,11
2026-06-11 07:07:00,0.92300000,0.92400000,0.92300000,0.92400000,11.90000000,2026-06-11 07:07:59,10.98965000,2
2026-06-11 07:08:00,0.92400000,0.92500000,0.92400000,0.92400000,183.82000000,2026-06-11 07:08:59,169.87380000,3
2026-06-11 07:09:00,0.92400000,0.92400000,0.92400000,0.92400000,0.00000000,2026-06-11 07:09:59,0.00000000,0
2026-06-11 07:10:00,0.92400000,0.92400000,0.92400000,0.92400000,0.00000000,2026-06-11 07:10:59,0.00000000,0
2026-06-11 07:11:00,0.92400000,0.92400000,0.92400000,0.92400000,0.00000000,2026-06-11 07:11:59,0.00000000,0
2026-06-11 07:12:00,0.92300000,0.92300000,0.92300000,0.92300000,1359.17000000,2026-06-11 07:12:59,1254.51391000,8
2026-06-11 07:13:00,0.92200000,0.92300000,0.92200000,0.92200000,91.93000000,2026-06-11 07:13:59,84.78060000,4
2026-06-11 07:14:00,0.92300000,0.92300000,0.92300000,0.92300000,8.27000000,2026-06-11 07:14:59,7.63321000,1
2026-06-11 07:15:00,0.92300000,0.92300000,0.92300000,0.92300000,0.00000000,2026-06-11 07:15:59,0.00000000,0
2026-06-11 07:16:00,0.92300000,0.92300000,0.92300000,0.92300000,90.13000000,2026-06-11 07:16:59,83.18999000,1
2026-06-11 07:17:00,0.92200000,0.92200000,0.92100000,0.92100000,7096.98000000,2026-06-11 07:17:59,6541.95052000,19
2026-06-11 07:18:00,0.92200000,0.92300000,0.92100000,0.92100000,1831.98000000,2026-06-11 07:18:59,1688.75711000,10
2026-06-11 07:19:00,0.92100000,0.92100000,0.92100000,0.92100000,311.38000000,2026-06-11 07:19:59,286.78098000,3
2026-06-11 07:20:00,0.92100000,0.92100000,0.92100000,0.92100000,1800.10000000,2026-06-11 07:20:59,1657.89210000,4
2026-06-11 07:21:00,0.92100000,0.92100000,0.92100000,0.92100000,0.00000000,2026-06-11 07:21:59,0.00000000,0
2026-06-11 07:22:00,0.92100000,0.92100000,0.92100000,0.92100000,564.31000000,2026-06-11 07:22:59,519.72951000,2
2026-06-11 07:23:00,0.92100000,0.92100000,0.92100000,0.92100000,5668.76000000,2026-06-11 07:23:59,5220.92796000,12
2026-06-11 07:24:00,0.92100000,0.92200000,0.92100000,0.92200000,481.67000000,2026-06-11 07:24:59,443.63507000,18
2026-06-11 07:25:00,0.92200000,0.92300000,0.92200000,0.92300000,180.00000000,2026-06-11 07:25:59,166.05000000,2
2026-06-11 07:26:00,0.92200000,0.92200000,0.92100000,0.92100000,3692.95000000,2026-06-11 07:26:59,3403.02594000,10
2026-06-11 07:27:00,0.92100000,0.92100000,0.92100000,0.92100000,10.00000000,2026-06-11 07:27:59,9.21000000,1
2026-06-11 07:28:00,0.92100000,0.92100000,0.92100000,0.92100000,0.00000000,2026-06-11 07:28:59,0.00000000,0
2026-06-11 07:29:00,0.92200000,0.92200000,0.92200000,0.92200000,1421.54000000,2026-06-11 07:29:59,1310.65988000,4
2026-06-11 07:30:00,0.92200000,0.92200000,0.92200000,0.92200000,288.10000000,2026-06-11 07:30:59,265.62820000,1
2026-06-11 07:31:00,0.92200000,0.92300000,0.92200000,0.92300000,2974.34000000,2026-06-11 07:31:59,2742.59848000,16
2026-06-11 07:32:00,0.92200000,0.92200000,0.92200000,0.92200000,1073.06000000,2026-06-11 07:32:59,989.36132000,2
2026-06-11 07:33:00,0.92100000,0.92100000,0.92100000,0.92100000,452.45000000,2026-06-11 07:33:59,416.70645000,5
2026-06-11 07:34:00,0.92100000,0.92100000,0.92100000,0.92100000,0.00000000,2026-06-11 07:34:59,0.00000000,0
2026-06-11 07:35:00,0.92100000,0.92100000,0.92100000,0.92100000,0.00000000,2026-06-11 07:35:59,0.00000000,0
2026-06-11 07:36:00,0.92100000,0.92200000,0.92100000,0.92200000,1200.46000000,2026-06-11 07:36:59,1105.71448000,3
2026-06-11 07:37:00,0.92200000,0.92200000,0.92200000,0.92200000,0.00000000,2026-06-11 07:37:59,0.00000000,0
2026-06-11 07:38:00,0.92100000,0.92200000,0.92100000,0.92200000,1137.08000000,2026-06-11 07:38:59,1047.45776000,6
2026-06-11 07:39:00,0.92100000,0.92100000,0.92000000,0.92000000,1213.00000000,2026-06-11 07:39:59,1117.05036000,7
2026-06-11 07:40:00,0.92000000,0.92000000,0.92000000,0.92000000,0.00000000,2026-06-11 07:40:59,0.00000000,0
2026-06-11 07:41:00,0.92000000,0.92000000,0.91900000,0.91900000,118.81000000,2026-06-11 07:41:59,109.19639000,2
2026-06-11 07:42:00,0.92000000,0.92000000,0.92000000,0.92000000,250.36000000,2026-06-11 07:42:59,230.33120000,3
2026-06-11 07:43:00,0.92000000,0.92000000,0.92000000,0.92000000,209.25000000,2026-06-11 07:43:59,192.51000000,2
2026-06-11 07:44:00,0.92000000,0.92000000,0.92000000,0.92000000,859.60000000,2026-06-11 07:44:59,790.83200000,3
2026-06-11 07:45:00,0.92000000,0.92200000,0.92000000,0.92100000,9314.27000000,2026-06-11 07:45:59,8581.52069000,38
2026-06-11 07:46:00,0.92100000,0.92100000,0.92100000,0.92100000,0.00000000,2026-06-11 07:46:59,0.00000000,0
2026-06-11 07:47:00,0.92100000,0.92100000,0.92100000,0.92100000,1213.71000000,2026-06-11 07:47:59,1117.82691000,3
2026-06-11 07:48:00,0.92100000,0.92100000,0.92100000,0.92100000,0.00000000,2026-06-11 07:48:59,0.00000000,0
2026-06-11 07:49:00,0.92200000,0.92200000,0.92200000,0.92200000,13.70000000,2026-06-11 07:49:59,12.63140000,1
2026-06-11 07:50:00,0.92200000,0.92200000,0.92200000,0.92200000,0.00000000,2026-06-11 07:50:59,0.00000000,0
2026-06-11 07:51:00,0.92200000,0.92200000,0.92200000,0.92200000,971.57000000,2026-06-11 07:51:59,895.78754000,12
2026-06-11 07:52:00,0.92200000,0.92200000,0.92000000,0.92000000,4403.33000000,2026-06-11 07:52:59,4052.79429000,20
2026-06-11 07:53:00,0.92000000,0.92000000,0.92000000,0.92000000,0.00000000,2026-06-11 07:53:59,0.00000000,0
2026-06-11 07:54:00,0.92100000,0.92100000,0.92000000,0.92000000,10179.85000000,2026-06-11 07:54:59,9375.63147000,12
2026-06-11 07:55:00,0.92100000,0.92200000,0.92100000,0.92200000,11426.02000000,2026-06-11 07:55:59,10523.39742000,13
2026-06-11 07:56:00,0.92100000,0.92100000,0.92000000,0.92000000,481.72000000,2026-06-11 07:56:59,443.45484000,8
2026-06-11 07:57:00,0.92100000,0.92100000,0.92100000,0.92100000,308.03000000,2026-06-11 07:57:59,283.69563000,4
2026-06-11 07:58:00,0.92100000,0.92100000,0.92000000,0.92000000,1808.49000000,2026-06-11 07:58:59,1665.41003000,9
2026-06-11 07:59:00,0.92100000,0.92100000,0.92100000,0.92100000,1958.48000000,2026-06-11 07:59:59,1803.76008000,10
2026-06-11 08:00:00,0.92100000,0.92100000,0.92000000,0.92000000,530.31000000,2026-06-11 08:00:59,488.30370000,4
2026-06-11 08:01:00,0.91900000,0.91900000,0.91900000,0.91900000,108.81000000,2026-06-11 08:01:59,99.99639000,2
2026-06-11 08:02:00,0.92100000,0.92200000,0.92100000,0.92100000,215.33000000,2026-06-11 08:02:59,198.35193000,4
2026-06-11 08:03:00,0.92100000,0.92100000,0.92100000,0.92100000,0.00000000,2026-06-11 08:03:59,0.00000000,0
2026-06-11 08:04:00,0.92100000,0.92100000,0.92100000,0.92100000,0.00000000,2026-06-11 08:04:59,0.00000000,0
2026-06-11 08:05:00,0.92200000,0.92200000,0.92200000,0.92200000,91.29000000,2026-06-11 08:05:59,84.16938000,3
2026-06-11 08:06:00,0.92200000,0.92200000,0.92200000,0.92200000,0.00000000,2026-06-11 08:06:59,0.00000000,0
2026-06-11 08:07:00,0.92300000,0.92300000,0.92200000,0.92200000,2923.41000000,2026-06-11 08:07:59,2695.41702000,7
2026-06-11 08:08:00,0.92100000,0.92100000,0.91900000,0.91900000,3733.77000000,2026-06-11 08:08:59,3434.99877000,16
2026-06-11 08:09:00,0.92000000,0.92100000,0.92000000,0.92100000,146.11000000,2026-06-11 08:09:59,134.52617000,3
2026-06-11 08:10:00,0.92100000,0.92100000,0.92100000,0.92100000,0.00000000,2026-06-11 08:10:59,0.00000000,0
2026-06-11 08:11:00,0.92200000,0.92300000,0.92200000,0.92300000,97.51000000,2026-06-11 08:11:59,89.99577000,2
2026-06-11 08:12:00,0.92200000,0.92200000,0.92200000,0.92200000,1523.19000000,2026-06-11 08:12:59,1404.38118000,5
2026-06-11 08:13:00,0.92200000,0.92300000,0.92200000,0.92300000,333.69000000,2026-06-11 08:13:59,307.83075000,5
2026-06-11 08:14:00,0.92300000,0.92300000,0.92300000,0.92300000,91.64000000,2026-06-11 08:14:59,84.58372000,1
2026-06-11 08:15:00,0.92300000,0.92300000,0.92200000,0.92200000,1128.13000000,2026-06-11 08:15:59,1040.22697000,3
2026-06-11 08:16:00,0.92300000,0.92300000,0.92200000,0.92200000,306.04000000,2026-06-11 08:16:59,282.36658000,2
2026-06-11 08:17:00,0.92200000,0.92200000,0.92200000,0.92200000,55.63000000,2026-06-11 08:17:59,51.29086000,2
2026-06-11 08:18:00,0.92100000,0.92100000,0.92100000,0.92100000,75.70000000,2026-06-11 08:18:59,69.71970000,2
2026-06-11 08:19:00,0.92100000,0.92100000,0.92100000,0.92100000,92.16000000,2026-06-11 08:19:59,84.87936000,1
2026-06-11 08:20:00,0.92100000,0.92200000,0.92000000,0.92100000,7444.97000000,2026-06-11 08:20:59,6861.05165000,27
2026-06-11 08:21:00,0.92100000,0.92200000,0.92100000,0.92200000,233.59000000,2026-06-11 08:21:59,215.22839000,3
2026-06-11 08:22:00,0.92200000,0.92200000,0.92100000,0.92100000,129.93000000,2026-06-11 08:22:59,119.68688000,2
2026-06-11 08:23:00,0.92100000,0.92100000,0.92100000,0.92100000,108.58000000,2026-06-11 08:23:59,100.00218000,1
2026-06-11 08:24:00,0.92200000,0.92200000,0.92200000,0.92200000,133.35000000,2026-06-11 08:24:59,122.94870000,3
2026-06-11 08:25:00,0.92200000,0.92200000,0.92200000,0.92200000,1512.38000000,2026-06-11 08:25:59,1394.41436000,4
2026-06-11 08:26:00,0.92200000,0.92200000,0.92100000,0.92100000,104.95000000,2026-06-11 08:26:59,96.75795000,2
2026-06-11 08:27:00,0.92100000,0.92100000,0.92100000,0.92100000,0.00000000,2026-06-11 08:27:59,0.00000000,0
2026-06-11 08:28:00,0.92200000,0.92200000,0.92200000,0.92200000,1318.99000000,2026-06-11 08:28:59,1216.10878000,4
2026-06-11 08:29:00,0.92300000,0.92300000,0.92300000,0.92300000,37.71000000,2026-06-11 08:29:59,34.80633000,2
2026-06-11 08:30:00,0.92400000,0.92400000,0.92400000,0.92400000,2056.17000000,2026-06-11 08:30:59,1899.90108000,6
2026-06-11 08:31:00,0.92400000,0.92400000,0.92400000,0.92400000,0.00000000,2026-06-11 08:31:59,0.00000000,0
2026-06-11 08:32:00,0.92400000,0.92400000,0.92400000,0.92400000,209.25000000,2026-06-11 08:32:59,193.34700000,1
2026-06-11 08:33:00,0.92300000,0.92400000,0.92300000,0.92400000,364.72000000,2026-06-11 08:33:59,336.80077000,9
2026-06-11 08:34:00,0.92400000,0.92500000,0.92400000,0.92400000,6369.65000000,2026-06-11 08:34:59,5886.79908000,26
2026-06-11 08:35:00,0.92400000,0.92400000,0.92400000,0.92400000,0.00000000,2026-06-11 08:35:59,0.00000000,0
2026-06-11 08:36:00,0.92400000,0.92400000,0.92400000,0.92400000,0.00000000,2026-06-11 08:36:59,0.00000000,0
2026-06-11 08:37:00,0.92400000,0.92400000,0.92400000,0.92400000,54.74000000,2026-06-11 08:37:59,50.57976000,1
2026-06-11 08:38:00,0.92300000,0.92300000,0.92100000,0.92100000,1308.58000000,2026-06-11 08:38:59,1207.79404000,8
2026-06-11 08:39:00,0.92300000,0.92300000,0.92300000,0.92300000,598.85000000,2026-06-11 08:39:59,552.73855000,6
2026-06-11 08:40:00,0.92400000,0.92400000,0.92400000,0.92400000,92.32000000,2026-06-11 08:40:59,85.30368000,1
2026-06-11 08:41:00,0.92300000,0.92300000,0.92300000,0.92300000,27.31000000,2026-06-11 08:41:59,25.20713000,1
2026-06-11 08:42:00,0.92300000,0.92300000,0.92300000,0.92300000,0.00000000,2026-06-11 08:42:59,0.00000000,0
2026-06-11 08:43:00,0.92300000,0.92300000,0.92300000,0.92300000,0.00000000,2026-06-11 08:43:59,0.00000000,0
2026-06-11 08:44:00,0.92300000,0.92300000,0.92300000,0.92300000,0.00000000,2026-06-11 08:44:59,0.00000000,0
2026-06-11 08:45:00,0.92400000,0.92400000,0.92400000,0.92400000,92.64000000,2026-06-11 08:45:59,85.59936000,3
2026-06-11 08:46:00,0.92400000,0.92400000,0.92400000,0.92400000,0.00000000,2026-06-11 08:46:59,0.00000000,0
2026-06-11 08:47:00,0.92300000,0.92300000,0.92300000,0.92300000,108.34000000,2026-06-11 08:47:59,99.99782000,2
2026-06-11 08:48:00,0.92400000,0.92400000,0.92400000,0.92400000,495.15000000,2026-06-11 08:48:59,457.51860000,3
2026-06-11 08:49:00,0.92500000,0.92500000,0.92500000,0.92500000,93.21000000,2026-06-11 08:49:59,86.21925000,1
2026-06-11 08:50:00,0.92500000,0.92700000,0.92500000,0.92700000,1973.25000000,2026-06-11 08:50:59,1827.84989000,19
2026-06-11 08:51:00,0.92700000,0.92900000,0.92700000,0.92900000,4401.30000000,2026-06-11 08:51:59,4084.66605000,32
2026-06-11 08:52:00,0.92800000,0.92800000,0.92800000,0.92800000,72.70000000,2026-06-11 08:52:59,67.46560000,3
2026-06-11 08:53:00,0.92700000,0.92700000,0.92700000,0.92700000,18.82000000,2026-06-11 08:53:59,17.44614000,2
2026-06-11 08:54:00,0.92800000,0.92800000,0.92800000,0.92800000,107.76000000,2026-06-11 08:54:59,100.00128000,1
2026-06-11 08:55:00,0.92800000,0.92800000,0.92800000,0.92800000,0.00000000,2026-06-11 08:55:59,0.00000000,0
2026-06-11 08:56:00,0.92800000,0.92800000,0.92800000,0.92800000,0.00000000,2026-06-11 08:56:59,0.00000000,0
2026-06-11 08:57:00,0.92800000,0.92800000,0.92800000,0.92800000,0.00000000,2026-06-11 08:57:59,0.00000000,0
2026-06-11 08:58:00,0.92800000,0.92800000,0.92700000,0.92700000,230.44000000,2026-06-11 08:58:59,213.82405000,6
2026-06-11 08:59:00,0.92700000,0.92700000,0.92700000,0.92700000,1420.90000000,2026-06-11 08:59:59,1317.17430000,2
2026-06-11 09:00:00,0.92600000,0.92600000,0.92500000,0.92600000,342.74000000,2026-06-11 09:00:59,317.37630000,7
2026-06-11 09:01:00,0.92600000,0.92600000,0.92500000,0.92600000,1144.70000000,2026-06-11 09:01:59,1059.41104000,16
2026-06-11 09:02:00,0.92600000,0.92600000,0.92600000,0.92600000,209.25000000,2026-06-11 09:02:59,193.76550000,3
2026-06-11 09:03:00,0.92600000,0.92600000,0.92600000,0.92600000,21.33000000,2026-06-11 09:03:59,19.75158000,2
2026-06-11 09:04:00,0.92600000,0.92600000,0.92500000,0.92500000,2223.02000000,2026-06-11 09:04:59,2058.43152000,7
2026-06-11 09:05:00,0.92600000,0.92600000,0.92600000,0.92600000,2061.31000000,2026-06-11 09:05:59,1908.77306000,12
2026-06-11 09:06:00,0.92600000,0.92600000,0.92600000,0.92600000,0.00000000,2026-06-11 09:06:59,0.00000000,0
2026-06-11 09:07:00,0.92600000,0.92600000,0.92600000,0.92600000,1138.53000000,2026-06-11 09:07:59,1054.27878000,1
2026-06-11 09:08:00,0.92600000,0.92600000,0.92600000,0.92600000,0.00000000,2026-06-11 09:08:59,0.00000000,0
2026-06-11 09:09:00,0.92600000,0.92600000,0.92500000,0.92500000,99.33000000,2026-06-11 09:09:59,91.97366000,2
2026-06-11 09:10:00,0.92500000,0.92600000,0.92500000,0.92600000,2491.77000000,2026-06-11 09:10:59,2306.39755000,7
2026-06-11 09:11:00,0.92600000,0.92600000,0.92600000,0.92600000,0.00000000,2026-06-11 09:11:59,0.00000000,0
2026-06-11 09:12:00,0.92600000,0.92600000,0.92600000,0.92600000,430.22000000,2026-06-11 09:12:59,398.38372000,3
2026-06-11 09:13:00,0.92500000,0.92500000,0.92500000,0.92500000,108.11000000,2026-06-11 09:13:59,100.00175000,2
2026-06-11 09:14:00,0.92500000,0.92500000,0.92500000,0.92500000,317.92000000,2026-06-11 09:14:59,294.07600000,4
2026-06-11 09:15:00,0.92600000,0.92600000,0.92500000,0.92500000,233.64000000,2026-06-11 09:15:59,216.23344000,2
2026-06-11 09:16:00,0.92500000,0.92500000,0.92500000,0.92500000,108.11000000,2026-06-11 09:16:59,100.00175000,1
2026-06-11 09:17:00,0.92600000,0.92600000,0.92600000,0.92600000,1481.00000000,2026-06-11 09:17:59,1371.40600000,7
2026-06-11 09:18:00,0.92600000,0.92600000,0.92600000,0.92600000,1315.27000000,2026-06-11 09:18:59,1217.94002000,8
2026-06-11 09:19:00,0.92600000,0.92600000,0.92500000,0.92500000,3383.01000000,2026-06-11 09:19:59,3130.73407000,6
2026-06-11 09:20:00,0.92500000,0.92500000,0.92400000,0.92400000,7224.90000000,2026-06-11 09:20:59,6677.06529000,25
2026-06-11 09:21:00,0.92400000,0.92400000,0.92300000,0.92400000,1305.34000000,2026-06-11 09:21:59,1206.00120000,10
2026-06-11 09:22:00,0.92400000,0.92400000,0.91300000,0.91400000,25493.74000000,2026-06-11 09:22:59,23395.02092000,114
2026-06-11 09:23:00,0.91300000,0.91500000,0.91200000,0.91500000,9709.60000000,2026-06-11 09:23:59,8864.92067000,48
2026-06-11 09:24:00,0.91600000,0.91600000,0.91300000,0.91300000,826.95000000,2026-06-11 09:24:59,756.63057000,11
2026-06-11 09:25:00,0.91400000,0.91500000,0.91400000,0.91500000,1475.44000000,2026-06-11 09:25:59,1349.39512000,11
2026-06-11 09:26:00,0.91500000,0.91600000,0.91500000,0.91600000,1992.35000000,2026-06-11 09:26:59,1824.54567000,6
2026-06-11 09:27:00,0.91600000,0.91600000,0.91400000,0.91400000,114.99000000,2026-06-11 09:27:59,105.30485000,4
2026-06-11 09:28:00,0.91400000,0.91400000,0.91400000,0.91400000,150.98000000,2026-06-11 09:28:59,137.99572000,2
2026-06-11 09:29:00,0.91500000,0.91600000,0.91500000,0.91500000,1167.25000000,2026-06-11 09:29:59,1068.12665000,6
2026-06-11 09:30:00,0.91500000,0.91900000,0.91300000,0.91600000,22750.75000000,2026-06-11 09:30:59,20847.71709000,126
2026-06-11 09:31:00,0.91500000,0.91700000,0.91500000,0.91700000,583.81000000,2026-06-11 09:31:59,535.13519000,6
2026-06-11 09:32:00,0.91600000,0.91600000,0.91400000,0.91500000,2639.89000000,2026-06-11 09:32:59,2413.41732000,21
2026-06-11 09:33:00,0.91400000,0.91500000,0.91400000,0.91500000,259.29000000,2026-06-11 09:33:59,237.10035000,3
2026-06-11 09:34:00,0.91500000,0.91700000,0.91500000,0.91700000,959.08000000,2026-06-11 09:34:59,877.76120000,8
2026-06-11 09:35:00,0.91800000,0.91800000,0.91700000,0.91700000,99.00000000,2026-06-11 09:35:59,90.81600000,3
2026-06-11 09:36:00,0.91800000,0.91900000,0.91800000,0.91900000,549.59000000,2026-06-11 09:36:59,504.62581000,8
2026-06-11 09:37:00,0.91800000,0.91800000,0.91800000,0.91800000,914.76000000,2026-06-11 09:37:59,839.74968000,4
2026-06-11 09:38:00,0.91800000,0.92000000,0.91800000,0.91900000,1877.25000000,2026-06-11 09:38:59,1724.88356000,13
2026-06-11 09:39:00,0.92000000,0.92000000,0.92000000,0.92000000,235.00000000,2026-06-11 09:39:59,216.20000000,2
2026-06-11 09:40:00,0.91900000,0.91900000,0.91900000,0.91900000,3008.10000000,2026-06-11 09:40:59,2764.44390000,9
2026-06-11 09:41:00,0.92000000,0.92100000,0.92000000,0.92100000,283.82000000,2026-06-11 09:41:59,261.21340000,6
2026-06-11 09:42:00,0.92100000,0.92100000,0.92100000,0.92100000,0.00000000,2026-06-11 09:42:59,0.00000000,0
2026-06-11 09:43:00,0.92000000,0.92100000,0.92000000,0.92100000,939.35000000,2026-06-11 09:43:59,864.60904000,11
2026-06-11 09:44:00,0.92000000,0.92400000,0.92000000,0.92300000,4444.11000000,2026-06-11 09:44:59,4099.05375000,40
2026-06-11 09:45:00,0.92300000,0.92300000,0.92200000,0.92200000,822.45000000,2026-06-11 09:45:59,758.73106000,12
2026-06-11 09:46:00,0.92300000,0.92300000,0.92200000,0.92200000,446.19000000,2026-06-11 09:46:59,411.48018000,6
2026-06-11 09:47:00,0.92200000,0.92200000,0.92200000,0.92200000,2400.50000000,2026-06-11 09:47:59,2213.26100000,11
2026-06-11 09:48:00,0.92200000,0.92200000,0.92200000,0.92200000,0.00000000,2026-06-11 09:48:59,0.00000000,0
2026-06-11 09:49:00,0.92100000,0.92100000,0.92100000,0.92100000,45.79000000,2026-06-11 09:49:59,42.17259000,2
2026-06-11 09:50:00,0.92100000,0.92100000,0.92000000,0.92000000,47.78000000,2026-06-11 09:50:59,43.96574000,2
2026-06-11 09:51:00,0.92200000,0.92300000,0.92200000,0.92300000,150.55000000,2026-06-11 09:51:59,138.85269000,4
2026-06-11 09:52:00,0.92300000,0.92300000,0.92300000,0.92300000,2058.40000000,2026-06-11 09:52:59,1899.90320000,11
2026-06-11 09:53:00,0.92200000,0.92200000,0.92200000,0.92200000,134.14000000,2026-06-11 09:53:59,123.67708000,2
2026-06-11 09:54:00,0.92200000,0.92200000,0.92200000,0.92200000,0.00000000,2026-06-11 09:54:59,0.00000000,0
2026-06-11 09:55:00,0.92300000,0.92300000,0.92300000,0.92300000,436.80000000,2026-06-11 09:55:59,403.16640000,6
2026-06-11 09:56:00,0.92300000,0.92300000,0.92300000,0.92300000,0.00000000,2026-06-11 09:56:59,0.00000000,0
2026-06-11 09:57:00,0.92300000,0.92300000,0.92100000,0.92200000,1034.85000000,2026-06-11 09:57:59,954.37059000,9
2026-06-11 09:58:00,0.92300000,0.92300000,0.92300000,0.92300000,320.26000000,2026-06-11 09:58:59,295.59998000,3
2026-06-11 09:59:00,0.92300000,0.92300000,0.92300000,0.92300000,0.00000000,2026-06-11 09:59:59,0.00000000,0
2026-06-11 10:00:00,0.92300000,0.92300000,0.92100000,0.92100000,415.46000000,2026-06-11 10:00:59,383.03775000,4
2026-06-11 10:01:00,0.92100000,0.92100000,0.92100000,0.92100000,0.00000000,2026-06-11 10:01:59,0.00000000,0
2026-06-11 10:02:00,0.92100000,0.92100000,0.92100000,0.92100000,0.00000000,2026-06-11 10:02:59,0.00000000,0
2026-06-11 10:03:00,0.92100000,0.92100000,0.92000000,0.92100000,3212.45000000,2026-06-11 10:03:59,2958.01845000,22
2026-06-11 10:04:00,0.92100000,0.92200000,0.92100000,0.92200000,275.10000000,2026-06-11 10:04:59,253.37306000,2
2026-06-11 10:05:00,0.92200000,0.92200000,0.92200000,0.92200000,108.34000000,2026-06-11 10:05:59,99.88948000,1
2026-06-11 10:06:00,0.92200000,0.92200000,0.92200000,0.92200000,99.00000000,2026-06-11 10:06:59,91.27800000,1
2026-06-11 10:07:00,0.92300000,0.92300000,0.92300000,0.92300000,117.02000000,2026-06-11 10:07:59,108.00946000,2
2026-06-11 10:08:00,0.92200000,0.92200000,0.92100000,0.92100000,116.85000000,2026-06-11 10:08:59,107.70218000,2
2026-06-11 10:09:00,0.92100000,0.92100000,0.92100000,0.92100000,5.95000000,2026-06-11 10:09:59,5.47995000,1
2026-06-11 10:10:00,0.92200000,0.92200000,0.92200000,0.92200000,5.96000000,2026-06-11 10:10:59,5.49512000,1
2026-06-11 10:11:00,0.92100000,0.92100000,0.92100000,0.92100000,93.47000000,2026-06-11 10:11:59,86.08587000,2
2026-06-11 10:12:00,0.92300000,0.92300000,0.92300000,0.92300000,93.82000000,2026-06-11 10:12:59,86.59586000,3
2026-06-11 10:13:00,0.92300000,0.92300000,0.92300000,0.92300000,1161.28000000,2026-06-11 10:13:59,1071.86144000,10
2026-06-11 10:14:00,0.92300000,0.92300000,0.92300000,0.92300000,0.00000000,2026-06-11 10:14:59,0.00000000,0
2026-06-11 10:15:00,0.92300000,0.92300000,0.92200000,0.92200000,1199.81000000,2026-06-11 10:15:59,1107.32663000,3
2026-06-11 10:16:00,0.92300000,0.92300000,0.92300000,0.92300000,1094.94000000,2026-06-11 10:16:59,1010.62962000,2
2026-06-11 10:17:00,0.92400000,0.92400000,0.92400000,0.92400000,92.52000000,2026-06-11 10:17:59,85.48848000,1
2026-06-11 10:18:00,0.92400000,0.92400000,0.92400000,0.92400000,0.00000000,2026-06-11 10:18:59,0.00000000,0
2026-06-11 10:19:00,0.92400000,0.92400000,0.92400000,0.92400000,5.95000000,2026-06-11 10:19:59,5.49780000,1
2026-06-11 10:20:00,0.92500000,0.92600000,0.92500000,0.92500000,1116.79000000,2026-06-11 10:20:59,1033.03141000,4
2026-06-11 10:21:00,0.92500000,0.92500000,0.92400000,0.92400000,47.25000000,2026-06-11 10:21:59,43.66732000,3
2026-06-11 10:22:00,0.92400000,0.92400000,0.92300000,0.92300000,3687.25000000,2026-06-11 10:22:59,3406.71773000,13
2026-06-11 10:23:00,0.92200000,0.92200000,0.92200000,0.92200000,94.00000000,2026-06-11 10:23:59,86.66800000,5
2026-06-11 10:24:00,0.92100000,0.92100000,0.92100000,0.92100000,223.52000000,2026-06-11 10:24:59,205.86192000,4
2026-06-11 10:25:00,0.92100000,0.92100000,0.92100000,0.92100000,108.58000000,2026-06-11 10:25:59,100.00218000,1
2026-06-11 10:26:00,0.92200000,0.92200000,0.92200000,0.92200000,1409.27000000,2026-06-11 10:26:59,1299.34694000,3
2026-06-11 10:27:00,0.92300000,0.92300000,0.92300000,0.92300000,1393.30000000,2026-06-11 10:27:59,1286.01590000,7
2026-06-11 10:28:00,0.92200000,0.92200000,0.92200000,0.92200000,23.00000000,2026-06-11 10:28:59,21.20600000,2
2026-06-11 10:29:00,0.92200000,0.92200000,0.92200000,0.92200000,17.00000000,2026-06-11 10:29:59,15.67400000,1
2026-06-11 10:30:00,0.92200000,0.92200000,0.92000000,0.92100000,2777.63000000,2026-06-11 10:30:59,2560.29411000,11
2026-06-11 10:31:00,0.92100000,0.92100000,0.92100000,0.92100000,0.00000000,2026-06-11 10:31:59,0.00000000,0
2026-06-11 10:32:00,0.92100000,0.92100000,0.92100000,0.92100000,99.00000000,2026-06-11 10:32:59,91.17900000,1
2026-06-11 10:33:00,0.92200000,0.92200000,0.92200000,0.92200000,1251.82000000,2026-06-11 10:33:59,1154.17804000,7
2026-06-11 10:34:00,0.92200000,0.92200000,0.92200000,0.92200000,0.00000000,2026-06-11 10:34:59,0.00000000,0
2026-06-11 10:35:00,0.92300000,0.92300000,0.92300000,0.92300000,406.04000000,2026-06-11 10:35:59,374.77492000,4
2026-06-11 10:36:00,0.92400000,0.92500000,0.92400000,0.92500000,737.40000000,2026-06-11 10:36:59,681.99005000,8
2026-06-11 10:37:00,0.92500000,0.92500000,0.92500000,0.92500000,0.00000000,2026-06-11 10:37:59,0.00000000,0
2026-06-11 10:38:00,0.92500000,0.92500000,0.92400000,0.92400000,166.28000000,2026-06-11 10:38:59,153.80307000,5
2026-06-11 10:39:00,0.92400000,0.92400000,0.92400000,0.92400000,99.00000000,2026-06-11 10:39:59,91.47600000,1
2026-06-11 10:40:00,0.92300000,0.92300000,0.92200000,0.92200000,506.30000000,2026-06-11 10:40:59,466.89430000,6
2026-06-11 10:41:00,0.92200000,0.92200000,0.92100000,0.92100000,260.94000000,2026-06-11 10:41:59,240.33168000,4
2026-06-11 10:42:00,0.92100000,0.92200000,0.92100000,0.92200000,288.21000000,2026-06-11 10:42:59,265.52037000,5
2026-06-11 10:43:00,0.92300000,0.92400000,0.92300000,0.92400000,389.50000000,2026-06-11 10:43:59,359.61345000,8
2026-06-11 10:44:00,0.92400000,0.92400000,0.92400000,0.92400000,0.00000000,2026-06-11 10:44:59,0.00000000,0
2026-06-11 10:45:00,0.92500000,0.93100000,0.92500000,0.93000000,7226.83000000,2026-06-11 10:45:59,6704.33685000,58
2026-06-11 10:46:00,0.93000000,0.93000000,0.92800000,0.92800000,776.57000000,2026-06-11 10:46:59,721.37958000,12
2026-06-11 10:47:00,0.92900000,0.92900000,0.92800000,0.92800000,377.06000000,2026-06-11 10:47:59,349.99501000,6
2026-06-11 10:48:00,0.92900000,0.92900000,0.92900000,0.92900000,25.00000000,2026-06-11 10:48:59,23.22500000,1
2026-06-11 10:49:00,0.92900000,0.92900000,0.92900000,0.92900000,0.00000000,2026-06-11 10:49:59,0.00000000,0
2026-06-11 10:50:00,0.92800000,0.93200000,0.92800000,0.93100000,8057.79000000,2026-06-11 10:50:59,7493.55472000,62
2026-06-11 10:51:00,0.93000000,0.93000000,0.92800000,0.92800000,104.73000000,2026-06-11 10:51:59,97.27109000,6
2026-06-11 10:52:00,0.92800000,0.92900000,0.92800000,0.92900000,2245.09000000,2026-06-11 10:52:59,2085.55761000,9
2026-06-11 10:53:00,0.92800000,0.92900000,0.92800000,0.92900000,113.55000000,2026-06-11 10:53:59,105.38031000,2
2026-06-11 10:54:00,0.92900000,0.92900000,0.92900000,0.92900000,1161.62000000,2026-06-11 10:54:59,1079.14498000,2
2026-06-11 10:55:00,0.92800000,0.92800000,0.92800000,0.92800000,168.43000000,2026-06-11 10:55:59,156.30304000,4
2026-06-11 10:56:00,0.92700000,0.92700000,0.92700000,0.92700000,124.66000000,2026-06-11 10:56:59,115.55982000,4
2026-06-11 10:57:00,0.92600000,0.92600000,0.92600000,0.92600000,169.94000000,2026-06-11 10:57:59,157.36444000,2
2026-06-11 10:58:00,0.92600000,0.92600000,0.92600000,0.92600000,153.54000000,2026-06-11 10:58:59,142.17804000,3
2026-06-11 10:59:00,0.92600000,0.92600000,0.92600000,0.92600000,0.00000000,2026-06-11 10:59:59,0.00000000,0
2026-06-11 11:00:00,0.92500000,0.92700000,0.92500000,0.92600000,2053.68000000,2026-06-11 11:00:59,1903.55136000,15
2026-06-11 11:01:00,0.92600000,0.92600000,0.92600000,0.92600000,5.91000000,2026-06-11 11:01:59,5.47266000,1
2026-06-11 11:02:00,0.92700000,0.92700000,0.92700000,0.92700000,5.93000000,2026-06-11 11:02:59,5.49711000,1
2026-06-11 11:03:00,0.92800000,0.92800000,0.92800000,0.92800000,22.52000000,2026-06-11 11:03:59,20.89856000,2
2026-06-11 11:04:00,0.92600000,0.92600000,0.92600000,0.92600000,487.58000000,2026-06-11 11:04:59,451.49908000,5
2026-06-11 11:05:00,0.92600000,0.92600000,0.92600000,0.92600000,99.00000000,2026-06-11 11:05:59,91.67400000,1
2026-06-11 11:06:00,0.92500000,0.92500000,0.92500000,0.92500000,32.44000000,2026-06-11 11:06:59,30.00700000,5
2026-06-11 11:07:00,0.92500000,0.92600000,0.92500000,0.92600000,61.48000000,2026-06-11 11:07:59,56.87493000,2
2026-06-11 11:08:00,0.92600000,0.92600000,0.92600000,0.92600000,0.00000000,2026-06-11 11:08:59,0.00000000,0
2026-06-11 11:09:00,0.92600000,0.92600000,0.92600000,0.92600000,0.00000000,2026-06-11 11:09:59,0.00000000,0
2026-06-11 11:10:00,0.92500000,0.92500000,0.92400000,0.92400000,1791.00000000,2026-06-11 11:10:59,1654.88992000,13
2026-06-11 11:11:00,0.92400000,0.92400000,0.92400000,0.92400000,0.00000000,2026-06-11 11:11:59,0.00000000,0
2026-06-11 11:12:00,0.92400000,0.92400000,0.92400000,0.92400000,0.00000000,2026-06-11 11:12:59,0.00000000,0
2026-06-11 11:13:00,0.92400000,0.92400000,0.92300000,0.92400000,545.09000000,2026-06-11 11:13:59,503.60551000,6
2026-06-11 11:14:00,0.92400000,0.92400000,0.92400000,0.92400000,33.00000000,2026-06-11 11:14:59,30.49200000,1
2026-06-11 11:15:00,0.92400000,0.92400000,0.92400000,0.92400000,0.00000000,2026-06-11 11:15:59,0.00000000,0
2026-06-11 11:16:00,0.92500000,0.92500000,0.92300000,0.92300000,416.65000000,2026-06-11 11:16:59,384.99179000,7
2026-06-11 11:17:00,0.92300000,0.92400000,0.92300000,0.92400000,1531.58000000,2026-06-11 11:17:59,1413.88829000,6
2026-06-11 11:18:00,0.92300000,0.92300000,0.92300000,0.92300000,164.83000000,2026-06-11 11:18:59,152.13809000,4
2026-06-11 11:19:00,0.92300000,0.92400000,0.92300000,0.92400000,234.29000000,2026-06-11 11:19:59,216.39108000,6
2026-06-11 11:20:00,0.92400000,0.92500000,0.92400000,0.92500000,2401.12000000,2026-06-11 11:20:59,2219.93231000,11
2026-06-11 11:21:00,0.92500000,0.92500000,0.92500000,0.92500000,373.50000000,2026-06-11 11:21:59,345.48750000,5
2026-06-11 11:22:00,0.92500000,0.92500000,0.92400000,0.92400000,2049.80000000,2026-06-11 11:22:59,1895.02848000,4
2026-06-11 11:23:00,0.92400000,0.92500000,0.92400000,0.92500000,114.05000000,2026-06-11 11:23:59,105.38814000,2
2026-06-11 11:24:00,0.92600000,0.92700000,0.92600000,0.92700000,115.53000000,2026-06-11 11:24:59,106.99138000,4
2026-06-11 11:25:00,0.92600000,0.92800000,0.92600000,0.92700000,1875.74000000,2026-06-11 11:25:59,1738.69679000,10
2026-06-11 11:26:00,0.92600000,0.92600000,0.92600000,0.92600000,54.62000000,2026-06-11 11:26:59,50.57812000,3
2026-06-11 11:27:00,0.92600000,0.92600000,0.92600000,0.92600000,83.33000000,2026-06-11 11:27:59,77.16358000,1
2026-06-11 11:28:00,0.92600000,0.92600000,0.92600000,0.92600000,0.00000000,2026-06-11 11:28:59,0.00000000,0
2026-06-11 11:29:00,0.92700000,0.92800000,0.92700000,0.92800000,1006.09000000,2026-06-11 11:29:59,933.14568000,10
2026-06-11 11:30:00,0.92700000,0.92800000,0.92600000,0.92600000,768.78000000,2026-06-11 11:30:59,712.15128000,8
2026-06-11 11:31:00,0.92600000,0.92600000,0.92600000,0.92600000,92.57000000,2026-06-11 11:31:59,85.71982000,1
2026-06-11 11:32:00,0.92700000,0.92700000,0.92700000,0.92700000,36.90000000,2026-06-11 11:32:59,34.20630000,3
2026-06-11 11:33:00,0.92700000,0.92700000,0.92700000,0.92700000,0.00000000,2026-06-11 11:33:59,0.00000000,0
2026-06-11 11:34:00,0.92600000,0.92600000,0.92600000,0.92600000,20.28000000,2026-06-11 11:34:59,18.77928000,1
2026-06-11 11:35:00,0.92800000,0.92800000,0.92800000,0.92800000,104.92000000,2026-06-11 11:35:59,97.36576000,2
2026-06-11 11:36:00,0.92900000,0.93000000,0.92900000,0.93000000,2270.96000000,2026-06-11 11:36:59,2109.83364000,10
2026-06-11 11:37:00,0.93000000,0.93000000,0.92800000,0.92800000,151.50000000,2026-06-11 11:37:59,140.82471000,4
2026-06-11 11:38:00,0.92900000,0.92900000,0.92700000,0.92700000,1058.38000000,2026-06-11 11:38:59,982.26922000,6
2026-06-11 11:39:00,0.92800000,0.92800000,0.92700000,0.92700000,43.30000000,2026-06-11 11:39:59,40.14646000,3
2026-06-11 11:40:00,0.92700000,0.92700000,0.92700000,0.92700000,69.89000000,2026-06-11 11:40:59,64.78803000,3
2026-06-11 11:41:00,0.92800000,0.92800000,0.92800000,0.92800000,1582.69000000,2026-06-11 11:41:59,1468.73632000,8
2026-06-11 11:42:00,0.92800000,0.92800000,0.92700000,0.92700000,335.85000000,2026-06-11 11:42:59,311.63175000,5
2026-06-11 11:43:00,0.92700000,0.92900000,0.92700000,0.92900000,277.32000000,2026-06-11 11:43:59,257.42049000,6
2026-06-11 11:44:00,0.92800000,0.92900000,0.92800000,0.92900000,223.72000000,2026-06-11 11:44:59,207.78781000,4
2026-06-11 11:45:00,0.92900000,0.92900000,0.92900000,0.92900000,51.42000000,2026-06-11 11:45:59,47.76918000,2
2026-06-11 11:46:00,0.93000000,0.93000000,0.92900000,0.92900000,2044.25000000,2026-06-11 11:46:59,1901.11038000,10
2026-06-11 11:47:00,0.93000000,0.93200000,0.93000000,0.93000000,6091.52000000,2026-06-11 11:47:59,5673.39534000,22
2026-06-11 11:48:00,0.93100000,0.93300000,0.93100000,0.93300000,191.40000000,2026-06-11 11:48:59,178.41199000,14
2026-06-11 11:49:00,0.93300000,0.93300000,0.93200000,0.93200000,5591.58000000,2026-06-11 11:49:59,5212.82195000,39
2026-06-11 11:50:00,0.93200000,0.93300000,0.93100000,0.93300000,1659.07000000,2026-06-11 11:50:59,1546.65278000,75
2026-06-11 11:51:00,0.93300000,0.93400000,0.93200000,0.93400000,1624.27000000,2026-06-11 11:51:59,1515.65819000,44
2026-06-11 11:52:00,0.93500000,0.93500000,0.93400000,0.93400000,1066.20000000,2026-06-11 11:52:59,995.95160000,19
2026-06-11 11:53:00,0.93500000,0.93600000,0.93500000,0.93500000,5677.74000000,2026-06-11 11:53:59,5311.20166000,36
2026-06-11 11:54:00,0.93400000,0.93500000,0.93400000,0.93400000,1750.97000000,2026-06-11 11:54:59,1636.99580000,23
2026-06-11 11:55:00,0.93300000,0.93400000,0.93300000,0.93400000,329.65000000,2026-06-11 11:55:59,307.81090000,3
2026-06-11 11:56:00,0.93400000,0.93400000,0.93200000,0.93300000,127.05000000,2026-06-11 11:56:59,118.51578000,10
2026-06-11 11:57:00,0.93300000,0.93300000,0.93300000,0.93300000,1843.40000000,2026-06-11 11:57:59,1719.89220000,11
2026-06-11 11:58:00,0.93400000,0.93400000,0.93100000,0.93100000,3733.92000000,2026-06-11 11:58:59,3479.56283000,17
2026-06-11 11:59:00,0.93100000,0.93100000,0.93100000,0.93100000,307.31000000,2026-06-11 11:59:59,286.10561000,5
2026-06-11 12:00:00,0.93100000,0.93200000,0.93100000,0.93100000,3945.66000000,2026-06-11 12:00:59,3676.06343000,18
2026-06-11 12:01:00,0.93000000,0.93000000,0.92700000,0.92900000,12970.31000000,2026-06-11 12:01:59,12037.97188000,48
2026-06-11 12:02:00,0.92900000,0.92900000,0.92900000,0.92900000,536.89000000,2026-06-11 12:02:59,498.77081000,4
2026-06-11 12:03:00,0.92900000,0.93100000,0.92900000,0.93100000,86.04000000,2026-06-11 12:03:59,79.98828000,4
2026-06-11 12:04:00,0.93000000,0.93000000,0.93000000,0.93000000,45.36000000,2026-06-11 12:04:59,42.18480000,3
2026-06-11 12:05:00,0.93000000,0.93000000,0.92700000,0.92800000,4345.62000000,2026-06-11 12:05:59,4030.79992000,32
2026-06-11 12:06:00,0.92900000,0.93000000,0.92700000,0.92800000,3822.06000000,2026-06-11 12:06:59,3549.84317000,17
2026-06-11 12:07:00,0.92900000,0.93100000,0.92900000,0.93100000,3554.34000000,2026-06-11 12:07:59,3305.35222000,26
2026-06-11 12:08:00,0.93200000,0.93200000,0.93200000,0.93200000,188.22000000,2026-06-11 12:08:59,175.42104000,3
2026-06-11 12:09:00,0.93200000,0.93200000,0.93200000,0.93200000,1472.05000000,2026-06-11 12:09:59,1371.95060000,6
2026-06-11 12:10:00,0.93200000,0.93200000,0.93200000,0.93200000,122.61000000,2026-06-11 12:10:59,114.27252000,1
2026-06-11 12:11:00,0.93200000,0.93300000,0.93200000,0.93300000,386.47000000,2026-06-11 12:11:59,360.40486000,7
2026-06-11 12:12:00,0.93400000,0.93700000,0.93400000,0.93600000,5870.37000000,2026-06-11 12:12:59,5490.62225000,51
2026-06-11 12:13:00,0.93600000,0.93600000,0.93400000,0.93400000,151.72000000,2026-06-11 12:13:59,141.87039000,4
2026-06-11 12:14:00,0.93400000,0.93400000,0.93400000,0.93400000,176.90000000,2026-06-11 12:14:59,165.22460000,3
2026-06-11 12:15:00,0.93400000,0.93400000,0.93400000,0.93400000,1186.65000000,2026-06-11 12:15:59,1108.33110000,7
2026-06-11 12:16:00,0.93500000,0.93500000,0.93400000,0.93400000,184.23000000,2026-06-11 12:16:59,172.08894000,3
2026-06-11 12:17:00,0.93400000,0.93400000,0.93400000,0.93400000,0.00000000,2026-06-11 12:17:59,0.00000000,0
2026-06-11 12:18:00,0.93400000,0.93400000,0.93400000,0.93400000,0.00000000,2026-06-11 12:18:59,0.00000000,0
2026-06-11 12:19:00,0.93300000,0.93300000,0.93300000,0.93300000,114.22000000,2026-06-11 12:19:59,106.56726000,3
2026-06-11 12:20:00,0.93400000,0.93600000,0.93400000,0.93600000,109.56000000,2026-06-11 12:20:59,102.42751000,5
2026-06-11 12:21:00,0.93600000,0.93600000,0.93600000,0.93600000,261.95000000,2026-06-11 12:21:59,245.18520000,2
2026-06-11 12:22:00,0.93500000,0.93500000,0.93500000,0.93500000,144.13000000,2026-06-11 12:22:59,134.76155000,3
2026-06-11 12:23:00,0.93500000,0.93600000,0.93500000,0.93600000,1614.22000000,2026-06-11 12:23:59,1510.80992000,8
2026-06-11 12:24:00,0.93600000,0.93600000,0.93600000,0.93600000,0.00000000,2026-06-11 12:24:59,0.00000000,0
2026-06-11 12:25:00,0.93600000,0.93600000,0.93600000,0.93600000,0.00000000,2026-06-11 12:25:59,0.00000000,0
2026-06-11 12:26:00,0.93600000,0.93700000,0.93600000,0.93700000,622.11000000,2026-06-11 12:26:59,582.41707000,7
2026-06-11 12:27:00,0.93800000,0.93800000,0.93800000,0.93800000,181.41000000,2026-06-11 12:27:59,170.16258000,5
2026-06-11 12:28:00,0.93800000,0.93800000,0.93800000,0.93800000,323.10000000,2026-06-11 12:28:59,303.06780000,9
2026-06-11 12:29:00,0.93900000,0.93900000,0.93900000,0.93900000,313.96000000,2026-06-11 12:29:59,294.80844000,12
2026-06-11 12:30:00,0.93900000,0.93900000,0.93800000,0.93800000,1150.09000000,2026-06-11 12:30:59,1079.92249000,3
2026-06-11 12:31:00,0.93700000,0.93700000,0.93700000,0.93700000,26.68000000,2026-06-11 12:31:59,24.99916000,2
2026-06-11 12:32:00,0.93800000,0.93800000,0.93800000,0.93800000,297.39000000,2026-06-11 12:32:59,278.95182000,3
2026-06-11 12:33:00,0.93900000,0.93900000,0.93900000,0.93900000,45.84000000,2026-06-11 12:33:59,43.04376000,2
2026-06-11 12:34:00,0.93900000,0.94000000,0.93900000,0.93900000,1403.97000000,2026-06-11 12:34:59,1319.08279000,9
2026-06-11 12:35:00,0.94000000,0.94000000,0.94000000,0.94000000,1347.92000000,2026-06-11 12:35:59,1267.04480000,8
2026-06-11 12:36:00,0.93900000,0.93900000,0.93800000,0.93900000,2125.27000000,2026-06-11 12:36:59,1993.51492000,9
2026-06-11 12:37:00,0.93900000,0.94100000,0.93900000,0.94000000,965.87000000,2026-06-11 12:37:59,908.41906000,11
2026-06-11 12:38:00,0.93900000,0.93900000,0.93800000,0.93800000,388.27000000,2026-06-11 12:38:59,364.30070000,7
2026-06-11 12:39:00,0.93700000,0.93700000,0.93700000,0.93700000,423.74000000,2026-06-11 12:39:59,397.04438000,6
2026-06-11 12:40:00,0.93700000,0.93700000,0.93700000,0.93700000,455.92000000,2026-06-11 12:40:59,427.19704000,8
2026-06-11 12:41:00,0.93800000,0.93800000,0.93800000,0.93800000,305.00000000,2026-06-11 12:41:59,286.09000000,5
2026-06-11 12:42:00,0.93700000,0.93700000,0.93600000,0.93600000,208.82000000,2026-06-11 12:42:59,195.57350000,5
2026-06-11 12:43:00,0.93500000,0.93500000,0.93500000,0.93500000,5.85000000,2026-06-11 12:43:59,5.46975000,1
2026-06-11 12:44:00,0.93400000,0.93500000,0.93400000,0.93500000,4463.42000000,2026-06-11 12:44:59,4172.94026000,15
2026-06-11 12:45:00,0.93300000,0.93300000,0.93200000,0.93200000,236.50000000,2026-06-11 12:45:59,220.42386000,5
2026-06-11 12:46:00,0.93200000,0.93300000,0.93200000,0.93300000,1184.70000000,2026-06-11 12:46:59,1104.37540000,8
2026-06-11 12:47:00,0.93400000,0.93500000,0.93400000,0.93500000,528.31000000,2026-06-11 12:47:59,493.96397000,5
2026-06-11 12:48:00,0.93400000,0.93400000,0.93300000,0.93300000,110.72000000,2026-06-11 12:48:59,103.30762000,3
2026-06-11 12:49:00,0.93400000,0.93400000,0.93300000,0.93300000,539.41000000,2026-06-11 12:49:59,503.28773000,3
2026-06-11 12:50:00,0.93400000,0.93400000,0.93400000,0.93400000,150.00000000,2026-06-11 12:50:59,140.10000000,1
2026-06-11 12:51:00,0.93400000,0.93400000,0.93400000,0.93400000,5.88000000,2026-06-11 12:51:59,5.49192000,1
2026-06-11 12:52:00,0.93400000,0.93400000,0.93400000,0.93400000,106.95000000,2026-06-11 12:52:59,99.89130000,1
2026-06-11 12:53:00,0.93400000,0.93400000,0.93400000,0.93400000,0.00000000,2026-06-11 12:53:59,0.00000000,0
2026-06-11 12:54:00,0.93400000,0.93400000,0.93400000,0.93400000,0.00000000,2026-06-11 12:54:59,0.00000000,0
2026-06-11 12:55:00,0.93300000,0.93500000,0.93300000,0.93500000,1631.62000000,2026-06-11 12:55:59,1525.36354000,9
2026-06-11 12:56:00,0.93500000,0.93500000,0.93500000,0.93500000,436.86000000,2026-06-11 12:56:59,408.46410000,5
2026-06-11 12:57:00,0.93500000,0.93500000,0.93500000,0.93500000,0.00000000,2026-06-11 12:57:59,0.00000000,0
2026-06-11 12:58:00,0.93500000,0.93500000,0.93500000,0.93500000,0.00000000,2026-06-11 12:58:59,0.00000000,0
2026-06-11 12:59:00,0.93500000,0.93500000,0.93500000,0.93500000,626.51000000,2026-06-11 12:59:59,585.78685000,4
2026-06-11 13:00:00,0.93600000,0.93700000,0.93600000,0.93700000,171.91000000,2026-06-11 13:00:59,161.07381000,4
2026-06-11 13:01:00,0.93700000,0.93700000,0.93700000,0.93700000,290.91000000,2026-06-11 13:01:59,272.58267000,2
2026-06-11 13:02:00,0.93700000,0.93700000,0.93700000,0.93700000,491.21000000,2026-06-11 13:02:59,460.26377000,3
2026-06-11 13:03:00,0.93700000,0.93700000,0.93700000,0.93700000,0.00000000,2026-06-11 13:03:59,0.00000000,0
2026-06-11 13:04:00,0.93700000,0.93700000,0.93600000,0.93600000,1237.16000000,2026-06-11 13:04:59,1158.14335000,5
2026-06-11 13:05:00,0.93500000,0.93500000,0.93500000,0.93500000,94.45000000,2026-06-11 13:05:59,88.31075000,3
2026-06-11 13:06:00,0.93600000,0.93800000,0.93600000,0.93800000,151.57000000,2026-06-11 13:06:59,142.05608000,5
2026-06-11 13:07:00,0.93900000,0.93900000,0.93900000,0.93900000,40.84000000,2026-06-11 13:07:59,38.34876000,2
2026-06-11 13:08:00,0.93900000,0.93900000,0.93900000,0.93900000,0.00000000,2026-06-11 13:08:59,0.00000000,0
2026-06-11 13:09:00,0.93800000,0.93800000,0.93800000,0.93800000,302.99000000,2026-06-11 13:09:59,284.20462000,2
2026-06-11 13:10:00,0.93800000,0.93800000,0.93800000,0.93800000,0.00000000,2026-06-11 13:10:59,0.00000000,0
2026-06-11 13:11:00,0.93800000,0.93800000,0.93800000,0.93800000,9.81000000,2026-06-11 13:11:59,9.20178000,1
2026-06-11 13:12:00,0.93800000,0.93800000,0.93800000,0.93800000,0.00000000,2026-06-11 13:12:59,0.00000000,0
2026-06-11 13:13:00,0.93800000,0.93800000,0.93800000,0.93800000,209.25000000,2026-06-11 13:13:59,196.27650000,1
2026-06-11 13:14:00,0.93800000,0.93800000,0.93800000,0.93800000,948.18000000,2026-06-11 13:14:59,889.39284000,2
2026-06-11 13:15:00,0.93900000,0.93900000,0.93800000,0.93800000,1045.17000000,2026-06-11 13:15:59,981.36949000,4
2026-06-11 13:16:00,0.93800000,0.93800000,0.93800000,0.93800000,0.00000000,2026-06-11 13:16:59,0.00000000,0
2026-06-11 13:17:00,0.93800000,0.93800000,0.93800000,0.93800000,308.25000000,2026-06-11 13:17:59,289.13850000,2
2026-06-11 13:18:00,0.93700000,0.93700000,0.93700000,0.93700000,190.25000000,2026-06-11 13:18:59,178.26425000,3
2026-06-11 13:19:00,0.93700000,0.93700000,0.93700000,0.93700000,7.16000000,2026-06-11 13:19:59,6.70892000,1
2026-06-11 13:20:00,0.93600000,0.93600000,0.93600000,0.93600000,18.77000000,2026-06-11 13:20:59,17.56872000,2
2026-06-11 13:21:00,0.93500000,0.93600000,0.93300000,0.93300000,11365.65000000,2026-06-11 13:21:59,10618.16082000,61
2026-06-11 13:22:00,0.93400000,0.93400000,0.93200000,0.93200000,159.42000000,2026-06-11 13:22:59,148.70630000,4
2026-06-11 13:23:00,0.93300000,0.93300000,0.93300000,0.93300000,52.34000000,2026-06-11 13:23:59,48.83322000,1
2026-06-11 13:24:00,0.93200000,0.93300000,0.93200000,0.93300000,734.60000000,2026-06-11 13:24:59,684.89353000,7
2026-06-11 13:25:00,0.93300000,0.93300000,0.93300000,0.93300000,0.00000000,2026-06-11 13:25:59,0.00000000,0
2026-06-11 13:26:00,0.93300000,0.93300000,0.93300000,0.93300000,0.00000000,2026-06-11 13:26:59,0.00000000,0
2026-06-11 13:27:00,0.93300000,0.93300000,0.93300000,0.93300000,0.00000000,2026-06-11 13:27:59,0.00000000,0
2026-06-11 13:28:00,0.93400000,0.93400000,0.93400000,0.93400000,1290.45000000,2026-06-11 13:28:59,1205.28030000,3
2026-06-11 13:29:00,0.93300000,0.93500000,0.93300000,0.93500000,1013.76000000,2026-06-11 13:29:59,947.59986000,15
2026-06-11 13:30:00,0.93400000,0.93400000,0.93400000,0.93400000,351.03000000,2026-06-11 13:30:59,327.86202000,4
2026-06-11 13:31:00,0.93300000,0.93300000,0.93300000,0.93300000,21.87000000,2026-06-11 13:31:59,20.40471000,2
2026-06-11 13:32:00,0.93200000,0.93200000,0.93200000,0.93200000,5.87000000,2026-06-11 13:32:59,5.47084000,1
2026-06-11 13:33:00,0.93200000,0.93300000,0.93200000,0.93300000,4334.76000000,2026-06-11 13:33:59,4040.24732000,13
2026-06-11 13:34:00,0.93300000,0.93600000,0.93300000,0.93500000,1992.26000000,2026-06-11 13:34:59,1862.03491000,13
2026-06-11 13:35:00,0.93500000,0.93500000,0.93500000,0.93500000,0.00000000,2026-06-11 13:35:59,0.00000000,0
2026-06-11 13:36:00,0.93500000,0.93500000,0.93500000,0.93500000,11.16000000,2026-06-11 13:36:59,10.43460000,1
2026-06-11 13:37:00,0.93500000,0.93500000,0.93500000,0.93500000,0.00000000,2026-06-11 13:37:59,0.00000000,0
2026-06-11 13:38:00,0.93500000,0.93500000,0.93400000,0.93400000,1917.79000000,2026-06-11 13:38:59,1791.95803000,8
2026-06-11 13:39:00,0.93400000,0.93400000,0.93400000,0.93400000,32.00000000,2026-06-11 13:39:59,29.88800000,1
2026-06-11 13:40:00,0.93300000,0.93300000,0.93300000,0.93300000,254.86000000,2026-06-11 13:40:59,237.78438000,3
2026-06-11 13:41:00,0.93300000,0.93300000,0.93300000,0.93300000,0.00000000,2026-06-11 13:41:59,0.00000000,0
2026-06-11 13:42:00,0.93200000,0.93200000,0.93200000,0.93200000,99.36000000,2026-06-11 13:42:59,92.60352000,3
2026-06-11 13:43:00,0.93100000,0.93100000,0.93100000,0.93100000,9.32000000,2026-06-11 13:43:59,8.67692000,2
2026-06-11 13:44:00,0.93100000,0.93100000,0.93000000,0.93100000,75.89000000,2026-06-11 13:44:59,70.63719000,3
2026-06-11 13:45:00,0.93100000,0.93200000,0.93000000,0.93000000,2606.40000000,2026-06-11 13:45:59,2424.72425000,9
2026-06-11 13:46:00,0.93000000,0.93000000,0.93000000,0.93000000,0.00000000,2026-06-11 13:46:59,0.00000000,0
2026-06-11 13:47:00,0.93000000,0.93000000,0.93000000,0.93000000,0.00000000,2026-06-11 13:47:59,0.00000000,0
2026-06-11 13:48:00,0.93100000,0.93100000,0.93100000,0.93100000,63.37000000,2026-06-11 13:48:59,58.99747000,3
2026-06-11 13:49:00,0.93100000,0.93100000,0.93000000,0.93000000,67.23000000,2026-06-11 13:49:59,62.55025000,3
2026-06-11 13:50:00,0.92900000,0.92900000,0.92900000,0.92900000,150.07000000,2026-06-11 13:50:59,139.41503000,4
2026-06-11 13:51:00,0.92900000,0.92900000,0.92900000,0.92900000,0.00000000,2026-06-11 13:51:59,0.00000000,0
2026-06-11 13:52:00,0.92900000,0.92900000,0.92900000,0.92900000,0.00000000,2026-06-11 13:52:59,0.00000000,0
2026-06-11 13:53:00,0.92900000,0.92900000,0.92900000,0.92900000,0.00000000,2026-06-11 13:53:59,0.00000000,0
2026-06-11 13:54:00,0.92900000,0.92900000,0.92900000,0.92900000,492.81000000,2026-06-11 13:54:59,457.82049000,7
2026-06-11 13:55:00,0.92800000,0.92800000,0.92800000,0.92800000,274.00000000,2026-06-11 13:55:59,254.27200000,5
2026-06-11 13:56:00,0.92700000,0.92700000,0.92700000,0.92700000,1572.42000000,2026-06-11 13:56:59,1457.63334000,11
2026-06-11 13:57:00,0.92700000,0.92700000,0.92700000,0.92700000,536.45000000,2026-06-11 13:57:59,497.28915000,3
2026-06-11 13:58:00,0.92700000,0.92700000,0.92700000,0.92700000,0.00000000,2026-06-11 13:58:59,0.00000000,0
2026-06-11 13:59:00,0.92700000,0.92800000,0.92700000,0.92800000,1805.02000000,2026-06-11 13:59:59,1673.90954000,11
2026-06-11 14:00:00,0.92700000,0.92700000,0.92600000,0.92700000,6614.64000000,2026-06-11 14:00:59,6130.54078000,27
2026-06-11 14:01:00,0.92700000,0.92800000,0.92700000,0.92800000,5301.62000000,2026-06-11 14:01:59,4918.62714000,19
2026-06-11 14:02:00,0.92700000,0.92700000,0.92700000,0.92700000,1637.02000000,2026-06-11 14:02:59,1517.51754000,7
2026-06-11 14:03:00,0.92600000,0.92600000,0.92400000,0.92400000,2403.40000000,2026-06-11 14:03:59,2221.09994000,11
2026-06-11 14:04:00,0.92500000,0.92500000,0.92500000,0.92500000,5.51000000,2026-06-11 14:04:59,5.09675000,1
2026-06-11 14:05:00,0.92500000,0.92700000,0.92500000,0.92700000,969.99000000,2026-06-11 14:05:59,897.81758000,12
2026-06-11 14:06:00,0.92700000,0.92700000,0.92600000,0.92600000,1181.44000000,2026-06-11 14:06:59,1095.18041000,4
2026-06-11 14:07:00,0.92700000,0.92700000,0.92700000,0.92700000,969.34000000,2026-06-11 14:07:59,898.57818000,4
2026-06-11 14:08:00,0.92700000,0.92800000,0.92700000,0.92800000,437.24000000,2026-06-11 14:08:59,405.33225000,3
2026-06-11 14:09:00,0.92800000,0.92900000,0.92800000,0.92800000,5642.16000000,2026-06-11 14:09:59,5238.41448000,24
2026-06-11 14:10:00,0.92800000,0.92800000,0.92800000,0.92800000,99.00000000,2026-06-11 14:10:59,91.87200000,1
2026-06-11 14:11:00,0.92700000,0.92700000,0.92700000,0.92700000,25.95000000,2026-06-11 14:11:59,24.05565000,2
2026-06-11 14:12:00,0.92600000,0.92600000,0.92500000,0.92500000,50.88000000,2026-06-11 14:12:59,47.06991000,5
2026-06-11 14:13:00,0.92400000,0.92500000,0.92400000,0.92500000,689.74000000,2026-06-11 14:13:59,637.40309000,8
2026-06-11 14:14:00,0.92600000,0.92600000,0.92500000,0.92500000,66.00000000,2026-06-11 14:14:59,61.08300000,2
2026-06-11 14:15:00,0.92500000,0.92500000,0.92400000,0.92400000,248.18000000,2026-06-11 14:15:59,229.52757000,3
2026-06-11 14:16:00,0.92500000,0.92500000,0.92500000,0.92500000,5.94000000,2026-06-11 14:16:59,5.49450000,1
2026-06-11 14:17:00,0.92500000,0.92500000,0.92500000,0.92500000,0.00000000,2026-06-11 14:17:59,0.00000000,0
2026-06-11 14:18:00,0.92400000,0.92400000,0.92400000,0.92400000,31.04000000,2026-06-11 14:18:59,28.68096000,2
2026-06-11 14:19:00,0.92400000,0.92400000,0.92400000,0.92400000,1513.14000000,2026-06-11 14:19:59,1398.14136000,2
2026-06-11 14:20:00,0.92300000,0.92300000,0.92300000,0.92300000,822.10000000,2026-06-11 14:20:59,758.79830000,7
2026-06-11 14:21:00,0.92300000,0.92300000,0.92300000,0.92300000,0.00000000,2026-06-11 14:21:59,0.00000000,0
2026-06-11 14:22:00,0.92300000,0.92300000,0.92300000,0.92300000,1075.24000000,2026-06-11 14:22:59,992.44652000,1
2026-06-11 14:23:00,0.92300000,0.92300000,0.92300000,0.92300000,0.00000000,2026-06-11 14:23:59,0.00000000,0
2026-06-11 14:24:00,0.92400000,0.92400000,0.92400000,0.92400000,5.95000000,2026-06-11 14:24:59,5.49780000,1
2026-06-11 14:25:00,0.92400000,0.92400000,0.92400000,0.92400000,7.16000000,2026-06-11 14:25:59,6.61584000,1
2026-06-11 14:26:00,0.92400000,0.92400000,0.92400000,0.92400000,1470.78000000,2026-06-11 14:26:59,1359.00072000,2
2026-06-11 14:27:00,0.92300000,0.92300000,0.92300000,0.92300000,114.76000000,2026-06-11 14:27:59,105.92348000,5
2026-06-11 14:28:00,0.92400000,0.93400000,0.92400000,0.93300000,24264.45000000,2026-06-11 14:28:59,22548.51767000,134
2026-06-11 14:29:00,0.93200000,0.94000000,0.93100000,0.94000000,16017.18000000,2026-06-11 14:29:59,14951.08675000,95
2026-06-11 14:30:00,0.93900000,0.94400000,0.93900000,0.94200000,16432.51000000,2026-06-11 14:30:59,15459.99819000,98
2026-06-11 14:31:00,0.94100000,0.94500000,0.94000000,0.94400000,5438.79000000,2026-06-11 14:31:59,5130.59449000,39
2026-06-11 14:32:00,0.94300000,0.94700000,0.94300000,0.94700000,3708.49000000,2026-06-11 14:32:59,3505.75469000,32
2026-06-11 14:33:00,0.94700000,0.94700000,0.94400000,0.94400000,1573.04000000,2026-06-11 14:33:59,1488.99604000,15
2026-06-11 14:34:00,0.94400000,0.94500000,0.94400000,0.94500000,1903.41000000,2026-06-11 14:34:59,1797.13522000,19
2026-06-11 14:35:00,0.94500000,0.94900000,0.94500000,0.94800000,4431.85000000,2026-06-11 14:35:59,4194.69795000,43
2026-06-11 14:36:00,0.94800000,0.95000000,0.94600000,0.94600000,3129.04000000,2026-06-11 14:36:59,2966.03520000,32
2026-06-11 14:37:00,0.94600000,0.94700000,0.94600000,0.94700000,871.98000000,2026-06-11 14:37:59,825.53427000,10
2026-06-11 14:38:00,0.94700000,0.94800000,0.94700000,0.94800000,531.12000000,2026-06-11 14:38:59,503.48018000,6
2026-06-11 14:39:00,0.94800000,0.94800000,0.94700000,0.94700000,2809.42000000,2026-06-11 14:39:59,2660.95814000,17
2026-06-11 14:40:00,0.94700000,0.94700000,0.94600000,0.94700000,737.40000000,2026-06-11 14:40:59,697.82499000,8
2026-06-11 14:41:00,0.94800000,0.94800000,0.94800000,0.94800000,259.03000000,2026-06-11 14:41:59,245.56044000,3
2026-06-11 14:42:00,0.94900000,0.94900000,0.94800000,0.94800000,3800.67000000,2026-06-11 14:42:59,3605.16870000,19
2026-06-11 14:43:00,0.94900000,0.94900000,0.94800000,0.94800000,1626.06000000,2026-06-11 14:43:59,1542.90648000,8
2026-06-11 14:44:00,0.94900000,0.94900000,0.94900000,0.94900000,589.14000000,2026-06-11 14:44:59,559.09386000,5
2026-06-11 14:45:00,0.95000000,0.95000000,0.95000000,0.95000000,614.42000000,2026-06-11 14:45:59,583.69900000,9
2026-06-11 14:46:00,0.95000000,0.95000000,0.94900000,0.94900000,475.16000000,2026-06-11 14:46:59,451.14554000,4
2026-06-11 14:47:00,0.95000000,0.95000000,0.95000000,0.95000000,215.02000000,2026-06-11 14:47:59,204.26900000,2
2026-06-11 14:48:00,0.95000000,0.95100000,0.95000000,0.95000000,454.72000000,2026-06-11 14:48:59,432.25035000,6
2026-06-11 14:49:00,0.95000000,0.95400000,0.94900000,0.95400000,18552.73000000,2026-06-11 14:49:59,17649.41342000,80
2026-06-11 14:50:00,0.95400000,0.95400000,0.95100000,0.95100000,3626.92000000,2026-06-11 14:50:59,3454.85825000,18
2026-06-11 14:51:00,0.95100000,0.95200000,0.95100000,0.95200000,266.24000000,2026-06-11 14:51:59,253.23604000,7
2026-06-11 14:52:00,0.95300000,0.95300000,0.95100000,0.95100000,1824.12000000,2026-06-11 14:52:59,1737.63304000,14
2026-06-11 14:53:00,0.95100000,0.95100000,0.94900000,0.94900000,1088.21000000,2026-06-11 14:53:59,1033.79374000,9
2026-06-11 14:54:00,0.94900000,0.95000000,0.94900000,0.95000000,4185.00000000,2026-06-11 14:54:59,3973.92057000,17
2026-06-11 14:55:00,0.94900000,0.94900000,0.94900000,0.94900000,2433.27000000,2026-06-11 14:55:59,2309.17323000,6
2026-06-11 14:56:00,0.94900000,0.94900000,0.94700000,0.94700000,872.55000000,2026-06-11 14:56:59,826.61831000,8
2026-06-11 14:57:00,0.94800000,0.95000000,0.94800000,0.94900000,5499.25000000,2026-06-11 14:57:59,5216.40494000,20
2026-06-11 14:58:00,0.95000000,0.95000000,0.94800000,0.94800000,1254.64000000,2026-06-11 14:58:59,1190.56603000,14
2026-06-11 14:59:00,0.94900000,0.95000000,0.94800000,0.95000000,2432.84000000,2026-06-11 14:59:59,2308.60899000,14
2026-06-11 15:00:00,0.95100000,0.95100000,0.95100000,0.95100000,1258.37000000,2026-06-11 15:00:59,1196.70987000,9
2026-06-11 15:01:00,0.95200000,0.95300000,0.95200000,0.95300000,773.65000000,2026-06-11 15:01:59,736.72980000,6
2026-06-11 15:02:00,0.95400000,0.95400000,0.95200000,0.95200000,227.02000000,2026-06-11 15:02:59,216.25591000,6
2026-06-11 15:03:00,0.95100000,0.95200000,0.94900000,0.94900000,2637.25000000,2026-06-11 15:03:59,2508.04944000,10
2026-06-11 15:04:00,0.94900000,0.94900000,0.94900000,0.94900000,0.00000000,2026-06-11 15:04:59,0.00000000,0
2026-06-11 15:05:00,0.94800000,0.94800000,0.94800000,0.94800000,25.66000000,2026-06-11 15:05:59,24.32568000,2
2026-06-11 15:06:00,0.94700000,0.94800000,0.94700000,0.94800000,524.83000000,2026-06-11 15:06:59,497.43407000,6
2026-06-11 15:07:00,0.94700000,0.94700000,0.94700000,0.94700000,236.13000000,2026-06-11 15:07:59,223.61511000,3
2026-06-11 15:08:00,0.94600000,0.94600000,0.94600000,0.94600000,253.96000000,2026-06-11 15:08:59,240.24616000,3
2026-06-11 15:09:00,0.94600000,0.94600000,0.94600000,0.94600000,0.00000000,2026-06-11 15:09:59,0.00000000,0
2026-06-11 15:10:00,0.94600000,0.94800000,0.94600000,0.94800000,1592.49000000,2026-06-11 15:10:59,1509.66125000,8
2026-06-11 15:11:00,0.94800000,0.94900000,0.94800000,0.94900000,723.77000000,2026-06-11 15:11:59,686.70548000,4
2026-06-11 15:12:00,0.94900000,0.94900000,0.94900000,0.94900000,31.18000000,2026-06-11 15:12:59,29.58982000,2
2026-06-11 15:13:00,0.94900000,0.94900000,0.94900000,0.94900000,0.00000000,2026-06-11 15:13:59,0.00000000,0
2026-06-11 15:14:00,0.94900000,0.94900000,0.94900000,0.94900000,1937.44000000,2026-06-11 15:14:59,1838.63056000,4
2026-06-11 15:15:00,0.95000000,0.95200000,0.95000000,0.95200000,17.29000000,2026-06-11 15:15:59,16.44278000,3
2026-06-11 15:16:00,0.95200000,0.95200000,0.95200000,0.95200000,109.07000000,2026-06-11 15:16:59,103.83464000,2
2026-06-11 15:17:00,0.95100000,0.95100000,0.95100000,0.95100000,293.40000000,2026-06-11 15:17:59,279.02340000,3
2026-06-11 15:18:00,0.95100000,0.95100000,0.95000000,0.95000000,2382.56000000,2026-06-11 15:18:59,2264.01279000,11
2026-06-11 15:19:00,0.95000000,0.95000000,0.95000000,0.95000000,308.25000000,2026-06-11 15:19:59,292.83750000,3
2026-06-11 15:20:00,0.95100000,0.95100000,0.94900000,0.94900000,295.84000000,2026-06-11 15:20:59,280.95815000,6
2026-06-11 15:21:00,0.94900000,0.94900000,0.94900000,0.94900000,0.00000000,2026-06-11 15:21:59,0.00000000,0
2026-06-11 15:22:00,0.94900000,0.94900000,0.94300000,0.94300000,2767.04000000,2026-06-11 15:22:59,2615.97902000,35
2026-06-11 15:23:00,0.94300000,0.94400000,0.94300000,0.94300000,2720.70000000,2026-06-11 15:23:59,2566.56283000,14
2026-06-11 15:24:00,0.94300000,0.94300000,0.94300000,0.94300000,21.18000000,2026-06-11 15:24:59,19.97274000,1
2026-06-11 15:25:00,0.94300000,0.94300000,0.94300000,0.94300000,0.00000000,2026-06-11 15:25:59,0.00000000,0
2026-06-11 15:26:00,0.94300000,0.94300000,0.94300000,0.94300000,0.00000000,2026-06-11 15:26:59,0.00000000,0
2026-06-11 15:27:00,0.94300000,0.94300000,0.94300000,0.94300000,0.00000000,2026-06-11 15:27:59,0.00000000,0
2026-06-11 15:28:00,0.94300000,0.94300000,0.94200000,0.94200000,2461.68000000,2026-06-11 15:28:59,2318.98495000,8
2026-06-11 15:29:00,0.94200000,0.94200000,0.94200000,0.94200000,287.25000000,2026-06-11 15:29:59,270.58950000,8
2026-06-11 15:30:00,0.94200000,0.94300000,0.94200000,0.94300000,1202.00000000,2026-06-11 15:30:59,1132.39003000,7
2026-06-11 15:31:00,0.94300000,0.94300000,0.94200000,0.94200000,1031.96000000,2026-06-11 15:31:59,973.12585000,3
2026-06-11 15:32:00,0.94200000,0.94200000,0.94200000,0.94200000,36.00000000,2026-06-11 15:32:59,33.91200000,2
2026-06-11 15:33:00,0.94200000,0.94200000,0.94200000,0.94200000,0.00000000,2026-06-11 15:33:59,0.00000000,0
2026-06-11 15:34:00,0.94300000,0.94300000,0.94300000,0.94300000,210.58000000,2026-06-11 15:34:59,198.57694000,2
2026-06-11 15:35:00,0.94300000,0.94300000,0.94300000,0.94300000,0.00000000,2026-06-11 15:35:59,0.00000000,0
2026-06-11 15:36:00,0.94400000,0.94400000,0.94400000,0.94400000,1501.55000000,2026-06-11 15:36:59,1417.46320000,4
2026-06-11 15:37:00,0.94500000,0.94500000,0.94400000,0.94400000,806.06000000,2026-06-11 15:37:59,761.11696000,3
2026-06-11 15:38:00,0.94300000,0.94400000,0.94300000,0.94400000,869.55000000,2026-06-11 15:38:59,820.84839000,8
2026-06-11 15:39:00,0.94400000,0.94400000,0.94400000,0.94400000,209.25000000,2026-06-11 15:39:59,197.53200000,4
2026-06-11 15:40:00,0.94300000,0.94300000,0.94300000,0.94300000,332.63000000,2026-06-11 15:40:59,313.67009000,4
2026-06-11 15:41:00,0.94300000,0.94400000,0.94300000,0.94400000,173.66000000,2026-06-11 15:41:59,163.85497000,2
2026-06-11 15:42:00,0.94300000,0.94300000,0.94300000,0.94300000,116.81000000,2026-06-11 15:42:59,110.15183000,2
2026-06-11 15:43:00,0.94300000,0.94300000,0.94300000,0.94300000,0.00000000,2026-06-11 15:43:59,0.00000000,0
2026-06-11 15:44:00,0.94300000,0.94300000,0.94300000,0.94300000,0.00000000,2026-06-11 15:44:59,0.00000000,0
2026-06-11 15:45:00,0.94300000,0.94300000,0.94300000,0.94300000,0.00000000,2026-06-11 15:45:59,0.00000000,0
2026-06-11 15:46:00,0.94400000,0.94400000,0.94400000,0.94400000,314.06000000,2026-06-11 15:46:59,296.47264000,3
2026-06-11 15:47:00,0.94400000,0.94400000,0.94400000,0.94400000,1278.53000000,2026-06-11 15:47:59,1206.93232000,3
2026-06-11 15:48:00,0.94400000,0.94400000,0.94300000,0.94300000,633.67000000,2026-06-11 15:48:59,598.17868000,2
2026-06-11 15:49:00,0.94300000,0.94300000,0.94300000,0.94300000,0.00000000,2026-06-11 15:49:59,0.00000000,0
2026-06-11 15:50:00,0.94200000,0.94200000,0.94200000,0.94200000,196.90000000,2026-06-11 15:50:59,185.47980000,4
2026-06-11 15:51:00,0.94200000,0.94200000,0.94200000,0.94200000,1322.82000000,2026-06-11 15:51:59,1246.09644000,5
2026-06-11 15:52:00,0.94200000,0.94200000,0.94200000,0.94200000,11.08000000,2026-06-11 15:52:59,10.43736000,2
2026-06-11 15:53:00,0.94300000,0.94300000,0.94300000,0.94300000,254.01000000,2026-06-11 15:53:59,239.53143000,3
2026-06-11 15:54:00,0.94300000,0.94300000,0.94300000,0.94300000,1201.99000000,2026-06-11 15:54:59,1133.47657000,4
2026-06-11 15:55:00,0.94300000,0.94300000,0.94300000,0.94300000,0.00000000,2026-06-11 15:55:59,0.00000000,0
2026-06-11 15:56:00,0.94300000,0.94300000,0.94300000,0.94300000,1227.88000000,2026-06-11 15:56:59,1157.89084000,9
2026-06-11 15:57:00,0.94300000,0.94300000,0.94300000,0.94300000,0.00000000,2026-06-11 15:57:59,0.00000000,0
2026-06-11 15:58:00,0.94300000,0.94300000,0.94300000,0.94300000,704.73000000,2026-06-11 15:58:59,664.56039000,1
2026-06-11 15:59:00,0.94200000,0.94200000,0.94200000,0.94200000,44.76000000,2026-06-11 15:59:59,42.16392000,2
2026-06-11 16:00:00,0.94100000,0.94100000,0.94000000,0.94100000,117.76000000,2026-06-11 16:00:59,110.80160000,5
2026-06-11 16:01:00,0.94200000,0.94200000,0.94200000,0.94200000,27.41000000,2026-06-11 16:01:59,25.82022000,2
2026-06-11 16:02:00,0.94300000,0.94300000,0.94300000,0.94300000,1255.60000000,2026-06-11 16:02:59,1184.03080000,7
2026-06-11 16:03:00,0.94200000,0.94200000,0.94200000,0.94200000,930.00000000,2026-06-11 16:03:59,876.06000000,3
2026-06-11 16:04:00,0.94100000,0.94100000,0.94100000,0.94100000,7.43000000,2026-06-11 16:04:59,6.99163000,1
2026-06-11 16:05:00,0.94100000,0.94100000,0.94100000,0.94100000,0.00000000,2026-06-11 16:05:59,0.00000000,0
2026-06-11 16:06:00,0.94100000,0.94100000,0.94100000,0.94100000,512.54000000,2026-06-11 16:06:59,482.30014000,5
2026-06-11 16:07:00,0.94000000,0.94000000,0.94000000,0.94000000,5.82000000,2026-06-11 16:07:59,5.47080000,1
2026-06-11 16:08:00,0.94000000,0.94000000,0.93900000,0.93900000,374.03000000,2026-06-11 16:08:59,351.22294000,9
2026-06-11 16:09:00,0.93900000,0.93900000,0.93900000,0.93900000,955.06000000,2026-06-11 16:09:59,896.80134000,1
2026-06-11 16:10:00,0.93900000,0.94000000,0.93900000,0.94000000,16.25000000,2026-06-11 16:10:59,15.26459000,3
2026-06-11 16:11:00,0.93900000,0.94000000,0.93900000,0.94000000,158.21000000,2026-06-11 16:11:59,148.69003000,4
2026-06-11 16:12:00,0.94100000,0.94400000,0.94100000,0.94300000,2039.54000000,2026-06-11 16:12:59,1922.23616000,19
2026-06-11 16:13:00,0.94200000,0.94200000,0.94100000,0.94100000,755.74000000,2026-06-11 16:13:59,711.15714000,9
2026-06-11 16:14:00,0.94100000,0.94100000,0.94100000,0.94100000,17.92000000,2026-06-11 16:14:59,16.86272000,1
2026-06-11 16:15:00,0.94200000,0.94200000,0.94200000,0.94200000,5.82000000,2026-06-11 16:15:59,5.48244000,1
2026-06-11 16:16:00,0.94300000,0.94300000,0.94300000,0.94300000,963.64000000,2026-06-11 16:16:59,908.71252000,4
2026-06-11 16:17:00,0.94300000,0.94300000,0.94300000,0.94300000,0.00000000,2026-06-11 16:17:59,0.00000000,0
2026-06-11 16:18:00,0.94300000,0.94300000,0.94300000,0.94300000,0.00000000,2026-06-11 16:18:59,0.00000000,0
2026-06-11 16:19:00,0.94300000,0.94300000,0.94300000,0.94300000,688.30000000,2026-06-11 16:19:59,649.06690000,5
2026-06-11 16:20:00,0.94400000,0.94400000,0.94400000,0.94400000,104.81000000,2026-06-11 16:20:59,98.94064000,2
2026-06-11 16:21:00,0.94300000,0.94300000,0.94300000,0.94300000,45.22000000,2026-06-11 16:21:59,42.64246000,2
2026-06-11 16:22:00,0.94400000,0.94400000,0.94400000,0.94400000,167.07000000,2026-06-11 16:22:59,157.71408000,3
2026-06-11 16:23:00,0.94400000,0.94400000,0.94400000,0.94400000,0.00000000,2026-06-11 16:23:59,0.00000000,0
2026-06-11 16:24:00,0.94500000,0.94500000,0.94400000,0.94400000,103.95000000,2026-06-11 16:24:59,98.17044000,3
2026-06-11 16:25:00,0.94400000,0.94400000,0.94400000,0.94400000,14.91000000,2026-06-11 16:25:59,14.07504000,1
2026-06-11 16:26:00,0.94400000,0.94400000,0.94400000,0.94400000,279.88000000,2026-06-11 16:26:59,264.20672000,6
2026-06-11 16:27:00,0.94400000,0.94400000,0.94400000,0.94400000,0.00000000,2026-06-11 16:27:59,0.00000000,0
2026-06-11 16:28:00,0.94300000,0.94300000,0.94300000,0.94300000,882.02000000,2026-06-11 16:28:59,831.74486000,5
2026-06-11 16:29:00,0.94300000,0.94300000,0.94300000,0.94300000,0.00000000,2026-06-11 16:29:59,0.00000000,0
2026-06-11 16:30:00,0.94300000,0.95000000,0.94300000,0.95000000,9180.46000000,2026-06-11 16:30:59,8684.88375000,61
2026-06-11 16:31:00,0.95000000,0.95000000,0.94900000,0.94900000,158.87000000,2026-06-11 16:31:59,150.78889000,3
2026-06-11 16:32:00,0.94900000,0.94900000,0.94900000,0.94900000,34.15000000,2026-06-11 16:32:59,32.40835000,1
2026-06-11 16:33:00,0.94900000,0.94900000,0.94900000,0.94900000,0.00000000,2026-06-11 16:33:59,0.00000000,0
2026-06-11 16:34:00,0.94900000,0.94900000,0.94800000,0.94900000,178.67000000,2026-06-11 16:34:59,169.55207000,4
2026-06-11 16:35:00,0.94900000,0.94900000,0.94900000,0.94900000,0.00000000,2026-06-11 16:35:59,0.00000000,0
2026-06-11 16:36:00,0.94900000,0.94900000,0.94700000,0.94700000,31.61000000,2026-06-11 16:36:59,29.98735000,2
2026-06-11 16:37:00,0.94700000,0.94700000,0.94700000,0.94700000,0.00000000,2026-06-11 16:37:59,0.00000000,0
2026-06-11 16:38:00,0.94700000,0.94700000,0.94600000,0.94600000,21.34000000,2026-06-11 16:38:59,20.20265000,4
2026-06-11 16:39:00,0.94500000,0.94500000,0.94500000,0.94500000,23.37000000,2026-06-11 16:39:59,22.08465000,1
2026-06-11 16:40:00,0.94500000,0.94500000,0.94500000,0.94500000,0.00000000,2026-06-11 16:40:59,0.00000000,0
2026-06-11 16:41:00,0.94700000,0.94800000,0.94700000,0.94800000,1055.82000000,2026-06-11 16:41:59,1000.91157000,10
2026-06-11 16:42:00,0.94800000,0.94800000,0.94800000,0.94800000,948.21000000,2026-06-11 16:42:59,898.90308000,1
2026-06-11 16:43:00,0.94800000,0.94800000,0.94800000,0.94800000,0.00000000,2026-06-11 16:43:59,0.00000000,0
2026-06-11 16:44:00,0.94700000,0.94700000,0.94700000,0.94700000,523.27000000,2026-06-11 16:44:59,495.53669000,4
2026-06-11 16:45:00,0.94700000,0.94700000,0.94700000,0.94700000,1941.17000000,2026-06-11 16:45:59,1838.28799000,10
2026-06-11 16:46:00,0.94700000,0.94700000,0.94700000,0.94700000,684.16000000,2026-06-11 16:46:59,647.89952000,6
2026-06-11 16:47:00,0.94700000,0.94700000,0.94700000,0.94700000,99.00000000,2026-06-11 16:47:59,93.75300000,1
2026-06-11 16:48:00,0.94700000,0.94700000,0.94700000,0.94700000,0.00000000,2026-06-11 16:48:59,0.00000000,0
2026-06-11 16:49:00,0.94700000,0.94700000,0.94700000,0.94700000,0.00000000,2026-06-11 16:49:59,0.00000000,0
2026-06-11 16:50:00,0.94700000,0.94700000,0.94600000,0.94600000,3125.95000000,2026-06-11 16:50:59,2958.96415000,13
2026-06-11 16:51:00,0.94600000,0.94600000,0.94600000,0.94600000,0.00000000,2026-06-11 16:51:59,0.00000000,0
2026-06-11 16:52:00,0.94600000,0.94600000,0.94600000,0.94600000,163.98000000,2026-06-11 16:52:59,155.12508000,2
2026-06-11 16:53:00,0.94600000,0.94600000,0.94600000,0.94600000,274.09000000,2026-06-11 16:53:59,259.28914000,4
2026-06-11 16:54:00,0.94600000,0.94600000,0.94600000,0.94600000,0.00000000,2026-06-11 16:54:59,0.00000000,0
2026-06-11 16:55:00,0.94500000,0.94500000,0.94500000,0.94500000,117.28000000,2026-06-11 16:55:59,110.82960000,2
2026-06-11 16:56:00,0.94700000,0.94700000,0.94700000,0.94700000,1764.29000000,2026-06-11 16:56:59,1670.78263000,7
2026-06-11 16:57:00,0.94700000,0.94700000,0.94700000,0.94700000,1212.43000000,2026-06-11 16:57:59,1148.17121000,3
2026-06-11 16:58:00,0.94600000,0.94600000,0.94600000,0.94600000,215.03000000,2026-06-11 16:58:59,203.41838000,2
2026-06-11 16:59:00,0.94600000,0.94600000,0.94600000,0.94600000,506.25000000,2026-06-11 16:59:59,478.91250000,4
2026-06-11 17:00:00,0.94600000,0.94600000,0.94600000,0.94600000,0.00000000,2026-06-11 17:00:59,0.00000000,0
2026-06-11 17:01:00,0.94600000,0.94700000,0.94600000,0.94700000,942.00000000,2026-06-11 17:01:59,891.23953000,7
2026-06-11 17:02:00,0.94600000,0.94600000,0.94600000,0.94600000,31.82000000,2026-06-11 17:02:59,30.10172000,1
2026-06-11 17:03:00,0.94600000,0.94600000,0.94600000,0.94600000,0.00000000,2026-06-11 17:03:59,0.00000000,0
2026-06-11 17:04:00,0.94600000,0.94600000,0.94600000,0.94600000,0.00000000,2026-06-11 17:04:59,0.00000000,0
2026-06-11 17:05:00,0.94700000,0.94700000,0.94700000,0.94700000,349.64000000,2026-06-11 17:05:59,331.10908000,5
2026-06-11 17:06:00,0.94700000,0.94700000,0.94700000,0.94700000,0.00000000,2026-06-11 17:06:59,0.00000000,0
2026-06-11 17:07:00,0.94600000,0.94600000,0.94600000,0.94600000,44.65000000,2026-06-11 17:07:59,42.23890000,2
2026-06-11 17:08:00,0.94600000,0.94600000,0.94600000,0.94600000,0.00000000,2026-06-11 17:08:59,0.00000000,0
2026-06-11 17:09:00,0.94600000,0.94600000,0.94600000,0.94600000,0.00000000,2026-06-11 17:09:59,0.00000000,0
2026-06-11 17:10:00,0.94500000,0.94600000,0.94500000,0.94600000,274.64000000,2026-06-11 17:10:59,259.54113000,5
2026-06-11 17:11:00,0.94600000,0.94600000,0.94600000,0.94600000,317.12000000,2026-06-11 17:11:59,299.99552000,4
2026-06-11 17:12:00,0.94600000,0.94600000,0.94600000,0.94600000,557.50000000,2026-06-11 17:12:59,527.39500000,7
2026-06-11 17:13:00,0.94600000,0.94600000,0.94600000,0.94600000,99.00000000,2026-06-11 17:13:59,93.65400000,1
2026-06-11 17:14:00,0.94600000,0.94600000,0.94600000,0.94600000,74.56000000,2026-06-11 17:14:59,70.53376000,1
2026-06-11 17:15:00,0.94600000,0.94600000,0.94600000,0.94600000,0.00000000,2026-06-11 17:15:59,0.00000000,0
2026-06-11 17:16:00,0.94500000,0.94500000,0.94500000,0.94500000,1346.37000000,2026-06-11 17:16:59,1272.31965000,8
2026-06-11 17:17:00,0.94600000,0.94600000,0.94600000,0.94600000,215.05000000,2026-06-11 17:17:59,203.43730000,4
2026-06-11 17:18:00,0.94600000,0.94600000,0.94600000,0.94600000,0.00000000,2026-06-11 17:18:59,0.00000000,0
2026-06-11 17:19:00,0.94600000,0.94600000,0.94600000,0.94600000,209.25000000,2026-06-11 17:19:59,197.95050000,1
2026-06-11 17:20:00,0.94600000,0.94600000,0.94600000,0.94600000,0.00000000,2026-06-11 17:20:59,0.00000000,0
2026-06-11 17:21:00,0.94600000,0.94600000,0.94600000,0.94600000,99.08000000,2026-06-11 17:21:59,93.72968000,1
2026-06-11 17:22:00,0.94600000,0.94600000,0.94600000,0.94600000,0.00000000,2026-06-11 17:22:59,0.00000000,0
2026-06-11 17:23:00,0.94500000,0.94500000,0.94500000,0.94500000,3493.61000000,2026-06-11 17:23:59,3301.46145000,17
2026-06-11 17:24:00,0.94500000,0.94500000,0.94500000,0.94500000,0.00000000,2026-06-11 17:24:59,0.00000000,0
2026-06-11 17:25:00,0.94500000,0.94500000,0.94500000,0.94500000,53.73000000,2026-06-11 17:25:59,50.77485000,1
2026-06-11 17:26:00,0.94500000,0.94500000,0.94500000,0.94500000,459.94000000,2026-06-11 17:26:59,434.64330000,5
2026-06-11 17:27:00,0.94400000,0.94400000,0.94400000,0.94400000,1072.79000000,2026-06-11 17:27:59,1012.71376000,4
2026-06-11 17:28:00,0.94300000,0.94300000,0.94100000,0.94200000,7648.19000000,2026-06-11 17:28:59,7204.86441000,34
2026-06-11 17:29:00,0.94200000,0.94200000,0.94200000,0.94200000,248.35000000,2026-06-11 17:29:59,233.94570000,8
2026-06-11 17:30:00,0.94100000,0.94200000,0.94100000,0.94200000,1047.10000000,2026-06-11 17:30:59,986.25333000,7
2026-06-11 17:31:00,0.94200000,0.94300000,0.94200000,0.94300000,1216.61000000,2026-06-11 17:31:59,1146.06551000,5
2026-06-11 17:32:00,0.94200000,0.94200000,0.94200000,0.94200000,194.39000000,2026-06-11 17:32:59,183.11538000,2
2026-06-11 17:33:00,0.94300000,0.94300000,0.94300000,0.94300000,334.85000000,2026-06-11 17:33:59,315.76355000,5
2026-06-11 17:34:00,0.94300000,0.94300000,0.94300000,0.94300000,963.64000000,2026-06-11 17:34:59,908.71252000,3
2026-06-11 17:35:00,0.94200000,0.94200000,0.94200000,0.94200000,1345.06000000,2026-06-11 17:35:59,1267.04652000,6
2026-06-11 17:36:00,0.94200000,0.94200000,0.94200000,0.94200000,5.80000000,2026-06-11 17:36:59,5.46360000,1
2026-06-11 17:37:00,0.94200000,0.94200000,0.94200000,0.94200000,153.01000000,2026-06-11 17:37:59,144.13542000,2
2026-06-11 17:38:00,0.94200000,0.94200000,0.94200000,0.94200000,1142.60000000,2026-06-11 17:38:59,1076.32920000,2
2026-06-11 17:39:00,0.94100000,0.94100000,0.94100000,0.94100000,1192.88000000,2026-06-11 17:39:59,1122.50008000,5
2026-06-11 17:40:00,0.94100000,0.94100000,0.94100000,0.94100000,845.70000000,2026-06-11 17:40:59,795.80370000,2
2026-06-11 17:41:00,0.94200000,0.94200000,0.94200000,0.94200000,1021.56000000,2026-06-11 17:41:59,962.30952000,3
2026-06-11 17:42:00,0.94200000,0.94200000,0.94200000,0.94200000,0.00000000,2026-06-11 17:42:59,0.00000000,0
2026-06-11 17:43:00,0.94200000,0.94200000,0.94200000,0.94200000,0.00000000,2026-06-11 17:43:59,0.00000000,0
2026-06-11 17:44:00,0.94100000,0.94100000,0.94100000,0.94100000,1300.13000000,2026-06-11 17:44:59,1223.42233000,4
2026-06-11 17:45:00,0.94200000,0.94200000,0.94200000,0.94200000,833.56000000,2026-06-11 17:45:59,785.21352000,19
2026-06-11 17:46:00,0.94300000,0.94300000,0.94300000,0.94300000,122.87000000,2026-06-11 17:46:59,115.86641000,8
2026-06-11 17:47:00,0.94300000,0.94300000,0.94300000,0.94300000,0.00000000,2026-06-11 17:47:59,0.00000000,0
2026-06-11 17:48:00,0.94300000,0.94300000,0.94300000,0.94300000,0.00000000,2026-06-11 17:48:59,0.00000000,0
2026-06-11 17:49:00,0.94300000,0.94300000,0.94300000,0.94300000,0.00000000,2026-06-11 17:49:59,0.00000000,0
2026-06-11 17:50:00,0.94300000,0.94300000,0.94300000,0.94300000,505.19000000,2026-06-11 17:50:59,476.39417000,6
2026-06-11 17:51:00,0.94300000,0.94300000,0.94300000,0.94300000,0.00000000,2026-06-11 17:51:59,0.00000000,0
2026-06-11 17:52:00,0.94300000,0.94400000,0.94300000,0.94400000,204.78000000,2026-06-11 17:52:59,193.20616000,4
2026-06-11 17:53:00,0.94500000,0.94500000,0.94500000,0.94500000,84.19000000,2026-06-11 17:53:59,79.55955000,3
2026-06-11 17:54:00,0.94500000,0.94500000,0.94500000,0.94500000,0.00000000,2026-06-11 17:54:59,0.00000000,0
2026-06-11 17:55:00,0.94600000,0.94600000,0.94600000,0.94600000,10.50000000,2026-06-11 17:55:59,9.93300000,2
2026-06-11 17:56:00,0.94600000,0.94600000,0.94600000,0.94600000,53.13000000,2026-06-11 17:56:59,50.26098000,1
2026-06-11 17:57:00,0.94600000,0.94600000,0.94600000,0.94600000,0.00000000,2026-06-11 17:57:59,0.00000000,0
2026-06-11 17:58:00,0.94600000,0.94600000,0.94600000,0.94600000,1715.24000000,2026-06-11 17:58:59,1622.61704000,13
2026-06-11 17:59:00,0.94600000,0.94600000,0.94600000,0.94600000,1781.84000000,2026-06-11 17:59:59,1685.62064000,3
2026-06-11 18:00:00,0.94600000,0.94600000,0.94600000,0.94600000,0.00000000,2026-06-11 18:00:59,0.00000000,0
2026-06-11 18:01:00,0.94600000,0.94700000,0.94600000,0.94700000,1499.35000000,2026-06-11 18:01:59,1418.45176000,5
2026-06-11 18:02:00,0.94700000,0.94700000,0.94700000,0.94700000,209.02000000,2026-06-11 18:02:59,197.94194000,2
2026-06-11 18:03:00,0.94700000,0.94700000,0.94700000,0.94700000,0.00000000,2026-06-11 18:03:59,0.00000000,0
2026-06-11 18:04:00,0.94700000,0.94800000,0.94700000,0.94800000,4153.45000000,2026-06-11 18:04:59,3934.63468000,15
2026-06-11 18:05:00,0.94800000,0.94800000,0.94800000,0.94800000,3376.67000000,2026-06-11 18:05:59,3201.08316000,9
2026-06-11 18:06:00,0.94800000,0.94800000,0.94800000,0.94800000,0.00000000,2026-06-11 18:06:59,0.00000000,0
2026-06-11 18:07:00,0.94800000,0.94800000,0.94800000,0.94800000,0.00000000,2026-06-11 18:07:59,0.00000000,0
2026-06-11 18:08:00,0.94800000,0.94900000,0.94800000,0.94900000,1185.28000000,2026-06-11 18:08:59,1123.73824000,3
2026-06-11 18:09:00,0.94800000,0.94800000,0.94800000,0.94800000,95.25000000,2026-06-11 18:09:59,90.29700000,3
2026-06-11 18:10:00,0.94800000,0.94800000,0.94800000,0.94800000,0.00000000,2026-06-11 18:10:59,0.00000000,0
2026-06-11 18:11:00,0.94800000,0.94800000,0.94800000,0.94800000,0.00000000,2026-06-11 18:11:59,0.00000000,0
2026-06-11 18:12:00,0.94900000,0.94900000,0.94900000,0.94900000,1336.55000000,2026-06-11 18:12:59,1268.38595000,8
2026-06-11 18:13:00,0.95000000,0.95100000,0.95000000,0.95100000,1087.76000000,2026-06-11 18:13:59,1033.77240000,11
2026-06-11 18:14:00,0.95100000,0.95100000,0.95100000,0.95100000,0.00000000,2026-06-11 18:14:59,0.00000000,0
2026-06-11 18:15:00,0.95100000,0.95100000,0.95100000,0.95100000,0.00000000,2026-06-11 18:15:59,0.00000000,0
2026-06-11 18:16:00,0.95000000,0.95000000,0.95000000,0.95000000,1139.25000000,2026-06-11 18:16:59,1082.28750000,5
2026-06-11 18:17:00,0.95000000,0.95000000,0.95000000,0.95000000,0.00000000,2026-06-11 18:17:59,0.00000000,0
2026-06-11 18:18:00,0.95000000,0.95000000,0.95000000,0.95000000,0.00000000,2026-06-11 18:18:59,0.00000000,0
2026-06-11 18:19:00,0.95000000,0.95000000,0.95000000,0.95000000,0.00000000,2026-06-11 18:19:59,0.00000000,0
2026-06-11 18:20:00,0.95000000,0.95000000,0.95000000,0.95000000,0.00000000,2026-06-11 18:20:59,0.00000000,0
2026-06-11 18:21:00,0.94900000,0.94900000,0.94900000,0.94900000,1190.07000000,2026-06-11 18:21:59,1129.37643000,4
2026-06-11 18:22:00,0.94900000,0.94900000,0.94900000,0.94900000,0.00000000,2026-06-11 18:22:59,0.00000000,0
2026-06-11 18:23:00,0.95000000,0.95000000,0.95000000,0.95000000,973.98000000,2026-06-11 18:23:59,925.28100000,5
2026-06-11 18:24:00,0.94900000,0.94900000,0.94900000,0.94900000,225.48000000,2026-06-11 18:24:59,213.98052000,1
2026-06-11 18:25:00,0.94900000,0.94900000,0.94900000,0.94900000,0.00000000,2026-06-11 18:25:59,0.00000000,0
2026-06-11 18:26:00,0.94900000,0.94900000,0.94900000,0.94900000,53.71000000,2026-06-11 18:26:59,50.97079000,1
2026-06-11 18:27:00,0.94900000,0.94900000,0.94900000,0.94900000,174.64000000,2026-06-11 18:27:59,165.73336000,2
2026-06-11 18:28:00,0.94900000,0.94900000,0.94900000,0.94900000,0.00000000,2026-06-11 18:28:59,0.00000000,0
2026-06-11 18:29:00,0.94900000,0.94900000,0.94900000,0.94900000,0.00000000,2026-06-11 18:29:59,0.00000000,0
2026-06-11 18:30:00,0.94900000,0.94900000,0.94900000,0.94900000,1226.76000000,2026-06-11 18:30:59,1164.19524000,3
2026-06-11 18:31:00,0.94900000,0.94900000,0.94900000,0.94900000,0.00000000,2026-06-11 18:31:59,0.00000000,0
2026-06-11 18:32:00,0.94900000,0.94900000,0.94900000,0.94900000,0.00000000,2026-06-11 18:32:59,0.00000000,0
2026-06-11 18:33:00,0.94900000,0.94900000,0.94900000,0.94900000,0.00000000,2026-06-11 18:33:59,0.00000000,0
2026-06-11 18:34:00,0.94900000,0.94900000,0.94900000,0.94900000,0.00000000,2026-06-11 18:34:59,0.00000000,0
2026-06-11 18:35:00,0.94900000,0.94900000,0.94900000,0.94900000,913.12000000,2026-06-11 18:35:59,866.55088000,3
2026-06-11 18:36:00,0.94900000,0.94900000,0.94900000,0.94900000,0.00000000,2026-06-11 18:36:59,0.00000000,0
2026-06-11 18:37:00,0.94900000,0.94900000,0.94900000,0.94900000,23.70000000,2026-06-11 18:37:59,22.49130000,3
2026-06-11 18:38:00,0.94900000,0.94900000,0.94900000,0.94900000,0.00000000,2026-06-11 18:38:59,0.00000000,0
2026-06-11 18:39:00,0.94900000,0.94900000,0.94900000,0.94900000,447.58000000,2026-06-11 18:39:59,424.75342000,2
2026-06-11 18:40:00,0.94900000,0.94900000,0.94900000,0.94900000,290.53000000,2026-06-11 18:40:59,275.71297000,1
2026-06-11 18:41:00,0.94900000,0.94900000,0.94900000,0.94900000,0.00000000,2026-06-11 18:41:59,0.00000000,0
2026-06-11 18:42:00,0.94900000,0.94900000,0.94900000,0.94900000,0.00000000,2026-06-11 18:42:59,0.00000000,0
2026-06-11 18:43:00,0.94900000,0.94900000,0.94900000,0.94900000,22.90000000,2026-06-11 18:43:59,21.73210000,1
2026-06-11 18:44:00,0.94900000,0.94900000,0.94900000,0.94900000,483.50000000,2026-06-11 18:44:59,458.84150000,1
2026-06-11 18:45:00,0.94900000,0.94900000,0.94900000,0.94900000,0.00000000,2026-06-11 18:45:59,0.00000000,0
2026-06-11 18:46:00,0.94900000,0.94900000,0.94900000,0.94900000,0.00000000,2026-06-11 18:46:59,0.00000000,0
2026-06-11 18:47:00,0.94900000,0.94900000,0.94900000,0.94900000,0.00000000,2026-06-11 18:47:59,0.00000000,0
2026-06-11 18:48:00,0.94900000,0.94900000,0.94900000,0.94900000,0.00000000,2026-06-11 18:48:59,0.00000000,0
2026-06-11 18:49:00,0.94900000,0.94900000,0.94900000,0.94900000,0.00000000,2026-06-11 18:49:59,0.00000000,0
2026-06-11 18:50:00,0.95000000,0.95100000,0.95000000,0.95100000,2203.03000000,2026-06-11 18:50:59,2094.31279000,11
2026-06-11 18:51:00,0.95100000,0.95100000,0.95100000,0.95100000,0.00000000,2026-06-11 18:51:59,0.00000000,0
2026-06-11 18:52:00,0.95100000,0.95100000,0.95100000,0.95100000,0.00000000,2026-06-11 18:52:59,0.00000000,0
2026-06-11 18:53:00,0.95000000,0.95000000,0.95000000,0.95000000,66.13000000,2026-06-11 18:53:59,62.82350000,3
2026-06-11 18:54:00,0.95000000,0.95000000,0.95000000,0.95000000,433.44000000,2026-06-11 18:54:59,411.76800000,2
2026-06-11 18:55:00,0.94900000,0.94900000,0.94900000,0.94900000,77.74000000,2026-06-11 18:55:59,73.77526000,1
2026-06-11 18:56:00,0.94900000,0.94900000,0.94900000,0.94900000,0.00000000,2026-06-11 18:56:59,0.00000000,0
2026-06-11 18:57:00,0.94800000,0.94800000,0.94700000,0.94700000,226.06000000,2026-06-11 18:57:59,214.28599000,2
2026-06-11 18:58:00,0.94800000,0.94800000,0.94800000,0.94800000,38.85000000,2026-06-11 18:58:59,36.82980000,1
2026-06-11 18:59:00,0.94700000,0.94700000,0.94700000,0.94700000,83.33000000,2026-06-11 18:59:59,78.91351000,1
2026-06-11 19:00:00,0.94700000,0.94800000,0.94700000,0.94800000,113.86000000,2026-06-11 19:00:59,107.93282000,3
2026-06-11 19:01:00,0.94800000,0.94800000,0.94800000,0.94800000,0.00000000,2026-06-11 19:01:59,0.00000000,0
2026-06-11 19:02:00,0.94800000,0.94800000,0.94800000,0.94800000,445.97000000,2026-06-11 19:02:59,422.77956000,4
2026-06-11 19:03:00,0.94900000,0.94900000,0.94800000,0.94900000,35.76000000,2026-06-11 19:03:59,33.91516000,3
2026-06-11 19:04:00,0.94900000,0.94900000,0.94900000,0.94900000,0.00000000,2026-06-11 19:04:59,0.00000000,0
2026-06-11 19:05:00,0.94800000,0.94900000,0.94700000,0.94900000,617.86000000,2026-06-11 19:05:59,586.13965000,3
2026-06-11 19:06:00,0.94900000,0.94900000,0.94900000,0.94900000,0.00000000,2026-06-11 19:06:59,0.00000000,0
2026-06-11 19:07:00,0.94900000,0.94900000,0.94900000,0.94900000,64.66000000,2026-06-11 19:07:59,61.36234000,1
2026-06-11 19:08:00,0.94900000,0.94900000,0.94900000,0.94900000,0.00000000,2026-06-11 19:08:59,0.00000000,0
2026-06-11 19:09:00,0.94900000,0.94900000,0.94900000,0.94900000,0.00000000,2026-06-11 19:09:59,0.00000000,0
2026-06-11 19:10:00,0.94900000,0.94900000,0.94900000,0.94900000,0.00000000,2026-06-11 19:10:59,0.00000000,0
2026-06-11 19:11:00,0.94900000,0.94900000,0.94900000,0.94900000,0.00000000,2026-06-11 19:11:59,0.00000000,0
2026-06-11 19:12:00,0.94500000,0.94600000,0.94500000,0.94500000,1045.00000000,2026-06-11 19:12:59,987.53158000,5
2026-06-11 19:13:00,0.94600000,0.94600000,0.94600000,0.94600000,646.88000000,2026-06-11 19:13:59,611.94848000,4
2026-06-11 19:14:00,0.94600000,0.94600000,0.94600000,0.94600000,0.00000000,2026-06-11 19:14:59,0.00000000,0
2026-06-11 19:15:00,0.94600000,0.94600000,0.94600000,0.94600000,96.70000000,2026-06-11 19:15:59,91.47820000,1
2026-06-11 19:16:00,0.94600000,0.94600000,0.94600000,0.94600000,1101.44000000,2026-06-11 19:16:59,1041.96224000,4
2026-06-11 19:17:00,0.94600000,0.94600000,0.94600000,0.94600000,0.00000000,2026-06-11 19:17:59,0.00000000,0
2026-06-11 19:18:00,0.94600000,0.94600000,0.94600000,0.94600000,0.00000000,2026-06-11 19:18:59,0.00000000,0
2026-06-11 19:19:00,0.94600000,0.94600000,0.94600000,0.94600000,0.00000000,2026-06-11 19:19:59,0.00000000,0
2026-06-11 19:20:00,0.94600000,0.94600000,0.94600000,0.94600000,16.28000000,2026-06-11 19:20:59,15.40088000,1
2026-06-11 19:21:00,0.94500000,0.94500000,0.94500000,0.94500000,52.84000000,2026-06-11 19:21:59,49.93380000,2
2026-06-11 19:22:00,0.94400000,0.94400000,0.94400000,0.94400000,303.03000000,2026-06-11 19:22:59,286.06032000,6
2026-06-11 19:23:00,0.94400000,0.94400000,0.94400000,0.94400000,68.24000000,2026-06-11 19:23:59,64.41856000,2
2026-06-11 19:24:00,0.94400000,0.94400000,0.94400000,0.94400000,155.80000000,2026-06-11 19:24:59,147.07520000,2
2026-06-11 19:25:00,0.94400000,0.94400000,0.94400000,0.94400000,0.00000000,2026-06-11 19:25:59,0.00000000,0
2026-06-11 19:26:00,0.94400000,0.94400000,0.94400000,0.94400000,379.25000000,2026-06-11 19:26:59,358.01200000,3
2026-06-11 19:27:00,0.94500000,0.94500000,0.94500000,0.94500000,16.28000000,2026-06-11 19:27:59,15.38460000,1
2026-06-11 19:28:00,0.94400000,0.94400000,0.94400000,0.94400000,147.55000000,2026-06-11 19:28:59,139.28720000,1
2026-06-11 19:29:00,0.94400000,0.94400000,0.94400000,0.94400000,0.00000000,2026-06-11 19:29:59,0.00000000,0
2026-06-11 19:30:00,0.94500000,0.94600000,0.94500000,0.94600000,2266.85000000,2026-06-11 19:30:59,2143.19727000,5
2026-06-11 19:31:00,0.94700000,0.94800000,0.94700000,0.94800000,2212.72000000,2026-06-11 19:31:59,2096.69428000,8
2026-06-11 19:32:00,0.94600000,0.94600000,0.94600000,0.94600000,1114.75000000,2026-06-11 19:32:59,1054.55350000,3
2026-06-11 19:33:00,0.94500000,0.94500000,0.94500000,0.94500000,172.00000000,2026-06-11 19:33:59,162.54000000,2
2026-06-11 19:34:00,0.94600000,0.94600000,0.94500000,0.94500000,1648.95000000,2026-06-11 19:34:59,1558.43803000,8
2026-06-11 19:35:00,0.94500000,0.94500000,0.94500000,0.94500000,1261.11000000,2026-06-11 19:35:59,1191.74895000,8
2026-06-11 19:36:00,0.94500000,0.94500000,0.94500000,0.94500000,0.00000000,2026-06-11 19:36:59,0.00000000,0
2026-06-11 19:37:00,0.94500000,0.94500000,0.94500000,0.94500000,0.00000000,2026-06-11 19:37:59,0.00000000,0
2026-06-11 19:38:00,0.94500000,0.94500000,0.94500000,0.94500000,0.00000000,2026-06-11 19:38:59,0.00000000,0
2026-06-11 19:39:00,0.94400000,0.94400000,0.94400000,0.94400000,768.69000000,2026-06-11 19:39:59,725.64336000,5
2026-06-11 19:40:00,0.94400000,0.94400000,0.94400000,0.94400000,358.96000000,2026-06-11 19:40:59,338.85824000,3
2026-06-11 19:41:00,0.94400000,0.94400000,0.94400000,0.94400000,0.00000000,2026-06-11 19:41:59,0.00000000,0
2026-06-11 19:42:00,0.94300000,0.94300000,0.94300000,0.94300000,363.97000000,2026-06-11 19:42:59,343.22371000,5
2026-06-11 19:43:00,0.94200000,0.94200000,0.94200000,0.94200000,385.18000000,2026-06-11 19:43:59,362.83956000,13
2026-06-11 19:44:00,0.94200000,0.94200000,0.94200000,0.94200000,0.00000000,2026-06-11 19:44:59,0.00000000,0
2026-06-11 19:45:00,0.94200000,0.94200000,0.94200000,0.94200000,0.00000000,2026-06-11 19:45:59,0.00000000,0
2026-06-11 19:46:00,0.94100000,0.94100000,0.94100000,0.94100000,1127.65000000,2026-06-11 19:46:59,1061.11865000,4
2026-06-11 19:47:00,0.94100000,0.94100000,0.94100000,0.94100000,51.20000000,2026-06-11 19:47:59,48.17920000,1
2026-06-11 19:48:00,0.94200000,0.94200000,0.94200000,0.94200000,978.46000000,2026-06-11 19:48:59,921.70932000,33
2026-06-11 19:49:00,0.94200000,0.94200000,0.94200000,0.94200000,2780.57000000,2026-06-11 19:49:59,2619.29694000,98
2026-06-11 19:50:00,0.94200000,0.94200000,0.94200000,0.94200000,0.00000000,2026-06-11 19:50:59,0.00000000,0
2026-06-11 19:51:00,0.94300000,0.94300000,0.94300000,0.94300000,2719.42000000,2026-06-11 19:51:59,2564.41306000,5
2026-06-11 19:52:00,0.94300000,0.94300000,0.94300000,0.94300000,0.00000000,2026-06-11 19:52:59,0.00000000,0
2026-06-11 19:53:00,0.94300000,0.94300000,0.94300000,0.94300000,0.00000000,2026-06-11 19:53:59,0.00000000,0
2026-06-11 19:54:00,0.94300000,0.94300000,0.94300000,0.94300000,0.00000000,2026-06-11 19:54:59,0.00000000,0
2026-06-11 19:55:00,0.94300000,0.94300000,0.94300000,0.94300000,1471.66000000,2026-06-11 19:55:59,1387.77538000,4
2026-06-11 19:56:00,0.94400000,0.94400000,0.94400000,0.94400000,1374.12000000,2026-06-11 19:56:59,1297.16928000,6
2026-06-11 19:57:00,0.94400000,0.94400000,0.94400000,0.94400000,0.00000000,2026-06-11 19:57:59,0.00000000,0
2026-06-11 19:58:00,0.94400000,0.94400000,0.94400000,0.94400000,0.00000000,2026-06-11 19:58:59,0.00000000,0
2026-06-11 19:59:00,0.94400000,0.94400000,0.94300000,0.94300000,854.53000000,2026-06-11 19:59:59,806.05666000,10
2026-06-11 20:00:00,0.94200000,0.94200000,0.94100000,0.94100000,1761.05000000,2026-06-11 20:00:59,1658.87015000,5
2026-06-11 20:01:00,0.94200000,0.94200000,0.94200000,0.94200000,76.28000000,2026-06-11 20:01:59,71.85576000,1
2026-06-11 20:02:00,0.94100000,0.94100000,0.94100000,0.94100000,1072.75000000,2026-06-11 20:02:59,1009.45775000,2
2026-06-11 20:03:00,0.94100000,0.94100000,0.94100000,0.94100000,432.41000000,2026-06-11 20:03:59,406.89781000,3
2026-06-11 20:04:00,0.94100000,0.94100000,0.94000000,0.94000000,114.13000000,2026-06-11 20:04:59,107.37890000,2
2026-06-11 20:05:00,0.94200000,0.94200000,0.94100000,0.94200000,672.97000000,2026-06-11 20:05:59,633.57979000,9
2026-06-11 20:06:00,0.94200000,0.94200000,0.94200000,0.94200000,0.00000000,2026-06-11 20:06:59,0.00000000,0
2026-06-11 20:07:00,0.94000000,0.94100000,0.94000000,0.94100000,878.80000000,2026-06-11 20:07:59,826.92139000,3
2026-06-11 20:08:00,0.94100000,0.94100000,0.94000000,0.94000000,605.98000000,2026-06-11 20:08:59,570.07901000,5
2026-06-11 20:09:00,0.94000000,0.94000000,0.94000000,0.94000000,211.50000000,2026-06-11 20:09:59,198.81000000,1
2026-06-11 20:10:00,0.94100000,0.94200000,0.94100000,0.94200000,338.92000000,2026-06-11 20:10:59,319.04085000,5
2026-06-11 20:11:00,0.94200000,0.94200000,0.94200000,0.94200000,0.00000000,2026-06-11 20:11:59,0.00000000,0
2026-06-11 20:12:00,0.94200000,0.94200000,0.94200000,0.94200000,0.00000000,2026-06-11 20:12:59,0.00000000,0
2026-06-11 20:13:00,0.94200000,0.94200000,0.94200000,0.94200000,159.41000000,2026-06-11 20:13:59,150.16422000,1
2026-06-11 20:14:00,0.94200000,0.94200000,0.94200000,0.94200000,0.00000000,2026-06-11 20:14:59,0.00000000,0
2026-06-11 20:15:00,0.94200000,0.94200000,0.94200000,0.94200000,41.91000000,2026-06-11 20:15:59,39.47922000,1
2026-06-11 20:16:00,0.94200000,0.94200000,0.94200000,0.94200000,28.11000000,2026-06-11 20:16:59,26.47962000,2
2026-06-11 20:17:00,0.94200000,0.94200000,0.94200000,0.94200000,0.00000000,2026-06-11 20:17:59,0.00000000,0
2026-06-11 20:18:00,0.94100000,0.94100000,0.94100000,0.94100000,14.96000000,2026-06-11 20:18:59,14.07736000,1
2026-06-11 20:19:00,0.94200000,0.94200000,0.94200000,0.94200000,650.63000000,2026-06-11 20:19:59,612.89346000,7
2026-06-11 20:20:00,0.94200000,0.94200000,0.94200000,0.94200000,246.64000000,2026-06-11 20:20:59,232.33488000,2
2026-06-11 20:21:00,0.94200000,0.94200000,0.94200000,0.94200000,1197.35000000,2026-06-11 20:21:59,1127.90370000,5
2026-06-11 20:22:00,0.94300000,0.94300000,0.94300000,0.94300000,517.72000000,2026-06-11 20:22:59,488.20996000,4
2026-06-11 20:23:00,0.94300000,0.94300000,0.94300000,0.94300000,215.85000000,2026-06-11 20:23:59,203.54655000,3
2026-06-11 20:24:00,0.94300000,0.94300000,0.94300000,0.94300000,1246.30000000,2026-06-11 20:24:59,1175.26090000,3
2026-06-11 20:25:00,0.94300000,0.94300000,0.94000000,0.94100000,7010.29000000,2026-06-11 20:25:59,6597.25863000,29
2026-06-11 20:26:00,0.94200000,0.94200000,0.94200000,0.94200000,112.79000000,2026-06-11 20:26:59,106.24818000,1
2026-06-11 20:27:00,0.94200000,0.94200000,0.94100000,0.94100000,212.02000000,2026-06-11 20:27:59,199.71364000,4
2026-06-11 20:28:00,0.94100000,0.94100000,0.94100000,0.94100000,83.33000000,2026-06-11 20:28:59,78.41353000,1
2026-06-11 20:29:00,0.94100000,0.94100000,0.94100000,0.94100000,0.00000000,2026-06-11 20:29:59,0.00000000,0
2026-06-11 20:30:00,0.94000000,0.94000000,0.94000000,0.94000000,1502.98000000,2026-06-11 20:30:59,1412.80120000,5
2026-06-11 20:31:00,0.94100000,0.94400000,0.94100000,0.94300000,3907.00000000,2026-06-11 20:31:59,3679.71286000,13
2026-06-11 20:32:00,0.94300000,0.94300000,0.94300000,0.94300000,0.00000000,2026-06-11 20:32:59,0.00000000,0
2026-06-11 20:33:00,0.94300000,0.94300000,0.94300000,0.94300000,1148.53000000,2026-06-11 20:33:59,1083.06379000,2
2026-06-11 20:34:00,0.94300000,0.94300000,0.94300000,0.94300000,37.22000000,2026-06-11 20:34:59,35.09846000,1
2026-06-11 20:35:00,0.94300000,0.94300000,0.94300000,0.94300000,6.36000000,2026-06-11 20:35:59,5.99748000,1
2026-06-11 20:36:00,0.94200000,0.94200000,0.94100000,0.94100000,1666.99000000,2026-06-11 20:36:59,1569.64167000,7
2026-06-11 20:37:00,0.94100000,0.94100000,0.94100000,0.94100000,0.00000000,2026-06-11 20:37:59,0.00000000,0
2026-06-11 20:38:00,0.94100000,0.94100000,0.94100000,0.94100000,0.00000000,2026-06-11 20:38:59,0.00000000,0
2026-06-11 20:39:00,0.94200000,0.94400000,0.94200000,0.94400000,2819.29000000,2026-06-11 20:39:59,2657.92556000,14
2026-06-11 20:40:00,0.94200000,0.94600000,0.94200000,0.94500000,8304.47000000,2026-06-11 20:40:59,7840.30953000,25
2026-06-11 20:41:00,0.94400000,0.94400000,0.94400000,0.94400000,1235.04000000,2026-06-11 20:41:59,1165.87776000,2
2026-06-11 20:42:00,0.94400000,0.94400000,0.94400000,0.94400000,324.20000000,2026-06-11 20:42:59,306.04480000,3
2026-06-11 20:43:00,0.94500000,0.94500000,0.94500000,0.94500000,150.96000000,2026-06-11 20:43:59,142.65720000,2
2026-06-11 20:44:00,0.94400000,0.94500000,0.94400000,0.94500000,63.66000000,2026-06-11 20:44:59,60.12573000,2
2026-06-11 20:45:00,0.94500000,0.94500000,0.94500000,0.94500000,0.00000000,2026-06-11 20:45:59,0.00000000,0
2026-06-11 20:46:00,0.94500000,0.94500000,0.94500000,0.94500000,0.00000000,2026-06-11 20:46:59,0.00000000,0
2026-06-11 20:47:00,0.94500000,0.94500000,0.94500000,0.94500000,0.00000000,2026-06-11 20:47:59,0.00000000,0
2026-06-11 20:48:00,0.94300000,0.94300000,0.94300000,0.94300000,35.00000000,2026-06-11 20:48:59,33.00500000,1
2026-06-11 20:49:00,0.94300000,0.94300000,0.94200000,0.94200000,104.42000000,2026-06-11 20:49:59,98.46034000,3
2026-06-11 20:50:00,0.94200000,0.94200000,0.94200000,0.94200000,150.80000000,2026-06-11 20:50:59,142.05360000,1
2026-06-11 20:51:00,0.94200000,0.94200000,0.94200000,0.94200000,192.09000000,2026-06-11 20:51:59,180.94878000,4
2026-06-11 20:52:00,0.94100000,0.94100000,0.94100000,0.94100000,35.00000000,2026-06-11 20:52:59,32.93500000,1
2026-06-11 20:53:00,0.94100000,0.94100000,0.94100000,0.94100000,71.76000000,2026-06-11 20:53:59,67.52616000,1
2026-06-11 20:54:00,0.94200000,0.94300000,0.94200000,0.94300000,2104.21000000,2026-06-11 20:54:59,1982.34872000,11
2026-06-11 20:55:00,0.94300000,0.94300000,0.94300000,0.94300000,0.00000000,2026-06-11 20:55:59,0.00000000,0
2026-06-11 20:56:00,0.94300000,0.94300000,0.94300000,0.94300000,0.00000000,2026-06-11 20:56:59,0.00000000,0
2026-06-11 20:57:00,0.94300000,0.94300000,0.94300000,0.94300000,0.00000000,2026-06-11 20:57:59,0.00000000,0
2026-06-11 20:58:00,0.94300000,0.94300000,0.94300000,0.94300000,385.00000000,2026-06-11 20:58:59,363.05500000,5
2026-06-11 20:59:00,0.94300000,0.94300000,0.94300000,0.94300000,0.00000000,2026-06-11 20:59:59,0.00000000,0
2026-06-11 21:00:00,0.94400000,0.94400000,0.94200000,0.94300000,1769.10000000,2026-06-11 21:00:59,1668.73359000,13
2026-06-11 21:01:00,0.94200000,0.94200000,0.94200000,0.94200000,408.69000000,2026-06-11 21:01:59,384.98598000,7
2026-06-11 21:02:00,0.94100000,0.94100000,0.94100000,0.94100000,448.96000000,2026-06-11 21:02:59,422.47136000,5
2026-06-11 21:03:00,0.94100000,0.94100000,0.94000000,0.94000000,409.85000000,2026-06-11 21:03:59,385.35570000,2
2026-06-11 21:04:00,0.94000000,0.94000000,0.94000000,0.94000000,0.00000000,2026-06-11 21:04:59,0.00000000,0
2026-06-11 21:05:00,0.94000000,0.94000000,0.94000000,0.94000000,0.00000000,2026-06-11 21:05:59,0.00000000,0
2026-06-11 21:06:00,0.94100000,0.94100000,0.94100000,0.94100000,471.39000000,2026-06-11 21:06:59,443.57799000,5
2026-06-11 21:07:00,0.94200000,0.94600000,0.94200000,0.94500000,5451.47000000,2026-06-11 21:07:59,5146.43620000,26
2026-06-11 21:08:00,0.94400000,0.94400000,0.94400000,0.94400000,2564.93000000,2026-06-11 21:08:59,2421.29392000,8
2026-06-11 21:09:00,0.94400000,0.94400000,0.94400000,0.94400000,0.00000000,2026-06-11 21:09:59,0.00000000,0
2026-06-11 21:10:00,0.94400000,0.94400000,0.94400000,0.94400000,0.00000000,2026-06-11 21:10:59,0.00000000,0
2026-06-11 21:11:00,0.94400000,0.94600000,0.94400000,0.94400000,11266.90000000,2026-06-11 21:11:59,10647.11874000,40
2026-06-11 21:12:00,0.94500000,0.94500000,0.94500000,0.94500000,989.03000000,2026-06-11 21:12:59,934.63335000,1
2026-06-11 21:13:00,0.94500000,0.94500000,0.94500000,0.94500000,0.00000000,2026-06-11 21:13:59,0.00000000,0
2026-06-11 21:14:00,0.94500000,0.94500000,0.94500000,0.94500000,133.40000000,2026-06-11 21:14:59,126.06300000,2
2026-06-11 21:15:00,0.94400000,0.94500000,0.94400000,0.94400000,407.70000000,2026-06-11 21:15:59,384.92935000,5
2026-06-11 21:16:00,0.94400000,0.94400000,0.94400000,0.94400000,96.70000000,2026-06-11 21:16:59,91.28480000,1
2026-06-11 21:17:00,0.94400000,0.94400000,0.94400000,0.94400000,0.00000000,2026-06-11 21:17:59,0.00000000,0
2026-06-11 21:18:00,0.94500000,0.94500000,0.94500000,0.94500000,1151.95000000,2026-06-11 21:18:59,1088.59275000,2
2026-06-11 21:19:00,0.94500000,0.94500000,0.94500000,0.94500000,0.00000000,2026-06-11 21:19:59,0.00000000,0
2026-06-11 21:20:00,0.94500000,0.94500000,0.94500000,0.94500000,123.25000000,2026-06-11 21:20:59,116.47125000,1
2026-06-11 21:21:00,0.94500000,0.94600000,0.94500000,0.94600000,880.31000000,2026-06-11 21:21:59,832.23281000,5
2026-06-11 21:22:00,0.94500000,0.94500000,0.94500000,0.94500000,1197.01000000,2026-06-11 21:22:59,1131.17445000,4
2026-06-11 21:23:00,0.94500000,0.94500000,0.94500000,0.94500000,0.00000000,2026-06-11 21:23:59,0.00000000,0
2026-06-11 21:24:00,0.94400000,0.94400000,0.94400000,0.94400000,38.88000000,2026-06-11 21:24:59,36.70272000,1
2026-06-11 21:25:00,0.94400000,0.94400000,0.94400000,0.94400000,35.00000000,2026-06-11 21:25:59,33.04000000,1
2026-06-11 21:26:00,0.94400000,0.94400000,0.94400000,0.94400000,140.89000000,2026-06-11 21:26:59,133.00016000,3
2026-06-11 21:27:00,0.94300000,0.94300000,0.94300000,0.94300000,45.54000000,2026-06-11 21:27:59,42.94422000,1
2026-06-11 21:28:00,0.94500000,0.94500000,0.94500000,0.94500000,699.37000000,2026-06-11 21:28:59,660.90465000,8
2026-06-11 21:29:00,0.94600000,0.94600000,0.94600000,0.94600000,211.50000000,2026-06-11 21:29:59,200.07900000,2
2026-06-11 21:30:00,0.94600000,0.94600000,0.94600000,0.94600000,308.20000000,2026-06-11 21:30:59,291.55720000,2
2026-06-11 21:31:00,0.94600000,0.94800000,0.94600000,0.94800000,23384.68000000,2026-06-11 21:31:59,22139.46396000,97
2026-06-11 21:32:00,0.94700000,0.94700000,0.94700000,0.94700000,71.67000000,2026-06-11 21:32:59,67.87149000,2
2026-06-11 21:33:00,0.94800000,0.94800000,0.94800000,0.94800000,217.90000000,2026-06-11 21:33:59,206.56920000,4
2026-06-11 21:34:00,0.94800000,0.94900000,0.94800000,0.94900000,1914.92000000,2026-06-11 21:34:59,1815.42416000,7
2026-06-11 21:35:00,0.94900000,0.94900000,0.94900000,0.94900000,80.00000000,2026-06-11 21:35:59,75.92000000,2
2026-06-11 21:36:00,0.94900000,0.94900000,0.94900000,0.94900000,6.35000000,2026-06-11 21:36:59,6.02615000,1
2026-06-11 21:37:00,0.94900000,0.94900000,0.94900000,0.94900000,119.95000000,2026-06-11 21:37:59,113.83255000,2
2026-06-11 21:38:00,0.94900000,0.94900000,0.94900000,0.94900000,159.95000000,2026-06-11 21:38:59,151.79255000,2
2026-06-11 21:39:00,0.94800000,0.94800000,0.94800000,0.94800000,5.60000000,2026-06-11 21:39:59,5.30880000,1
2026-06-11 21:40:00,0.94700000,0.94800000,0.94700000,0.94800000,460.68000000,2026-06-11 21:40:59,436.68590000,5
2026-06-11 21:41:00,0.94800000,0.94800000,0.94800000,0.94800000,0.00000000,2026-06-11 21:41:59,0.00000000,0
2026-06-11 21:42:00,0.94800000,0.94800000,0.94800000,0.94800000,0.00000000,2026-06-11 21:42:59,0.00000000,0
2026-06-11 21:43:00,0.94800000,0.94800000,0.94800000,0.94800000,0.00000000,2026-06-11 21:43:59,0.00000000,0
2026-06-11 21:44:00,0.94800000,0.94800000,0.94800000,0.94800000,1298.47000000,2026-06-11 21:44:59,1230.94956000,2
2026-06-11 21:45:00,0.94900000,0.94900000,0.94900000,0.94900000,13.45000000,2026-06-11 21:45:59,12.76405000,1
2026-06-11 21:46:00,0.94900000,0.94900000,0.94900000,0.94900000,0.00000000,2026-06-11 21:46:59,0.00000000,0
2026-06-11 21:47:00,0.94800000,0.94800000,0.94800000,0.94800000,1175.05000000,2026-06-11 21:47:59,1113.94740000,4
2026-06-11 21:48:00,0.94800000,0.94800000,0.94800000,0.94800000,0.00000000,2026-06-11 21:48:59,0.00000000,0
2026-06-11 21:49:00,0.94800000,0.94800000,0.94800000,0.94800000,96.52000000,2026-06-11 21:49:59,91.50096000,1
2026-06-11 21:50:00,0.94800000,0.94800000,0.94800000,0.94800000,0.00000000,2026-06-11 21:50:59,0.00000000,0
2026-06-11 21:51:00,0.94800000,0.94800000,0.94800000,0.94800000,255.13000000,2026-06-11 21:51:59,241.86324000,2
2026-06-11 21:52:00,0.94800000,0.94800000,0.94800000,0.94800000,6.93000000,2026-06-11 21:52:59,6.56964000,1
2026-06-11 21:53:00,0.94700000,0.94700000,0.94700000,0.94700000,2466.49000000,2026-06-11 21:53:59,2335.76603000,8
2026-06-11 21:54:00,0.94700000,0.94800000,0.94700000,0.94700000,879.78000000,2026-06-11 21:54:59,833.46811000,8
2026-06-11 21:55:00,0.94700000,0.94700000,0.94700000,0.94700000,0.00000000,2026-06-11 21:55:59,0.00000000,0
2026-06-11 21:56:00,0.94700000,0.94700000,0.94700000,0.94700000,0.00000000,2026-06-11 21:56:59,0.00000000,0
2026-06-11 21:57:00,0.94700000,0.94700000,0.94600000,0.94600000,314.04000000,2026-06-11 21:57:59,297.09588000,4
2026-06-11 21:58:00,0.94600000,0.94600000,0.94600000,0.94600000,5.57000000,2026-06-11 21:58:59,5.26922000,1
2026-06-11 21:59:00,0.94600000,0.94600000,0.94600000,0.94600000,0.00000000,2026-06-11 21:59:59,0.00000000,0
2026-06-11 22:00:00,0.94400000,0.94400000,0.94100000,0.94100000,639.79000000,2026-06-11 22:00:59,602.58168000,5
2026-06-11 22:01:00,0.94200000,0.94200000,0.94200000,0.94200000,77.91000000,2026-06-11 22:01:59,73.39122000,1
2026-06-11 22:02:00,0.94200000,0.94300000,0.94200000,0.94300000,2288.85000000,2026-06-11 22:02:59,2157.11386000,13
2026-06-11 22:03:00,0.94300000,0.94300000,0.94300000,0.94300000,6.46000000,2026-06-11 22:03:59,6.09178000,1
2026-06-11 22:04:00,0.94300000,0.94400000,0.94300000,0.94400000,82.78000000,2026-06-11 22:04:59,78.09125000,4
2026-06-11 22:05:00,0.94400000,0.94400000,0.94400000,0.94400000,816.21000000,2026-06-11 22:05:59,770.50224000,1
2026-06-11 22:06:00,0.94400000,0.94400000,0.94400000,0.94400000,96.15000000,2026-06-11 22:06:59,90.76560000,1
2026-06-11 22:07:00,0.94400000,0.94400000,0.94400000,0.94400000,0.00000000,2026-06-11 22:07:59,0.00000000,0
2026-06-11 22:08:00,0.94400000,0.94400000,0.94400000,0.94400000,221.08000000,2026-06-11 22:08:59,208.69952000,2
2026-06-11 22:09:00,0.94400000,0.94400000,0.94400000,0.94400000,0.00000000,2026-06-11 22:09:59,0.00000000,0
2026-06-11 22:10:00,0.94200000,0.94200000,0.94200000,0.94200000,6.37000000,2026-06-11 22:10:59,6.00054000,1
2026-06-11 22:11:00,0.94200000,0.94200000,0.94200000,0.94200000,0.00000000,2026-06-11 22:11:59,0.00000000,0
2026-06-11 22:12:00,0.94200000,0.94200000,0.94200000,0.94200000,0.00000000,2026-06-11 22:12:59,0.00000000,0
2026-06-11 22:13:00,0.94300000,0.94300000,0.94200000,0.94200000,585.74000000,2026-06-11 22:13:59,551.78089000,3
2026-06-11 22:14:00,0.94200000,0.94200000,0.94100000,0.94100000,6905.52000000,2026-06-11 22:14:59,6501.50717000,16
2026-06-11 22:15:00,0.94100000,0.94100000,0.93900000,0.94100000,20332.86000000,2026-06-11 22:15:59,19119.17436000,138
2026-06-11 22:16:00,0.94000000,0.94100000,0.94000000,0.94100000,1669.23000000,2026-06-11 22:16:59,1570.69120000,4
2026-06-11 22:17:00,0.94100000,0.94100000,0.94100000,0.94100000,2097.29000000,2026-06-11 22:17:59,1973.54989000,7
2026-06-11 22:18:00,0.94100000,0.94100000,0.94100000,0.94100000,579.18000000,2026-06-11 22:18:59,545.00838000,4
2026-06-11 22:19:00,0.94100000,0.94100000,0.94100000,0.94100000,1097.47000000,2026-06-11 22:19:59,1032.71927000,3
2026-06-11 22:20:00,0.94000000,0.94000000,0.93900000,0.93900000,1914.30000000,2026-06-11 22:20:59,1799.02518000,12
2026-06-11 22:21:00,0.93900000,0.93900000,0.93900000,0.93900000,0.00000000,2026-06-11 22:21:59,0.00000000,0
2026-06-11 22:22:00,0.93900000,0.93900000,0.93900000,0.93900000,805.54000000,2026-06-11 22:22:59,756.40206000,3
2026-06-11 22:23:00,0.93900000,0.94000000,0.93900000,0.93900000,270.72000000,2026-06-11 22:23:59,254.23792000,10
2026-06-11 22:24:00,0.93900000,0.94000000,0.93900000,0.93900000,1151.00000000,2026-06-11 22:24:59,1080.80650000,39
2026-06-11 22:25:00,0.93900000,0.93900000,0.93800000,0.93900000,1014.17000000,2026-06-11 22:25:59,952.27369000,9
2026-06-11 22:26:00,0.93900000,0.93900000,0.93700000,0.93700000,2528.81000000,2026-06-11 22:26:59,2372.58129000,29
2026-06-11 22:27:00,0.93700000,0.93700000,0.93600000,0.93700000,673.12000000,2026-06-11 22:27:59,630.65806000,18
2026-06-11 22:28:00,0.93600000,0.93700000,0.93600000,0.93700000,3138.99000000,2026-06-11 22:28:59,2938.12764000,18
2026-06-11 22:29:00,0.93800000,0.93800000,0.93800000,0.93800000,354.65000000,2026-06-11 22:29:59,332.66170000,4
2026-06-11 22:30:00,0.93700000,0.93700000,0.93700000,0.93700000,1130.00000000,2026-06-11 22:30:59,1058.81000000,2
2026-06-11 22:31:00,0.93700000,0.93700000,0.93700000,0.93700000,0.00000000,2026-06-11 22:31:59,0.00000000,0
2026-06-11 22:32:00,0.93800000,0.93800000,0.93800000,0.93800000,1213.69000000,2026-06-11 22:32:59,1138.44122000,4
2026-06-11 22:33:00,0.93800000,0.93800000,0.93800000,0.93800000,2321.56000000,2026-06-11 22:33:59,2177.62328000,15
2026-06-11 22:34:00,0.93800000,0.93800000,0.93800000,0.93800000,242.70000000,2026-06-11 22:34:59,227.65260000,6
2026-06-11 22:35:00,0.93800000,0.93800000,0.93600000,0.93600000,839.69000000,2026-06-11 22:35:59,786.59446000,6
2026-06-11 22:36:00,0.93600000,0.93600000,0.93600000,0.93600000,0.00000000,2026-06-11 22:36:59,0.00000000,0
2026-06-11 22:37:00,0.93600000,0.93700000,0.93600000,0.93700000,141.44000000,2026-06-11 22:37:59,132.52039000,3
2026-06-11 22:38:00,0.93700000,0.93700000,0.93700000,0.93700000,150.00000000,2026-06-11 22:38:59,140.55000000,1
2026-06-11 22:39:00,0.93700000,0.93800000,0.93700000,0.93800000,1002.88000000,2026-06-11 22:39:59,940.69504000,3
2026-06-11 22:40:00,0.93800000,0.93800000,0.93800000,0.93800000,1288.60000000,2026-06-11 22:40:59,1208.70680000,8
2026-06-11 22:41:00,0.93800000,0.93800000,0.93800000,0.93800000,0.00000000,2026-06-11 22:41:59,0.00000000,0
2026-06-11 22:42:00,0.93800000,0.93900000,0.93800000,0.93800000,2421.30000000,2026-06-11 22:42:59,2271.18540000,17
2026-06-11 22:43:00,0.93900000,0.93900000,0.93900000,0.93900000,1588.03000000,2026-06-11 22:43:59,1491.16017000,7
2026-06-11 22:44:00,0.93900000,0.93900000,0.93900000,0.93900000,0.00000000,2026-06-11 22:44:59,0.00000000,0
2026-06-11 22:45:00,0.93900000,0.93900000,0.93900000,0.93900000,1127.90000000,2026-06-11 22:45:59,1059.09810000,2
2026-06-11 22:46:00,0.93900000,0.93900000,0.93900000,0.93900000,0.00000000,2026-06-11 22:46:59,0.00000000,0
2026-06-11 22:47:00,0.93900000,0.94000000,0.93900000,0.93900000,363.22000000,2026-06-11 22:47:59,341.15640000,10
2026-06-11 22:48:00,0.93800000,0.94000000,0.93800000,0.94000000,1094.93000000,2026-06-11 22:48:59,1028.76251000,12
2026-06-11 22:49:00,0.94000000,0.94000000,0.94000000,0.94000000,424.50000000,2026-06-11 22:49:59,399.03000000,1
2026-06-11 22:50:00,0.94000000,0.94000000,0.94000000,0.94000000,0.00000000,2026-06-11 22:50:59,0.00000000,0
2026-06-11 22:51:00,0.94000000,0.94000000,0.94000000,0.94000000,0.00000000,2026-06-11 22:51:59,0.00000000,0
2026-06-11 22:52:00,0.94000000,0.94000000,0.94000000,0.94000000,0.00000000,2026-06-11 22:52:59,0.00000000,0
2026-06-11 22:53:00,0.94000000,0.94000000,0.94000000,0.94000000,0.00000000,2026-06-11 22:53:59,0.00000000,0
2026-06-11 22:54:00,0.94000000,0.94000000,0.94000000,0.94000000,1022.24000000,2026-06-11 22:54:59,960.90560000,1
2026-06-11 22:55:00,0.94000000,0.94000000,0.94000000,0.94000000,915.71000000,2026-06-11 22:55:59,860.76740000,3
2026-06-11 22:56:00,0.94000000,0.94000000,0.94000000,0.94000000,0.00000000,2026-06-11 22:56:59,0.00000000,0
2026-06-11 22:57:00,0.93900000,0.93900000,0.93900000,0.93900000,120.81000000,2026-06-11 22:57:59,113.44059000,2
2026-06-11 22:58:00,0.93900000,0.94000000,0.93900000,0.94000000,1208.68000000,2026-06-11 22:58:59,1135.03385000,4
2026-06-11 22:59:00,0.94000000,0.94000000,0.94000000,0.94000000,0.00000000,2026-06-11 22:59:59,0.00000000,0
2026-06-11 23:00:00,0.94100000,0.94100000,0.94100000,0.94100000,450.30000000,2026-06-11 23:00:59,423.73230000,15
2026-06-11 23:01:00,0.94100000,0.94100000,0.94100000,0.94100000,1088.80000000,2026-06-11 23:01:59,1024.56080000,4
2026-06-11 23:02:00,0.94100000,0.94100000,0.94100000,0.94100000,0.00000000,2026-06-11 23:02:59,0.00000000,0
2026-06-11 23:03:00,0.94200000,0.94200000,0.94200000,0.94200000,38.98000000,2026-06-11 23:03:59,36.71916000,1