open_time_brasilia,open,high,low,close,volume,close_time_brasilia,quote_volume,trades
2026-05-14 00:00:00,1.26800000,1.26900000,1.26700000,1.26700000,2007.49000000,2026-05-14 00:04:59,2545.24426000,21
2026-05-14 00:05:00,1.26600000,1.26600000,1.25800000,1.25900000,14096.01000000,2026-05-14 00:09:59,17762.71134000,139
2026-05-14 00:10:00,1.26000000,1.26200000,1.25900000,1.26200000,3386.49000000,2026-05-14 00:14:59,4267.67555000,33
2026-05-14 00:15:00,1.26100000,1.26100000,1.25700000,1.25700000,6657.86000000,2026-05-14 00:19:59,8378.40283000,77
2026-05-14 00:20:00,1.25700000,1.25700000,1.25000000,1.25200000,2873.72000000,2026-05-14 00:24:59,3599.00206000,72
2026-05-14 00:25:00,1.25200000,1.25900000,1.25200000,1.25900000,12937.91000000,2026-05-14 00:29:59,16226.15120000,80
2026-05-14 00:30:00,1.25800000,1.25900000,1.25600000,1.25600000,4201.79000000,2026-05-14 00:34:59,5284.06728000,39
2026-05-14 00:35:00,1.25700000,1.25800000,1.25000000,1.25000000,4983.51000000,2026-05-14 00:39:59,6253.02218000,51
2026-05-14 00:40:00,1.24900000,1.25300000,1.24900000,1.25200000,2001.52000000,2026-05-14 00:44:59,2504.91283000,47
2026-05-14 00:45:00,1.25200000,1.25200000,1.24700000,1.24800000,3791.65000000,2026-05-14 00:49:59,4738.35613000,40
2026-05-14 00:50:00,1.24900000,1.25300000,1.24800000,1.25200000,3243.24000000,2026-05-14 00:54:59,4054.00489000,74
2026-05-14 00:55:00,1.25100000,1.25100000,1.24800000,1.25000000,2649.51000000,2026-05-14 00:59:59,3310.88516000,30
2026-05-14 01:00:00,1.25100000,1.25100000,1.24900000,1.25100000,14351.44000000,2026-05-14 01:04:59,17949.39934000,59
2026-05-14 01:05:00,1.25200000,1.25700000,1.25200000,1.25600000,19812.23000000,2026-05-14 01:09:59,24878.99600000,115
2026-05-14 01:10:00,1.25600000,1.25600000,1.25600000,1.25600000,6892.64000000,2026-05-14 01:14:59,8657.15584000,19
2026-05-14 01:15:00,1.25700000,1.25800000,1.25600000,1.25800000,604.65000000,2026-05-14 01:19:59,759.60855000,13
2026-05-14 01:20:00,1.25700000,1.25800000,1.25700000,1.25700000,1943.00000000,2026-05-14 01:24:59,2444.00925000,16
2026-05-14 01:25:00,1.25700000,1.26000000,1.25700000,1.25700000,6381.54000000,2026-05-14 01:29:59,8037.88681000,37
2026-05-14 01:30:00,1.25800000,1.25800000,1.25700000,1.25800000,495.15000000,2026-05-14 01:34:59,622.42270000,13
2026-05-14 01:35:00,1.25800000,1.25800000,1.25800000,1.25800000,27.49000000,2026-05-14 01:39:59,34.58242000,2
2026-05-14 01:40:00,1.25700000,1.25700000,1.25500000,1.25600000,5263.58000000,2026-05-14 01:44:59,6614.93521000,37
2026-05-14 01:45:00,1.25600000,1.25800000,1.25600000,1.25800000,6381.16000000,2026-05-14 01:49:59,8018.73904000,42
2026-05-14 01:50:00,1.25700000,1.26000000,1.25700000,1.25900000,1364.65000000,2026-05-14 01:54:59,1717.32677000,26
2026-05-14 01:55:00,1.25900000,1.26100000,1.25900000,1.26000000,2615.27000000,2026-05-14 01:59:59,3295.30563000,28
2026-05-14 02:00:00,1.25900000,1.26100000,1.25900000,1.26100000,3479.59000000,2026-05-14 02:04:59,4384.10357000,14
2026-05-14 02:05:00,1.26100000,1.26100000,1.26000000,1.26000000,717.19000000,2026-05-14 02:09:59,904.30178000,8
2026-05-14 02:10:00,1.26000000,1.26000000,1.25900000,1.25900000,154.27000000,2026-05-14 02:14:59,194.23108000,3
2026-05-14 02:15:00,1.25900000,1.26000000,1.25900000,1.25900000,996.82000000,2026-05-14 02:19:59,1255.20929000,22
2026-05-14 02:20:00,1.25900000,1.26300000,1.25900000,1.26300000,147.23000000,2026-05-14 02:24:59,185.61715000,9
2026-05-14 02:25:00,1.26300000,1.26400000,1.26100000,1.26300000,8299.22000000,2026-05-14 02:29:59,10469.44056000,31
2026-05-14 02:30:00,1.26300000,1.26500000,1.26300000,1.26300000,1696.58000000,2026-05-14 02:34:59,2144.22653000,27
2026-05-14 02:35:00,1.26400000,1.26500000,1.26300000,1.26300000,1541.66000000,2026-05-14 02:39:59,1948.41168000,20
2026-05-14 02:40:00,1.26300000,1.26300000,1.26100000,1.26100000,1313.43000000,2026-05-14 02:44:59,1657.94802000,12
2026-05-14 02:45:00,1.26200000,1.26500000,1.26200000,1.26500000,3942.55000000,2026-05-14 02:49:59,4981.94875000,39
2026-05-14 02:50:00,1.26500000,1.26700000,1.26400000,1.26400000,1382.90000000,2026-05-14 02:54:59,1749.45609000,27
2026-05-14 02:55:00,1.26300000,1.26400000,1.26100000,1.26200000,17005.06000000,2026-05-14 02:59:59,21450.76741000,41
2026-05-14 03:00:00,1.26200000,1.26300000,1.26000000,1.26000000,3341.43000000,2026-05-14 03:04:59,4214.91414000,33
2026-05-14 03:05:00,1.26200000,1.26600000,1.26200000,1.26400000,5371.75000000,2026-05-14 03:09:59,6792.33444000,54
2026-05-14 03:10:00,1.26400000,1.26400000,1.26300000,1.26400000,1416.46000000,2026-05-14 03:14:59,1790.36802000,15
2026-05-14 03:15:00,1.26400000,1.26500000,1.26300000,1.26500000,1216.18000000,2026-05-14 03:19:59,1536.45414000,20
2026-05-14 03:20:00,1.26500000,1.26500000,1.26300000,1.26400000,2249.35000000,2026-05-14 03:24:59,2843.27064000,20
2026-05-14 03:25:00,1.26400000,1.26400000,1.26300000,1.26300000,2361.89000000,2026-05-14 03:29:59,2983.11240000,7
2026-05-14 03:30:00,1.26200000,1.26200000,1.26000000,1.26000000,1420.89000000,2026-05-14 03:34:59,1791.79492000,17
2026-05-14 03:35:00,1.26000000,1.26100000,1.25900000,1.26000000,891.33000000,2026-05-14 03:39:59,1123.12084000,15
2026-05-14 03:40:00,1.26000000,1.26000000,1.26000000,1.26000000,168.65000000,2026-05-14 03:44:59,212.49900000,1
2026-05-14 03:45:00,1.26000000,1.26000000,1.25900000,1.25900000,2089.55000000,2026-05-14 03:49:59,2631.87252000,17
2026-05-14 03:50:00,1.26000000,1.26200000,1.26000000,1.26200000,817.50000000,2026-05-14 03:54:59,1030.73306000,9
2026-05-14 03:55:00,1.26100000,1.26100000,1.26000000,1.26000000,451.78000000,2026-05-14 03:59:59,569.46247000,9
2026-05-14 04:00:00,1.26000000,1.26100000,1.25900000,1.25900000,1361.75000000,2026-05-14 04:04:59,1716.08208000,19
2026-05-14 04:05:00,1.25800000,1.25800000,1.25700000,1.25800000,597.16000000,2026-05-14 04:09:59,751.04041000,12
2026-05-14 04:10:00,1.25800000,1.25800000,1.25700000,1.25800000,1976.05000000,2026-05-14 04:14:59,2485.21620000,21
2026-05-14 04:15:00,1.25800000,1.25800000,1.25700000,1.25700000,1016.12000000,2026-05-14 04:19:59,1277.28524000,9
2026-05-14 04:20:00,1.25700000,1.25700000,1.25600000,1.25600000,14.06000000,2026-05-14 04:24:59,17.66382000,3
2026-05-14 04:25:00,1.25600000,1.25600000,1.25600000,1.25600000,927.67000000,2026-05-14 04:29:59,1165.15352000,9
2026-05-14 04:30:00,1.25600000,1.25900000,1.25600000,1.25900000,922.33000000,2026-05-14 04:34:59,1159.57840000,18
2026-05-14 04:35:00,1.25800000,1.25900000,1.25700000,1.25900000,649.31000000,2026-05-14 04:39:59,816.90888000,11
2026-05-14 04:40:00,1.25900000,1.25900000,1.25700000,1.25700000,867.24000000,2026-05-14 04:44:59,1090.66951000,15
2026-05-14 04:45:00,1.25700000,1.25800000,1.25700000,1.25800000,949.05000000,2026-05-14 04:49:59,1193.23139000,8
2026-05-14 04:50:00,1.25600000,1.25700000,1.25600000,1.25600000,777.65000000,2026-05-14 04:54:59,977.09272000,20
2026-05-14 04:55:00,1.25600000,1.25600000,1.25200000,1.25300000,4537.34000000,2026-05-14 04:59:59,5687.44369000,43
2026-05-14 05:00:00,1.25400000,1.25500000,1.25100000,1.25100000,2565.78000000,2026-05-14 05:04:59,3214.01582000,37
2026-05-14 05:05:00,1.25100000,1.25400000,1.25100000,1.25300000,2406.14000000,2026-05-14 05:09:59,3014.34773000,29
2026-05-14 05:10:00,1.25300000,1.25500000,1.25300000,1.25400000,450.04000000,2026-05-14 05:14:59,564.33091000,10
2026-05-14 05:15:00,1.25400000,1.25600000,1.25400000,1.25500000,1825.10000000,2026-05-14 05:19:59,2291.75457000,24
2026-05-14 05:20:00,1.25400000,1.25400000,1.25400000,1.25400000,1317.51000000,2026-05-14 05:24:59,1652.15754000,11
2026-05-14 05:25:00,1.25400000,1.25500000,1.25300000,1.25500000,948.28000000,2026-05-14 05:29:59,1188.94774000,17
2026-05-14 05:30:00,1.25600000,1.25700000,1.25600000,1.25600000,200.13000000,2026-05-14 05:34:59,251.46328000,8
2026-05-14 05:35:00,1.25700000,1.25900000,1.25700000,1.25900000,837.93000000,2026-05-14 05:39:59,1054.16545000,18
2026-05-14 05:40:00,1.26000000,1.26000000,1.25700000,1.25800000,3025.87000000,2026-05-14 05:44:59,3808.16787000,23
2026-05-14 05:45:00,1.25800000,1.25800000,1.25400000,1.25400000,564.75000000,2026-05-14 05:49:59,709.72293000,16
2026-05-14 05:50:00,1.25400000,1.25600000,1.25400000,1.25600000,1829.69000000,2026-05-14 05:54:59,2295.67918000,17
2026-05-14 05:55:00,1.25500000,1.25600000,1.25500000,1.25500000,831.71000000,2026-05-14 05:59:59,1043.82217000,12
2026-05-14 06:00:00,1.25500000,1.25500000,1.25200000,1.25200000,3306.27000000,2026-05-14 06:04:59,4142.66172000,30
2026-05-14 06:05:00,1.25100000,1.25300000,1.25100000,1.25300000,3006.48000000,2026-05-14 06:09:59,3764.99576000,28
2026-05-14 06:10:00,1.25400000,1.25400000,1.25200000,1.25300000,1949.94000000,2026-05-14 06:14:59,2442.93139000,23
2026-05-14 06:15:00,1.25300000,1.25300000,1.25300000,1.25300000,261.45000000,2026-05-14 06:19:59,327.59685000,4
2026-05-14 06:20:00,1.25400000,1.25500000,1.25300000,1.25400000,208.95000000,2026-05-14 06:24:59,261.92861000,9
2026-05-14 06:25:00,1.25300000,1.25400000,1.25300000,1.25400000,168.80000000,2026-05-14 06:29:59,211.51040000,6
2026-05-14 06:30:00,1.25200000,1.25200000,1.25000000,1.25200000,3915.76000000,2026-05-14 06:34:59,4897.53471000,38
2026-05-14 06:35:00,1.25300000,1.25300000,1.24500000,1.24900000,24199.53000000,2026-05-14 06:39:59,30192.55843000,219
2026-05-14 06:40:00,1.24900000,1.25100000,1.24900000,1.25100000,1827.43000000,2026-05-14 06:44:59,2285.47617000,16
2026-05-14 06:45:00,1.25000000,1.25000000,1.24800000,1.25000000,717.56000000,2026-05-14 06:49:59,896.68901000,14
2026-05-14 06:50:00,1.25100000,1.25100000,1.25000000,1.25000000,1505.32000000,2026-05-14 06:54:59,1882.70232000,12
2026-05-14 06:55:00,1.25000000,1.25100000,1.25000000,1.25100000,10363.98000000,2026-05-14 06:59:59,12955.15811000,9
2026-05-14 07:00:00,1.25000000,1.25200000,1.25000000,1.25100000,1262.00000000,2026-05-14 07:04:59,1578.69851000,19
2026-05-14 07:05:00,1.25100000,1.25100000,1.24900000,1.24900000,2402.99000000,2026-05-14 07:09:59,3002.96316000,25
2026-05-14 07:10:00,1.24900000,1.25500000,1.24900000,1.25100000,5794.65000000,2026-05-14 07:14:59,7257.60815000,62
2026-05-14 07:15:00,1.25100000,1.25300000,1.25100000,1.25300000,959.18000000,2026-05-14 07:19:59,1201.08630000,18
2026-05-14 07:20:00,1.25300000,1.25300000,1.25000000,1.25000000,1080.73000000,2026-05-14 07:24:59,1352.50375000,21
2026-05-14 07:25:00,1.25100000,1.25300000,1.25100000,1.25200000,4178.53000000,2026-05-14 07:29:59,5231.37242000,29
2026-05-14 07:30:00,1.25300000,1.25400000,1.25100000,1.25400000,845.42000000,2026-05-14 07:34:59,1058.45737000,22
2026-05-14 07:35:00,1.25400000,1.25600000,1.25300000,1.25300000,10851.28000000,2026-05-14 07:39:59,13618.62061000,56
2026-05-14 07:40:00,1.25300000,1.25300000,1.25000000,1.25000000,306.66000000,2026-05-14 07:44:59,383.71968000,9
2026-05-14 07:45:00,1.25100000,1.25400000,1.25000000,1.25300000,1773.77000000,2026-05-14 07:49:59,2222.22221000,24
2026-05-14 07:50:00,1.25400000,1.25900000,1.25400000,1.25900000,4052.06000000,2026-05-14 07:54:59,5097.31622000,41
2026-05-14 07:55:00,1.25900000,1.25900000,1.25800000,1.25900000,2933.57000000,2026-05-14 07:59:59,3691.32507000,18
2026-05-14 08:00:00,1.26000000,1.26100000,1.25800000,1.25800000,2622.34000000,2026-05-14 08:04:59,3303.05648000,19
2026-05-14 08:05:00,1.25800000,1.26100000,1.25800000,1.26100000,3338.94000000,2026-05-14 08:09:59,4204.49968000,24
2026-05-14 08:10:00,1.26100000,1.26100000,1.25600000,1.25600000,8519.28000000,2026-05-14 08:14:59,10717.52463000,56
2026-05-14 08:15:00,1.25500000,1.25700000,1.25500000,1.25600000,1289.58000000,2026-05-14 08:19:59,1619.70483000,16
2026-05-14 08:20:00,1.25500000,1.25500000,1.25300000,1.25400000,1631.49000000,2026-05-14 08:24:59,2046.04707000,14
2026-05-14 08:25:00,1.25300000,1.25300000,1.25100000,1.25200000,2201.15000000,2026-05-14 08:29:59,2756.41981000,23
2026-05-14 08:30:00,1.25200000,1.25300000,1.25000000,1.25000000,1614.75000000,2026-05-14 08:34:59,2020.35416000,32
2026-05-14 08:35:00,1.25100000,1.25200000,1.24900000,1.25200000,4757.14000000,2026-05-14 08:39:59,5949.07365000,50
2026-05-14 08:40:00,1.25000000,1.25000000,1.24800000,1.24800000,6139.80000000,2026-05-14 08:44:59,7668.24449000,32
2026-05-14 08:45:00,1.24900000,1.25000000,1.24800000,1.24900000,3470.86000000,2026-05-14 08:49:59,4334.69378000,39
2026-05-14 08:50:00,1.24900000,1.25000000,1.24800000,1.25000000,4087.55000000,2026-05-14 08:54:59,5106.93772000,37
2026-05-14 08:55:00,1.25000000,1.25100000,1.24900000,1.24900000,1408.82000000,2026-05-14 08:59:59,1761.05269000,13
2026-05-14 09:00:00,1.24800000,1.25200000,1.24800000,1.25200000,1225.15000000,2026-05-14 09:04:59,1531.64881000,27
2026-05-14 09:05:00,1.25200000,1.25200000,1.25100000,1.25200000,1282.27000000,2026-05-14 09:09:59,1604.74149000,11
2026-05-14 09:10:00,1.25200000,1.25500000,1.25200000,1.25300000,3672.59000000,2026-05-14 09:14:59,4603.90557000,43
2026-05-14 09:15:00,1.25400000,1.25400000,1.25000000,1.25100000,2718.60000000,2026-05-14 09:19:59,3402.60965000,43
2026-05-14 09:20:00,1.25100000,1.25300000,1.25100000,1.25300000,2952.66000000,2026-05-14 09:24:59,3696.96670000,36
2026-05-14 09:25:00,1.25400000,1.25400000,1.25200000,1.25200000,431.56000000,2026-05-14 09:29:59,540.69967000,16
2026-05-14 09:30:00,1.25100000,1.25600000,1.25100000,1.25600000,2057.13000000,2026-05-14 09:34:59,2579.62101000,36
2026-05-14 09:35:00,1.25700000,1.25800000,1.25500000,1.25600000,1688.47000000,2026-05-14 09:39:59,2122.22687000,27
2026-05-14 09:40:00,1.25700000,1.25700000,1.25700000,1.25700000,205.07000000,2026-05-14 09:44:59,257.77299000,6
2026-05-14 09:45:00,1.25600000,1.25800000,1.25500000,1.25800000,1518.88000000,2026-05-14 09:49:59,1909.34989000,21
2026-05-14 09:50:00,1.25800000,1.26100000,1.25800000,1.26000000,2875.48000000,2026-05-14 09:54:59,3622.45224000,32
2026-05-14 09:55:00,1.26000000,1.26100000,1.26000000,1.26000000,3789.44000000,2026-05-14 09:59:59,4775.52043000,27
2026-05-14 10:00:00,1.26000000,1.26000000,1.25800000,1.26000000,3222.45000000,2026-05-14 10:04:59,4057.11347000,36
2026-05-14 10:05:00,1.26000000,1.26200000,1.26000000,1.26200000,2954.66000000,2026-05-14 10:09:59,3723.48554000,12
2026-05-14 10:10:00,1.26100000,1.26300000,1.26100000,1.26200000,6391.85000000,2026-05-14 10:14:59,8069.26425000,45
2026-05-14 10:15:00,1.26300000,1.26400000,1.26200000,1.26200000,4592.91000000,2026-05-14 10:19:59,5801.19919000,28
2026-05-14 10:20:00,1.26100000,1.26400000,1.26100000,1.26200000,3332.74000000,2026-05-14 10:24:59,4208.91355000,37
2026-05-14 10:25:00,1.26200000,1.26200000,1.26100000,1.26200000,451.44000000,2026-05-14 10:29:59,569.36504000,8
2026-05-14 10:30:00,1.26100000,1.26500000,1.26100000,1.26300000,3335.11000000,2026-05-14 10:34:59,4210.23697000,33
2026-05-14 10:35:00,1.26200000,1.26200000,1.25900000,1.26200000,5730.28000000,2026-05-14 10:39:59,7223.27253000,61
2026-05-14 10:40:00,1.26200000,1.26500000,1.26200000,1.26500000,1440.94000000,2026-05-14 10:44:59,1821.31196000,21
2026-05-14 10:45:00,1.26600000,1.26700000,1.26500000,1.26700000,1153.08000000,2026-05-14 10:49:59,1458.95371000,20
2026-05-14 10:50:00,1.26700000,1.26700000,1.26400000,1.26400000,1270.65000000,2026-05-14 10:54:59,1606.78536000,25
2026-05-14 10:55:00,1.26300000,1.26400000,1.25900000,1.26100000,2192.96000000,2026-05-14 10:59:59,2768.37056000,34
2026-05-14 11:00:00,1.26100000,1.26500000,1.26100000,1.26400000,784.06000000,2026-05-14 11:04:59,990.98863000,20
2026-05-14 11:05:00,1.26400000,1.26400000,1.25700000,1.26100000,13907.51000000,2026-05-14 11:09:59,17501.05110000,125
2026-05-14 11:10:00,1.26100000,1.26300000,1.26000000,1.26300000,1963.95000000,2026-05-14 11:14:59,2478.40995000,23
2026-05-14 11:15:00,1.26300000,1.26800000,1.26300000,1.26700000,3210.09000000,2026-05-14 11:19:59,4060.24138000,52
2026-05-14 11:20:00,1.26800000,1.27000000,1.26800000,1.27000000,4575.41000000,2026-05-14 11:24:59,5806.54138000,46
2026-05-14 11:25:00,1.27000000,1.27000000,1.26700000,1.26900000,2497.33000000,2026-05-14 11:29:59,3168.08058000,25
2026-05-14 11:30:00,1.26900000,1.27100000,1.26900000,1.27000000,1931.71000000,2026-05-14 11:34:59,2453.94706000,23
2026-05-14 11:35:00,1.27100000,1.27600000,1.27100000,1.27600000,2284.25000000,2026-05-14 11:39:59,2912.76446000,28
2026-05-14 11:40:00,1.27600000,1.27700000,1.27500000,1.27600000,2543.11000000,2026-05-14 11:44:59,3245.68136000,30
2026-05-14 11:45:00,1.27600000,1.27900000,1.27600000,1.27800000,7671.39000000,2026-05-14 11:49:59,9799.39824000,60
2026-05-14 11:50:00,1.27900000,1.28000000,1.27900000,1.28000000,3898.30000000,2026-05-14 11:54:59,4988.15483000,41
2026-05-14 11:55:00,1.28000000,1.28200000,1.27900000,1.28000000,5767.60000000,2026-05-14 11:59:59,7386.84270000,69
2026-05-14 12:00:00,1.28000000,1.28200000,1.27800000,1.27800000,21038.71000000,2026-05-14 12:04:59,26896.15865000,52
2026-05-14 12:05:00,1.27900000,1.27900000,1.27600000,1.27800000,13952.07000000,2026-05-14 12:09:59,17829.14830000,70
2026-05-14 12:10:00,1.27900000,1.28100000,1.27900000,1.28100000,1806.42000000,2026-05-14 12:14:59,2311.11706000,28
2026-05-14 12:15:00,1.28200000,1.28800000,1.28200000,1.28700000,7983.35000000,2026-05-14 12:19:59,10260.87850000,69
2026-05-14 12:20:00,1.28700000,1.28800000,1.28300000,1.28400000,24010.55000000,2026-05-14 12:24:59,30852.92276000,146
2026-05-14 12:25:00,1.28400000,1.28600000,1.28300000,1.28600000,7007.15000000,2026-05-14 12:29:59,8996.48991000,39
2026-05-14 12:30:00,1.28600000,1.28900000,1.28400000,1.28400000,5988.79000000,2026-05-14 12:34:59,7703.94522000,52
2026-05-14 12:35:00,1.28400000,1.28500000,1.28400000,1.28400000,1388.31000000,2026-05-14 12:39:59,1783.77212000,19
2026-05-14 12:40:00,1.28400000,1.28600000,1.28400000,1.28600000,1996.02000000,2026-05-14 12:44:59,2564.34681000,22
2026-05-14 12:45:00,1.28600000,1.28700000,1.28400000,1.28700000,3850.59000000,2026-05-14 12:49:59,4950.22619000,58
2026-05-14 12:50:00,1.28700000,1.28800000,1.28600000,1.28800000,3247.98000000,2026-05-14 12:54:59,4180.59102000,54
2026-05-14 12:55:00,1.28800000,1.28900000,1.28500000,1.28500000,4590.33000000,2026-05-14 12:59:59,5908.15001000,45
2026-05-14 13:00:00,1.28500000,1.28700000,1.28300000,1.28400000,9048.59000000,2026-05-14 13:04:59,11624.16760000,91
2026-05-14 13:05:00,1.28500000,1.28800000,1.28400000,1.28700000,1934.02000000,2026-05-14 13:09:59,2487.13045000,34
2026-05-14 13:10:00,1.28700000,1.28800000,1.28700000,1.28800000,4965.56000000,2026-05-14 13:14:59,6394.51886000,33
2026-05-14 13:15:00,1.28800000,1.28800000,1.28500000,1.28500000,2661.38000000,2026-05-14 13:19:59,3424.25899000,46
2026-05-14 13:20:00,1.28600000,1.28600000,1.28400000,1.28500000,3302.34000000,2026-05-14 13:24:59,4243.67709000,27
2026-05-14 13:25:00,1.28500000,1.28600000,1.28400000,1.28600000,911.45000000,2026-05-14 13:29:59,1171.37326000,14
2026-05-14 13:30:00,1.28600000,1.28700000,1.28300000,1.28300000,1511.83000000,2026-05-14 13:34:59,1943.12074000,21
2026-05-14 13:35:00,1.28400000,1.28500000,1.28000000,1.28300000,4077.53000000,2026-05-14 13:39:59,5230.81065000,59
2026-05-14 13:40:00,1.28400000,1.28600000,1.28300000,1.28400000,6644.62000000,2026-05-14 13:44:59,8534.14372000,47
2026-05-14 13:45:00,1.28400000,1.28400000,1.28000000,1.28100000,8581.42000000,2026-05-14 13:49:59,10996.46806000,50
2026-05-14 13:50:00,1.28000000,1.28000000,1.27400000,1.28000000,10624.09000000,2026-05-14 13:54:59,13566.09628000,117
2026-05-14 13:55:00,1.28000000,1.28700000,1.27900000,1.28700000,2384.50000000,2026-05-14 13:59:59,3056.38428000,51
2026-05-14 14:00:00,1.28600000,1.29100000,1.28500000,1.29100000,6006.48000000,2026-05-14 14:04:59,7734.53004000,60
2026-05-14 14:05:00,1.29000000,1.29100000,1.28800000,1.29000000,5471.43000000,2026-05-14 14:09:59,7058.86417000,32
2026-05-14 14:10:00,1.28900000,1.29200000,1.28700000,1.28700000,1775.37000000,2026-05-14 14:14:59,2288.37644000,38
2026-05-14 14:15:00,1.28700000,1.28700000,1.28200000,1.28200000,2713.56000000,2026-05-14 14:19:59,3484.33700000,49
2026-05-14 14:20:00,1.28300000,1.28300000,1.28100000,1.28200000,5295.13000000,2026-05-14 14:24:59,6784.86259000,44
2026-05-14 14:25:00,1.28100000,1.28300000,1.28000000,1.28200000,1965.37000000,2026-05-14 14:29:59,2517.21158000,26
2026-05-14 14:30:00,1.28200000,1.28400000,1.28200000,1.28300000,1509.06000000,2026-05-14 14:34:59,1936.21334000,24
2026-05-14 14:35:00,1.28400000,1.28500000,1.28400000,1.28400000,1344.09000000,2026-05-14 14:39:59,1725.99122000,20
2026-05-14 14:40:00,1.28300000,1.28500000,1.28200000,1.28500000,1112.90000000,2026-05-14 14:44:59,1428.82604000,23
2026-05-14 14:45:00,1.28600000,1.28900000,1.28600000,1.28900000,2556.24000000,2026-05-14 14:49:59,3291.87749000,22
2026-05-14 14:50:00,1.28800000,1.28800000,1.28800000,1.28800000,729.90000000,2026-05-14 14:54:59,940.11120000,11
2026-05-14 14:55:00,1.28700000,1.28900000,1.28700000,1.28700000,1612.63000000,2026-05-14 14:59:59,2076.15003000,16
2026-05-14 15:00:00,1.28600000,1.28700000,1.28100000,1.28100000,1902.77000000,2026-05-14 15:04:59,2444.09047000,33
2026-05-14 15:05:00,1.28300000,1.28600000,1.28300000,1.28600000,1546.53000000,2026-05-14 15:09:59,1986.20015000,18
2026-05-14 15:10:00,1.28600000,1.28800000,1.28500000,1.28800000,1854.46000000,2026-05-14 15:14:59,2385.03719000,20
2026-05-14 15:15:00,1.28700000,1.28800000,1.28500000,1.28800000,882.18000000,2026-05-14 15:19:59,1134.37811000,13
2026-05-14 15:20:00,1.28800000,1.28900000,1.28800000,1.28800000,710.61000000,2026-05-14 15:24:59,915.27298000,8
2026-05-14 15:25:00,1.28900000,1.29100000,1.28900000,1.29100000,1339.17000000,2026-05-14 15:29:59,1726.50994000,14
2026-05-14 15:30:00,1.29100000,1.29100000,1.28300000,1.28300000,4564.66000000,2026-05-14 15:34:59,5878.04210000,57
2026-05-14 15:35:00,1.28400000,1.28800000,1.28400000,1.28700000,6156.94000000,2026-05-14 15:39:59,7923.86698000,43
2026-05-14 15:40:00,1.28600000,1.28700000,1.28500000,1.28700000,1581.99000000,2026-05-14 15:44:59,2034.61710000,25
2026-05-14 15:45:00,1.28600000,1.28700000,1.28500000,1.28700000,1603.74000000,2026-05-14 15:49:59,2062.59982000,30
2026-05-14 15:50:00,1.28600000,1.28800000,1.28600000,1.28800000,12385.71000000,2026-05-14 15:54:59,15945.18687000,105
2026-05-14 15:55:00,1.28900000,1.29100000,1.28900000,1.29000000,1805.51000000,2026-05-14 15:59:59,2329.00432000,25
2026-05-14 16:00:00,1.29000000,1.29200000,1.29000000,1.29000000,355.11000000,2026-05-14 16:04:59,458.35920000,18
2026-05-14 16:05:00,1.29000000,1.29100000,1.29000000,1.29000000,1463.05000000,2026-05-14 16:09:59,1887.36590000,15
2026-05-14 16:10:00,1.29000000,1.29000000,1.28800000,1.28800000,2810.95000000,2026-05-14 16:14:59,3621.37163000,25
2026-05-14 16:15:00,1.28800000,1.28800000,1.28600000,1.28800000,2834.19000000,2026-05-14 16:19:59,3650.17572000,27
2026-05-14 16:20:00,1.28800000,1.28800000,1.28200000,1.28200000,1071.59000000,2026-05-14 16:24:59,1376.90062000,32
2026-05-14 16:25:00,1.28100000,1.28300000,1.28000000,1.28100000,2138.32000000,2026-05-14 16:29:59,2741.32898000,52
2026-05-14 16:30:00,1.28000000,1.28200000,1.27900000,1.28200000,5354.94000000,2026-05-14 16:34:59,6856.72521000,66
2026-05-14 16:35:00,1.28200000,1.28200000,1.28000000,1.28100000,3540.07000000,2026-05-14 16:39:59,4535.14434000,56
2026-05-14 16:40:00,1.28200000,1.28200000,1.27900000,1.28100000,2018.42000000,2026-05-14 16:44:59,2584.31221000,35
2026-05-14 16:45:00,1.28100000,1.28200000,1.28100000,1.28100000,639.99000000,2026-05-14 16:49:59,819.84388000,9
2026-05-14 16:50:00,1.28100000,1.28100000,1.27900000,1.28100000,743.69000000,2026-05-14 16:54:59,952.05912000,25
2026-05-14 16:55:00,1.28100000,1.28200000,1.28000000,1.28200000,629.36000000,2026-05-14 16:59:59,805.98696000,12
2026-05-14 17:00:00,1.28000000,1.28200000,1.28000000,1.28100000,6960.92000000,2026-05-14 17:04:59,8920.18507000,76
2026-05-14 17:05:00,1.28100000,1.28100000,1.27900000,1.27900000,2086.18000000,2026-05-14 17:09:59,2670.73312000,36
2026-05-14 17:10:00,1.27900000,1.28000000,1.27700000,1.27700000,1042.34000000,2026-05-14 17:14:59,1332.67975000,31
2026-05-14 17:15:00,1.27700000,1.27800000,1.27500000,1.27700000,5329.60000000,2026-05-14 17:19:59,6800.63014000,69
2026-05-14 17:20:00,1.27600000,1.27600000,1.27400000,1.27500000,1916.22000000,2026-05-14 17:24:59,2442.78353000,41
2026-05-14 17:25:00,1.27500000,1.27500000,1.27300000,1.27400000,2147.65000000,2026-05-14 17:29:59,2737.92288000,30
2026-05-14 17:30:00,1.27500000,1.27600000,1.27400000,1.27500000,879.13000000,2026-05-14 17:34:59,1120.88344000,15
2026-05-14 17:35:00,1.27500000,1.27600000,1.27400000,1.27400000,6456.58000000,2026-05-14 17:39:59,8231.80687000,32
2026-05-14 17:40:00,1.27300000,1.27400000,1.27300000,1.27400000,29279.12000000,2026-05-14 17:44:59,37275.58580000,72
2026-05-14 17:45:00,1.27500000,1.27600000,1.27500000,1.27600000,582.81000000,2026-05-14 17:49:59,743.40085000,10
2026-05-14 17:50:00,1.27600000,1.27800000,1.27600000,1.27700000,1290.31000000,2026-05-14 17:54:59,1647.69502000,30
2026-05-14 17:55:00,1.27700000,1.27700000,1.27700000,1.27700000,265.55000000,2026-05-14 17:59:59,339.10735000,3
2026-05-14 18:00:00,1.27800000,1.27800000,1.27600000,1.27600000,1696.84000000,2026-05-14 18:04:59,2166.30096000,41
2026-05-14 18:05:00,1.27600000,1.27700000,1.27600000,1.27700000,129.98000000,2026-05-14 18:09:59,165.85848000,6
2026-05-14 18:10:00,1.27700000,1.27700000,1.27300000,1.27300000,4308.78000000,2026-05-14 18:14:59,5490.74098000,46
2026-05-14 18:15:00,1.27300000,1.27400000,1.27300000,1.27300000,6875.85000000,2026-05-14 18:19:59,8758.50367000,21
2026-05-14 18:20:00,1.27300000,1.27500000,1.27300000,1.27500000,4176.00000000,2026-05-14 18:24:59,5320.06891000,36
2026-05-14 18:25:00,1.27600000,1.27600000,1.27600000,1.27600000,541.13000000,2026-05-14 18:29:59,690.48188000,2
2026-05-14 18:30:00,1.27500000,1.27800000,1.27500000,1.27800000,734.55000000,2026-05-14 18:34:59,936.80523000,8
2026-05-14 18:35:00,1.27700000,1.27700000,1.27700000,1.27700000,577.98000000,2026-05-14 18:39:59,738.08046000,4
2026-05-14 18:40:00,1.27800000,1.27900000,1.27700000,1.27800000,1192.04000000,2026-05-14 18:44:59,1523.13692000,12
2026-05-14 18:45:00,1.27800000,1.27900000,1.27800000,1.27800000,158.85000000,2026-05-14 18:49:59,203.01530000,3
2026-05-14 18:50:00,1.27800000,1.27800000,1.27800000,1.27800000,24.55000000,2026-05-14 18:54:59,31.37490000,2
2026-05-14 18:55:00,1.27900000,1.27900000,1.27800000,1.27900000,522.18000000,2026-05-14 18:59:59,667.65500000,7
2026-05-14 19:00:00,1.27800000,1.27800000,1.27600000,1.27800000,314.86000000,2026-05-14 19:04:59,402.02167000,9
2026-05-14 19:05:00,1.27900000,1.28200000,1.27900000,1.28100000,6099.47000000,2026-05-14 19:09:59,7812.46020000,35
2026-05-14 19:10:00,1.28200000,1.28200000,1.28200000,1.28200000,1978.77000000,2026-05-14 19:14:59,2536.78314000,14
2026-05-14 19:15:00,1.28200000,1.28200000,1.28000000,1.28100000,1565.62000000,2026-05-14 19:19:59,2005.67352000,14
2026-05-14 19:20:00,1.28000000,1.28100000,1.28000000,1.28100000,527.74000000,2026-05-14 19:24:59,676.02125000,7
2026-05-14 19:25:00,1.28100000,1.28100000,1.27800000,1.27800000,1254.86000000,2026-05-14 19:29:59,1604.36229000,21
2026-05-14 19:30:00,1.27800000,1.28000000,1.27800000,1.27900000,6160.55000000,2026-05-14 19:34:59,7879.02320000,28
2026-05-14 19:35:00,1.27900000,1.27900000,1.27800000,1.27800000,266.84000000,2026-05-14 19:39:59,341.26993000,5
2026-05-14 19:40:00,1.27700000,1.27800000,1.27700000,1.27700000,637.17000000,2026-05-14 19:44:59,813.72453000,9
2026-05-14 19:45:00,1.27600000,1.27600000,1.27500000,1.27500000,173.93000000,2026-05-14 19:49:59,221.92022000,11
2026-05-14 19:50:00,1.27600000,1.27600000,1.27400000,1.27400000,3329.98000000,2026-05-14 19:54:59,4246.13281000,26
2026-05-14 19:55:00,1.27400000,1.27500000,1.27400000,1.27500000,917.41000000,2026-05-14 19:59:59,1169.55980000,6
2026-05-14 20:00:00,1.27400000,1.27400000,1.27100000,1.27100000,3029.17000000,2026-05-14 20:04:59,3856.03257000,32
2026-05-14 20:05:00,1.27000000,1.27000000,1.26500000,1.26800000,13505.76000000,2026-05-14 20:09:59,17116.78718000,84
2026-05-14 20:10:00,1.26800000,1.27000000,1.26800000,1.27000000,3614.79000000,2026-05-14 20:14:59,4585.19101000,22
2026-05-14 20:15:00,1.27100000,1.27100000,1.26800000,1.26900000,7513.93000000,2026-05-14 20:19:59,9545.00968000,37
2026-05-14 20:20:00,1.26900000,1.27100000,1.26900000,1.27100000,993.19000000,2026-05-14 20:24:59,1261.01109000,15
2026-05-14 20:25:00,1.27100000,1.27200000,1.27100000,1.27100000,2703.89000000,2026-05-14 20:29:59,3436.79669000,28
2026-05-14 20:30:00,1.27100000,1.27100000,1.27100000,1.27100000,1062.00000000,2026-05-14 20:34:59,1349.80200000,6
2026-05-14 20:35:00,1.27000000,1.27100000,1.27000000,1.27100000,1075.43000000,2026-05-14 20:39:59,1366.30425000,13
2026-05-14 20:40:00,1.27000000,1.27100000,1.26900000,1.27100000,4841.14000000,2026-05-14 20:44:59,6144.77275000,30
2026-05-14 20:45:00,1.27000000,1.27000000,1.26700000,1.26700000,3547.49000000,2026-05-14 20:49:59,4499.19477000,31
2026-05-14 20:50:00,1.26600000,1.26600000,1.26300000,1.26400000,4596.10000000,2026-05-14 20:54:59,5812.05464000,47
2026-05-14 20:55:00,1.26400000,1.26600000,1.26400000,1.26600000,1283.98000000,2026-05-14 20:59:59,1623.68818000,15
2026-05-14 21:00:00,1.26600000,1.26600000,1.26300000,1.26600000,4065.17000000,2026-05-14 21:04:59,5139.12160000,47
2026-05-14 21:05:00,1.26700000,1.26900000,1.26600000,1.26900000,20988.93000000,2026-05-14 21:09:59,26612.88524000,97
2026-05-14 21:10:00,1.26900000,1.27200000,1.26900000,1.27100000,3587.23000000,2026-05-14 21:14:59,4555.92134000,37
2026-05-14 21:15:00,1.27000000,1.27000000,1.26600000,1.27000000,1646.88000000,2026-05-14 21:19:59,2088.28264000,40
2026-05-14 21:20:00,1.27000000,1.27000000,1.26700000,1.27000000,2001.55000000,2026-05-14 21:24:59,2538.60644000,34
2026-05-14 21:25:00,1.27000000,1.27000000,1.26900000,1.27000000,579.15000000,2026-05-14 21:29:59,735.42495000,7
2026-05-14 21:30:00,1.27000000,1.27200000,1.26900000,1.27200000,4448.19000000,2026-05-14 21:34:59,5652.55244000,41
2026-05-14 21:35:00,1.27100000,1.27200000,1.26900000,1.26900000,3315.10000000,2026-05-14 21:39:59,4211.28958000,39
2026-05-14 21:40:00,1.26800000,1.26800000,1.26600000,1.26600000,884.56000000,2026-05-14 21:44:59,1120.59306000,14
2026-05-14 21:45:00,1.26700000,1.26800000,1.26700000,1.26700000,1660.63000000,2026-05-14 21:49:59,2104.80628000,21
2026-05-14 21:50:00,1.26900000,1.26900000,1.26700000,1.26700000,967.06000000,2026-05-14 21:54:59,1226.43078000,13
2026-05-14 21:55:00,1.26800000,1.27000000,1.26800000,1.26900000,1705.55000000,2026-05-14 21:59:59,2164.17282000,12
2026-05-14 22:00:00,1.26900000,1.27100000,1.26900000,1.26900000,2560.10000000,2026-05-14 22:04:59,3250.57753000,38
2026-05-14 22:05:00,1.26800000,1.26900000,1.26600000,1.26600000,2158.41000000,2026-05-14 22:09:59,2735.67835000,29
2026-05-14 22:10:00,1.26500000,1.26500000,1.26400000,1.26500000,845.36000000,2026-05-14 22:14:59,1068.59064000,13
2026-05-14 22:15:00,1.26400000,1.26600000,1.26300000,1.26600000,1025.17000000,2026-05-14 22:19:59,1296.49745000,23
2026-05-14 22:20:00,1.26600000,1.28200000,1.26500000,1.27100000,112528.16000000,2026-05-14 22:24:59,143205.90156000,602
2026-05-14 22:25:00,1.27200000,1.27200000,1.26900000,1.26900000,8804.48000000,2026-05-14 22:29:59,11191.05951000,43
2026-05-14 22:30:00,1.26900000,1.26900000,1.26400000,1.26800000,8798.67000000,2026-05-14 22:34:59,11147.12450000,73
2026-05-14 22:35:00,1.26900000,1.27300000,1.26900000,1.26900000,3726.54000000,2026-05-14 22:39:59,4736.23450000,52
2026-05-14 22:40:00,1.27000000,1.27200000,1.27000000,1.27100000,2341.38000000,2026-05-14 22:44:59,2976.07590000,28
2026-05-14 22:45:00,1.27100000,1.27100000,1.26900000,1.27000000,8163.44000000,2026-05-14 22:49:59,10370.04449000,52
2026-05-14 22:50:00,1.27000000,1.27000000,1.26700000,1.26900000,6772.82000000,2026-05-14 22:54:59,8588.95848000,51
2026-05-14 22:55:00,1.26900000,1.26900000,1.26600000,1.26600000,8291.14000000,2026-05-14 22:59:59,10506.94417000,90
2026-05-14 23:00:00,1.26500000,1.26800000,1.26300000,1.26800000,13032.95000000,2026-05-14 23:04:59,16487.24296000,143
2026-05-14 23:05:00,1.26700000,1.26700000,1.26300000,1.26300000,5411.56000000,2026-05-14 23:09:59,6847.35696000,56
2026-05-14 23:10:00,1.26400000,1.26400000,1.26100000,1.26200000,7983.64000000,2026-05-14 23:14:59,10075.88184000,86
2026-05-14 23:15:00,1.26200000,1.26200000,1.25800000,1.26000000,15300.33000000,2026-05-14 23:19:59,19276.62759000,93
2026-05-14 23:20:00,1.26000000,1.26100000,1.25900000,1.26100000,3385.00000000,2026-05-14 23:24:59,4266.41853000,46
2026-05-14 23:25:00,1.26100000,1.26100000,1.25900000,1.25900000,5997.77000000,2026-05-14 23:29:59,7557.11663000,40
2026-05-14 23:30:00,1.25800000,1.25800000,1.25400000,1.25700000,10577.96000000,2026-05-14 23:34:59,13281.04527000,165
2026-05-14 23:35:00,1.25800000,1.26000000,1.25800000,1.25800000,1285.91000000,2026-05-14 23:39:59,1618.68203000,25
2026-05-14 23:40:00,1.25800000,1.26100000,1.25800000,1.26100000,1206.86000000,2026-05-14 23:44:59,1520.37502000,16
2026-05-14 23:45:00,1.26200000,1.27200000,1.26200000,1.26500000,90854.52000000,2026-05-14 23:49:59,115062.64902000,381
2026-05-14 23:50:00,1.26600000,1.26900000,1.26500000,1.26800000,6499.60000000,2026-05-14 23:54:59,8235.12138000,75
2026-05-14 23:55:00,1.26800000,1.27000000,1.26800000,1.26900000,2376.01000000,2026-05-14 23:59:59,3016.17119000,25
2026-05-15 00:00:00,1.26800000,1.27100000,1.26700000,1.27100000,16634.45000000,2026-05-15 00:04:59,21106.22088000,166
2026-05-15 00:05:00,1.27100000,1.27100000,1.26800000,1.26900000,35025.68000000,2026-05-15 00:09:59,44446.61132000,407
2026-05-15 00:10:00,1.27000000,1.27000000,1.26900000,1.26900000,755.57000000,2026-05-15 00:14:59,959.54056000,11
2026-05-15 00:15:00,1.26900000,1.26900000,1.26500000,1.26700000,4444.95000000,2026-05-15 00:19:59,5630.05008000,55
2026-05-15 00:20:00,1.26700000,1.26800000,1.26600000,1.26800000,368.82000000,2026-05-15 00:24:59,467.45220000,10
2026-05-15 00:25:00,1.26800000,1.26800000,1.26700000,1.26800000,3436.07000000,2026-05-15 00:29:59,4356.28540000,31
2026-05-15 00:30:00,1.26700000,1.26700000,1.26300000,1.26300000,1821.72000000,2026-05-15 00:34:59,2304.15822000,24
2026-05-15 00:35:00,1.26300000,1.26600000,1.26300000,1.26500000,1172.77000000,2026-05-15 00:39:59,1483.39109000,24
2026-05-15 00:40:00,1.26400000,1.26600000,1.26400000,1.26600000,1749.94000000,2026-05-15 00:44:59,2214.87320000,21
2026-05-15 00:45:00,1.26600000,1.26600000,1.26400000,1.26400000,3330.30000000,2026-05-15 00:49:59,4210.41094000,14
2026-05-15 00:50:00,1.26400000,1.26500000,1.26400000,1.26500000,769.96000000,2026-05-15 00:54:59,973.28762000,13
2026-05-15 00:55:00,1.26500000,1.26700000,1.26500000,1.26500000,6134.16000000,2026-05-15 00:59:59,7760.11190000,29
2026-05-15 01:00:00,1.26400000,1.26400000,1.26000000,1.26200000,4193.31000000,2026-05-15 01:04:59,5290.87184000,54
2026-05-15 01:05:00,1.26300000,1.26300000,1.26200000,1.26200000,12391.28000000,2026-05-15 01:09:59,15649.84231000,30
2026-05-15 01:10:00,1.26100000,1.26200000,1.26100000,1.26100000,3599.65000000,2026-05-15 01:14:59,4539.16892000,45
2026-05-15 01:15:00,1.26200000,1.26200000,1.26200000,1.26200000,685.16000000,2026-05-15 01:19:59,864.67192000,6
2026-05-15 01:20:00,1.26100000,1.26100000,1.25800000,1.26000000,6509.15000000,2026-05-15 01:24:59,8200.75451000,70
2026-05-15 01:25:00,1.26000000,1.26000000,1.25700000,1.25700000,1648.84000000,2026-05-15 01:29:59,2075.59141000,21
2026-05-15 01:30:00,1.25700000,1.25900000,1.25600000,1.25900000,2322.12000000,2026-05-15 01:34:59,2920.32757000,22
2026-05-15 01:35:00,1.25900000,1.25900000,1.25800000,1.25800000,687.50000000,2026-05-15 01:39:59,865.27138000,9
2026-05-15 01:40:00,1.25800000,1.26000000,1.25800000,1.25900000,4214.24000000,2026-05-15 01:44:59,5304.54595000,40
2026-05-15 01:45:00,1.25800000,1.25800000,1.25600000,1.25700000,2504.01000000,2026-05-15 01:49:59,3148.10091000,26
2026-05-15 01:50:00,1.25600000,1.25700000,1.25300000,1.25500000,4877.10000000,2026-05-15 01:54:59,6118.39591000,70
2026-05-15 01:55:00,1.25400000,1.25400000,1.25100000,1.25100000,4721.71000000,2026-05-15 01:59:59,5912.42221000,82
2026-05-15 02:00:00,1.25100000,1.25200000,1.25000000,1.25200000,7103.14000000,2026-05-15 02:04:59,8883.56456000,110
2026-05-15 02:05:00,1.25300000,1.25300000,1.24800000,1.25000000,22147.22000000,2026-05-15 02:09:59,27688.79841000,109
2026-05-15 02:10:00,1.25100000,1.25200000,1.25100000,1.25200000,544.05000000,2026-05-15 02:14:59,681.09310000,9
2026-05-15 02:15:00,1.25200000,1.25400000,1.25000000,1.25000000,11293.69000000,2026-05-15 02:19:59,14119.87140000,26
2026-05-15 02:20:00,1.25100000,1.25100000,1.24900000,1.25100000,1364.02000000,2026-05-15 02:24:59,1705.46152000,16
2026-05-15 02:25:00,1.25100000,1.25100000,1.25100000,1.25100000,7434.28000000,2026-05-15 02:29:59,9300.28428000,34
2026-05-15 02:30:00,1.24900000,1.24900000,1.23900000,1.24000000,23402.32000000,2026-05-15 02:34:59,29094.40154000,274
2026-05-15 02:35:00,1.24000000,1.24000000,1.23200000,1.23600000,33788.93000000,2026-05-15 02:39:59,41728.49510000,296
2026-05-15 02:40:00,1.23600000,1.23900000,1.23400000,1.23800000,5885.83000000,2026-05-15 02:44:59,7279.32304000,47
2026-05-15 02:45:00,1.23800000,1.23800000,1.23100000,1.23600000,4773.51000000,2026-05-15 02:49:59,5889.39632000,64
2026-05-15 02:50:00,1.23400000,1.23600000,1.23300000,1.23400000,3005.04000000,2026-05-15 02:54:59,3708.01130000,41
2026-05-15 02:55:00,1.23500000,1.23600000,1.22900000,1.23000000,44500.11000000,2026-05-15 02:59:59,54735.50159000,139
2026-05-15 03:00:00,1.22900000,1.23300000,1.22700000,1.23300000,64321.54000000,2026-05-15 03:04:59,79041.67733000,325
2026-05-15 03:05:00,1.23400000,1.23600000,1.23400000,1.23500000,4947.33000000,2026-05-15 03:09:59,6111.22033000,45
2026-05-15 03:10:00,1.23500000,1.23600000,1.23500000,1.23600000,2036.02000000,2026-05-15 03:14:59,2514.65219000,23
2026-05-15 03:15:00,1.23600000,1.23700000,1.23600000,1.23600000,3950.58000000,2026-05-15 03:19:59,4885.19157000,31
2026-05-15 03:20:00,1.23500000,1.23600000,1.23400000,1.23400000,2518.49000000,2026-05-15 03:24:59,3111.13647000,33
2026-05-15 03:25:00,1.23400000,1.23700000,1.23400000,1.23700000,431.81000000,2026-05-15 03:29:59,533.79885000,14
2026-05-15 03:30:00,1.23600000,1.24100000,1.23600000,1.23900000,2089.41000000,2026-05-15 03:34:59,2591.30889000,31
2026-05-15 03:35:00,1.24000000,1.24200000,1.24000000,1.24200000,21033.70000000,2026-05-15 03:39:59,26102.25649000,74
2026-05-15 03:40:00,1.24300000,1.24400000,1.24300000,1.24400000,2088.26000000,2026-05-15 03:44:59,2597.11000000,28
2026-05-15 03:45:00,1.24500000,1.24500000,1.24300000,1.24300000,1390.60000000,2026-05-15 03:49:59,1729.87256000,17
2026-05-15 03:50:00,1.24300000,1.24500000,1.24300000,1.24400000,2237.35000000,2026-05-15 03:54:59,2782.28766000,17
2026-05-15 03:55:00,1.24400000,1.24400000,1.24300000,1.24300000,1177.13000000,2026-05-15 03:59:59,1463.65629000,8
2026-05-15 04:00:00,1.24300000,1.24400000,1.24200000,1.24200000,1768.07000000,2026-05-15 04:04:59,2197.76359000,14
2026-05-15 04:05:00,1.24300000,1.24300000,1.24100000,1.24200000,5068.98000000,2026-05-15 04:09:59,6296.44639000,29
2026-05-15 04:10:00,1.24300000,1.24400000,1.24200000,1.24200000,3552.14000000,2026-05-15 04:14:59,4417.06631000,26
2026-05-15 04:15:00,1.24300000,1.24300000,1.24100000,1.24200000,3804.69000000,2026-05-15 04:19:59,4722.71383000,21
2026-05-15 04:20:00,1.24300000,1.24800000,1.24300000,1.24700000,13833.58000000,2026-05-15 04:24:59,17225.63605000,143
2026-05-15 04:25:00,1.24700000,1.25000000,1.24700000,1.24800000,2328.28000000,2026-05-15 04:29:59,2906.03907000,33
2026-05-15 04:30:00,1.24800000,1.24800000,1.24500000,1.24600000,2045.62000000,2026-05-15 04:34:59,2551.11532000,25
2026-05-15 04:35:00,1.24600000,1.24700000,1.24500000,1.24700000,4170.04000000,2026-05-15 04:39:59,5192.77189000,19
2026-05-15 04:40:00,1.24600000,1.24600000,1.24400000,1.24400000,2295.75000000,2026-05-15 04:44:59,2856.59975000,25
2026-05-15 04:45:00,1.24300000,1.24500000,1.24300000,1.24500000,2095.25000000,2026-05-15 04:49:59,2607.46453000,16
2026-05-15 04:50:00,1.24500000,1.24500000,1.24500000,1.24500000,155.70000000,2026-05-15 04:54:59,193.84650000,2
2026-05-15 04:55:00,1.24400000,1.24600000,1.24400000,1.24400000,5246.41000000,2026-05-15 04:59:59,6531.06284000,28
2026-05-15 05:00:00,1.24400000,1.24400000,1.23800000,1.24100000,6155.17000000,2026-05-15 05:04:59,7641.13717000,53
2026-05-15 05:05:00,1.24100000,1.24300000,1.24000000,1.24300000,1622.67000000,2026-05-15 05:09:59,2014.30478000,15
2026-05-15 05:10:00,1.24200000,1.24200000,1.24100000,1.24100000,1208.78000000,2026-05-15 05:14:59,1500.79264000,10
2026-05-15 05:15:00,1.24100000,1.24100000,1.23600000,1.23700000,1714.21000000,2026-05-15 05:19:59,2124.18646000,47
2026-05-15 05:20:00,1.23700000,1.23900000,1.23600000,1.23700000,660.53000000,2026-05-15 05:24:59,817.63404000,18
2026-05-15 05:25:00,1.23800000,1.23800000,1.23400000,1.23600000,3575.41000000,2026-05-15 05:29:59,4419.60882000,60
2026-05-15 05:30:00,1.23500000,1.23700000,1.23300000,1.23700000,6257.59000000,2026-05-15 05:34:59,7733.76057000,87
2026-05-15 05:35:00,1.23800000,1.24000000,1.23800000,1.24000000,1068.45000000,2026-05-15 05:39:59,1324.44959000,25
2026-05-15 05:40:00,1.24000000,1.24000000,1.23900000,1.23900000,805.49000000,2026-05-15 05:44:59,998.02443000,13
2026-05-15 05:45:00,1.23900000,1.23900000,1.23800000,1.23900000,3833.35000000,2026-05-15 05:49:59,4748.93400000,28
2026-05-15 05:50:00,1.23800000,1.23800000,1.23600000,1.23800000,4062.10000000,2026-05-15 05:54:59,5027.28223000,39
2026-05-15 05:55:00,1.23800000,1.23900000,1.23700000,1.23900000,627.63000000,2026-05-15 05:59:59,776.68510000,14
2026-05-15 06:00:00,1.23900000,1.23900000,1.23700000,1.23800000,1093.09000000,2026-05-15 06:04:59,1352.66200000,22
2026-05-15 06:05:00,1.23900000,1.24000000,1.23700000,1.23900000,2714.49000000,2026-05-15 06:09:59,3363.47579000,41
2026-05-15 06:10:00,1.23800000,1.23900000,1.23800000,1.23800000,1033.37000000,2026-05-15 06:14:59,1280.28180000,14
2026-05-15 06:15:00,1.23800000,1.23800000,1.23500000,1.23500000,1660.40000000,2026-05-15 06:19:59,2052.31411000,18
2026-05-15 06:20:00,1.23500000,1.23800000,1.23500000,1.23800000,3791.77000000,2026-05-15 06:24:59,4691.32703000,31
2026-05-15 06:25:00,1.23700000,1.23900000,1.23700000,1.23900000,1556.71000000,2026-05-15 06:29:59,1926.95706000,22
2026-05-15 06:30:00,1.23900000,1.23900000,1.23800000,1.23900000,902.58000000,2026-05-15 06:34:59,1117.97493000,12
2026-05-15 06:35:00,1.23800000,1.24000000,1.23700000,1.23800000,4122.02000000,2026-05-15 06:39:59,5107.78248000,72
2026-05-15 06:40:00,1.23700000,1.23700000,1.23400000,1.23600000,226.32000000,2026-05-15 06:44:59,279.66263000,8
2026-05-15 06:45:00,1.23600000,1.23600000,1.23500000,1.23500000,3963.31000000,2026-05-15 06:49:59,4896.86312000,37
2026-05-15 06:50:00,1.23400000,1.23600000,1.23400000,1.23500000,421.56000000,2026-05-15 06:54:59,520.51615000,9
2026-05-15 06:55:00,1.23500000,1.23800000,1.23500000,1.23700000,5269.48000000,2026-05-15 06:59:59,6521.12562000,46
2026-05-15 07:00:00,1.23800000,1.23900000,1.23600000,1.23600000,760.06000000,2026-05-15 07:04:59,940.59801000,15
2026-05-15 07:05:00,1.23600000,1.23700000,1.23600000,1.23600000,1364.52000000,2026-05-15 07:09:59,1687.46597000,15
2026-05-15 07:10:00,1.23700000,1.23700000,1.23700000,1.23700000,286.52000000,2026-05-15 07:14:59,354.42524000,6
2026-05-15 07:15:00,1.23800000,1.23800000,1.23400000,1.23400000,560.77000000,2026-05-15 07:19:59,693.37398000,20
2026-05-15 07:20:00,1.23500000,1.23500000,1.23400000,1.23400000,957.47000000,2026-05-15 07:24:59,1182.43121000,11
2026-05-15 07:25:00,1.23500000,1.23600000,1.23400000,1.23500000,1127.33000000,2026-05-15 07:29:59,1392.55003000,36
2026-05-15 07:30:00,1.23500000,1.23700000,1.23500000,1.23700000,319.11000000,2026-05-15 07:34:59,394.38877000,10
2026-05-15 07:35:00,1.23600000,1.23600000,1.23500000,1.23500000,8204.58000000,2026-05-15 07:39:59,10133.31160000,33
2026-05-15 07:40:00,1.23500000,1.23500000,1.23400000,1.23500000,10661.22000000,2026-05-15 07:44:59,13163.49239000,28
2026-05-15 07:45:00,1.23600000,1.24000000,1.23600000,1.23800000,4884.39000000,2026-05-15 07:49:59,6050.74460000,46
2026-05-15 07:50:00,1.23800000,1.24200000,1.23800000,1.24000000,7432.56000000,2026-05-15 07:54:59,9216.19899000,66
2026-05-15 07:55:00,1.24100000,1.24200000,1.24000000,1.24100000,7779.19000000,2026-05-15 07:59:59,9653.08473000,39
2026-05-15 08:00:00,1.24200000,1.24200000,1.24000000,1.24000000,2337.77000000,2026-05-15 08:04:59,2899.35521000,26
2026-05-15 08:05:00,1.24000000,1.24000000,1.23900000,1.24000000,2475.17000000,2026-05-15 08:09:59,3069.20591000,19
2026-05-15 08:10:00,1.24000000,1.24000000,1.23800000,1.23900000,1849.11000000,2026-05-15 08:14:59,2290.33277000,24
2026-05-15 08:15:00,1.24000000,1.24200000,1.23900000,1.24000000,4403.82000000,2026-05-15 08:19:59,5462.03287000,44
2026-05-15 08:20:00,1.23900000,1.24100000,1.23700000,1.23700000,2075.48000000,2026-05-15 08:24:59,2571.51855000,27
2026-05-15 08:25:00,1.23800000,1.23900000,1.23800000,1.23900000,3260.94000000,2026-05-15 08:29:59,4038.66641000,28
2026-05-15 08:30:00,1.23900000,1.24000000,1.23900000,1.24000000,745.00000000,2026-05-15 08:34:59,923.12700000,9
2026-05-15 08:35:00,1.23900000,1.23900000,1.23800000,1.23800000,618.45000000,2026-05-15 08:39:59,765.77412000,14
2026-05-15 08:40:00,1.23800000,1.23800000,1.23600000,1.23600000,6231.59000000,2026-05-15 08:44:59,7704.96840000,35
2026-05-15 08:45:00,1.23600000,1.23800000,1.23600000,1.23800000,1234.25000000,2026-05-15 08:49:59,1526.20411000,20
2026-05-15 08:50:00,1.23700000,1.23700000,1.23500000,1.23600000,1483.59000000,2026-05-15 08:54:59,1832.75392000,22
2026-05-15 08:55:00,1.23500000,1.23500000,1.23400000,1.23400000,144.26000000,2026-05-15 08:59:59,178.06113000,7
2026-05-15 09:00:00,1.23500000,1.23500000,1.23200000,1.23200000,3990.00000000,2026-05-15 09:04:59,4920.32119000,41
2026-05-15 09:05:00,1.23200000,1.23400000,1.22900000,1.23400000,11438.22000000,2026-05-15 09:09:59,14082.94549000,119
2026-05-15 09:10:00,1.23400000,1.23400000,1.23100000,1.23100000,770.27000000,2026-05-15 09:14:59,949.45844000,14
2026-05-15 09:15:00,1.23100000,1.23300000,1.23000000,1.23300000,8030.98000000,2026-05-15 09:19:59,9885.60470000,71
2026-05-15 09:20:00,1.23300000,1.23500000,1.23300000,1.23300000,5309.81000000,2026-05-15 09:24:59,6554.48696000,43
2026-05-15 09:25:00,1.23200000,1.23200000,1.23100000,1.23100000,220.24000000,2026-05-15 09:29:59,271.28029000,11
2026-05-15 09:30:00,1.23100000,1.23300000,1.22900000,1.23200000,6312.49000000,2026-05-15 09:34:59,7769.43842000,69
2026-05-15 09:35:00,1.23100000,1.23100000,1.23000000,1.23100000,260.48000000,2026-05-15 09:39:59,320.64587000,8
2026-05-15 09:40:00,1.23100000,1.23100000,1.23000000,1.23100000,3700.07000000,2026-05-15 09:44:59,4552.77698000,38
2026-05-15 09:45:00,1.22900000,1.22900000,1.22500000,1.22800000,10977.33000000,2026-05-15 09:49:59,13474.45078000,67
2026-05-15 09:50:00,1.22800000,1.22900000,1.22800000,1.22900000,2512.43000000,2026-05-15 09:54:59,3085.72544000,23
2026-05-15 09:55:00,1.22800000,1.22800000,1.22600000,1.22800000,3010.18000000,2026-05-15 09:59:59,3694.11543000,25
2026-05-15 10:00:00,1.22700000,1.22700000,1.22200000,1.22400000,12241.12000000,2026-05-15 10:04:59,14991.80783000,106
2026-05-15 10:05:00,1.22400000,1.22500000,1.22100000,1.22100000,4957.27000000,2026-05-15 10:09:59,6065.75799000,63
2026-05-15 10:10:00,1.22200000,1.22300000,1.22000000,1.22300000,6525.95000000,2026-05-15 10:14:59,7972.06191000,94
2026-05-15 10:15:00,1.22300000,1.22600000,1.22100000,1.22600000,5465.96000000,2026-05-15 10:19:59,6693.70705000,44
2026-05-15 10:20:00,1.22700000,1.22800000,1.22600000,1.22700000,1372.70000000,2026-05-15 10:24:59,1684.52070000,19
2026-05-15 10:25:00,1.22800000,1.22800000,1.22500000,1.22600000,7613.49000000,2026-05-15 10:29:59,9339.69415000,54
2026-05-15 10:30:00,1.22500000,1.22500000,1.21200000,1.21800000,25236.96000000,2026-05-15 10:34:59,30707.53690000,275
2026-05-15 10:35:00,1.21700000,1.21700000,1.20500000,1.20600000,34748.27000000,2026-05-15 10:39:59,42048.86814000,290
2026-05-15 10:40:00,1.20600000,1.21000000,1.19500000,1.19800000,72133.25000000,2026-05-15 10:44:59,86569.74667000,473
2026-05-15 10:45:00,1.19900000,1.20100000,1.19400000,1.19900000,22304.90000000,2026-05-15 10:49:59,26708.70202000,218
2026-05-15 10:50:00,1.20000000,1.20000000,1.17900000,1.19100000,56396.56000000,2026-05-15 10:54:59,66968.92720000,531
2026-05-15 10:55:00,1.19100000,1.19100000,1.17800000,1.18000000,14835.24000000,2026-05-15 10:59:59,17576.51034000,235
2026-05-15 11:00:00,1.18100000,1.19300000,1.17700000,1.19200000,44405.65000000,2026-05-15 11:04:59,52513.97423000,383
2026-05-15 11:05:00,1.19300000,1.19800000,1.19200000,1.19600000,5924.28000000,2026-05-15 11:09:59,7072.77509000,97
2026-05-15 11:10:00,1.19700000,1.20200000,1.19600000,1.20100000,6923.69000000,2026-05-15 11:14:59,8307.81788000,134
2026-05-15 11:15:00,1.20100000,1.20400000,1.19900000,1.20100000,4957.73000000,2026-05-15 11:19:59,5956.24318000,71
2026-05-15 11:20:00,1.20100000,1.20100000,1.19700000,1.19700000,6050.03000000,2026-05-15 11:24:59,7254.72876000,49
2026-05-15 11:25:00,1.19700000,1.19700000,1.19400000,1.19400000,6419.38000000,2026-05-15 11:29:59,7675.01893000,84
2026-05-15 11:30:00,1.19600000,1.19900000,1.19500000,1.19700000,11172.89000000,2026-05-15 11:34:59,13356.07566000,90
2026-05-15 11:35:00,1.19800000,1.19800000,1.19500000,1.19700000,896.48000000,2026-05-15 11:39:59,1072.47119000,16
2026-05-15 11:40:00,1.19600000,1.19800000,1.19500000,1.19500000,4768.81000000,2026-05-15 11:44:59,5704.60327000,48
2026-05-15 11:45:00,1.19500000,1.19500000,1.19000000,1.19100000,7490.65000000,2026-05-15 11:49:59,8935.09269000,77
2026-05-15 11:50:00,1.19100000,1.19300000,1.18900000,1.19200000,5979.76000000,2026-05-15 11:54:59,7122.49701000,67
2026-05-15 11:55:00,1.19300000,1.19600000,1.19200000,1.19300000,5086.95000000,2026-05-15 11:59:59,6068.96257000,40
2026-05-15 12:00:00,1.19400000,1.19700000,1.19400000,1.19500000,3028.00000000,2026-05-15 12:04:59,3618.70870000,43
2026-05-15 12:05:00,1.19400000,1.19600000,1.19300000,1.19600000,1047.93000000,2026-05-15 12:09:59,1251.51529000,22
2026-05-15 12:10:00,1.19700000,1.19700000,1.19400000,1.19400000,977.64000000,2026-05-15 12:14:59,1168.34477000,20
2026-05-15 12:15:00,1.19400000,1.19600000,1.19300000,1.19500000,4004.77000000,2026-05-15 12:19:59,4784.25039000,43
2026-05-15 12:20:00,1.19700000,1.19800000,1.19400000,1.19600000,1018.09000000,2026-05-15 12:24:59,1218.25570000,23
2026-05-15 12:25:00,1.19500000,1.19500000,1.19200000,1.19300000,3099.79000000,2026-05-15 12:29:59,3698.54603000,55
2026-05-15 12:30:00,1.19400000,1.19600000,1.19400000,1.19400000,1324.05000000,2026-05-15 12:34:59,1582.66103000,28
2026-05-15 12:35:00,1.19400000,1.19600000,1.19300000,1.19300000,2082.48000000,2026-05-15 12:39:59,2487.89455000,35
2026-05-15 12:40:00,1.19300000,1.19400000,1.19100000,1.19100000,6725.50000000,2026-05-15 12:44:59,8020.02352000,65
2026-05-15 12:45:00,1.19000000,1.19300000,1.19000000,1.19200000,3132.14000000,2026-05-15 12:49:59,3732.25604000,46
2026-05-15 12:50:00,1.19100000,1.19400000,1.19100000,1.19300000,554.01000000,2026-05-15 12:54:59,660.65050000,21
2026-05-15 12:55:00,1.19300000,1.19700000,1.19300000,1.19600000,2871.91000000,2026-05-15 12:59:59,3432.29323000,45
2026-05-15 13:00:00,1.19600000,1.19900000,1.19600000,1.19900000,2566.87000000,2026-05-15 13:04:59,3074.81931000,53
2026-05-15 13:05:00,1.19900000,1.19900000,1.19600000,1.19700000,2307.26000000,2026-05-15 13:09:59,2762.92538000,35
2026-05-15 13:10:00,1.19600000,1.19800000,1.19500000,1.19800000,10279.85000000,2026-05-15 13:14:59,12298.52356000,69
2026-05-15 13:15:00,1.19800000,1.20100000,1.19600000,1.20100000,29666.98000000,2026-05-15 13:19:59,35592.30563000,94
2026-05-15 13:20:00,1.20100000,1.20700000,1.20100000,1.20400000,74313.83000000,2026-05-15 13:24:59,89397.71568000,260
2026-05-15 13:25:00,1.20300000,1.20500000,1.20100000,1.20500000,6992.90000000,2026-05-15 13:29:59,8415.76933000,86
2026-05-15 13:30:00,1.20600000,1.20700000,1.20400000,1.20500000,1885.82000000,2026-05-15 13:34:59,2273.03374000,28
2026-05-15 13:35:00,1.20500000,1.20700000,1.20400000,1.20700000,1874.77000000,2026-05-15 13:39:59,2259.00013000,30
2026-05-15 13:40:00,1.20700000,1.20800000,1.20600000,1.20700000,2689.51000000,2026-05-15 13:44:59,3246.79992000,21
2026-05-15 13:45:00,1.20800000,1.20800000,1.20400000,1.20500000,4344.90000000,2026-05-15 13:49:59,5237.52559000,58
2026-05-15 13:50:00,1.20600000,1.20700000,1.20500000,1.20500000,907.79000000,2026-05-15 13:54:59,1094.45151000,15
2026-05-15 13:55:00,1.20600000,1.20800000,1.20600000,1.20800000,31374.10000000,2026-05-15 13:59:59,37867.69324000,70
2026-05-15 14:00:00,1.20900000,1.20900000,1.20900000,1.20900000,590.41000000,2026-05-15 14:04:59,713.80569000,7
2026-05-15 14:05:00,1.20800000,1.21100000,1.20800000,1.20800000,5819.73000000,2026-05-15 14:09:59,7036.65125000,53
2026-05-15 14:10:00,1.20800000,1.20800000,1.20600000,1.20700000,4143.38000000,2026-05-15 14:14:59,5000.36578000,53
2026-05-15 14:15:00,1.20700000,1.20700000,1.20600000,1.20600000,1521.70000000,2026-05-15 14:19:59,1835.60392000,15
2026-05-15 14:20:00,1.20500000,1.20600000,1.20400000,1.20600000,6074.14000000,2026-05-15 14:24:59,7318.26814000,67
2026-05-15 14:25:00,1.20500000,1.20700000,1.20500000,1.20500000,1152.30000000,2026-05-15 14:29:59,1389.58383000,28
2026-05-15 14:30:00,1.20500000,1.20600000,1.20500000,1.20500000,334.53000000,2026-05-15 14:34:59,403.15836000,5
2026-05-15 14:35:00,1.20600000,1.20700000,1.20500000,1.20700000,935.85000000,2026-05-15 14:39:59,1128.75834000,13
2026-05-15 14:40:00,1.20600000,1.20600000,1.20400000,1.20600000,11283.21000000,2026-05-15 14:44:59,13592.39220000,55
2026-05-15 14:45:00,1.20600000,1.20600000,1.20500000,1.20500000,4447.15000000,2026-05-15 14:49:59,5363.18990000,19
2026-05-15 14:50:00,1.20700000,1.20800000,1.20600000,1.20800000,600.90000000,2026-05-15 14:54:59,725.34830000,27
2026-05-15 14:55:00,1.20900000,1.21000000,1.20900000,1.20900000,1667.55000000,2026-05-15 14:59:59,2017.70115000,16
2026-05-15 15:00:00,1.21000000,1.21200000,1.20800000,1.20800000,6935.13000000,2026-05-15 15:04:59,8392.90703000,50
2026-05-15 15:05:00,1.20800000,1.20800000,1.20700000,1.20700000,2153.20000000,2026-05-15 15:09:59,2600.63928000,29
2026-05-15 15:10:00,1.20800000,1.21000000,1.20700000,1.20900000,1695.96000000,2026-05-15 15:14:59,2049.88871000,18
2026-05-15 15:15:00,1.20800000,1.20800000,1.20300000,1.20400000,2306.38000000,2026-05-15 15:19:59,2780.63801000,39
2026-05-15 15:20:00,1.20400000,1.20800000,1.20400000,1.20700000,3635.27000000,2026-05-15 15:24:59,4381.80189000,34
2026-05-15 15:25:00,1.20700000,1.20700000,1.20600000,1.20700000,2765.34000000,2026-05-15 15:29:59,3336.03332000,43
2026-05-15 15:30:00,1.20700000,1.20700000,1.20200000,1.20300000,3627.93000000,2026-05-15 15:34:59,4365.47293000,36
2026-05-15 15:35:00,1.20300000,1.20500000,1.20300000,1.20500000,4149.21000000,2026-05-15 15:39:59,4995.37793000,32
2026-05-15 15:40:00,1.20400000,1.20500000,1.20400000,1.20400000,750.59000000,2026-05-15 15:44:59,904.06836000,12
2026-05-15 15:45:00,1.20400000,1.20400000,1.20200000,1.20400000,5327.66000000,2026-05-15 15:49:59,6406.08658000,33
2026-05-15 15:50:00,1.20400000,1.20600000,1.20400000,1.20500000,1394.48000000,2026-05-15 15:54:59,1680.53903000,21
2026-05-15 15:55:00,1.20500000,1.20500000,1.20300000,1.20300000,473.10000000,2026-05-15 15:59:59,569.67156000,18
2026-05-15 16:00:00,1.20300000,1.20300000,1.19700000,1.19700000,3676.41000000,2026-05-15 16:04:59,4410.60003000,99
2026-05-15 16:05:00,1.19800000,1.20100000,1.19800000,1.19900000,3867.32000000,2026-05-15 16:09:59,4638.97810000,53
2026-05-15 16:10:00,1.20000000,1.20000000,1.19700000,1.19700000,4474.76000000,2026-05-15 16:14:59,5362.36294000,77
2026-05-15 16:15:00,1.19700000,1.19800000,1.19700000,1.19800000,2381.65000000,2026-05-15 16:19:59,2852.29328000,43
2026-05-15 16:20:00,1.19800000,1.20000000,1.19800000,1.19900000,3883.66000000,2026-05-15 16:24:59,4657.32206000,54
2026-05-15 16:25:00,1.19900000,1.20000000,1.19800000,1.19800000,2803.94000000,2026-05-15 16:29:59,3362.26245000,46
2026-05-15 16:30:00,1.19900000,1.20100000,1.19800000,1.19900000,3612.74000000,2026-05-15 16:34:59,4334.06430000,66
2026-05-15 16:35:00,1.19800000,1.19900000,1.19700000,1.19700000,2980.86000000,2026-05-15 16:39:59,3570.42904000,56
2026-05-15 16:40:00,1.19800000,1.19900000,1.19600000,1.19700000,7535.65000000,2026-05-15 16:44:59,9020.61683000,71
2026-05-15 16:45:00,1.19700000,1.19700000,1.19600000,1.19700000,2472.89000000,2026-05-15 16:49:59,2959.80282000,32
2026-05-15 16:50:00,1.19700000,1.19700000,1.19500000,1.19600000,5004.65000000,2026-05-15 16:54:59,5986.77919000,41
2026-05-15 16:55:00,1.19600000,1.19800000,1.19500000,1.19800000,3472.64000000,2026-05-15 16:59:59,4154.04633000,47
2026-05-15 17:00:00,1.19700000,1.19900000,1.19600000,1.19800000,2684.74000000,2026-05-15 17:04:59,3216.46097000,39
2026-05-15 17:05:00,1.19700000,1.19700000,1.19500000,1.19500000,1016.64000000,2026-05-15 17:09:59,1215.28433000,25
2026-05-15 17:10:00,1.19500000,1.19500000,1.19500000,1.19500000,1026.62000000,2026-05-15 17:14:59,1226.81090000,13
2026-05-15 17:15:00,1.19500000,1.19700000,1.19500000,1.19600000,645.50000000,2026-05-15 17:19:59,771.86895000,15
2026-05-15 17:20:00,1.19500000,1.19600000,1.19300000,1.19500000,2933.49000000,2026-05-15 17:24:59,3502.76419000,42
2026-05-15 17:25:00,1.19600000,1.19800000,1.19600000,1.19800000,337.03000000,2026-05-15 17:29:59,403.49425000,14
2026-05-15 17:30:00,1.19800000,1.19800000,1.19400000,1.19400000,5805.76000000,2026-05-15 17:34:59,6943.42172000,53
2026-05-15 17:35:00,1.19400000,1.19500000,1.19400000,1.19500000,1301.33000000,2026-05-15 17:39:59,1554.16835000,24
2026-05-15 17:40:00,1.19500000,1.19500000,1.19400000,1.19400000,859.10000000,2026-05-15 17:44:59,1025.92110000,13
2026-05-15 17:45:00,1.19300000,1.19400000,1.19200000,1.19200000,1986.83000000,2026-05-15 17:49:59,2370.15041000,43
2026-05-15 17:50:00,1.19200000,1.19500000,1.19200000,1.19500000,651.18000000,2026-05-15 17:54:59,777.51480000,13
2026-05-15 17:55:00,1.19300000,1.19400000,1.19300000,1.19400000,574.04000000,2026-05-15 17:59:59,685.10554000,6
2026-05-15 18:00:00,1.19500000,1.19700000,1.19500000,1.19700000,3273.71000000,2026-05-15 18:04:59,3916.45723000,54
2026-05-15 18:05:00,1.19600000,1.19700000,1.19500000,1.19700000,606.05000000,2026-05-15 18:09:59,724.79856000,9
2026-05-15 18:10:00,1.19600000,1.19600000,1.19400000,1.19400000,2706.28000000,2026-05-15 18:14:59,3235.61186000,23
2026-05-15 18:15:00,1.19400000,1.19700000,1.19400000,1.19700000,926.36000000,2026-05-15 18:19:59,1107.13491000,14
2026-05-15 18:20:00,1.19600000,1.19600000,1.19500000,1.19500000,486.85000000,2026-05-15 18:24:59,581.91973000,9
2026-05-15 18:25:00,1.19500000,1.19600000,1.19500000,1.19500000,527.03000000,2026-05-15 18:29:59,630.22682000,6
2026-05-15 18:30:00,1.19600000,1.19600000,1.19500000,1.19500000,47.35000000,2026-05-15 18:34:59,56.58879000,2
2026-05-15 18:35:00,1.19500000,1.19500000,1.19300000,1.19400000,1378.80000000,2026-05-15 18:39:59,1646.53440000,14
2026-05-15 18:40:00,1.19400000,1.19400000,1.19400000,1.19400000,1970.79000000,2026-05-15 18:44:59,2353.12326000,15
2026-05-15 18:45:00,1.19400000,1.19500000,1.19400000,1.19400000,360.19000000,2026-05-15 18:49:59,430.07359000,3
2026-05-15 18:50:00,1.19400000,1.19400000,1.19400000,1.19400000,0.00000000,2026-05-15 18:54:59,0.00000000,0
2026-05-15 18:55:00,1.19400000,1.19400000,1.19200000,1.19200000,487.66000000,2026-05-15 18:59:59,581.52011000,10
2026-05-15 19:00:00,1.19300000,1.19300000,1.19300000,1.19300000,1162.67000000,2026-05-15 19:04:59,1387.06531000,33
2026-05-15 19:05:00,1.19400000,1.19400000,1.19400000,1.19400000,49.53000000,2026-05-15 19:09:59,59.13882000,3
2026-05-15 19:10:00,1.19400000,1.19400000,1.19400000,1.19400000,84.63000000,2026-05-15 19:14:59,101.04822000,4
2026-05-15 19:15:00,1.19300000,1.19300000,1.19300000,1.19300000,475.85000000,2026-05-15 19:19:59,567.68905000,13
2026-05-15 19:20:00,1.19300000,1.19300000,1.19300000,1.19300000,63.14000000,2026-05-15 19:24:59,75.32602000,4
2026-05-15 19:25:00,1.19300000,1.19300000,1.19100000,1.19200000,2607.48000000,2026-05-15 19:29:59,3108.95535000,37
2026-05-15 19:30:00,1.19300000,1.19300000,1.19100000,1.19100000,703.28000000,2026-05-15 19:34:59,838.88728000,23
2026-05-15 19:35:00,1.19100000,1.19300000,1.19100000,1.19200000,404.84000000,2026-05-15 19:39:59,482.54206000,16
2026-05-15 19:40:00,1.19200000,1.19500000,1.19200000,1.19400000,1179.03000000,2026-05-15 19:44:59,1407.59743000,27
2026-05-15 19:45:00,1.19300000,1.19600000,1.19300000,1.19500000,1968.82000000,2026-05-15 19:49:59,2352.13309000,40
2026-05-15 19:50:00,1.19500000,1.19500000,1.19300000,1.19300000,198.73000000,2026-05-15 19:54:59,237.36216000,16
2026-05-15 19:55:00,1.19400000,1.19400000,1.19400000,1.19400000,226.49000000,2026-05-15 19:59:59,270.42906000,12
2026-05-15 20:00:00,1.19500000,1.19600000,1.19400000,1.19600000,834.21000000,2026-05-15 20:04:59,996.86378000,20
2026-05-15 20:05:00,1.19500000,1.19500000,1.19500000,1.19500000,61.02000000,2026-05-15 20:09:59,72.91890000,10
2026-05-15 20:10:00,1.19500000,1.19600000,1.19500000,1.19500000,2139.97000000,2026-05-15 20:14:59,2559.28965000,34
2026-05-15 20:15:00,1.19500000,1.19600000,1.19500000,1.19500000,1989.94000000,2026-05-15 20:19:59,2378.75283000,30
2026-05-15 20:20:00,1.19600000,1.19600000,1.19400000,1.19600000,1464.86000000,2026-05-15 20:24:59,1751.27985000,32
2026-05-15 20:25:00,1.19600000,1.19600000,1.19600000,1.19600000,1180.28000000,2026-05-15 20:29:59,1411.61488000,20
2026-05-15 20:30:00,1.19700000,1.19700000,1.19600000,1.19600000,440.60000000,2026-05-15 20:34:59,527.39029000,10
2026-05-15 20:35:00,1.19500000,1.19600000,1.19500000,1.19600000,486.84000000,2026-05-15 20:39:59,581.93253000,11
2026-05-15 20:40:00,1.19600000,1.19800000,1.19600000,1.19800000,1990.87000000,2026-05-15 20:44:59,2383.63294000,44
2026-05-15 20:45:00,1.19800000,1.19800000,1.19600000,1.19600000,821.01000000,2026-05-15 20:49:59,983.06237000,22
2026-05-15 20:50:00,1.19700000,1.19700000,1.19600000,1.19700000,553.52000000,2026-05-15 20:54:59,662.54934000,16
2026-05-15 20:55:00,1.19700000,1.19800000,1.19600000,1.19700000,579.45000000,2026-05-15 20:59:59,693.59915000,16
2026-05-15 21:00:00,1.19700000,1.19700000,1.19300000,1.19600000,7913.69000000,2026-05-15 21:04:59,9460.47380000,97
2026-05-15 21:05:00,1.19600000,1.20200000,1.19600000,1.20000000,3701.38000000,2026-05-15 21:09:59,4441.00993000,86
2026-05-15 21:10:00,1.19900000,1.20000000,1.19900000,1.19900000,1533.96000000,2026-05-15 21:14:59,1840.46589000,32
2026-05-15 21:15:00,1.19900000,1.20000000,1.19900000,1.20000000,1161.50000000,2026-05-15 21:19:59,1393.74887000,37
2026-05-15 21:20:00,1.20000000,1.20100000,1.20000000,1.20000000,2970.89000000,2026-05-15 21:24:59,3567.48788000,51
2026-05-15 21:25:00,1.20000000,1.20200000,1.20000000,1.20000000,538.88000000,2026-05-15 21:29:59,647.32290000,21
2026-05-15 21:30:00,1.20000000,1.20200000,1.20000000,1.20000000,2682.69000000,2026-05-15 21:34:59,3219.88537000,28
2026-05-15 21:35:00,1.20000000,1.20300000,1.20000000,1.20200000,1187.02000000,2026-05-15 21:39:59,1426.59638000,31
2026-05-15 21:40:00,1.20200000,1.20300000,1.20100000,1.20100000,1609.75000000,2026-05-15 21:44:59,1934.96395000,37
2026-05-15 21:45:00,1.20200000,1.20200000,1.20000000,1.20000000,171.05000000,2026-05-15 21:49:59,205.43113000,16
2026-05-15 21:50:00,1.20000000,1.20100000,1.20000000,1.20000000,597.70000000,2026-05-15 21:54:59,717.78994000,19
2026-05-15 21:55:00,1.20000000,1.20200000,1.20000000,1.20200000,1469.88000000,2026-05-15 21:59:59,1765.58032000,32
2026-05-15 22:00:00,1.20200000,1.20500000,1.20100000,1.20300000,7940.32000000,2026-05-15 22:04:59,9550.18964000,87
2026-05-15 22:05:00,1.20300000,1.20600000,1.20300000,1.20300000,1907.94000000,2026-05-15 22:09:59,2298.16577000,38
2026-05-15 22:10:00,1.20300000,1.20400000,1.20200000,1.20200000,1348.41000000,2026-05-15 22:14:59,1622.09746000,33
2026-05-15 22:15:00,1.20200000,1.20400000,1.20200000,1.20400000,1910.34000000,2026-05-15 22:19:59,2296.81690000,37
2026-05-15 22:20:00,1.20400000,1.20500000,1.20400000,1.20400000,485.48000000,2026-05-15 22:24:59,584.56763000,19
2026-05-15 22:25:00,1.20300000,1.20300000,1.20200000,1.20300000,821.48000000,2026-05-15 22:29:59,988.19417000,23
2026-05-15 22:30:00,1.20300000,1.20400000,1.20300000,1.20300000,852.60000000,2026-05-15 22:34:59,1025.78940000,25
2026-05-15 22:35:00,1.20300000,1.20300000,1.20200000,1.20200000,1242.05000000,2026-05-15 22:39:59,1493.30698000,15
2026-05-15 22:40:00,1.20300000,1.20300000,1.20000000,1.20100000,8343.74000000,2026-05-15 22:44:59,10022.85038000,73
2026-05-15 22:45:00,1.20000000,1.20100000,1.19800000,1.19900000,9774.84000000,2026-05-15 22:49:59,11726.66370000,66
2026-05-15 22:50:00,1.19900000,1.20100000,1.19900000,1.20100000,377.26000000,2026-05-15 22:54:59,453.07438000,7
2026-05-15 22:55:00,1.20000000,1.20300000,1.19900000,1.20100000,4661.40000000,2026-05-15 22:59:59,5599.80960000,37
2026-05-15 23:00:00,1.20100000,1.20200000,1.20100000,1.20200000,2073.55000000,2026-05-15 23:04:59,2491.33904000,29
2026-05-15 23:05:00,1.20100000,1.20300000,1.20000000,1.20300000,7164.47000000,2026-05-15 23:09:59,8613.08173000,53
2026-05-15 23:10:00,1.20200000,1.20200000,1.20100000,1.20100000,1257.42000000,2026-05-15 23:14:59,1511.15122000,14
2026-05-15 23:15:00,1.20200000,1.20300000,1.20100000,1.20200000,1757.05000000,2026-05-15 23:19:59,2112.08949000,22
2026-05-15 23:20:00,1.20200000,1.20200000,1.20000000,1.20000000,2514.94000000,2026-05-15 23:24:59,3019.87566000,33
2026-05-15 23:25:00,1.20100000,1.20100000,1.19900000,1.19900000,7483.54000000,2026-05-15 23:29:59,8985.85202000,61
2026-05-15 23:30:00,1.19900000,1.19900000,1.19700000,1.19700000,10268.42000000,2026-05-15 23:34:59,12301.45643000,88
2026-05-15 23:35:00,1.19800000,1.19900000,1.19800000,1.19800000,1462.05000000,2026-05-15 23:39:59,1752.08490000,13
2026-05-15 23:40:00,1.19900000,1.20200000,1.19900000,1.20200000,3153.04000000,2026-05-15 23:44:59,3786.59088000,32
2026-05-15 23:45:00,1.20200000,1.20300000,1.20100000,1.20100000,6611.92000000,2026-05-15 23:49:59,7948.03808000,68
2026-05-15 23:50:00,1.20200000,1.20200000,1.20100000,1.20200000,614.35000000,2026-05-15 23:54:59,738.28990000,9
2026-05-15 23:55:00,1.20200000,1.20500000,1.20200000,1.20500000,1833.05000000,2026-05-15 23:59:59,2206.93454000,26
2026-05-16 00:00:00,1.20600000,1.20600000,1.20500000,1.20500000,1226.90000000,2026-05-16 00:04:59,1478.71450000,11
2026-05-16 00:05:00,1.20600000,1.20600000,1.20500000,1.20600000,2877.58000000,2026-05-16 00:09:59,3468.25826000,27
2026-05-16 00:10:00,1.20600000,1.20600000,1.20400000,1.20500000,4959.52000000,2026-05-16 00:14:59,5975.90182000,43
2026-05-16 00:15:00,1.20400000,1.20600000,1.20300000,1.20600000,4117.88000000,2026-05-16 00:19:59,4959.20697000,51
2026-05-16 00:20:00,1.20600000,1.21000000,1.20600000,1.20900000,2232.60000000,2026-05-16 00:24:59,2697.96053000,32
2026-05-16 00:25:00,1.20900000,1.20900000,1.20800000,1.20800000,594.16000000,2026-05-16 00:29:59,718.07320000,8
2026-05-16 00:30:00,1.20700000,1.20800000,1.20700000,1.20800000,680.36000000,2026-05-16 00:34:59,821.21171000,11
2026-05-16 00:35:00,1.20800000,1.20900000,1.20700000,1.20700000,1540.23000000,2026-05-16 00:39:59,1859.56122000,17
2026-05-16 00:40:00,1.20600000,1.20700000,1.20600000,1.20600000,2670.97000000,2026-05-16 00:44:59,3221.29551000,20
2026-05-16 00:45:00,1.20600000,1.20600000,1.20600000,1.20600000,311.20000000,2026-05-16 00:49:59,375.30720000,5
2026-05-16 00:50:00,1.20500000,1.20500000,1.20500000,1.20500000,746.13000000,2026-05-16 00:54:59,899.08665000,16
2026-05-16 00:55:00,1.20600000,1.20600000,1.20600000,1.20600000,229.74000000,2026-05-16 00:59:59,277.06644000,7
2026-05-16 01:00:00,1.20600000,1.20600000,1.20100000,1.20300000,2054.83000000,2026-05-16 01:04:59,2472.69334000,35
2026-05-16 01:05:00,1.20200000,1.20300000,1.20100000,1.20300000,935.56000000,2026-05-16 01:09:59,1125.29477000,28
2026-05-16 01:10:00,1.20300000,1.20400000,1.20200000,1.20300000,3859.65000000,2026-05-16 01:14:59,4642.27475000,65
2026-05-16 01:15:00,1.20200000,1.20500000,1.20200000,1.20400000,358.10000000,2026-05-16 01:19:59,431.07374000,21
2026-05-16 01:20:00,1.20400000,1.20400000,1.20200000,1.20200000,1180.02000000,2026-05-16 01:24:59,1420.15156000,14
2026-05-16 01:25:00,1.20100000,1.20100000,1.19900000,1.19900000,346.85000000,2026-05-16 01:29:59,416.12293000,11
2026-05-16 01:30:00,1.19800000,1.19800000,1.19100000,1.19100000,8343.92000000,2026-05-16 01:34:59,9952.22931000,100
2026-05-16 01:35:00,1.19100000,1.19400000,1.19100000,1.19400000,774.22000000,2026-05-16 01:39:59,924.22162000,32
2026-05-16 01:40:00,1.19400000,1.19700000,1.18900000,1.19700000,17596.94000000,2026-05-16 01:44:59,20970.64419000,176
2026-05-16 01:45:00,1.19600000,1.19700000,1.19500000,1.19600000,1300.94000000,2026-05-16 01:49:59,1555.97439000,24
2026-05-16 01:50:00,1.19600000,1.19600000,1.19300000,1.19400000,1278.79000000,2026-05-16 01:54:59,1526.05866000,36
2026-05-16 01:55:00,1.19400000,1.19500000,1.19400000,1.19500000,500.94000000,2026-05-16 01:59:59,598.23759000,15
2026-05-16 02:00:00,1.19600000,1.19600000,1.19100000,1.19500000,2542.08000000,2026-05-16 02:04:59,3035.25139000,41
2026-05-16 02:05:00,1.19500000,1.19600000,1.19400000,1.19600000,160.71000000,2026-05-16 02:09:59,192.04450000,6
2026-05-16 02:10:00,1.19600000,1.19600000,1.19600000,1.19600000,298.50000000,2026-05-16 02:14:59,357.00600000,3
2026-05-16 02:15:00,1.19500000,1.19500000,1.19400000,1.19500000,152.15000000,2026-05-16 02:19:59,181.79425000,6
2026-05-16 02:20:00,1.19600000,1.19600000,1.19500000,1.19600000,939.07000000,2026-05-16 02:24:59,1123.10772000,21
2026-05-16 02:25:00,1.19700000,1.19800000,1.19700000,1.19800000,2319.08000000,2026-05-16 02:29:59,2778.06434000,14
2026-05-16 02:30:00,1.19900000,1.19900000,1.19800000,1.19800000,1260.46000000,2026-05-16 02:34:59,1510.91577000,30
2026-05-16 02:35:00,1.19800000,1.20000000,1.19700000,1.19900000,6361.62000000,2026-05-16 02:39:59,7624.42309000,68
2026-05-16 02:40:00,1.19900000,1.19900000,1.19700000,1.19800000,4716.91000000,2026-05-16 02:44:59,5650.48926000,44
2026-05-16 02:45:00,1.19800000,1.19800000,1.19600000,1.19600000,1297.35000000,2026-05-16 02:49:59,1553.88237000,15
2026-05-16 02:50:00,1.19700000,1.19700000,1.19600000,1.19600000,320.67000000,2026-05-16 02:54:59,383.82945000,5
2026-05-16 02:55:00,1.19700000,1.19700000,1.19400000,1.19400000,390.31000000,2026-05-16 02:59:59,466.60569000,12
2026-05-16 03:00:00,1.19500000,1.19500000,1.19400000,1.19400000,240.75000000,2026-05-16 03:04:59,287.62092000,7
2026-05-16 03:05:00,1.19400000,1.19400000,1.19100000,1.19100000,591.65000000,2026-05-16 03:09:59,705.82066000,19
2026-05-16 03:10:00,1.19100000,1.19100000,1.18800000,1.18900000,2905.83000000,2026-05-16 03:14:59,3455.92583000,54
2026-05-16 03:15:00,1.19000000,1.19100000,1.18900000,1.19100000,2828.01000000,2026-05-16 03:19:59,3365.37485000,37
2026-05-16 03:20:00,1.19100000,1.19100000,1.18800000,1.18800000,12508.79000000,2026-05-16 03:24:59,14889.32715000,103
2026-05-16 03:25:00,1.18900000,1.19000000,1.18500000,1.18700000,40919.12000000,2026-05-16 03:29:59,48532.46609000,121
2026-05-16 03:30:00,1.18800000,1.18900000,1.18800000,1.18900000,1093.69000000,2026-05-16 03:34:59,1299.53246000,10
2026-05-16 03:35:00,1.18900000,1.18900000,1.18600000,1.18600000,1208.25000000,2026-05-16 03:39:59,1434.46534000,19
2026-05-16 03:40:00,1.18500000,1.18600000,1.18300000,1.18500000,3390.50000000,2026-05-16 03:44:59,4016.82814000,57
2026-05-16 03:45:00,1.18600000,1.18700000,1.18200000,1.18200000,2387.56000000,2026-05-16 03:49:59,2826.93398000,34
2026-05-16 03:50:00,1.18100000,1.18500000,1.17900000,1.18500000,4631.40000000,2026-05-16 03:54:59,5465.05807000,68
2026-05-16 03:55:00,1.18600000,1.18600000,1.18500000,1.18500000,4314.54000000,2026-05-16 03:59:59,5114.68348000,22
2026-05-16 04:00:00,1.18400000,1.18400000,1.18100000,1.18200000,1707.04000000,2026-05-16 04:04:59,2017.91964000,41
2026-05-16 04:05:00,1.18200000,1.18200000,1.18000000,1.18000000,969.94000000,2026-05-16 04:09:59,1145.25037000,18
2026-05-16 04:10:00,1.17900000,1.17900000,1.15900000,1.16000000,60858.48000000,2026-05-16 04:14:59,70986.00656000,522
2026-05-16 04:15:00,1.16100000,1.16200000,1.14400000,1.15800000,109858.40000000,2026-05-16 04:19:59,126492.55964000,962
2026-05-16 04:20:00,1.15800000,1.16100000,1.15600000,1.16100000,7108.31000000,2026-05-16 04:24:59,8239.79271000,73
2026-05-16 04:25:00,1.16200000,1.16500000,1.16200000,1.16200000,3999.71000000,2026-05-16 04:29:59,4650.65167000,46
2026-05-16 04:30:00,1.16100000,1.16700000,1.16100000,1.16600000,7259.13000000,2026-05-16 04:34:59,8438.30492000,63
2026-05-16 04:35:00,1.16600000,1.16900000,1.16500000,1.16600000,17919.56000000,2026-05-16 04:39:59,20921.03077000,91
2026-05-16 04:40:00,1.16600000,1.16900000,1.16600000,1.16900000,1542.99000000,2026-05-16 04:44:59,1801.38639000,24
2026-05-16 04:45:00,1.16900000,1.16900000,1.16500000,1.16600000,2484.81000000,2026-05-16 04:49:59,2899.70296000,24
2026-05-16 04:50:00,1.16600000,1.16600000,1.16400000,1.16500000,2472.35000000,2026-05-16 04:54:59,2880.15047000,27
2026-05-16 04:55:00,1.16400000,1.16600000,1.16400000,1.16500000,972.60000000,2026-05-16 04:59:59,1132.44863000,11
2026-05-16 05:00:00,1.16500000,1.16800000,1.16500000,1.16700000,3175.07000000,2026-05-16 05:04:59,3704.18994000,43
2026-05-16 05:05:00,1.16600000,1.16900000,1.16500000,1.16900000,1513.57000000,2026-05-16 05:09:59,1767.32759000,22
2026-05-16 05:10:00,1.16800000,1.16900000,1.16800000,1.16800000,683.68000000,2026-05-16 05:14:59,798.58382000,8
2026-05-16 05:15:00,1.16900000,1.17000000,1.16800000,1.16900000,4141.57000000,2026-05-16 05:19:59,4842.28915000,28
2026-05-16 05:20:00,1.16800000,1.16800000,1.16700000,1.16800000,251.44000000,2026-05-16 05:24:59,293.67051000,6
2026-05-16 05:25:00,1.16900000,1.16900000,1.16700000,1.16700000,820.11000000,2026-05-16 05:29:59,958.34226000,20
2026-05-16 05:30:00,1.16800000,1.17000000,1.16800000,1.16800000,1087.30000000,2026-05-16 05:34:59,1271.01128000,19
2026-05-16 05:35:00,1.16700000,1.17000000,1.16700000,1.16900000,2681.05000000,2026-05-16 05:39:59,3133.18747000,30
2026-05-16 05:40:00,1.17000000,1.17000000,1.16900000,1.16900000,2437.56000000,2026-05-16 05:44:59,2850.60564000,39
2026-05-16 05:45:00,1.16900000,1.17000000,1.16900000,1.16900000,844.70000000,2026-05-16 05:49:59,987.61276000,10
2026-05-16 05:50:00,1.17000000,1.17000000,1.16900000,1.17000000,521.63000000,2026-05-16 05:54:59,610.22156000,19
2026-05-16 05:55:00,1.17100000,1.17100000,1.16900000,1.16900000,148.08000000,2026-05-16 05:59:59,173.25367000,7
2026-05-16 06:00:00,1.16900000,1.17100000,1.16900000,1.17100000,5422.08000000,2026-05-16 06:04:59,6342.94521000,42
2026-05-16 06:05:00,1.17200000,1.17300000,1.17100000,1.17100000,1632.45000000,2026-05-16 06:09:59,1913.75278000,30
2026-05-16 06:10:00,1.17200000,1.17200000,1.16500000,1.16500000,6247.80000000,2026-05-16 06:14:59,7295.33663000,80
2026-05-16 06:15:00,1.16500000,1.16500000,1.15700000,1.15800000,25611.63000000,2026-05-16 06:19:59,29701.64426000,273
2026-05-16 06:20:00,1.15700000,1.16000000,1.15300000,1.15700000,7278.50000000,2026-05-16 06:24:59,8418.40662000,112
2026-05-16 06:25:00,1.15700000,1.15700000,1.15400000,1.15500000,8067.24000000,2026-05-16 06:29:59,9319.99663000,127
2026-05-16 06:30:00,1.15500000,1.16200000,1.15500000,1.16200000,10282.16000000,2026-05-16 06:34:59,11904.42367000,161
2026-05-16 06:35:00,1.16200000,1.16300000,1.16000000,1.16100000,9628.72000000,2026-05-16 06:39:59,11179.37776000,91
2026-05-16 06:40:00,1.16200000,1.16200000,1.16000000,1.16000000,5695.03000000,2026-05-16 06:44:59,6611.98782000,68
2026-05-16 06:45:00,1.16000000,1.16000000,1.15600000,1.15600000,3315.75000000,2026-05-16 06:49:59,3842.17888000,54
2026-05-16 06:50:00,1.15700000,1.15900000,1.15600000,1.15900000,1636.98000000,2026-05-16 06:54:59,1895.94853000,20
2026-05-16 06:55:00,1.15900000,1.15900000,1.15600000,1.15600000,4967.26000000,2026-05-16 06:59:59,5748.85216000,93
2026-05-16 07:00:00,1.15500000,1.15700000,1.15100000,1.15400000,7068.93000000,2026-05-16 07:04:59,8153.91536000,69
2026-05-16 07:05:00,1.15300000,1.15300000,1.14800000,1.14900000,15493.60000000,2026-05-16 07:09:59,17831.60303000,129
2026-05-16 07:10:00,1.14800000,1.15200000,1.14700000,1.15200000,5751.04000000,2026-05-16 07:14:59,6608.34129000,66
2026-05-16 07:15:00,1.15300000,1.15300000,1.15000000,1.15100000,8784.64000000,2026-05-16 07:19:59,10113.05852000,70
2026-05-16 07:20:00,1.15100000,1.15200000,1.15000000,1.15200000,702.46000000,2026-05-16 07:24:59,808.88355000,17
2026-05-16 07:25:00,1.15100000,1.15300000,1.15100000,1.15300000,7369.43000000,2026-05-16 07:29:59,8494.80645000,55
2026-05-16 07:30:00,1.15300000,1.15500000,1.14600000,1.15200000,136298.61000000,2026-05-16 07:34:59,156648.49001000,387
2026-05-16 07:35:00,1.15200000,1.15300000,1.15000000,1.15000000,10380.38000000,2026-05-16 07:39:59,11949.91858000,49
2026-05-16 07:40:00,1.15000000,1.15100000,1.15000000,1.15100000,8919.76000000,2026-05-16 07:44:59,10261.47819000,38
2026-05-16 07:45:00,1.15100000,1.15200000,1.15100000,1.15200000,955.34000000,2026-05-16 07:49:59,1099.62207000,9
2026-05-16 07:50:00,1.15300000,1.15500000,1.15300000,1.15500000,5189.86000000,2026-05-16 07:54:59,5987.91506000,35
2026-05-16 07:55:00,1.15400000,1.15700000,1.15400000,1.15600000,2042.63000000,2026-05-16 07:59:59,2361.28632000,24
2026-05-16 08:00:00,1.15700000,1.16100000,1.15700000,1.16100000,5475.53000000,2026-05-16 08:04:59,6350.12926000,68
2026-05-16 08:05:00,1.16100000,1.16200000,1.16000000,1.16100000,1587.75000000,2026-05-16 08:09:59,1844.10323000,19
2026-05-16 08:10:00,1.16000000,1.16100000,1.15900000,1.16100000,594.12000000,2026-05-16 08:14:59,689.33195000,10
2026-05-16 08:15:00,1.16000000,1.16400000,1.16000000,1.16400000,1550.30000000,2026-05-16 08:19:59,1801.08924000,30
2026-05-16 08:20:00,1.16400000,1.16400000,1.16100000,1.16200000,2034.75000000,2026-05-16 08:24:59,2365.52866000,22
2026-05-16 08:25:00,1.16100000,1.16200000,1.16000000,1.16200000,6605.35000000,2026-05-16 08:29:59,7675.10901000,49
2026-05-16 08:30:00,1.16200000,1.16200000,1.16100000,1.16200000,106.97000000,2026-05-16 08:34:59,124.24292000,10
2026-05-16 08:35:00,1.16200000,1.16600000,1.16200000,1.16400000,8582.30000000,2026-05-16 08:39:59,9994.88885000,51
2026-05-16 08:40:00,1.16300000,1.16300000,1.16200000,1.16300000,1408.63000000,2026-05-16 08:44:59,1638.23239000,15
2026-05-16 08:45:00,1.16200000,1.16300000,1.16200000,1.16300000,808.40000000,2026-05-16 08:49:59,939.45415000,11
2026-05-16 08:50:00,1.16200000,1.16300000,1.16200000,1.16200000,1370.57000000,2026-05-16 08:54:59,1592.60669000,12
2026-05-16 08:55:00,1.16200000,1.16200000,1.16100000,1.16100000,3329.07000000,2026-05-16 08:59:59,3868.29342000,13
2026-05-16 09:00:00,1.16100000,1.16200000,1.16000000,1.16200000,3634.02000000,2026-05-16 09:04:59,4216.56853000,30
2026-05-16 09:05:00,1.16300000,1.16300000,1.16200000,1.16200000,614.41000000,2026-05-16 09:09:59,714.44254000,12
2026-05-16 09:10:00,1.16200000,1.16400000,1.16200000,1.16400000,706.71000000,2026-05-16 09:14:59,822.26816000,12
2026-05-16 09:15:00,1.16300000,1.16300000,1.16100000,1.16100000,2129.01000000,2026-05-16 09:19:59,2473.52154000,14
2026-05-16 09:20:00,1.16000000,1.16200000,1.15900000,1.16100000,7987.57000000,2026-05-16 09:24:59,9259.32234000,36
2026-05-16 09:25:00,1.16000000,1.16100000,1.16000000,1.16000000,1443.20000000,2026-05-16 09:29:59,1674.58511000,17
2026-05-16 09:30:00,1.16100000,1.16500000,1.16100000,1.16500000,4563.47000000,2026-05-16 09:34:59,5314.28962000,36
2026-05-16 09:35:00,1.16400000,1.16500000,1.16400000,1.16400000,900.54000000,2026-05-16 09:39:59,1048.23556000,8
2026-05-16 09:40:00,1.16500000,1.16500000,1.16400000,1.16500000,763.74000000,2026-05-16 09:44:59,889.73468000,11
2026-05-16 09:45:00,1.16400000,1.16500000,1.16400000,1.16400000,1571.89000000,2026-05-16 09:49:59,1830.77593000,20
2026-05-16 09:50:00,1.16500000,1.16600000,1.16400000,1.16400000,4761.46000000,2026-05-16 09:54:59,5547.67506000,38
2026-05-16 09:55:00,1.16500000,1.16500000,1.16400000,1.16400000,249.71000000,2026-05-16 09:59:59,290.74959000,4
2026-05-16 10:00:00,1.16500000,1.16500000,1.16200000,1.16300000,1182.58000000,2026-05-16 10:04:59,1375.17294000,16
2026-05-16 10:05:00,1.16400000,1.16500000,1.16300000,1.16500000,1073.20000000,2026-05-16 10:09:59,1249.25842000,17
2026-05-16 10:10:00,1.16500000,1.16600000,1.16400000,1.16500000,34282.88000000,2026-05-16 10:14:59,39962.63334000,71
2026-05-16 10:15:00,1.16500000,1.16800000,1.16500000,1.16800000,2376.83000000,2026-05-16 10:19:59,2771.65688000,31
2026-05-16 10:20:00,1.16900000,1.16900000,1.16600000,1.16700000,424.26000000,2026-05-16 10:24:59,494.73753000,14
2026-05-16 10:25:00,1.16700000,1.16800000,1.16700000,1.16700000,1321.72000000,2026-05-16 10:29:59,1542.46061000,16
2026-05-16 10:30:00,1.16800000,1.16800000,1.16700000,1.16700000,1202.35000000,2026-05-16 10:34:59,1403.31820000,15
2026-05-16 10:35:00,1.16700000,1.16700000,1.16500000,1.16600000,989.13000000,2026-05-16 10:39:59,1153.26611000,14
2026-05-16 10:40:00,1.16600000,1.16700000,1.16600000,1.16700000,31.10000000,2026-05-16 10:44:59,36.27581000,3
2026-05-16 10:45:00,1.16800000,1.16800000,1.16600000,1.16700000,166.75000000,2026-05-16 10:49:59,194.59353000,5
2026-05-16 10:50:00,1.16700000,1.16700000,1.16700000,1.16700000,11.17000000,2026-05-16 10:54:59,13.03539000,2
2026-05-16 10:55:00,1.16700000,1.16700000,1.16500000,1.16500000,1794.50000000,2026-05-16 10:59:59,2092.32660000,18
2026-05-16 11:00:00,1.16600000,1.16600000,1.16400000,1.16400000,434.61000000,2026-05-16 11:04:59,506.28873000,7
2026-05-16 11:05:00,1.16300000,1.16500000,1.16300000,1.16400000,2138.83000000,2026-05-16 11:09:59,2489.07864000,25
2026-05-16 11:10:00,1.16400000,1.16500000,1.16400000,1.16500000,772.35000000,2026-05-16 11:14:59,899.02830000,6
2026-05-16 11:15:00,1.16400000,1.16500000,1.16400000,1.16500000,868.68000000,2026-05-16 11:19:59,1011.52060000,15
2026-05-16 11:20:00,1.16500000,1.16500000,1.16500000,1.16500000,187.50000000,2026-05-16 11:24:59,218.43750000,5
2026-05-16 11:25:00,1.16600000,1.16700000,1.16600000,1.16700000,4308.20000000,2026-05-16 11:29:59,5025.23487000,38
2026-05-16 11:30:00,1.16700000,1.17100000,1.16700000,1.17100000,3576.00000000,2026-05-16 11:34:59,4183.06665000,35
2026-05-16 11:35:00,1.17100000,1.17100000,1.17100000,1.17100000,4072.44000000,2026-05-16 11:39:59,4768.82724000,12
2026-05-16 11:40:00,1.17100000,1.17400000,1.17100000,1.17400000,1366.86000000,2026-05-16 11:44:59,1602.23175000,23
2026-05-16 11:45:00,1.17500000,1.17900000,1.17300000,1.17400000,2186.15000000,2026-05-16 11:49:59,2568.49523000,42
2026-05-16 11:50:00,1.17300000,1.17300000,1.17100000,1.17100000,75.18000000,2026-05-16 11:54:59,88.16294000,4
2026-05-16 11:55:00,1.17200000,1.17200000,1.17200000,1.17200000,145.26000000,2026-05-16 11:59:59,170.24472000,1
2026-05-16 12:00:00,1.17300000,1.17700000,1.17300000,1.17700000,6190.06000000,2026-05-16 12:04:59,7279.62696000,61
2026-05-16 12:05:00,1.17600000,1.17600000,1.17300000,1.17300000,4404.43000000,2026-05-16 12:09:59,5171.34367000,44
2026-05-16 12:10:00,1.17300000,1.17300000,1.17300000,1.17300000,113.73000000,2026-05-16 12:14:59,133.40529000,2
2026-05-16 12:15:00,1.17400000,1.17400000,1.17300000,1.17300000,2195.85000000,2026-05-16 12:19:59,2577.41290000,17
2026-05-16 12:20:00,1.17300000,1.17400000,1.17300000,1.17400000,1045.14000000,2026-05-16 12:24:59,1226.98822000,8
2026-05-16 12:25:00,1.17500000,1.17600000,1.17500000,1.17600000,231.91000000,2026-05-16 12:29:59,272.60781000,13
2026-05-16 12:30:00,1.17600000,1.18100000,1.17600000,1.18100000,8018.30000000,2026-05-16 12:34:59,9452.22889000,60
2026-05-16 12:35:00,1.18000000,1.18000000,1.17900000,1.17900000,323.99000000,2026-05-16 12:39:59,382.25566000,6
2026-05-16 12:40:00,1.17900000,1.18000000,1.17700000,1.18000000,6202.70000000,2026-05-16 12:44:59,7306.00881000,29
2026-05-16 12:45:00,1.17900000,1.18000000,1.17900000,1.17900000,499.62000000,2026-05-16 12:49:59,589.24295000,5
2026-05-16 12:50:00,1.17900000,1.17900000,1.17800000,1.17800000,2475.13000000,2026-05-16 12:54:59,2915.95314000,15
2026-05-16 12:55:00,1.17700000,1.17800000,1.17700000,1.17700000,1439.97000000,2026-05-16 12:59:59,1694.89562000,9
2026-05-16 13:00:00,1.17600000,1.18100000,1.17600000,1.18100000,3817.48000000,2026-05-16 13:04:59,4504.36103000,44
2026-05-16 13:05:00,1.18100000,1.18100000,1.17900000,1.18000000,8558.52000000,2026-05-16 13:09:59,10099.26005000,41
2026-05-16 13:10:00,1.18000000,1.18000000,1.17800000,1.17800000,12656.74000000,2026-05-16 13:14:59,14922.37831000,50
2026-05-16 13:15:00,1.17800000,1.18100000,1.17800000,1.18100000,916.41000000,2026-05-16 13:19:59,1080.25352000,23
2026-05-16 13:20:00,1.18000000,1.18000000,1.17900000,1.18000000,406.14000000,2026-05-16 13:24:59,479.00076000,10
2026-05-16 13:25:00,1.18000000,1.18000000,1.17900000,1.17900000,3687.12000000,2026-05-16 13:29:59,4347.97358000,38
2026-05-16 13:30:00,1.17900000,1.17900000,1.17900000,1.17900000,1962.49000000,2026-05-16 13:34:59,2313.77571000,7
2026-05-16 13:35:00,1.17800000,1.17800000,1.17700000,1.17700000,731.27000000,2026-05-16 13:39:59,860.78736000,16
2026-05-16 13:40:00,1.17700000,1.17700000,1.17300000,1.17500000,4903.51000000,2026-05-16 13:44:59,5762.78259000,88
2026-05-16 13:45:00,1.17600000,1.17700000,1.17500000,1.17700000,1623.79000000,2026-05-16 13:49:59,1909.23839000,17
2026-05-16 13:50:00,1.17600000,1.17600000,1.17600000,1.17600000,22.45000000,2026-05-16 13:54:59,26.40120000,2
2026-05-16 13:55:00,1.17700000,1.17700000,1.17500000,1.17600000,66.92000000,2026-05-16 13:59:59,78.73882000,6
2026-05-16 14:00:00,1.17700000,1.17800000,1.17700000,1.17800000,351.51000000,2026-05-16 14:04:59,413.82794000,7
2026-05-16 14:05:00,1.17700000,1.17700000,1.17700000,1.17700000,1024.36000000,2026-05-16 14:09:59,1205.67172000,5
2026-05-16 14:10:00,1.17700000,1.17700000,1.17700000,1.17700000,8.08000000,2026-05-16 14:14:59,9.51016000,1
2026-05-16 14:15:00,1.17700000,1.17700000,1.17500000,1.17600000,618.63000000,2026-05-16 14:19:59,727.51271000,12
2026-05-16 14:20:00,1.17700000,1.17700000,1.17600000,1.17600000,617.36000000,2026-05-16 14:24:59,726.45032000,8
2026-05-16 14:25:00,1.17700000,1.17800000,1.17700000,1.17800000,2169.92000000,2026-05-16 14:29:59,2554.51537000,11
2026-05-16 14:30:00,1.17900000,1.18000000,1.17800000,1.17900000,7260.38000000,2026-05-16 14:34:59,8566.22357000,64
2026-05-16 14:35:00,1.18000000,1.18100000,1.17800000,1.18000000,17112.55000000,2026-05-16 14:39:59,20195.61287000,59
2026-05-16 14:40:00,1.18000000,1.18000000,1.18000000,1.18000000,74.46000000,2026-05-16 14:44:59,87.86280000,3
2026-05-16 14:45:00,1.18000000,1.18100000,1.18000000,1.18100000,850.80000000,2026-05-16 14:49:59,1004.26402000,9
2026-05-16 14:50:00,1.18200000,1.18200000,1.17800000,1.17800000,4799.13000000,2026-05-16 14:54:59,5660.70689000,35
2026-05-16 14:55:00,1.17900000,1.18000000,1.17900000,1.18000000,78.38000000,2026-05-16 14:59:59,92.43792000,3
2026-05-16 15:00:00,1.17900000,1.17900000,1.17800000,1.17800000,1728.64000000,2026-05-16 15:04:59,2038.06201000,10
2026-05-16 15:05:00,1.17800000,1.17800000,1.17800000,1.17800000,0.00000000,2026-05-16 15:09:59,0.00000000,0
2026-05-16 15:10:00,1.17800000,1.17800000,1.17700000,1.17700000,120.47000000,2026-05-16 15:14:59,141.89529000,4
2026-05-16 15:15:00,1.17800000,1.17800000,1.17700000,1.17700000,267.13000000,2026-05-16 15:19:59,314.49014000,3
2026-05-16 15:20:00,1.17700000,1.17700000,1.17600000,1.17700000,598.78000000,2026-05-16 15:24:59,704.62530000,10
2026-05-16 15:25:00,1.17700000,1.17800000,1.17700000,1.17800000,125.46000000,2026-05-16 15:29:59,147.69188000,2
2026-05-16 15:30:00,1.17800000,1.18100000,1.17800000,1.18000000,15155.02000000,2026-05-16 15:34:59,17888.93034000,47
2026-05-16 15:35:00,1.17900000,1.17900000,1.17800000,1.17800000,355.46000000,2026-05-16 15:39:59,418.82125000,8
2026-05-16 15:40:00,1.17800000,1.17900000,1.17800000,1.17900000,234.04000000,2026-05-16 15:44:59,275.71186000,6
2026-05-16 15:45:00,1.17700000,1.17700000,1.17700000,1.17700000,4.56000000,2026-05-16 15:49:59,5.36712000,1
2026-05-16 15:50:00,1.17700000,1.17800000,1.17600000,1.17600000,671.75000000,2026-05-16 15:54:59,790.87565000,12
2026-05-16 15:55:00,1.17700000,1.17700000,1.17600000,1.17600000,75.27000000,2026-05-16 15:59:59,88.58823000,4
2026-05-16 16:00:00,1.17600000,1.17700000,1.17500000,1.17700000,1153.07000000,2026-05-16 16:04:59,1355.41840000,19
2026-05-16 16:05:00,1.17700000,1.17700000,1.17600000,1.17600000,96.00000000,2026-05-16 16:09:59,112.98173000,2
2026-05-16 16:10:00,1.17600000,1.17700000,1.17500000,1.17700000,1117.85000000,2026-05-16 16:14:59,1315.04160000,15
2026-05-16 16:15:00,1.17600000,1.17900000,1.17600000,1.17800000,1548.61000000,2026-05-16 16:19:59,1824.04544000,19
2026-05-16 16:20:00,1.17700000,1.17700000,1.17600000,1.17600000,633.22000000,2026-05-16 16:24:59,744.67128000,7
2026-05-16 16:25:00,1.17600000,1.17900000,1.17600000,1.17900000,4514.02000000,2026-05-16 16:29:59,5315.41548000,35
2026-05-16 16:30:00,1.17700000,1.17700000,1.17700000,1.17700000,272.56000000,2026-05-16 16:34:59,320.80312000,4
2026-05-16 16:35:00,1.17800000,1.17800000,1.17700000,1.17700000,1139.46000000,2026-05-16 16:39:59,1341.36556000,11
2026-05-16 16:40:00,1.17600000,1.17700000,1.17600000,1.17700000,293.09000000,2026-05-16 16:44:59,344.95093000,3
2026-05-16 16:45:00,1.17800000,1.17800000,1.17800000,1.17800000,708.20000000,2026-05-16 16:49:59,834.25960000,11
2026-05-16 16:50:00,1.17800000,1.17800000,1.17600000,1.17600000,538.83000000,2026-05-16 16:54:59,634.13258000,5
2026-05-16 16:55:00,1.17600000,1.17600000,1.17600000,1.17600000,222.15000000,2026-05-16 16:59:59,261.24840000,2
2026-05-16 17:00:00,1.17700000,1.17700000,1.17600000,1.17700000,543.68000000,2026-05-16 17:04:59,639.90512000,12
2026-05-16 17:05:00,1.17700000,1.17800000,1.17700000,1.17700000,330.10000000,2026-05-16 17:09:59,388.76828000,6
2026-05-16 17:10:00,1.17700000,1.17800000,1.17700000,1.17800000,1052.11000000,2026-05-16 17:14:59,1239.12675000,16
2026-05-16 17:15:00,1.17800000,1.17800000,1.17700000,1.17700000,352.85000000,2026-05-16 17:19:59,415.38934000,7
2026-05-16 17:20:00,1.17700000,1.17800000,1.17700000,1.17800000,1532.21000000,2026-05-16 17:24:59,1804.47367000,14
2026-05-16 17:25:00,1.17700000,1.17700000,1.17600000,1.17600000,723.37000000,2026-05-16 17:29:59,850.99488000,10
2026-05-16 17:30:00,1.17500000,1.17500000,1.17200000,1.17300000,495.11000000,2026-05-16 17:34:59,580.97211000,14
2026-05-16 17:35:00,1.17400000,1.17400000,1.17400000,1.17400000,1155.99000000,2026-05-16 17:39:59,1357.13226000,9
2026-05-16 17:40:00,1.17300000,1.17300000,1.17300000,1.17300000,445.70000000,2026-05-16 17:44:59,522.80610000,4
2026-05-16 17:45:00,1.17400000,1.17400000,1.17400000,1.17400000,147.70000000,2026-05-16 17:49:59,173.39980000,3
2026-05-16 17:50:00,1.17400000,1.17400000,1.17400000,1.17400000,0.00000000,2026-05-16 17:54:59,0.00000000,0
2026-05-16 17:55:00,1.17500000,1.17500000,1.17500000,1.17500000,240.18000000,2026-05-16 17:59:59,282.21150000,5
2026-05-16 18:00:00,1.17500000,1.17500000,1.17500000,1.17500000,155.10000000,2026-05-16 18:04:59,182.24250000,4
2026-05-16 18:05:00,1.17600000,1.17600000,1.17600000,1.17600000,513.87000000,2026-05-16 18:09:59,604.31112000,13
2026-05-16 18:10:00,1.17600000,1.17800000,1.17600000,1.17800000,6472.14000000,2026-05-16 18:14:59,7618.18975000,49
2026-05-16 18:15:00,1.17800000,1.17800000,1.17700000,1.17700000,1047.77000000,2026-05-16 18:19:59,1233.95783000,11
2026-05-16 18:20:00,1.17800000,1.17900000,1.17700000,1.17700000,5925.05000000,2026-05-16 18:24:59,6974.48349000,29
2026-05-16 18:25:00,1.17700000,1.17800000,1.17700000,1.17700000,181.22000000,2026-05-16 18:29:59,213.30528000,4
2026-05-16 18:30:00,1.17700000,1.17700000,1.17700000,1.17700000,190.69000000,2026-05-16 18:34:59,224.44213000,3
2026-05-16 18:35:00,1.17600000,1.17700000,1.17600000,1.17600000,323.33000000,2026-05-16 18:39:59,380.32426000,5
2026-05-16 18:40:00,1.17700000,1.17700000,1.17500000,1.17600000,789.14000000,2026-05-16 18:44:59,928.20939000,17
2026-05-16 18:45:00,1.17600000,1.17600000,1.17600000,1.17600000,87.86000000,2026-05-16 18:49:59,103.32336000,1
2026-05-16 18:50:00,1.17500000,1.17700000,1.17500000,1.17700000,282.39000000,2026-05-16 18:54:59,332.12180000,7
2026-05-16 18:55:00,1.17700000,1.17700000,1.17600000,1.17600000,253.08000000,2026-05-16 18:59:59,297.76227000,6
2026-05-16 19:00:00,1.17500000,1.17500000,1.17300000,1.17400000,1022.74000000,2026-05-16 19:04:59,1200.41676000,26
2026-05-16 19:05:00,1.17300000,1.17300000,1.17200000,1.17200000,1651.22000000,2026-05-16 19:09:59,1935.89955000,24
2026-05-16 19:10:00,1.17100000,1.17100000,1.17000000,1.17100000,11598.69000000,2026-05-16 19:14:59,13571.68095000,65
2026-05-16 19:15:00,1.17200000,1.17200000,1.17100000,1.17100000,1058.21000000,2026-05-16 19:19:59,1240.05913000,13
2026-05-16 19:20:00,1.17200000,1.17300000,1.17200000,1.17300000,715.76000000,2026-05-16 19:24:59,839.45546000,10
2026-05-16 19:25:00,1.17100000,1.17100000,1.17100000,1.17100000,50.00000000,2026-05-16 19:29:59,58.55000000,1
2026-05-16 19:30:00,1.17200000,1.17200000,1.17100000,1.17100000,505.48000000,2026-05-16 19:34:59,592.39865000,9
2026-05-16 19:35:00,1.17100000,1.17100000,1.17000000,1.17000000,262.51000000,2026-05-16 19:39:59,307.14510000,4
2026-05-16 19:40:00,1.17000000,1.17000000,1.17000000,1.17000000,82.59000000,2026-05-16 19:44:59,96.63030000,2
2026-05-16 19:45:00,1.17000000,1.17000000,1.17000000,1.17000000,10400.03000000,2026-05-16 19:49:59,12168.03510000,12
2026-05-16 19:50:00,1.17000000,1.17000000,1.17000000,1.17000000,5.39000000,2026-05-16 19:54:59,6.30630000,1
2026-05-16 19:55:00,1.16900000,1.17000000,1.16800000,1.16800000,2669.26000000,2026-05-16 19:59:59,3119.69461000,22
2026-05-16 20:00:00,1.16800000,1.16900000,1.16800000,1.16800000,1351.17000000,2026-05-16 20:04:59,1578.17580000,13
2026-05-16 20:05:00,1.16800000,1.16800000,1.16800000,1.16800000,27.35000000,2026-05-16 20:09:59,31.94480000,2
2026-05-16 20:10:00,1.16800000,1.16900000,1.16800000,1.16900000,358.48000000,2026-05-16 20:14:59,418.71250000,4
2026-05-16 20:15:00,1.16900000,1.17000000,1.16900000,1.17000000,1054.50000000,2026-05-16 20:19:59,1232.79836000,5
2026-05-16 20:20:00,1.17100000,1.17100000,1.17000000,1.17000000,164.61000000,2026-05-16 20:24:59,192.60570000,4
2026-05-16 20:25:00,1.16900000,1.16900000,1.16900000,1.16900000,107.14000000,2026-05-16 20:29:59,125.24666000,2
2026-05-16 20:30:00,1.17000000,1.17000000,1.16900000,1.17000000,398.92000000,2026-05-16 20:34:59,466.67832000,5
2026-05-16 20:35:00,1.17000000,1.17000000,1.16900000,1.17000000,3850.32000000,2026-05-16 20:39:59,4504.73384000,10
2026-05-16 20:40:00,1.17000000,1.17100000,1.17000000,1.17100000,200.45000000,2026-05-16 20:44:59,234.68422000,4
2026-05-16 20:45:00,1.17200000,1.17300000,1.17200000,1.17200000,585.96000000,2026-05-16 20:49:59,686.75957000,6
2026-05-16 20:50:00,1.17100000,1.17100000,1.17000000,1.17000000,131.38000000,2026-05-16 20:54:59,153.83198000,2
2026-05-16 20:55:00,1.17100000,1.17100000,1.17100000,1.17100000,32.37000000,2026-05-16 20:59:59,37.90527000,4
2026-05-16 21:00:00,1.17000000,1.17200000,1.17000000,1.17100000,709.47000000,2026-05-16 21:04:59,831.11170000,12
2026-05-16 21:05:00,1.16900000,1.16900000,1.16900000,1.16900000,535.06000000,2026-05-16 21:09:59,625.48514000,11
2026-05-16 21:10:00,1.16900000,1.16900000,1.16800000,1.16900000,2101.11000000,2026-05-16 21:14:59,2455.87269000,24
2026-05-16 21:15:00,1.17000000,1.17000000,1.16800000,1.16800000,940.75000000,2026-05-16 21:19:59,1099.44818000,21
2026-05-16 21:20:00,1.16800000,1.17100000,1.16800000,1.17100000,1444.70000000,2026-05-16 21:24:59,1689.06193000,21
2026-05-16 21:25:00,1.17000000,1.17000000,1.16900000,1.17000000,1359.77000000,2026-05-16 21:29:59,1590.53034000,11
2026-05-16 21:30:00,1.16900000,1.16900000,1.16700000,1.16700000,2515.85000000,2026-05-16 21:34:59,2938.63656000,37
2026-05-16 21:35:00,1.16800000,1.16800000,1.16700000,1.16800000,2611.20000000,2026-05-16 21:39:59,3048.04248000,22
2026-05-16 21:40:00,1.16900000,1.16900000,1.16500000,1.16600000,1928.61000000,2026-05-16 21:44:59,2249.94614000,21
2026-05-16 21:45:00,1.16500000,1.16600000,1.16400000,1.16500000,2571.63000000,2026-05-16 21:49:59,2996.33803000,24
2026-05-16 21:50:00,1.16600000,1.16700000,1.16600000,1.16600000,654.47000000,2026-05-16 21:54:59,763.12490000,10
2026-05-16 21:55:00,1.16500000,1.16500000,1.16000000,1.16300000,11891.34000000,2026-05-16 21:59:59,13812.52214000,63
2026-05-16 22:00:00,1.16400000,1.16400000,1.16100000,1.16300000,3136.99000000,2026-05-16 22:04:59,3643.80079000,45
2026-05-16 22:05:00,1.16400000,1.16600000,1.16400000,1.16600000,1878.11000000,2026-05-16 22:09:59,2189.03923000,12
2026-05-16 22:10:00,1.16500000,1.16600000,1.16500000,1.16500000,832.14000000,2026-05-16 22:14:59,969.80627000,10
2026-05-16 22:15:00,1.16400000,1.16400000,1.16300000,1.16300000,296.33000000,2026-05-16 22:19:59,344.81944000,4
2026-05-16 22:20:00,1.16300000,1.16300000,1.16100000,1.16200000,3228.96000000,2026-05-16 22:24:59,3752.35014000,20
2026-05-16 22:25:00,1.16200000,1.16200000,1.16000000,1.16100000,3122.34000000,2026-05-16 22:29:59,3622.87887000,16
2026-05-16 22:30:00,1.16100000,1.16100000,1.15900000,1.16000000,5204.85000000,2026-05-16 22:34:59,6036.98374000,25
2026-05-16 22:35:00,1.16000000,1.16000000,1.15800000,1.16000000,1830.74000000,2026-05-16 22:39:59,2122.70488000,28
2026-05-16 22:40:00,1.16000000,1.16000000,1.15700000,1.15900000,2734.45000000,2026-05-16 22:44:59,3167.47619000,35
2026-05-16 22:45:00,1.16000000,1.16100000,1.16000000,1.16100000,518.66000000,2026-05-16 22:49:59,602.01884000,9
2026-05-16 22:50:00,1.16100000,1.16100000,1.16100000,1.16100000,27.46000000,2026-05-16 22:54:59,31.88106000,3
2026-05-16 22:55:00,1.16000000,1.16000000,1.15800000,1.15800000,488.98000000,2026-05-16 22:59:59,566.68196000,6
2026-05-16 23:00:00,1.15800000,1.15900000,1.15800000,1.15900000,762.44000000,2026-05-16 23:04:59,882.91901000,7
2026-05-16 23:05:00,1.15900000,1.15900000,1.15700000,1.15800000,1126.82000000,2026-05-16 23:09:59,1304.54924000,12
2026-05-16 23:10:00,1.15900000,1.16000000,1.15900000,1.16000000,1792.43000000,2026-05-16 23:14:59,2078.85742000,31
2026-05-16 23:15:00,1.16000000,1.16000000,1.15800000,1.15900000,711.36000000,2026-05-16 23:19:59,824.27521000,11
2026-05-16 23:20:00,1.16000000,1.16100000,1.15900000,1.15900000,972.35000000,2026-05-16 23:24:59,1128.08064000,10
2026-05-16 23:25:00,1.15900000,1.16000000,1.15900000,1.16000000,63.78000000,2026-05-16 23:29:59,73.94858000,2
2026-05-16 23:30:00,1.16000000,1.16000000,1.16000000,1.16000000,369.94000000,2026-05-16 23:34:59,429.13040000,4
2026-05-16 23:35:00,1.15900000,1.16000000,1.15900000,1.15900000,2327.22000000,2026-05-16 23:39:59,2697.30425000,23
2026-05-16 23:40:00,1.16000000,1.16100000,1.15900000,1.15900000,6511.55000000,2026-05-16 23:44:59,7559.25065000,32
2026-05-16 23:45:00,1.15800000,1.15900000,1.15800000,1.15900000,2971.29000000,2026-05-16 23:49:59,3442.90154000,17
2026-05-16 23:50:00,1.15800000,1.15800000,1.15700000,1.15800000,1015.43000000,2026-05-16 23:54:59,1175.65953000,10
2026-05-16 23:55:00,1.15900000,1.15900000,1.15900000,1.15900000,14.89000000,2026-05-16 23:59:59,17.25751000,3
2026-05-17 00:00:00,1.15900000,1.16200000,1.15900000,1.16200000,320.23000000,2026-05-17 00:04:59,372.05247000,8
2026-05-17 00:05:00,1.16100000,1.16100000,1.16100000,1.16100000,70.22000000,2026-05-17 00:09:59,81.52542000,1
2026-05-17 00:10:00,1.16100000,1.16100000,1.16000000,1.16100000,2007.20000000,2026-05-17 00:14:59,2329.45877000,12
2026-05-17 00:15:00,1.16200000,1.16200000,1.15800000,1.16000000,17074.23000000,2026-05-17 00:19:59,19789.12056000,62
2026-05-17 00:20:00,1.16000000,1.16100000,1.16000000,1.16100000,4706.33000000,2026-05-17 00:24:59,5460.79380000,27
2026-05-17 00:25:00,1.16100000,1.16100000,1.16000000,1.16100000,1839.82000000,2026-05-17 00:29:59,2135.81889000,12
2026-05-17 00:30:00,1.16400000,1.16600000,1.16300000,1.16600000,2151.43000000,2026-05-17 00:34:59,2505.32856000,15
2026-05-17 00:35:00,1.16500000,1.16500000,1.16500000,1.16500000,1160.19000000,2026-05-17 00:39:59,1351.62135000,9
2026-05-17 00:40:00,1.16500000,1.16500000,1.16500000,1.16500000,0.00000000,2026-05-17 00:44:59,0.00000000,0
2026-05-17 00:45:00,1.16600000,1.16600000,1.16600000,1.16600000,258.00000000,2026-05-17 00:49:59,300.82800000,7
2026-05-17 00:50:00,1.16800000,1.16800000,1.16600000,1.16600000,1591.39000000,2026-05-17 00:54:59,1858.42966000,15
2026-05-17 00:55:00,1.16600000,1.16700000,1.16600000,1.16700000,233.83000000,2026-05-17 00:59:59,272.74590000,4
2026-05-17 01:00:00,1.16700000,1.16800000,1.16600000,1.16800000,1410.75000000,2026-05-17 01:04:59,1646.77178000,21
2026-05-17 01:05:00,1.16800000,1.16800000,1.16700000,1.16800000,1035.06000000,2026-05-17 01:09:59,1208.71104000,8
2026-05-17 01:10:00,1.16800000,1.16900000,1.16800000,1.16900000,133.26000000,2026-05-17 01:14:59,155.77306000,2
2026-05-17 01:15:00,1.16900000,1.16900000,1.16900000,1.16900000,982.62000000,2026-05-17 01:19:59,1148.68278000,7
2026-05-17 01:20:00,1.16900000,1.17000000,1.16900000,1.17000000,1256.60000000,2026-05-17 01:24:59,1470.02483000,12
2026-05-17 01:25:00,1.16900000,1.17100000,1.16900000,1.17000000,1341.83000000,2026-05-17 01:29:59,1569.97775000,16
2026-05-17 01:30:00,1.16900000,1.16900000,1.16900000,1.16900000,259.78000000,2026-05-17 01:34:59,303.68282000,4
2026-05-17 01:35:00,1.16900000,1.17000000,1.16900000,1.17000000,353.58000000,2026-05-17 01:39:59,413.66066000,6
2026-05-17 01:40:00,1.17000000,1.17000000,1.17000000,1.17000000,395.41000000,2026-05-17 01:44:59,462.62970000,7
2026-05-17 01:45:00,1.17000000,1.17000000,1.16900000,1.16900000,423.51000000,2026-05-17 01:49:59,495.28344000,4
2026-05-17 01:50:00,1.16800000,1.16800000,1.16800000,1.16800000,195.87000000,2026-05-17 01:54:59,228.77616000,4
2026-05-17 01:55:00,1.16900000,1.16900000,1.16900000,1.16900000,150.41000000,2026-05-17 01:59:59,175.82929000,6
2026-05-17 02:00:00,1.17000000,1.17000000,1.16800000,1.16800000,153.63000000,2026-05-17 02:04:59,179.58597000,4
2026-05-17 02:05:00,1.16900000,1.17500000,1.16900000,1.17400000,2934.72000000,2026-05-17 02:09:59,3441.81027000,36
2026-05-17 02:10:00,1.17300000,1.17300000,1.17200000,1.17300000,1981.33000000,2026-05-17 02:14:59,2322.89390000,11
2026-05-17 02:15:00,1.17100000,1.17100000,1.16900000,1.16900000,2637.43000000,2026-05-17 02:19:59,3087.44150000,18
2026-05-17 02:20:00,1.16900000,1.16900000,1.16800000,1.16800000,164.36000000,2026-05-17 02:24:59,192.09229000,12
2026-05-17 02:25:00,1.16800000,1.16800000,1.16700000,1.16700000,139.55000000,2026-05-17 02:29:59,162.95938000,12
2026-05-17 02:30:00,1.16700000,1.16800000,1.16600000,1.16700000,1172.37000000,2026-05-17 02:34:59,1368.14192000,22
2026-05-17 02:35:00,1.16700000,1.16700000,1.16500000,1.16700000,1843.74000000,2026-05-17 02:39:59,2149.78789000,26
2026-05-17 02:40:00,1.16700000,1.16900000,1.16700000,1.16900000,660.45000000,2026-05-17 02:44:59,771.84263000,21
2026-05-17 02:45:00,1.16900000,1.17000000,1.16900000,1.17000000,599.40000000,2026-05-17 02:49:59,701.28416000,18
2026-05-17 02:50:00,1.17000000,1.17000000,1.16900000,1.16900000,388.02000000,2026-05-17 02:54:59,453.60877000,13
2026-05-17 02:55:00,1.16900000,1.17000000,1.16800000,1.16800000,1328.58000000,2026-05-17 02:59:59,1553.14462000,23
2026-05-17 03:00:00,1.16800000,1.16900000,1.16800000,1.16800000,254.88000000,2026-05-17 03:04:59,297.87476000,17
2026-05-17 03:05:00,1.16800000,1.17000000,1.16800000,1.17000000,126.43000000,2026-05-17 03:09:59,147.78030000,13
2026-05-17 03:10:00,1.17000000,1.17100000,1.17000000,1.17000000,345.68000000,2026-05-17 03:14:59,404.74260000,9
2026-05-17 03:15:00,1.17000000,1.17000000,1.16900000,1.16900000,272.35000000,2026-05-17 03:19:59,318.49659000,7
2026-05-17 03:20:00,1.16800000,1.16800000,1.16700000,1.16800000,1531.00000000,2026-05-17 03:24:59,1786.70289000,12
2026-05-17 03:25:00,1.16700000,1.16700000,1.16600000,1.16600000,5190.11000000,2026-05-17 03:29:59,6051.71928000,19
2026-05-17 03:30:00,1.16600000,1.16800000,1.16600000,1.16800000,827.69000000,2026-05-17 03:34:59,965.98478000,30
2026-05-17 03:35:00,1.16800000,1.16800000,1.16700000,1.16700000,419.83000000,2026-05-17 03:39:59,490.32364000,9
2026-05-17 03:40:00,1.16700000,1.16700000,1.16600000,1.16600000,1473.34000000,2026-05-17 03:44:59,1718.87881000,8
2026-05-17 03:45:00,1.16600000,1.16600000,1.16600000,1.16600000,42.44000000,2026-05-17 03:49:59,49.48504000,2
2026-05-17 03:50:00,1.16700000,1.16700000,1.16700000,1.16700000,216.26000000,2026-05-17 03:54:59,252.37542000,6
2026-05-17 03:55:00,1.16700000,1.16800000,1.16700000,1.16800000,226.20000000,2026-05-17 03:59:59,264.00135000,3
2026-05-17 04:00:00,1.16700000,1.16700000,1.16600000,1.16700000,489.52000000,2026-05-17 04:04:59,571.11984000,6
2026-05-17 04:05:00,1.16600000,1.16800000,1.16500000,1.16700000,1461.41000000,2026-05-17 04:09:59,1705.04047000,15
2026-05-17 04:10:00,1.16600000,1.16800000,1.16600000,1.16700000,859.41000000,2026-05-17 04:14:59,1003.64468000,11
2026-05-17 04:15:00,1.16600000,1.16700000,1.16600000,1.16700000,262.58000000,2026-05-17 04:19:59,306.39086000,18
2026-05-17 04:20:00,1.16700000,1.16900000,1.16700000,1.16900000,1601.44000000,2026-05-17 04:24:59,1871.98961000,13
2026-05-17 04:25:00,1.17000000,1.17000000,1.16800000,1.16900000,2928.59000000,2026-05-17 04:29:59,3423.60095000,14
2026-05-17 04:30:00,1.16800000,1.17200000,1.16800000,1.17000000,10068.43000000,2026-05-17 04:34:59,11761.97116000,73
2026-05-17 04:35:00,1.17000000,1.17000000,1.16900000,1.16900000,1493.75000000,2026-05-17 04:39:59,1747.46876000,16
2026-05-17 04:40:00,1.16900000,1.16900000,1.16900000,1.16900000,10.00000000,2026-05-17 04:44:59,11.69000000,1
2026-05-17 04:45:00,1.16900000,1.17000000,1.16900000,1.17000000,655.09000000,2026-05-17 04:49:59,766.17417000,11
2026-05-17 04:50:00,1.17000000,1.17100000,1.17000000,1.17100000,2131.35000000,2026-05-17 04:54:59,2495.80085000,9
2026-05-17 04:55:00,1.17100000,1.17100000,1.17100000,1.17100000,5890.36000000,2026-05-17 04:59:59,6897.61156000,39
2026-05-17 05:00:00,1.17100000,1.17100000,1.16900000,1.16900000,4678.21000000,2026-05-17 05:04:59,5475.69307000,22
2026-05-17 05:05:00,1.17000000,1.17000000,1.17000000,1.17000000,744.16000000,2026-05-17 05:09:59,870.66720000,19
2026-05-17 05:10:00,1.17000000,1.17000000,1.17000000,1.17000000,152.66000000,2026-05-17 05:14:59,178.61220000,2
2026-05-17 05:15:00,1.17000000,1.17000000,1.16800000,1.16800000,2526.01000000,2026-05-17 05:19:59,2952.75848000,19
2026-05-17 05:20:00,1.16800000,1.16800000,1.16800000,1.16800000,971.17000000,2026-05-17 05:24:59,1134.32656000,19
2026-05-17 05:25:00,1.16800000,1.16900000,1.16800000,1.16900000,810.90000000,2026-05-17 05:29:59,947.92342000,7
2026-05-17 05:30:00,1.16800000,1.16900000,1.16800000,1.16800000,816.07000000,2026-05-17 05:34:59,953.82347000,13
2026-05-17 05:35:00,1.16900000,1.17000000,1.16900000,1.16900000,523.97000000,2026-05-17 05:39:59,612.54093000,8
2026-05-17 05:40:00,1.16800000,1.16800000,1.16800000,1.16800000,249.29000000,2026-05-17 05:44:59,291.17072000,5
2026-05-17 05:45:00,1.16800000,1.16800000,1.16800000,1.16800000,4.28000000,2026-05-17 05:49:59,4.99904000,1
2026-05-17 05:50:00,1.16800000,1.16900000,1.16600000,1.16900000,1053.93000000,2026-05-17 05:54:59,1230.14500000,12
2026-05-17 05:55:00,1.16800000,1.16800000,1.16800000,1.16800000,539.96000000,2026-05-17 05:59:59,630.67328000,6
2026-05-17 06:00:00,1.16700000,1.16700000,1.16700000,1.16700000,582.92000000,2026-05-17 06:04:59,680.26764000,20
2026-05-17 06:05:00,1.16700000,1.16800000,1.16700000,1.16800000,17.45000000,2026-05-17 06:09:59,20.37160000,2
2026-05-17 06:10:00,1.16900000,1.16900000,1.16800000,1.16800000,751.32000000,2026-05-17 06:14:59,878.18427000,10
2026-05-17 06:15:00,1.16900000,1.17000000,1.16900000,1.17000000,146.13000000,2026-05-17 06:19:59,170.93324000,3
2026-05-17 06:20:00,1.17000000,1.17000000,1.17000000,1.17000000,2470.79000000,2026-05-17 06:24:59,2890.82430000,6
2026-05-17 06:25:00,1.17000000,1.17000000,1.17000000,1.17000000,130.09000000,2026-05-17 06:29:59,152.20530000,4
2026-05-17 06:30:00,1.16900000,1.16900000,1.16800000,1.16800000,241.84000000,2026-05-17 06:34:59,282.56166000,6
2026-05-17 06:35:00,1.16900000,1.16900000,1.16800000,1.16900000,659.05000000,2026-05-17 06:39:59,770.14305000,11
2026-05-17 06:40:00,1.16900000,1.16900000,1.16900000,1.16900000,604.27000000,2026-05-17 06:44:59,706.39163000,4
2026-05-17 06:45:00,1.16900000,1.16900000,1.16900000,1.16900000,206.93000000,2026-05-17 06:49:59,241.90117000,2
2026-05-17 06:50:00,1.17000000,1.17100000,1.17000000,1.17100000,351.95000000,2026-05-17 06:54:59,411.94528000,9
2026-05-17 06:55:00,1.17200000,1.17200000,1.17100000,1.17100000,345.64000000,2026-05-17 06:59:59,404.81352000,8
2026-05-17 07:00:00,1.17100000,1.17300000,1.17100000,1.17300000,2150.85000000,2026-05-17 07:04:59,2520.11496000,17
2026-05-17 07:05:00,1.17300000,1.17300000,1.17200000,1.17300000,2594.32000000,2026-05-17 07:09:59,3042.23401000,25
2026-05-17 07:10:00,1.17300000,1.17500000,1.17200000,1.17300000,1181.53000000,2026-05-17 07:14:59,1386.39443000,14
2026-05-17 07:15:00,1.17300000,1.17300000,1.17200000,1.17200000,488.80000000,2026-05-17 07:19:59,573.27708000,6
2026-05-17 07:20:00,1.17300000,1.17300000,1.17300000,1.17300000,1298.69000000,2026-05-17 07:24:59,1523.36337000,6
2026-05-17 07:25:00,1.17300000,1.17300000,1.17300000,1.17300000,378.25000000,2026-05-17 07:29:59,443.68725000,19
2026-05-17 07:30:00,1.17300000,1.17300000,1.17100000,1.17100000,160.71000000,2026-05-17 07:34:59,188.38861000,4
2026-05-17 07:35:00,1.17100000,1.17200000,1.17100000,1.17200000,1486.24000000,2026-05-17 07:39:59,1741.78788000,20
2026-05-17 07:40:00,1.17000000,1.17000000,1.17000000,1.17000000,2184.37000000,2026-05-17 07:44:59,2555.71290000,18
2026-05-17 07:45:00,1.17000000,1.17000000,1.16900000,1.16900000,732.05000000,2026-05-17 07:49:59,856.14686000,13
2026-05-17 07:50:00,1.16900000,1.17000000,1.16800000,1.16800000,5191.97000000,2026-05-17 07:54:59,6069.42332000,20
2026-05-17 07:55:00,1.16700000,1.16700000,1.16600000,1.16600000,613.48000000,2026-05-17 07:59:59,715.33482000,5
2026-05-17 08:00:00,1.16400000,1.16400000,1.16400000,1.16400000,200.02000000,2026-05-17 08:04:59,232.82328000,4
2026-05-17 08:05:00,1.16500000,1.16500000,1.16200000,1.16400000,4365.01000000,2026-05-17 08:09:59,5075.15320000,26
2026-05-17 08:10:00,1.16400000,1.16400000,1.16300000,1.16300000,725.70000000,2026-05-17 08:14:59,844.07592000,7
2026-05-17 08:15:00,1.16200000,1.16200000,1.15900000,1.15900000,1877.12000000,2026-05-17 08:19:59,2178.24280000,14
2026-05-17 08:20:00,1.16000000,1.16000000,1.15900000,1.16000000,5386.44000000,2026-05-17 08:24:59,6244.62556000,39
2026-05-17 08:25:00,1.16100000,1.16200000,1.16100000,1.16200000,255.97000000,2026-05-17 08:29:59,297.23117000,3
2026-05-17 08:30:00,1.16000000,1.16100000,1.16000000,1.16100000,3800.11000000,2026-05-17 08:34:59,4410.35643000,29
2026-05-17 08:35:00,1.16100000,1.16200000,1.15900000,1.16200000,1040.05000000,2026-05-17 08:39:59,1206.87763000,17
2026-05-17 08:40:00,1.16200000,1.16200000,1.16100000,1.16200000,2083.38000000,2026-05-17 08:44:59,2420.86328000,15
2026-05-17 08:45:00,1.16200000,1.16300000,1.16200000,1.16300000,974.17000000,2026-05-17 08:49:59,1131.99039000,9
2026-05-17 08:50:00,1.16300000,1.16300000,1.16200000,1.16200000,1061.99000000,2026-05-17 08:54:59,1234.92827000,16
2026-05-17 08:55:00,1.16100000,1.16200000,1.16100000,1.16200000,243.79000000,2026-05-17 08:59:59,283.05019000,6
2026-05-17 09:00:00,1.16200000,1.16300000,1.16200000,1.16300000,421.75000000,2026-05-17 09:04:59,490.49231000,6
2026-05-17 09:05:00,1.16200000,1.16300000,1.16200000,1.16300000,830.44000000,2026-05-17 09:09:59,965.20986000,11
2026-05-17 09:10:00,1.16200000,1.16400000,1.16200000,1.16400000,2161.28000000,2026-05-17 09:14:59,2515.12256000,12
2026-05-17 09:15:00,1.16300000,1.16300000,1.16200000,1.16200000,306.49000000,2026-05-17 09:19:59,356.35544000,5
2026-05-17 09:20:00,1.16100000,1.16300000,1.16100000,1.16300000,185.94000000,2026-05-17 09:24:59,216.22262000,3
2026-05-17 09:25:00,1.16200000,1.16200000,1.16200000,1.16200000,87.65000000,2026-05-17 09:29:59,101.84930000,2
2026-05-17 09:30:00,1.16200000,1.16200000,1.16200000,1.16200000,388.99000000,2026-05-17 09:34:59,452.00638000,6
2026-05-17 09:35:00,1.16300000,1.16300000,1.16200000,1.16200000,306.43000000,2026-05-17 09:39:59,356.21095000,11
2026-05-17 09:40:00,1.16300000,1.16300000,1.16200000,1.16200000,933.60000000,2026-05-17 09:44:59,1085.02240000,12
2026-05-17 09:45:00,1.16200000,1.16200000,1.16000000,1.16000000,792.99000000,2026-05-17 09:49:59,921.02556000,15
2026-05-17 09:50:00,1.16000000,1.16000000,1.16000000,1.16000000,201.98000000,2026-05-17 09:54:59,234.29680000,4
2026-05-17 09:55:00,1.15900000,1.15900000,1.15900000,1.15900000,1217.44000000,2026-05-17 09:59:59,1411.01296000,22
2026-05-17 10:00:00,1.16000000,1.16000000,1.15700000,1.15700000,4893.36000000,2026-05-17 10:04:59,5674.52236000,25
2026-05-17 10:05:00,1.15800000,1.15800000,1.15600000,1.15600000,1944.80000000,2026-05-17 10:09:59,2250.24214000,26
2026-05-17 10:10:00,1.15700000,1.16000000,1.15700000,1.15700000,4218.85000000,2026-05-17 10:14:59,4889.68324000,49
2026-05-17 10:15:00,1.15700000,1.15700000,1.15400000,1.15500000,6475.52000000,2026-05-17 10:19:59,7478.81630000,58
2026-05-17 10:20:00,1.15600000,1.15600000,1.15500000,1.15500000,797.26000000,2026-05-17 10:24:59,921.24311000,31
2026-05-17 10:25:00,1.15500000,1.16000000,1.15500000,1.16000000,760.24000000,2026-05-17 10:29:59,880.31050000,18
2026-05-17 10:30:00,1.16000000,1.16000000,1.15800000,1.15800000,756.99000000,2026-05-17 10:34:59,877.07214000,12
2026-05-17 10:35:00,1.15900000,1.16100000,1.15900000,1.16100000,2782.69000000,2026-05-17 10:39:59,3229.48616000,36
2026-05-17 10:40:00,1.16100000,1.16200000,1.16100000,1.16200000,3963.54000000,2026-05-17 10:44:59,4602.09545000,45
2026-05-17 10:45:00,1.16200000,1.16300000,1.16100000,1.16200000,779.33000000,2026-05-17 10:49:59,905.58907000,12
2026-05-17 10:50:00,1.16200000,1.16300000,1.16000000,1.16000000,1049.79000000,2026-05-17 10:54:59,1218.61656000,26
2026-05-17 10:55:00,1.16000000,1.16000000,1.15600000,1.15800000,14816.65000000,2026-05-17 10:59:59,17150.36163000,51
2026-05-17 11:00:00,1.15700000,1.15700000,1.15400000,1.15600000,4560.40000000,2026-05-17 11:04:59,5271.57835000,44
2026-05-17 11:05:00,1.15600000,1.15600000,1.15400000,1.15600000,894.13000000,2026-05-17 11:09:59,1032.75923000,12
2026-05-17 11:10:00,1.15500000,1.15500000,1.15500000,1.15500000,418.93000000,2026-05-17 11:14:59,483.86415000,6
2026-05-17 11:15:00,1.15400000,1.15400000,1.14500000,1.14700000,114925.56000000,2026-05-17 11:19:59,132032.01824000,325
2026-05-17 11:20:00,1.14700000,1.14800000,1.14700000,1.14800000,1764.37000000,2026-05-17 11:24:59,2023.81419000,23
2026-05-17 11:25:00,1.15000000,1.15300000,1.15000000,1.15200000,16650.94000000,2026-05-17 11:29:59,19190.46283000,52
2026-05-17 11:30:00,1.15200000,1.15200000,1.15100000,1.15100000,1495.83000000,2026-05-17 11:34:59,1721.74661000,20
2026-05-17 11:35:00,1.15200000,1.15300000,1.15100000,1.15100000,1163.66000000,2026-05-17 11:39:59,1340.21846000,18
2026-05-17 11:40:00,1.15000000,1.15200000,1.15000000,1.15200000,606.19000000,2026-05-17 11:44:59,698.01890000,13
2026-05-17 11:45:00,1.15300000,1.15600000,1.15300000,1.15600000,3116.65000000,2026-05-17 11:49:59,3598.48674000,34
2026-05-17 11:50:00,1.15600000,1.15600000,1.15400000,1.15400000,814.02000000,2026-05-17 11:54:59,940.92012000,10
2026-05-17 11:55:00,1.15600000,1.15600000,1.15300000,1.15300000,1413.16000000,2026-05-17 11:59:59,1631.44925000,14
2026-05-17 12:00:00,1.15400000,1.15500000,1.15400000,1.15500000,224.66000000,2026-05-17 12:04:59,259.26462000,8
2026-05-17 12:05:00,1.15600000,1.15700000,1.15500000,1.15700000,2620.23000000,2026-05-17 12:09:59,3028.62099000,50
2026-05-17 12:10:00,1.15700000,1.15800000,1.15700000,1.15700000,1587.39000000,2026-05-17 12:14:59,1836.73099000,24
2026-05-17 12:15:00,1.15600000,1.15600000,1.15400000,1.15500000,1835.01000000,2026-05-17 12:19:59,2118.74875000,13
2026-05-17 12:20:00,1.15600000,1.15600000,1.15500000,1.15500000,338.95000000,2026-05-17 12:24:59,391.67990000,7
2026-05-17 12:25:00,1.15400000,1.15400000,1.15400000,1.15400000,106.51000000,2026-05-17 12:29:59,122.91254000,2
2026-05-17 12:30:00,1.15400000,1.15600000,1.15400000,1.15600000,1144.07000000,2026-05-17 12:34:59,1322.06687000,15
2026-05-17 12:35:00,1.15700000,1.15800000,1.15500000,1.15600000,7452.19000000,2026-05-17 12:39:59,8620.22228000,43
2026-05-17 12:40:00,1.15500000,1.15500000,1.15300000,1.15400000,4309.88000000,2026-05-17 12:44:59,4973.03700000,17
2026-05-17 12:45:00,1.15500000,1.15500000,1.15500000,1.15500000,520.59000000,2026-05-17 12:49:59,601.28145000,5
2026-05-17 12:50:00,1.15500000,1.15500000,1.15400000,1.15400000,4213.94000000,2026-05-17 12:54:59,4863.70240000,25
2026-05-17 12:55:00,1.15400000,1.15500000,1.15300000,1.15400000,773.61000000,2026-05-17 12:59:59,892.68757000,9
2026-05-17 13:00:00,1.15500000,1.15800000,1.15500000,1.15800000,1405.34000000,2026-05-17 13:04:59,1624.76901000,18
2026-05-17 13:05:00,1.15700000,1.15700000,1.15500000,1.15600000,6261.05000000,2026-05-17 13:09:59,7238.56992000,47
2026-05-17 13:10:00,1.15500000,1.15600000,1.15400000,1.15400000,1838.31000000,2026-05-17 13:14:59,2122.34454000,14
2026-05-17 13:15:00,1.15400000,1.15400000,1.15400000,1.15400000,1584.66000000,2026-05-17 13:19:59,1828.69764000,15
2026-05-17 13:20:00,1.15300000,1.15400000,1.15300000,1.15300000,1238.72000000,2026-05-17 13:24:59,1428.25405000,9
2026-05-17 13:25:00,1.15400000,1.15500000,1.15400000,1.15500000,827.32000000,2026-05-17 13:29:59,955.00113000,12
2026-05-17 13:30:00,1.15500000,1.15500000,1.15400000,1.15400000,1388.83000000,2026-05-17 13:34:59,1603.39050000,7
2026-05-17 13:35:00,1.15300000,1.15300000,1.15300000,1.15300000,868.14000000,2026-05-17 13:39:59,1000.96542000,8
2026-05-17 13:40:00,1.15300000,1.15300000,1.15100000,1.15100000,1088.86000000,2026-05-17 13:44:59,1253.49650000,10
2026-05-17 13:45:00,1.15100000,1.15100000,1.14900000,1.14900000,1208.29000000,2026-05-17 13:49:59,1388.91020000,11
2026-05-17 13:50:00,1.14800000,1.14800000,1.14600000,1.14700000,8328.46000000,2026-05-17 13:54:59,9554.07021000,45
2026-05-17 13:55:00,1.14800000,1.14800000,1.14600000,1.14600000,9972.87000000,2026-05-17 13:59:59,11431.28566000,56
2026-05-17 14:00:00,1.14500000,1.14800000,1.14200000,1.14800000,17046.99000000,2026-05-17 14:04:59,19499.44575000,106
2026-05-17 14:05:00,1.14700000,1.14800000,1.14700000,1.14800000,914.20000000,2026-05-17 14:09:59,1048.88609000,19
2026-05-17 14:10:00,1.14800000,1.14800000,1.14400000,1.14500000,7150.92000000,2026-05-17 14:14:59,8189.45953000,80
2026-05-17 14:15:00,1.14500000,1.14500000,1.14200000,1.14300000,1550.95000000,2026-05-17 14:19:59,1773.97781000,34
2026-05-17 14:20:00,1.14500000,1.14500000,1.14500000,1.14500000,164.84000000,2026-05-17 14:24:59,188.74180000,6
2026-05-17 14:25:00,1.14600000,1.14600000,1.14600000,1.14600000,322.97000000,2026-05-17 14:29:59,370.12362000,7
2026-05-17 14:30:00,1.14600000,1.14600000,1.14200000,1.14300000,3789.20000000,2026-05-17 14:34:59,4334.99573000,31
2026-05-17 14:35:00,1.14400000,1.14500000,1.14300000,1.14300000,618.05000000,2026-05-17 14:39:59,707.01834000,12
2026-05-17 14:40:00,1.14400000,1.14400000,1.14400000,1.14400000,52.22000000,2026-05-17 14:44:59,59.73968000,2
2026-05-17 14:45:00,1.14500000,1.14500000,1.14500000,1.14500000,567.61000000,2026-05-17 14:49:59,649.91345000,9
2026-05-17 14:50:00,1.14600000,1.14600000,1.14500000,1.14500000,762.20000000,2026-05-17 14:54:59,873.01719000,6
2026-05-17 14:55:00,1.14500000,1.14600000,1.14500000,1.14600000,1389.38000000,2026-05-17 14:59:59,1591.40326000,12
2026-05-17 15:00:00,1.14600000,1.14800000,1.14600000,1.14800000,1366.58000000,2026-05-17 15:04:59,1567.41241000,13
2026-05-17 15:05:00,1.14700000,1.14700000,1.14600000,1.14600000,1133.36000000,2026-05-17 15:09:59,1299.34002000,11
2026-05-17 15:10:00,1.14500000,1.14500000,1.14500000,1.14500000,491.74000000,2026-05-17 15:14:59,563.04230000,7
2026-05-17 15:15:00,1.14400000,1.14400000,1.14200000,1.14200000,556.28000000,2026-05-17 15:19:59,635.79326000,12
2026-05-17 15:20:00,1.14200000,1.14200000,1.14000000,1.14200000,2648.04000000,2026-05-17 15:24:59,3019.78044000,41
2026-05-17 15:25:00,1.14300000,1.14500000,1.14300000,1.14500000,1793.71000000,2026-05-17 15:29:59,2052.84509000,14
2026-05-17 15:30:00,1.14600000,1.14600000,1.14500000,1.14600000,5003.50000000,2026-05-17 15:34:59,5730.14196000,22
2026-05-17 15:35:00,1.14600000,1.14600000,1.14500000,1.14600000,833.76000000,2026-05-17 15:39:59,955.39396000,6
2026-05-17 15:40:00,1.14500000,1.14500000,1.14500000,1.14500000,95.87000000,2026-05-17 15:44:59,109.77115000,2
2026-05-17 15:45:00,1.14500000,1.14600000,1.14500000,1.14600000,121.55000000,2026-05-17 15:49:59,139.26999000,5
2026-05-17 15:50:00,1.14600000,1.14700000,1.14600000,1.14700000,257.85000000,2026-05-17 15:54:59,295.59144000,6
2026-05-17 15:55:00,1.14800000,1.14900000,1.14800000,1.14900000,430.48000000,2026-05-17 15:59:59,494.27466000,8
2026-05-17 16:00:00,1.15000000,1.15100000,1.15000000,1.15000000,865.71000000,2026-05-17 16:04:59,995.62868000,14
2026-05-17 16:05:00,1.15100000,1.15100000,1.15100000,1.15100000,333.96000000,2026-05-17 16:09:59,384.38796000,6
2026-05-17 16:10:00,1.15100000,1.15100000,1.15000000,1.15100000,810.27000000,2026-05-17 16:14:59,932.24516000,11
2026-05-17 16:15:00,1.15100000,1.15100000,1.14900000,1.14900000,499.15000000,2026-05-17 16:19:59,573.82277000,7
2026-05-17 16:20:00,1.15000000,1.15200000,1.14900000,1.15100000,1085.14000000,2026-05-17 16:24:59,1248.58940000,15
2026-05-17 16:25:00,1.15100000,1.15100000,1.15000000,1.15000000,54.51000000,2026-05-17 16:29:59,62.72651000,3
2026-05-17 16:30:00,1.15000000,1.15000000,1.14900000,1.14900000,1509.69000000,2026-05-17 16:34:59,1734.64350000,9
2026-05-17 16:35:00,1.15000000,1.15100000,1.14900000,1.15100000,5516.01000000,2026-05-17 16:39:59,6348.73598000,16
2026-05-17 16:40:00,1.15200000,1.15300000,1.15200000,1.15200000,3043.58000000,2026-05-17 16:44:59,3506.96419000,20
2026-05-17 16:45:00,1.15200000,1.15200000,1.15100000,1.15100000,1566.24000000,2026-05-17 16:49:59,1803.02883000,13
2026-05-17 16:50:00,1.15100000,1.15100000,1.15000000,1.15000000,636.95000000,2026-05-17 16:54:59,733.09949000,7
2026-05-17 16:55:00,1.15000000,1.15000000,1.14900000,1.14900000,665.39000000,2026-05-17 16:59:59,765.18889000,8
2026-05-17 17:00:00,1.15000000,1.15200000,1.15000000,1.15000000,1253.74000000,2026-05-17 17:04:59,1443.00860000,19
2026-05-17 17:05:00,1.15000000,1.15100000,1.15000000,1.15000000,660.28000000,2026-05-17 17:09:59,759.57554000,16
2026-05-17 17:10:00,1.15000000,1.15000000,1.14800000,1.14800000,1317.61000000,2026-05-17 17:14:59,1513.94844000,28
2026-05-17 17:15:00,1.14800000,1.14800000,1.14700000,1.14700000,101.48000000,2026-05-17 17:19:59,116.49301000,11
2026-05-17 17:20:00,1.14800000,1.14800000,1.14700000,1.14700000,567.35000000,2026-05-17 17:24:59,650.80904000,16
2026-05-17 17:25:00,1.14800000,1.14800000,1.14500000,1.14600000,2149.22000000,2026-05-17 17:29:59,2462.38306000,32
2026-05-17 17:30:00,1.14600000,1.14800000,1.14500000,1.14700000,201.71000000,2026-05-17 17:34:59,231.35144000,17
2026-05-17 17:35:00,1.14700000,1.14800000,1.14600000,1.14600000,2382.24000000,2026-05-17 17:39:59,2730.72385000,27
2026-05-17 17:40:00,1.14700000,1.14700000,1.14600000,1.14600000,610.87000000,2026-05-17 17:44:59,700.10094000,18
2026-05-17 17:45:00,1.14600000,1.14700000,1.14600000,1.14700000,751.51000000,2026-05-17 17:49:59,861.29257000,22
2026-05-17 17:50:00,1.14700000,1.14700000,1.14600000,1.14700000,782.33000000,2026-05-17 17:54:59,896.62742000,21
2026-05-17 17:55:00,1.14700000,1.14700000,1.14700000,1.14700000,84.76000000,2026-05-17 17:59:59,97.21972000,12
2026-05-17 18:00:00,1.14700000,1.14700000,1.14500000,1.14600000,577.85000000,2026-05-17 18:04:59,661.77095000,18
2026-05-17 18:05:00,1.14600000,1.14800000,1.14600000,1.14800000,202.97000000,2026-05-17 18:09:59,232.68451000,16
2026-05-17 18:10:00,1.14800000,1.14800000,1.14700000,1.14800000,458.70000000,2026-05-17 18:14:59,526.41149000,17
2026-05-17 18:15:00,1.14800000,1.14800000,1.14700000,1.14800000,239.78000000,2026-05-17 18:19:59,275.08602000,12
2026-05-17 18:20:00,1.14800000,1.15200000,1.14800000,1.15200000,3286.58000000,2026-05-17 18:24:59,3779.02608000,28
2026-05-17 18:25:00,1.15200000,1.15200000,1.15100000,1.15100000,1117.75000000,2026-05-17 18:29:59,1286.68634000,6
2026-05-17 18:30:00,1.15200000,1.15300000,1.15200000,1.15300000,112.83000000,2026-05-17 18:34:59,130.03026000,6
2026-05-17 18:35:00,1.15300000,1.15400000,1.15300000,1.15300000,2903.26000000,2026-05-17 18:39:59,3347.77135000,21
2026-05-17 18:40:00,1.15300000,1.15500000,1.15200000,1.15400000,797.07000000,2026-05-17 18:44:59,919.63305000,13
2026-05-17 18:45:00,1.15300000,1.15300000,1.15300000,1.15300000,140.71000000,2026-05-17 18:49:59,162.23863000,1
2026-05-17 18:50:00,1.15400000,1.15400000,1.15100000,1.15100000,9354.83000000,2026-05-17 18:54:59,10780.19167000,34
2026-05-17 18:55:00,1.15100000,1.15200000,1.15100000,1.15200000,3922.54000000,2026-05-17 18:59:59,4515.95533000,27
2026-05-17 19:00:00,1.15200000,1.15200000,1.14600000,1.14700000,2590.85000000,2026-05-17 19:04:59,2980.28973000,35
2026-05-17 19:05:00,1.14800000,1.14900000,1.14600000,1.14600000,764.52000000,2026-05-17 19:09:59,876.73886000,13
2026-05-17 19:10:00,1.14500000,1.14500000,1.14300000,1.14400000,1174.19000000,2026-05-17 19:14:59,1342.63280000,14
2026-05-17 19:15:00,1.14400000,1.14500000,1.14200000,1.14300000,3785.79000000,2026-05-17 19:19:59,4326.39724000,40
2026-05-17 19:20:00,1.14300000,1.14300000,1.13900000,1.14200000,7714.19000000,2026-05-17 19:24:59,8797.39519000,65
2026-05-17 19:25:00,1.14200000,1.14300000,1.14000000,1.14300000,3709.32000000,2026-05-17 19:29:59,4236.58086000,25
2026-05-17 19:30:00,1.14300000,1.14400000,1.14200000,1.14200000,1974.07000000,2026-05-17 19:34:59,2256.26214000,21
2026-05-17 19:35:00,1.14200000,1.14200000,1.14000000,1.14200000,1694.91000000,2026-05-17 19:39:59,1933.22932000,19
2026-05-17 19:40:00,1.14200000,1.14200000,1.14200000,1.14200000,813.17000000,2026-05-17 19:44:59,928.64014000,9
2026-05-17 19:45:00,1.14200000,1.14200000,1.14100000,1.14200000,2719.30000000,2026-05-17 19:49:59,3104.36344000,19
2026-05-17 19:50:00,1.14000000,1.14100000,1.13800000,1.14000000,4401.36000000,2026-05-17 19:54:59,5014.33463000,24
2026-05-17 19:55:00,1.14000000,1.14200000,1.14000000,1.14200000,595.57000000,2026-05-17 19:59:59,679.47692000,10
2026-05-17 20:00:00,1.14200000,1.14200000,1.14000000,1.14100000,1569.39000000,2026-05-17 20:04:59,1791.23009000,21
2026-05-17 20:05:00,1.14100000,1.14100000,1.13900000,1.13900000,2791.18000000,2026-05-17 20:09:59,3182.49473000,20
2026-05-17 20:10:00,1.14000000,1.14100000,1.14000000,1.14000000,925.02000000,2026-05-17 20:14:59,1054.55778000,10
2026-05-17 20:15:00,1.14000000,1.14100000,1.13400000,1.13700000,15572.75000000,2026-05-17 20:19:59,17731.05968000,101
2026-05-17 20:20:00,1.13700000,1.14100000,1.13700000,1.14100000,27763.49000000,2026-05-17 20:24:59,31656.85256000,169
2026-05-17 20:25:00,1.14100000,1.14100000,1.13900000,1.13900000,1580.92000000,2026-05-17 20:29:59,1803.20456000,15
2026-05-17 20:30:00,1.13700000,1.14000000,1.13600000,1.14000000,2903.56000000,2026-05-17 20:34:59,3303.53460000,44
2026-05-17 20:35:00,1.14000000,1.14000000,1.13700000,1.13700000,1879.80000000,2026-05-17 20:39:59,2140.08136000,23
2026-05-17 20:40:00,1.13600000,1.13600000,1.09600000,1.11200000,259810.86000000,2026-05-17 20:44:59,287894.58115000,2020
2026-05-17 20:45:00,1.11300000,1.12000000,1.11100000,1.11900000,30393.39000000,2026-05-17 20:49:59,33920.66348000,156
2026-05-17 20:50:00,1.11800000,1.13000000,1.11800000,1.12600000,46267.30000000,2026-05-17 20:54:59,51997.29822000,273
2026-05-17 20:55:00,1.12700000,1.12900000,1.12700000,1.12800000,4898.64000000,2026-05-17 20:59:59,5522.67809000,35
2026-05-17 21:00:00,1.12700000,1.12700000,1.12300000,1.12600000,29702.11000000,2026-05-17 21:04:59,33434.29349000,100
2026-05-17 21:05:00,1.12600000,1.12600000,1.12000000,1.12000000,23894.05000000,2026-05-17 21:09:59,26783.21996000,42
2026-05-17 21:10:00,1.11800000,1.12200000,1.11600000,1.12100000,5084.18000000,2026-05-17 21:14:59,5686.37272000,55
2026-05-17 21:15:00,1.12200000,1.12700000,1.12200000,1.12400000,12458.90000000,2026-05-17 21:19:59,14014.42851000,105
2026-05-17 21:20:00,1.12500000,1.12700000,1.12500000,1.12500000,4624.98000000,2026-05-17 21:24:59,5205.36654000,57
2026-05-17 21:25:00,1.12500000,1.12700000,1.12400000,1.12500000,4671.28000000,2026-05-17 21:29:59,5254.03133000,32
2026-05-17 21:30:00,1.12400000,1.12500000,1.12200000,1.12200000,1240.13000000,2026-05-17 21:34:59,1393.83461000,16
2026-05-17 21:35:00,1.12300000,1.12500000,1.12300000,1.12400000,3854.40000000,2026-05-17 21:39:59,4333.17745000,48
2026-05-17 21:40:00,1.12500000,1.12500000,1.12400000,1.12400000,9272.52000000,2026-05-17 21:44:59,10430.50125000,58
2026-05-17 21:45:00,1.12400000,1.12500000,1.12400000,1.12400000,3133.87000000,2026-05-17 21:49:59,3523.48720000,23
2026-05-17 21:50:00,1.12500000,1.12700000,1.12500000,1.12600000,4824.76000000,2026-05-17 21:54:59,5429.80514000,34
2026-05-17 21:55:00,1.12700000,1.13000000,1.12700000,1.13000000,6409.18000000,2026-05-17 21:59:59,7231.73400000,55
2026-05-17 22:00:00,1.13100000,1.13500000,1.13100000,1.13200000,9136.31000000,2026-05-17 22:04:59,10350.38027000,89
2026-05-17 22:05:00,1.13300000,1.13400000,1.13200000,1.13400000,4803.48000000,2026-05-17 22:09:59,5441.84179000,57
2026-05-17 22:10:00,1.13300000,1.13500000,1.13200000,1.13200000,2037.98000000,2026-05-17 22:14:59,2310.21030000,25
2026-05-17 22:15:00,1.13100000,1.13100000,1.13000000,1.13000000,22256.54000000,2026-05-17 22:19:59,25150.06305000,42
2026-05-17 22:20:00,1.13000000,1.13200000,1.12800000,1.13000000,4662.86000000,2026-05-17 22:24:59,5265.29873000,32
2026-05-17 22:25:00,1.13000000,1.13000000,1.12800000,1.12900000,3989.85000000,2026-05-17 22:29:59,4503.88552000,24
2026-05-17 22:30:00,1.12900000,1.13200000,1.12900000,1.13000000,4890.10000000,2026-05-17 22:34:59,5530.65868000,51
2026-05-17 22:35:00,1.12900000,1.13100000,1.12900000,1.13100000,3824.94000000,2026-05-17 22:39:59,4323.60701000,32
2026-05-17 22:40:00,1.13200000,1.13200000,1.12900000,1.12900000,2544.07000000,2026-05-17 22:44:59,2872.53993000,12
2026-05-17 22:45:00,1.12800000,1.12900000,1.12600000,1.12800000,2888.34000000,2026-05-17 22:49:59,3257.18570000,22
2026-05-17 22:50:00,1.12900000,1.13200000,1.12900000,1.13200000,1501.24000000,2026-05-17 22:54:59,1697.91798000,10
2026-05-17 22:55:00,1.13200000,1.13700000,1.13200000,1.13600000,12618.57000000,2026-05-17 22:59:59,14333.31979000,96
2026-05-17 23:00:00,1.13600000,1.14100000,1.13600000,1.14100000,1861.74000000,2026-05-17 23:04:59,2119.85440000,46
2026-05-17 23:05:00,1.14000000,1.14100000,1.14000000,1.14100000,2088.79000000,2026-05-17 23:09:59,2382.53572000,27
2026-05-17 23:10:00,1.14100000,1.14800000,1.14100000,1.14600000,5755.17000000,2026-05-17 23:14:59,6588.34466000,64
2026-05-17 23:15:00,1.14700000,1.14700000,1.14300000,1.14300000,10433.21000000,2026-05-17 23:19:59,11951.28702000,51
2026-05-17 23:20:00,1.14300000,1.14400000,1.14000000,1.14400000,4651.64000000,2026-05-17 23:24:59,5306.33124000,34
2026-05-17 23:25:00,1.14400000,1.14400000,1.14300000,1.14300000,392.11000000,2026-05-17 23:29:59,448.43966000,5
2026-05-17 23:30:00,1.14300000,1.14500000,1.14300000,1.14400000,338.57000000,2026-05-17 23:34:59,387.37718000,7
2026-05-17 23:35:00,1.14300000,1.14300000,1.14100000,1.14200000,1744.51000000,2026-05-17 23:39:59,1993.69609000,19
2026-05-17 23:40:00,1.14300000,1.14500000,1.14300000,1.14400000,2230.04000000,2026-05-17 23:44:59,2550.86198000,26
2026-05-17 23:45:00,1.14400000,1.14700000,1.14400000,1.14600000,11247.82000000,2026-05-17 23:49:59,12879.90270000,87
2026-05-17 23:50:00,1.14400000,1.14400000,1.14100000,1.14100000,7007.55000000,2026-05-17 23:54:59,8007.10424000,40
2026-05-17 23:55:00,1.14000000,1.14200000,1.14000000,1.14200000,782.65000000,2026-05-17 23:59:59,893.51800000,25
2026-05-18 00:00:00,1.14300000,1.14700000,1.14300000,1.14600000,1841.49000000,2026-05-18 00:04:59,2107.86820000,43
2026-05-18 00:05:00,1.14600000,1.14900000,1.14600000,1.14900000,818.51000000,2026-05-18 00:09:59,939.64724000,19
2026-05-18 00:10:00,1.14800000,1.14800000,1.14600000,1.14600000,1488.55000000,2026-05-18 00:14:59,1708.11399000,20
2026-05-18 00:15:00,1.14500000,1.14800000,1.14500000,1.14700000,526.75000000,2026-05-18 00:19:59,604.17733000,14
2026-05-18 00:20:00,1.14600000,1.14800000,1.14500000,1.14700000,1705.47000000,2026-05-18 00:24:59,1953.47494000,16
2026-05-18 00:25:00,1.14700000,1.14800000,1.14700000,1.14700000,1450.00000000,2026-05-18 00:29:59,1663.63291000,23
2026-05-18 00:30:00,1.14600000,1.14600000,1.14200000,1.14500000,2841.85000000,2026-05-18 00:34:59,3247.89158000,46
2026-05-18 00:35:00,1.14400000,1.14400000,1.14300000,1.14400000,748.35000000,2026-05-18 00:39:59,855.94600000,12
2026-05-18 00:40:00,1.14500000,1.14800000,1.14500000,1.14800000,923.02000000,2026-05-18 00:44:59,1057.88402000,10
2026-05-18 00:45:00,1.14700000,1.14700000,1.14600000,1.14600000,663.57000000,2026-05-18 00:49:59,760.49065000,20
2026-05-18 00:50:00,1.14600000,1.14600000,1.14300000,1.14300000,1907.04000000,2026-05-18 00:54:59,2182.81022000,23
2026-05-18 00:55:00,1.14300000,1.14300000,1.14200000,1.14200000,3566.06000000,2026-05-18 00:59:59,4073.01122000,21
2026-05-18 01:00:00,1.14200000,1.14600000,1.14200000,1.14400000,3590.40000000,2026-05-18 01:04:59,4107.85472000,33
2026-05-18 01:05:00,1.14400000,1.14400000,1.14200000,1.14200000,450.20000000,2026-05-18 01:09:59,514.70990000,5
2026-05-18 01:10:00,1.14200000,1.14600000,1.14200000,1.14500000,6936.48000000,2026-05-18 01:14:59,7937.49861000,49
2026-05-18 01:15:00,1.14500000,1.14600000,1.14300000,1.14500000,1830.29000000,2026-05-18 01:19:59,2094.65551000,21
2026-05-18 01:20:00,1.14400000,1.14400000,1.14100000,1.14100000,3997.24000000,2026-05-18 01:24:59,4561.57023000,35
2026-05-18 01:25:00,1.14000000,1.14300000,1.14000000,1.14300000,1751.02000000,2026-05-18 01:29:59,1998.58139000,25
2026-05-18 01:30:00,1.14200000,1.14300000,1.14100000,1.14100000,2652.41000000,2026-05-18 01:34:59,3027.14535000,25
2026-05-18 01:35:00,1.14200000,1.14400000,1.14200000,1.14400000,736.72000000,2026-05-18 01:39:59,842.22810000,11
2026-05-18 01:40:00,1.14500000,1.14900000,1.14500000,1.14800000,9083.11000000,2026-05-18 01:44:59,10413.80455000,46
2026-05-18 01:45:00,1.14900000,1.15000000,1.14700000,1.14700000,3323.14000000,2026-05-18 01:49:59,3818.23338000,33
2026-05-18 01:50:00,1.14700000,1.14900000,1.14700000,1.14900000,146.40000000,2026-05-18 01:54:59,168.02577000,9
2026-05-18 01:55:00,1.14900000,1.15200000,1.14800000,1.15200000,3878.52000000,2026-05-18 01:59:59,4466.22680000,33
2026-05-18 02:00:00,1.15100000,1.15200000,1.14700000,1.14800000,1248.92000000,2026-05-18 02:04:59,1435.59507000,18
2026-05-18 02:05:00,1.14800000,1.14900000,1.14700000,1.14900000,853.88000000,2026-05-18 02:09:59,980.58961000,8
2026-05-18 02:10:00,1.14900000,1.14900000,1.14900000,1.14900000,335.26000000,2026-05-18 02:14:59,385.21374000,4
2026-05-18 02:15:00,1.14800000,1.14800000,1.14600000,1.14700000,1489.29000000,2026-05-18 02:19:59,1709.19654000,22
2026-05-18 02:20:00,1.14700000,1.14800000,1.14600000,1.14800000,567.32000000,2026-05-18 02:24:59,650.70502000,9
2026-05-18 02:25:00,1.14700000,1.14700000,1.14600000,1.14600000,353.87000000,2026-05-18 02:29:59,405.62296000,7
2026-05-18 02:30:00,1.14500000,1.14500000,1.14300000,1.14400000,3658.86000000,2026-05-18 02:34:59,4182.87109000,34
2026-05-18 02:35:00,1.14200000,1.14300000,1.14100000,1.14100000,422.14000000,2026-05-18 02:39:59,482.30728000,9
2026-05-18 02:40:00,1.14100000,1.14200000,1.13900000,1.14100000,2052.41000000,2026-05-18 02:44:59,2342.31413000,28
2026-05-18 02:45:00,1.14100000,1.14200000,1.14000000,1.14200000,2935.61000000,2026-05-18 02:49:59,3351.09742000,32
2026-05-18 02:50:00,1.14200000,1.14200000,1.14200000,1.14200000,25.17000000,2026-05-18 02:54:59,28.74414000,2
2026-05-18 02:55:00,1.14100000,1.14100000,1.14000000,1.14000000,1060.22000000,2026-05-18 02:59:59,1209.70639000,13
2026-05-18 03:00:00,1.14100000,1.14300000,1.14100000,1.14200000,409.54000000,2026-05-18 03:04:59,467.52711000,10
2026-05-18 03:05:00,1.14000000,1.14000000,1.13400000,1.13800000,18205.92000000,2026-05-18 03:09:59,20682.26037000,137
2026-05-18 03:10:00,1.13600000,1.13900000,1.13500000,1.13900000,3872.35000000,2026-05-18 03:14:59,4401.55476000,36
2026-05-18 03:15:00,1.13900000,1.14000000,1.13600000,1.13600000,2184.77000000,2026-05-18 03:19:59,2486.74537000,18
2026-05-18 03:20:00,1.13600000,1.13600000,1.13000000,1.13400000,13926.84000000,2026-05-18 03:24:59,15773.29454000,97
2026-05-18 03:25:00,1.13500000,1.13600000,1.13400000,1.13400000,6214.72000000,2026-05-18 03:29:59,7054.97403000,45
2026-05-18 03:30:00,1.13300000,1.13600000,1.13100000,1.13500000,1999.47000000,2026-05-18 03:34:59,2266.72636000,17
2026-05-18 03:35:00,1.13600000,1.13600000,1.13500000,1.13500000,1570.10000000,2026-05-18 03:39:59,1782.63859000,25
2026-05-18 03:40:00,1.13500000,1.13700000,1.13500000,1.13700000,1328.84000000,2026-05-18 03:44:59,1510.34464000,14
2026-05-18 03:45:00,1.13700000,1.13900000,1.13700000,1.13900000,2716.11000000,2026-05-18 03:49:59,3090.93854000,14
2026-05-18 03:50:00,1.13800000,1.13800000,1.13600000,1.13600000,881.77000000,2026-05-18 03:54:59,1003.18575000,9
2026-05-18 03:55:00,1.13700000,1.13700000,1.13500000,1.13600000,1341.01000000,2026-05-18 03:59:59,1522.49283000,14
2026-05-18 04:00:00,1.13600000,1.13800000,1.13600000,1.13700000,1491.26000000,2026-05-18 04:04:59,1695.84896000,22
2026-05-18 04:05:00,1.13600000,1.13600000,1.13100000,1.13100000,3453.21000000,2026-05-18 04:09:59,3910.92233000,28
2026-05-18 04:10:00,1.13100000,1.13100000,1.12900000,1.13000000,1365.14000000,2026-05-18 04:14:59,1543.42475000,19
2026-05-18 04:15:00,1.13000000,1.13000000,1.12800000,1.12900000,8835.81000000,2026-05-18 04:19:59,9975.90122000,18
2026-05-18 04:20:00,1.12800000,1.13000000,1.12600000,1.13000000,2750.55000000,2026-05-18 04:24:59,3103.99466000,57
2026-05-18 04:25:00,1.13000000,1.13400000,1.13000000,1.13000000,3055.11000000,2026-05-18 04:29:59,3459.58103000,36
2026-05-18 04:30:00,1.13100000,1.13100000,1.13000000,1.13100000,848.08000000,2026-05-18 04:34:59,959.14670000,15
2026-05-18 04:35:00,1.13000000,1.13000000,1.12900000,1.13000000,4632.44000000,2026-05-18 04:39:59,5230.42162000,27
2026-05-18 04:40:00,1.13000000,1.13000000,1.12700000,1.12700000,898.41000000,2026-05-18 04:44:59,1012.94733000,17
2026-05-18 04:45:00,1.12800000,1.12900000,1.12800000,1.12900000,933.16000000,2026-05-18 04:49:59,1052.97738000,18
2026-05-18 04:50:00,1.12800000,1.13000000,1.12800000,1.13000000,929.91000000,2026-05-18 04:54:59,1049.39972000,9
2026-05-18 04:55:00,1.13000000,1.13100000,1.13000000,1.13100000,3320.10000000,2026-05-18 04:59:59,3752.55137000,23
2026-05-18 05:00:00,1.13100000,1.13300000,1.13100000,1.13300000,5432.95000000,2026-05-18 05:04:59,6149.86204000,43
2026-05-18 05:05:00,1.13200000,1.13400000,1.13200000,1.13300000,11409.95000000,2026-05-18 05:09:59,12921.22816000,43
2026-05-18 05:10:00,1.13300000,1.13400000,1.13200000,1.13300000,2142.39000000,2026-05-18 05:14:59,2427.99051000,23
2026-05-18 05:15:00,1.13200000,1.13300000,1.13200000,1.13200000,2126.50000000,2026-05-18 05:19:59,2407.87897000,20
2026-05-18 05:20:00,1.13300000,1.13300000,1.13000000,1.13100000,1558.29000000,2026-05-18 05:24:59,1764.69497000,17
2026-05-18 05:25:00,1.13100000,1.13200000,1.13100000,1.13200000,491.36000000,2026-05-18 05:29:59,556.21380000,15
2026-05-18 05:30:00,1.13200000,1.13300000,1.13100000,1.13300000,1034.01000000,2026-05-18 05:34:59,1170.67824000,13
2026-05-18 05:35:00,1.13400000,1.13400000,1.13100000,1.13300000,2637.96000000,2026-05-18 05:39:59,2987.21040000,23
2026-05-18 05:40:00,1.13300000,1.13300000,1.13200000,1.13200000,1012.70000000,2026-05-18 05:44:59,1146.84257000,12
2026-05-18 05:45:00,1.13200000,1.13400000,1.13200000,1.13300000,1920.19000000,2026-05-18 05:49:59,2174.85586000,21
2026-05-18 05:50:00,1.13300000,1.13500000,1.13200000,1.13500000,2012.40000000,2026-05-18 05:54:59,2282.57105000,18
2026-05-18 05:55:00,1.13400000,1.13500000,1.13400000,1.13500000,674.19000000,2026-05-18 05:59:59,765.06077000,8
2026-05-18 06:00:00,1.13500000,1.13600000,1.13300000,1.13300000,1813.03000000,2026-05-18 06:04:59,2057.81809000,21
2026-05-18 06:05:00,1.13200000,1.13300000,1.13200000,1.13300000,1049.05000000,2026-05-18 06:09:59,1187.79368000,7
2026-05-18 06:10:00,1.13200000,1.13200000,1.13000000,1.13100000,975.49000000,2026-05-18 06:14:59,1103.01350000,12
2026-05-18 06:15:00,1.13000000,1.13000000,1.12900000,1.13000000,188.60000000,2026-05-18 06:19:59,212.96185000,7
2026-05-18 06:20:00,1.12800000,1.13000000,1.12800000,1.12800000,2277.90000000,2026-05-18 06:24:59,2571.81913000,16
2026-05-18 06:25:00,1.12800000,1.12900000,1.12800000,1.12800000,517.28000000,2026-05-18 06:29:59,583.49915000,5
2026-05-18 06:30:00,1.12700000,1.12700000,1.12700000,1.12700000,3383.41000000,2026-05-18 06:34:59,3813.10307000,20
2026-05-18 06:35:00,1.12700000,1.12800000,1.12600000,1.12700000,2178.14000000,2026-05-18 06:39:59,2455.85923000,21
2026-05-18 06:40:00,1.12700000,1.12700000,1.12600000,1.12600000,617.78000000,2026-05-18 06:44:59,695.97530000,5
2026-05-18 06:45:00,1.12600000,1.12700000,1.12600000,1.12600000,1448.43000000,2026-05-18 06:49:59,1631.64588000,20
2026-05-18 06:50:00,1.12600000,1.12700000,1.12500000,1.12500000,1647.52000000,2026-05-18 06:54:59,1853.95395000,32
2026-05-18 06:55:00,1.12600000,1.12700000,1.12500000,1.12700000,6536.43000000,2026-05-18 06:59:59,7361.23607000,73
2026-05-18 07:00:00,1.12800000,1.12800000,1.12400000,1.12400000,7701.38000000,2026-05-18 07:04:59,8669.08581000,46
2026-05-18 07:05:00,1.12400000,1.12700000,1.12400000,1.12700000,3098.58000000,2026-05-18 07:09:59,3485.24261000,43
2026-05-18 07:10:00,1.12700000,1.12800000,1.12600000,1.12600000,1333.08000000,2026-05-18 07:14:59,1502.22430000,16
2026-05-18 07:15:00,1.12700000,1.12700000,1.12600000,1.12600000,807.53000000,2026-05-18 07:19:59,909.70709000,9
2026-05-18 07:20:00,1.12600000,1.12600000,1.12400000,1.12600000,1030.42000000,2026-05-18 07:24:59,1159.41708000,24
2026-05-18 07:25:00,1.12500000,1.12600000,1.12300000,1.12400000,1081.49000000,2026-05-18 07:29:59,1216.17065000,10
2026-05-18 07:30:00,1.12500000,1.12600000,1.12300000,1.12300000,4723.48000000,2026-05-18 07:34:59,5308.99186000,33
2026-05-18 07:35:00,1.12200000,1.12500000,1.12200000,1.12500000,1385.61000000,2026-05-18 07:39:59,1555.51304000,21
2026-05-18 07:40:00,1.12500000,1.12600000,1.12500000,1.12600000,1548.04000000,2026-05-18 07:44:59,1741.57449000,19
2026-05-18 07:45:00,1.12700000,1.12900000,1.12700000,1.12800000,2885.58000000,2026-05-18 07:49:59,3254.93738000,44
2026-05-18 07:50:00,1.12800000,1.12900000,1.12800000,1.12800000,350.62000000,2026-05-18 07:54:59,395.51265000,10
2026-05-18 07:55:00,1.12700000,1.12700000,1.12500000,1.12500000,1470.71000000,2026-05-18 07:59:59,1654.73116000,17
2026-05-18 08:00:00,1.12500000,1.12500000,1.12400000,1.12500000,1255.87000000,2026-05-18 08:04:59,1412.29948000,20
2026-05-18 08:05:00,1.12400000,1.12400000,1.12200000,1.12400000,875.55000000,2026-05-18 08:09:59,983.11524000,12
2026-05-18 08:10:00,1.12300000,1.12600000,1.12300000,1.12600000,6791.79000000,2026-05-18 08:14:59,7642.86984000,72
2026-05-18 08:15:00,1.12600000,1.12700000,1.12600000,1.12700000,1423.93000000,2026-05-18 08:19:59,1603.40598000,22
2026-05-18 08:20:00,1.12700000,1.12700000,1.12600000,1.12600000,349.44000000,2026-05-18 08:24:59,393.52565000,8
2026-05-18 08:25:00,1.12600000,1.12700000,1.12600000,1.12700000,272.57000000,2026-05-18 08:29:59,306.95796000,9
2026-05-18 08:30:00,1.12600000,1.13100000,1.12400000,1.13100000,2909.44000000,2026-05-18 08:34:59,3281.48664000,36
2026-05-18 08:35:00,1.13100000,1.13700000,1.13000000,1.13700000,2161.30000000,2026-05-18 08:39:59,2449.34195000,46
2026-05-18 08:40:00,1.13700000,1.14300000,1.13600000,1.14000000,8377.38000000,2026-05-18 08:44:59,9555.70915000,65
2026-05-18 08:45:00,1.13900000,1.14000000,1.13800000,1.13800000,2435.56000000,2026-05-18 08:49:59,2773.32659000,25
2026-05-18 08:50:00,1.13800000,1.13800000,1.13400000,1.13600000,14571.74000000,2026-05-18 08:54:59,16533.55643000,63
2026-05-18 08:55:00,1.13600000,1.13700000,1.13600000,1.13700000,3667.93000000,2026-05-18 08:59:59,4167.52795000,26
2026-05-18 09:00:00,1.13700000,1.14100000,1.13700000,1.13900000,5151.59000000,2026-05-18 09:04:59,5869.46702000,36
2026-05-18 09:05:00,1.14100000,1.14300000,1.14000000,1.14200000,990.44000000,2026-05-18 09:09:59,1131.35090000,13
2026-05-18 09:10:00,1.14300000,1.14300000,1.14200000,1.14200000,1286.93000000,2026-05-18 09:14:59,1470.10860000,11
2026-05-18 09:15:00,1.14200000,1.14600000,1.14200000,1.14500000,7697.53000000,2026-05-18 09:19:59,8806.61991000,47
2026-05-18 09:20:00,1.14500000,1.14900000,1.14500000,1.14800000,14101.63000000,2026-05-18 09:24:59,16186.79775000,76
2026-05-18 09:25:00,1.14800000,1.14900000,1.14600000,1.14800000,5243.85000000,2026-05-18 09:29:59,6016.73646000,42
2026-05-18 09:30:00,1.14700000,1.15100000,1.14700000,1.15000000,3252.30000000,2026-05-18 09:34:59,3738.09262000,37
2026-05-18 09:35:00,1.15100000,1.15600000,1.15100000,1.15600000,22257.74000000,2026-05-18 09:39:59,25712.86230000,86
2026-05-18 09:40:00,1.15600000,1.16200000,1.15500000,1.16100000,61030.41000000,2026-05-18 09:44:59,70750.12588000,257
2026-05-18 09:45:00,1.16200000,1.16300000,1.15900000,1.15900000,8403.01000000,2026-05-18 09:49:59,9761.97671000,78
2026-05-18 09:50:00,1.15900000,1.16100000,1.15800000,1.15900000,7567.62000000,2026-05-18 09:54:59,8774.69019000,67
2026-05-18 09:55:00,1.15800000,1.16000000,1.15500000,1.15600000,16309.18000000,2026-05-18 09:59:59,18871.81838000,171
2026-05-18 10:00:00,1.15700000,1.15900000,1.15100000,1.15200000,15317.54000000,2026-05-18 10:04:59,17693.06476000,182
2026-05-18 10:05:00,1.15200000,1.15400000,1.15200000,1.15200000,4581.58000000,2026-05-18 10:09:59,5280.24330000,47
2026-05-18 10:10:00,1.15300000,1.15400000,1.15100000,1.15400000,4757.54000000,2026-05-18 10:14:59,5481.15504000,67
2026-05-18 10:15:00,1.15400000,1.15400000,1.15300000,1.15300000,1969.46000000,2026-05-18 10:19:59,2271.60315000,31
2026-05-18 10:20:00,1.15400000,1.15600000,1.15400000,1.15600000,3073.19000000,2026-05-18 10:24:59,3550.77483000,25
2026-05-18 10:25:00,1.15600000,1.15700000,1.15300000,1.15500000,6268.09000000,2026-05-18 10:29:59,7240.63284000,73
2026-05-18 10:30:00,1.15400000,1.15600000,1.14900000,1.15100000,4145.53000000,2026-05-18 10:34:59,4781.96242000,104
2026-05-18 10:35:00,1.15000000,1.15200000,1.14600000,1.15000000,9973.19000000,2026-05-18 10:39:59,11457.69729000,151
2026-05-18 10:40:00,1.15000000,1.15300000,1.14600000,1.14700000,5849.91000000,2026-05-18 10:44:59,6723.33958000,101
2026-05-18 10:45:00,1.14600000,1.15100000,1.14500000,1.15100000,7873.07000000,2026-05-18 10:49:59,9025.52779000,96
2026-05-18 10:50:00,1.15100000,1.15200000,1.15000000,1.15200000,2437.09000000,2026-05-18 10:54:59,2804.91200000,42
2026-05-18 10:55:00,1.15100000,1.15300000,1.14700000,1.14800000,12892.74000000,2026-05-18 10:59:59,14804.96183000,91
2026-05-18 11:00:00,1.14700000,1.14700000,1.14400000,1.14500000,3075.47000000,2026-05-18 11:04:59,3522.83343000,24
2026-05-18 11:05:00,1.14700000,1.14700000,1.14400000,1.14600000,10141.67000000,2026-05-18 11:09:59,11616.62144000,62
2026-05-18 11:10:00,1.14400000,1.14600000,1.14000000,1.14100000,6617.18000000,2026-05-18 11:14:59,7558.60165000,54
2026-05-18 11:15:00,1.14100000,1.14200000,1.13300000,1.13700000,15452.32000000,2026-05-18 11:19:59,17554.93368000,109
2026-05-18 11:20:00,1.13800000,1.13800000,1.13500000,1.13500000,8415.34000000,2026-05-18 11:24:59,9569.31326000,48
2026-05-18 11:25:00,1.13600000,1.13900000,1.13600000,1.13600000,2353.69000000,2026-05-18 11:29:59,2676.55290000,21
2026-05-18 11:30:00,1.13700000,1.13700000,1.13300000,1.13300000,3646.59000000,2026-05-18 11:34:59,4135.95001000,31
2026-05-18 11:35:00,1.13400000,1.14000000,1.13100000,1.13800000,4675.88000000,2026-05-18 11:39:59,5310.80216000,52
2026-05-18 11:40:00,1.13900000,1.14000000,1.13600000,1.13600000,2088.54000000,2026-05-18 11:44:59,2375.89376000,26
2026-05-18 11:45:00,1.13500000,1.13500000,1.13100000,1.13400000,5120.30000000,2026-05-18 11:49:59,5804.83809000,46
2026-05-18 11:50:00,1.13400000,1.13700000,1.13400000,1.13400000,2563.55000000,2026-05-18 11:54:59,2911.17312000,26
2026-05-18 11:55:00,1.13400000,1.13800000,1.13400000,1.13800000,724.97000000,2026-05-18 11:59:59,823.59454000,18
2026-05-18 12:00:00,1.13800000,1.13800000,1.12900000,1.13100000,9215.41000000,2026-05-18 12:04:59,10457.92230000,63
2026-05-18 12:05:00,1.13100000,1.13500000,1.13100000,1.13400000,3944.38000000,2026-05-18 12:09:59,4473.40532000,23
2026-05-18 12:10:00,1.13400000,1.13800000,1.13400000,1.13400000,10879.21000000,2026-05-18 12:14:59,12353.35745000,75
2026-05-18 12:15:00,1.13300000,1.13500000,1.13200000,1.13300000,5703.40000000,2026-05-18 12:19:59,6464.30967000,48
2026-05-18 12:20:00,1.13400000,1.13400000,1.13100000,1.13300000,2635.94000000,2026-05-18 12:24:59,2987.83035000,30
2026-05-18 12:25:00,1.13400000,1.13600000,1.13000000,1.13000000,4997.39000000,2026-05-18 12:29:59,5664.72616000,51
2026-05-18 12:30:00,1.13000000,1.13300000,1.12900000,1.13300000,1193.56000000,2026-05-18 12:34:59,1350.24975000,22
2026-05-18 12:35:00,1.13300000,1.13600000,1.13300000,1.13500000,2067.18000000,2026-05-18 12:39:59,2345.45249000,30
2026-05-18 12:40:00,1.13600000,1.14200000,1.13600000,1.14000000,13825.45000000,2026-05-18 12:44:59,15746.99676000,76
2026-05-18 12:45:00,1.13900000,1.14300000,1.13900000,1.14300000,924.12000000,2026-05-18 12:49:59,1054.67356000,19
2026-05-18 12:50:00,1.14300000,1.14400000,1.14000000,1.14300000,2291.27000000,2026-05-18 12:54:59,2616.28586000,27
2026-05-18 12:55:00,1.14300000,1.14500000,1.14000000,1.14000000,1101.82000000,2026-05-18 12:59:59,1258.49526000,13
2026-05-18 13:00:00,1.14000000,1.14300000,1.14000000,1.14000000,2854.32000000,2026-05-18 13:04:59,3257.20645000,30
2026-05-18 13:05:00,1.14100000,1.14300000,1.14100000,1.14300000,2690.67000000,2026-05-18 13:09:59,3070.38319000,22
2026-05-18 13:10:00,1.14200000,1.14800000,1.14200000,1.14600000,2859.14000000,2026-05-18 13:14:59,3276.09539000,29
2026-05-18 13:15:00,1.14600000,1.14600000,1.14400000,1.14500000,5399.79000000,2026-05-18 13:19:59,6182.64554000,63
2026-05-18 13:20:00,1.14500000,1.14800000,1.14400000,1.14600000,2626.78000000,2026-05-18 13:24:59,3008.48324000,40
2026-05-18 13:25:00,1.14500000,1.14500000,1.13900000,1.14100000,3806.10000000,2026-05-18 13:29:59,4348.48818000,30
2026-05-18 13:30:00,1.14000000,1.14300000,1.13900000,1.14300000,3070.80000000,2026-05-18 13:34:59,3503.84059000,43
2026-05-18 13:35:00,1.14300000,1.14700000,1.14300000,1.14400000,1705.92000000,2026-05-18 13:39:59,1953.65613000,30
2026-05-18 13:40:00,1.14400000,1.14700000,1.14400000,1.14700000,2017.36000000,2026-05-18 13:44:59,2312.01754000,24
2026-05-18 13:45:00,1.14800000,1.14800000,1.14700000,1.14800000,2118.05000000,2026-05-18 13:49:59,2430.98880000,26
2026-05-18 13:50:00,1.14600000,1.14800000,1.14600000,1.14700000,4044.02000000,2026-05-18 13:54:59,4639.24190000,26
2026-05-18 13:55:00,1.14800000,1.14800000,1.14600000,1.14600000,2964.47000000,2026-05-18 13:59:59,3400.19274000,24
2026-05-18 14:00:00,1.14600000,1.15000000,1.14600000,1.15000000,2066.89000000,2026-05-18 14:04:59,2372.88057000,33
2026-05-18 14:05:00,1.15000000,1.15300000,1.15000000,1.15000000,2219.69000000,2026-05-18 14:09:59,2556.05863000,24
2026-05-18 14:10:00,1.15000000,1.15100000,1.15000000,1.15000000,481.27000000,2026-05-18 14:14:59,553.51050000,7
2026-05-18 14:15:00,1.15100000,1.15400000,1.15100000,1.15400000,2194.44000000,2026-05-18 14:19:59,2529.56361000,34
2026-05-18 14:20:00,1.15400000,1.15600000,1.15400000,1.15500000,2529.25000000,2026-05-18 14:24:59,2919.27891000,30
2026-05-18 14:25:00,1.15500000,1.15700000,1.15500000,1.15700000,1854.87000000,2026-05-18 14:29:59,2144.51590000,30
2026-05-18 14:30:00,1.15800000,1.16000000,1.15800000,1.15900000,1775.19000000,2026-05-18 14:34:59,2057.99853000,47
2026-05-18 14:35:00,1.16000000,1.16100000,1.15700000,1.15900000,1633.15000000,2026-05-18 14:39:59,1891.29873000,40
2026-05-18 14:40:00,1.15900000,1.16200000,1.15900000,1.15900000,11503.42000000,2026-05-18 14:44:59,13340.86307000,66
2026-05-18 14:45:00,1.16000000,1.16300000,1.16000000,1.16100000,19804.32000000,2026-05-18 14:49:59,22993.37198000,104
2026-05-18 14:50:00,1.16100000,1.16600000,1.16100000,1.16300000,24931.93000000,2026-05-18 14:54:59,28972.55380000,124
2026-05-18 14:55:00,1.16200000,1.16300000,1.16000000,1.16300000,7120.13000000,2026-05-18 14:59:59,8269.94686000,88
2026-05-18 15:00:00,1.16300000,1.16300000,1.15900000,1.16000000,8260.95000000,2026-05-18 15:04:59,9589.71438000,74
2026-05-18 15:05:00,1.16100000,1.16200000,1.15700000,1.16100000,2161.95000000,2026-05-18 15:09:59,2506.15691000,45
2026-05-18 15:10:00,1.16000000,1.17400000,1.15900000,1.17200000,105028.99000000,2026-05-18 15:14:59,122839.37267000,423
2026-05-18 15:15:00,1.17100000,1.18300000,1.16500000,1.18000000,433442.60000000,2026-05-18 15:19:59,508334.27953000,2961
2026-05-18 15:20:00,1.18000000,1.19000000,1.17200000,1.18600000,409293.69000000,2026-05-18 15:24:59,483189.74774000,2928
2026-05-18 15:25:00,1.18600000,1.19600000,1.18000000,1.19300000,340067.81000000,2026-05-18 15:29:59,404067.70636000,3324
2026-05-18 15:30:00,1.19200000,1.19600000,1.16100000,1.16500000,167218.13000000,2026-05-18 15:34:59,197838.89801000,1068
2026-05-18 15:35:00,1.16600000,1.16600000,1.15500000,1.16000000,63709.32000000,2026-05-18 15:39:59,73885.03319000,496
2026-05-18 15:40:00,1.16000000,1.16500000,1.15800000,1.16300000,84325.93000000,2026-05-18 15:44:59,97954.22017000,528
2026-05-18 15:45:00,1.16400000,1.17000000,1.16100000,1.16900000,68922.48000000,2026-05-18 15:49:59,80396.93023000,459
2026-05-18 15:50:00,1.16800000,1.18400000,1.16600000,1.17900000,246947.17000000,2026-05-18 15:54:59,290193.22149000,1313
2026-05-18 15:55:00,1.17800000,1.18900000,1.16800000,1.17000000,147558.65000000,2026-05-18 15:59:59,173823.88639000,998
2026-05-18 16:00:00,1.17100000,1.18800000,1.16400000,1.18400000,139674.80000000,2026-05-18 16:04:59,163968.81660000,702
2026-05-18 16:05:00,1.18500000,1.18600000,1.16900000,1.17700000,43554.36000000,2026-05-18 16:09:59,51213.26594000,333
2026-05-18 16:10:00,1.17700000,1.17900000,1.16100000,1.16300000,72304.01000000,2026-05-18 16:14:59,84566.80657000,571
2026-05-18 16:15:00,1.16300000,1.16800000,1.16000000,1.16200000,48764.36000000,2026-05-18 16:19:59,56723.73258000,540
2026-05-18 16:20:00,1.16200000,1.16300000,1.15600000,1.16000000,22688.91000000,2026-05-18 16:24:59,26310.15998000,377
2026-05-18 16:25:00,1.15900000,1.16900000,1.15600000,1.16800000,23774.40000000,2026-05-18 16:29:59,27615.42239000,249
2026-05-18 16:30:00,1.16700000,1.17000000,1.16500000,1.17000000,40799.31000000,2026-05-18 16:34:59,47635.46036000,337
2026-05-18 16:35:00,1.17100000,1.17100000,1.16500000,1.16600000,41444.38000000,2026-05-18 16:39:59,48377.90687000,227
2026-05-18 16:40:00,1.16600000,1.17200000,1.16600000,1.17000000,70936.24000000,2026-05-18 16:44:59,82853.10783000,451
2026-05-18 16:45:00,1.17000000,1.17700000,1.16800000,1.17500000,15401.74000000,2026-05-18 16:49:59,18047.04331000,166
2026-05-18 16:50:00,1.17400000,1.17500000,1.17000000,1.17000000,26320.40000000,2026-05-18 16:54:59,30897.44451000,156
2026-05-18 16:55:00,1.16900000,1.17300000,1.16900000,1.17000000,5663.51000000,2026-05-18 16:59:59,6632.96119000,88
2026-05-18 17:00:00,1.17000000,1.17300000,1.16400000,1.16500000,12632.34000000,2026-05-18 17:04:59,14754.83317000,151
2026-05-18 17:05:00,1.16400000,1.17000000,1.16400000,1.16900000,4531.43000000,2026-05-18 17:09:59,5288.34920000,67
2026-05-18 17:10:00,1.16900000,1.17400000,1.16700000,1.17300000,15951.66000000,2026-05-18 17:14:59,18676.19136000,170
2026-05-18 17:15:00,1.17300000,1.17400000,1.17000000,1.17100000,14007.43000000,2026-05-18 17:19:59,16419.77908000,136
2026-05-18 17:20:00,1.17100000,1.17300000,1.16900000,1.17300000,8496.87000000,2026-05-18 17:24:59,9942.35906000,90
2026-05-18 17:25:00,1.17300000,1.17400000,1.17100000,1.17400000,8956.87000000,2026-05-18 17:29:59,10500.66671000,100
2026-05-18 17:30:00,1.17400000,1.17600000,1.17200000,1.17500000,7604.61000000,2026-05-18 17:34:59,8928.79887000,81
2026-05-18 17:35:00,1.17400000,1.17400000,1.16800000,1.16800000,14028.83000000,2026-05-18 17:39:59,16426.23292000,112
2026-05-18 17:40:00,1.16700000,1.17000000,1.16500000,1.16600000,11764.66000000,2026-05-18 17:44:59,13736.47402000,123
2026-05-18 17:45:00,1.16700000,1.16700000,1.16200000,1.16300000,5793.84000000,2026-05-18 17:49:59,6743.70018000,69
2026-05-18 17:50:00,1.16400000,1.16500000,1.16200000,1.16500000,10500.69000000,2026-05-18 17:54:59,12215.11906000,154
2026-05-18 17:55:00,1.16600000,1.17500000,1.16500000,1.17500000,30099.16000000,2026-05-18 17:59:59,35192.56670000,246
2026-05-18 18:00:00,1.17500000,1.17600000,1.17000000,1.17100000,26662.83000000,2026-05-18 18:04:59,31258.15615000,345
2026-05-18 18:05:00,1.17100000,1.17600000,1.16900000,1.17100000,47111.40000000,2026-05-18 18:09:59,55251.34275000,268
2026-05-18 18:10:00,1.17000000,1.17500000,1.16800000,1.17300000,8688.09000000,2026-05-18 18:14:59,10178.96882000,120
2026-05-18 18:15:00,1.17300000,1.17400000,1.16900000,1.17000000,11140.80000000,2026-05-18 18:19:59,13051.90207000,105
2026-05-18 18:20:00,1.17100000,1.17600000,1.17000000,1.17600000,25557.78000000,2026-05-18 18:24:59,29955.77936000,132
2026-05-18 18:25:00,1.17600000,1.18000000,1.17600000,1.17900000,11824.16000000,2026-05-18 18:29:59,13941.78551000,82
2026-05-18 18:30:00,1.17900000,1.18100000,1.17700000,1.18000000,9926.48000000,2026-05-18 18:34:59,11704.02811000,75
2026-05-18 18:35:00,1.17900000,1.18300000,1.17800000,1.18100000,5333.44000000,2026-05-18 18:39:59,6297.52469000,87
2026-05-18 18:40:00,1.18200000,1.18200000,1.17800000,1.18000000,6728.74000000,2026-05-18 18:44:59,7933.34010000,46
2026-05-18 18:45:00,1.18200000,1.18200000,1.17800000,1.17800000,7561.66000000,2026-05-18 18:49:59,8923.44828000,66
2026-05-18 18:50:00,1.17800000,1.17900000,1.17500000,1.17600000,26333.20000000,2026-05-18 18:54:59,30977.41566000,120
2026-05-18 18:55:00,1.17700000,1.17800000,1.17600000,1.17800000,469.63000000,2026-05-18 18:59:59,552.90289000,14
2026-05-18 19:00:00,1.17700000,1.17700000,1.17000000,1.17600000,32607.16000000,2026-05-18 19:04:59,38243.31050000,163
2026-05-18 19:05:00,1.17700000,1.17900000,1.17500000,1.17800000,6585.93000000,2026-05-18 19:09:59,7754.21205000,66
2026-05-18 19:10:00,1.17800000,1.17900000,1.17600000,1.17700000,3848.42000000,2026-05-18 19:14:59,4530.50785000,35
2026-05-18 19:15:00,1.17600000,1.18100000,1.17500000,1.18000000,15225.06000000,2026-05-18 19:19:59,17942.44365000,123
2026-05-18 19:20:00,1.18000000,1.18600000,1.18000000,1.18500000,13082.88000000,2026-05-18 19:24:59,15492.31886000,99
2026-05-18 19:25:00,1.18600000,1.18600000,1.18300000,1.18400000,6041.35000000,2026-05-18 19:29:59,7153.97951000,90
2026-05-18 19:30:00,1.18400000,1.18700000,1.18200000,1.18600000,13941.49000000,2026-05-18 19:34:59,16512.21223000,134
2026-05-18 19:35:00,1.18700000,1.18800000,1.18300000,1.18300000,12782.89000000,2026-05-18 19:39:59,15148.61701000,102
2026-05-18 19:40:00,1.18300000,1.18300000,1.17700000,1.17800000,3513.74000000,2026-05-18 19:44:59,4143.78669000,59
2026-05-18 19:45:00,1.17700000,1.17800000,1.17300000,1.17700000,23789.36000000,2026-05-18 19:49:59,27977.34240000,149
2026-05-18 19:50:00,1.17700000,1.18000000,1.17500000,1.17900000,20762.59000000,2026-05-18 19:54:59,24460.33308000,100
2026-05-18 19:55:00,1.17900000,1.18300000,1.17800000,1.18200000,1362.96000000,2026-05-18 19:59:59,1608.98936000,23
2026-05-18 20:00:00,1.18200000,1.18500000,1.18200000,1.18400000,3163.70000000,2026-05-18 20:04:59,3741.25960000,32
2026-05-18 20:05:00,1.18300000,1.18700000,1.18200000,1.18700000,6436.44000000,2026-05-18 20:09:59,7625.97597000,36
2026-05-18 20:10:00,1.18800000,1.18800000,1.18500000,1.18500000,4536.68000000,2026-05-18 20:14:59,5384.86522000,42
2026-05-18 20:15:00,1.18400000,1.18700000,1.18300000,1.18600000,11697.87000000,2026-05-18 20:19:59,13867.29621000,127
2026-05-18 20:20:00,1.18600000,1.19300000,1.18600000,1.19200000,10710.70000000,2026-05-18 20:24:59,12750.18274000,104
2026-05-18 20:25:00,1.19200000,1.19300000,1.18900000,1.19200000,13520.57000000,2026-05-18 20:29:59,16108.48728000,117
2026-05-18 20:30:00,1.19200000,1.19600000,1.19100000,1.19500000,12488.90000000,2026-05-18 20:34:59,14911.22295000,99
2026-05-18 20:35:00,1.19600000,1.20400000,1.19500000,1.20300000,51218.01000000,2026-05-18 20:39:59,61393.37028000,359
2026-05-18 20:40:00,1.20400000,1.20600000,1.20200000,1.20500000,28339.14000000,2026-05-18 20:44:59,34102.04138000,184
2026-05-18 20:45:00,1.20400000,1.20400000,1.19500000,1.20000000,31096.09000000,2026-05-18 20:49:59,37335.14525000,217
2026-05-18 20:50:00,1.20000000,1.20000000,1.19600000,1.19900000,13393.89000000,2026-05-18 20:54:59,16039.59413000,107
2026-05-18 20:55:00,1.20000000,1.20500000,1.19900000,1.20500000,12411.27000000,2026-05-18 20:59:59,14909.77348000,76
2026-05-18 21:00:00,1.20400000,1.20700000,1.20000000,1.20200000,37842.82000000,2026-05-18 21:04:59,45507.97868000,240
2026-05-18 21:05:00,1.20200000,1.20300000,1.19100000,1.19700000,63797.43000000,2026-05-18 21:09:59,76285.39090000,387
2026-05-18 21:10:00,1.19800000,1.20400000,1.19800000,1.20400000,29104.95000000,2026-05-18 21:14:59,34971.06243000,173
2026-05-18 21:15:00,1.20400000,1.21100000,1.20300000,1.21100000,13811.18000000,2026-05-18 21:19:59,16675.47504000,93
2026-05-18 21:20:00,1.21100000,1.21700000,1.20800000,1.21200000,26805.31000000,2026-05-18 21:24:59,32545.68274000,155
2026-05-18 21:25:00,1.21100000,1.21100000,1.20100000,1.20400000,18594.76000000,2026-05-18 21:29:59,22380.96805000,155
2026-05-18 21:30:00,1.20500000,1.20700000,1.19900000,1.20100000,17247.74000000,2026-05-18 21:34:59,20733.70488000,101
2026-05-18 21:35:00,1.20100000,1.20100000,1.19100000,1.19200000,39025.92000000,2026-05-18 21:39:59,46729.33508000,243
2026-05-18 21:40:00,1.19200000,1.19300000,1.18700000,1.19300000,2825.06000000,2026-05-18 21:44:59,3363.00651000,41
2026-05-18 21:45:00,1.19500000,1.19600000,1.19300000,1.19500000,12016.65000000,2026-05-18 21:49:59,14359.57519000,102
2026-05-18 21:50:00,1.19400000,1.20000000,1.19400000,1.20000000,11707.96000000,2026-05-18 21:54:59,14006.92151000,104
2026-05-18 21:55:00,1.20000000,1.20100000,1.19800000,1.19800000,6386.80000000,2026-05-18 21:59:59,7659.89879000,46
2026-05-18 22:00:00,1.19800000,1.19900000,1.19100000,1.19100000,8793.68000000,2026-05-18 22:04:59,10518.53104000,85
2026-05-18 22:05:00,1.19300000,1.19600000,1.19100000,1.19600000,4022.61000000,2026-05-18 22:09:59,4799.02775000,38
2026-05-18 22:10:00,1.19600000,1.20100000,1.19500000,1.20000000,11351.45000000,2026-05-18 22:14:59,13613.33003000,88
2026-05-18 22:15:00,1.19900000,1.20100000,1.19600000,1.20000000,17107.74000000,2026-05-18 22:19:59,20495.70294000,101
2026-05-18 22:20:00,1.20000000,1.20100000,1.19700000,1.19900000,9785.52000000,2026-05-18 22:24:59,11736.87399000,58
2026-05-18 22:25:00,1.19800000,1.19800000,1.19200000,1.19200000,6698.20000000,2026-05-18 22:29:59,8005.64098000,68
2026-05-18 22:30:00,1.19000000,1.19900000,1.19000000,1.19900000,10254.49000000,2026-05-18 22:34:59,12244.18703000,69
2026-05-18 22:35:00,1.19900000,1.20100000,1.19800000,1.19900000,6124.07000000,2026-05-18 22:39:59,7347.04485000,59
2026-05-18 22:40:00,1.19800000,1.20000000,1.19000000,1.19900000,39644.79000000,2026-05-18 22:44:59,47320.23984000,177
2026-05-18 22:45:00,1.19900000,1.20000000,1.19700000,1.20000000,6916.95000000,2026-05-18 22:49:59,8287.75787000,44
2026-05-18 22:50:00,1.20100000,1.20400000,1.19800000,1.19800000,7382.35000000,2026-05-18 22:54:59,8866.06665000,57
2026-05-18 22:55:00,1.19800000,1.19800000,1.19400000,1.19400000,774.08000000,2026-05-18 22:59:59,925.74930000,17
2026-05-18 23:00:00,1.19300000,1.19400000,1.18800000,1.18900000,6880.85000000,2026-05-18 23:04:59,8202.13048000,61
2026-05-18 23:05:00,1.18900000,1.19100000,1.18000000,1.18000000,55925.80000000,2026-05-18 23:09:59,66230.66654000,232
2026-05-18 23:10:00,1.18000000,1.18200000,1.18000000,1.18200000,21315.82000000,2026-05-18 23:14:59,25176.53987000,101
2026-05-18 23:15:00,1.18200000,1.18600000,1.18200000,1.18600000,5744.07000000,2026-05-18 23:19:59,6796.89190000,71
2026-05-18 23:20:00,1.18700000,1.19000000,1.18500000,1.19000000,24061.04000000,2026-05-18 23:24:59,28565.47636000,142
2026-05-18 23:25:00,1.18900000,1.18900000,1.18100000,1.18200000,4782.10000000,2026-05-18 23:29:59,5667.42467000,58
2026-05-18 23:30:00,1.18300000,1.18500000,1.18000000,1.18000000,15896.78000000,2026-05-18 23:34:59,18803.89719000,104
2026-05-18 23:35:00,1.18100000,1.18300000,1.17900000,1.18200000,9926.82000000,2026-05-18 23:39:59,11724.23381000,107
2026-05-18 23:40:00,1.18300000,1.18500000,1.18300000,1.18300000,5751.61000000,2026-05-18 23:44:59,6807.58624000,28
2026-05-18 23:45:00,1.18500000,1.18600000,1.18400000,1.18400000,4496.82000000,2026-05-18 23:49:59,5330.38831000,31
2026-05-18 23:50:00,1.18400000,1.18400000,1.17300000,1.17900000,36627.70000000,2026-05-18 23:54:59,43051.84090000,241
2026-05-18 23:55:00,1.17900000,1.18000000,1.17600000,1.17700000,10622.02000000,2026-05-18 23:59:59,12500.21788000,41
2026-05-19 00:00:00,1.17700000,1.17800000,1.17500000,1.17600000,3888.87000000,2026-05-19 00:04:59,4575.48210000,40
2026-05-19 00:05:00,1.17600000,1.18100000,1.17600000,1.18100000,2935.54000000,2026-05-19 00:09:59,3459.98908000,23
2026-05-19 00:10:00,1.18000000,1.18300000,1.18000000,1.18200000,1410.86000000,2026-05-19 00:14:59,1666.98024000,14
2026-05-19 00:15:00,1.18100000,1.18300000,1.17900000,1.17900000,2771.36000000,2026-05-19 00:19:59,3273.12450000,22
2026-05-19 00:20:00,1.18000000,1.18000000,1.17800000,1.17900000,1935.80000000,2026-05-19 00:24:59,2282.21766000,19
2026-05-19 00:25:00,1.17800000,1.17900000,1.17700000,1.17900000,1340.21000000,2026-05-19 00:29:59,1578.77838000,8
2026-05-19 00:30:00,1.17900000,1.18000000,1.17800000,1.17900000,3310.22000000,2026-05-19 00:34:59,3904.17462000,26
2026-05-19 00:35:00,1.17900000,1.18100000,1.17900000,1.18100000,2640.62000000,2026-05-19 00:39:59,3116.22910000,28
2026-05-19 00:40:00,1.18000000,1.18200000,1.18000000,1.18200000,902.27000000,2026-05-19 00:44:59,1065.61464000,11
2026-05-19 00:45:00,1.18200000,1.18200000,1.17800000,1.17900000,3914.60000000,2026-05-19 00:49:59,4619.51467000,37
2026-05-19 00:50:00,1.17900000,1.17900000,1.17400000,1.17500000,5159.33000000,2026-05-19 00:54:59,6072.46566000,41
2026-05-19 00:55:00,1.17400000,1.17700000,1.17400000,1.17600000,5659.93000000,2026-05-19 00:59:59,6653.63460000,60
2026-05-19 01:00:00,1.17500000,1.17700000,1.17400000,1.17700000,2954.48000000,2026-05-19 01:04:59,3472.92043000,33
2026-05-19 01:05:00,1.17800000,1.18300000,1.17800000,1.18200000,7975.99000000,2026-05-19 01:09:59,9414.48787000,45
2026-05-19 01:10:00,1.18200000,1.18300000,1.18000000,1.18300000,3749.00000000,2026-05-19 01:14:59,4432.42549000,51
2026-05-19 01:15:00,1.18200000,1.18400000,1.18200000,1.18300000,5256.47000000,2026-05-19 01:19:59,6218.43529000,36
2026-05-19 01:20:00,1.18200000,1.18400000,1.17900000,1.17900000,3641.97000000,2026-05-19 01:24:59,4302.22505000,37
2026-05-19 01:25:00,1.17900000,1.17900000,1.17600000,1.17700000,2059.29000000,2026-05-19 01:29:59,2424.75122000,31
2026-05-19 01:30:00,1.17600000,1.17800000,1.17500000,1.17500000,4850.00000000,2026-05-19 01:34:59,5701.32746000,28
2026-05-19 01:35:00,1.17600000,1.17800000,1.17400000,1.17600000,13744.84000000,2026-05-19 01:39:59,16153.85042000,60
2026-05-19 01:40:00,1.17700000,1.17900000,1.17700000,1.17700000,2475.38000000,2026-05-19 01:44:59,2915.41892000,34
2026-05-19 01:45:00,1.17800000,1.17900000,1.17600000,1.17600000,6123.23000000,2026-05-19 01:49:59,7210.43287000,38
2026-05-19 01:50:00,1.17600000,1.17800000,1.17600000,1.17700000,3926.55000000,2026-05-19 01:54:59,4622.18549000,31
2026-05-19 01:55:00,1.17800000,1.17800000,1.17600000,1.17800000,6628.84000000,2026-05-19 01:59:59,7806.54499000,64
2026-05-19 02:00:00,1.17800000,1.18000000,1.17800000,1.17800000,6134.97000000,2026-05-19 02:04:59,7232.55938000,55
2026-05-19 02:05:00,1.17700000,1.17700000,1.17400000,1.17400000,6613.74000000,2026-05-19 02:09:59,7769.07114000,32
2026-05-19 02:10:00,1.17500000,1.17500000,1.17200000,1.17200000,4676.43000000,2026-05-19 02:14:59,5486.81723000,34
2026-05-19 02:15:00,1.17200000,1.17300000,1.16900000,1.17100000,5852.82000000,2026-05-19 02:19:59,6854.33483000,53
2026-05-19 02:20:00,1.17100000,1.17100000,1.16600000,1.16600000,13880.34000000,2026-05-19 02:24:59,16214.03338000,199
2026-05-19 02:25:00,1.16600000,1.17200000,1.16600000,1.17200000,8824.41000000,2026-05-19 02:29:59,10309.27507000,109
2026-05-19 02:30:00,1.17100000,1.17400000,1.17000000,1.17200000,5141.92000000,2026-05-19 02:34:59,6023.00424000,95
2026-05-19 02:35:00,1.17100000,1.17500000,1.17100000,1.17400000,1097.80000000,2026-05-19 02:39:59,1288.46209000,20
2026-05-19 02:40:00,1.17400000,1.17600000,1.17200000,1.17200000,6911.58000000,2026-05-19 02:44:59,8110.05908000,41
2026-05-19 02:45:00,1.17200000,1.17400000,1.17100000,1.17400000,2606.03000000,2026-05-19 02:49:59,3054.24587000,41
2026-05-19 02:50:00,1.17500000,1.17500000,1.17400000,1.17400000,1721.47000000,2026-05-19 02:54:59,2021.74192000,20
2026-05-19 02:55:00,1.17300000,1.17300000,1.17100000,1.17100000,436.72000000,2026-05-19 02:59:59,511.72421000,22
2026-05-19 03:00:00,1.17000000,1.17200000,1.16900000,1.17200000,1275.39000000,2026-05-19 03:04:59,1492.90002000,22
2026-05-19 03:05:00,1.17300000,1.17300000,1.17100000,1.17300000,3884.33000000,2026-05-19 03:09:59,4553.46199000,41
2026-05-19 03:10:00,1.17300000,1.17300000,1.16800000,1.17100000,101648.56000000,2026-05-19 03:14:59,118979.57177000,278
2026-05-19 03:15:00,1.17100000,1.17100000,1.16800000,1.16800000,4309.41000000,2026-05-19 03:19:59,5039.12742000,44
2026-05-19 03:20:00,1.16900000,1.17100000,1.16900000,1.17100000,2061.59000000,2026-05-19 03:24:59,2412.50583000,28
2026-05-19 03:25:00,1.17000000,1.17300000,1.17000000,1.17200000,9624.01000000,2026-05-19 03:29:59,11270.56177000,83
2026-05-19 03:30:00,1.17200000,1.17400000,1.17000000,1.17400000,2937.31000000,2026-05-19 03:34:59,3442.87365000,36
2026-05-19 03:35:00,1.17400000,1.17500000,1.17300000,1.17400000,2490.70000000,2026-05-19 03:39:59,2923.18430000,25
2026-05-19 03:40:00,1.17400000,1.17400000,1.17100000,1.17300000,4486.22000000,2026-05-19 03:44:59,5259.79587000,32
2026-05-19 03:45:00,1.17300000,1.17300000,1.17000000,1.17100000,3867.58000000,2026-05-19 03:49:59,4532.12768000,34
2026-05-19 03:50:00,1.17100000,1.17200000,1.17000000,1.17100000,2546.74000000,2026-05-19 03:54:59,2981.71176000,34
2026-05-19 03:55:00,1.17100000,1.17500000,1.17100000,1.17500000,5982.65000000,2026-05-19 03:59:59,7020.56420000,38
2026-05-19 04:00:00,1.17500000,1.17500000,1.17200000,1.17400000,6620.98000000,2026-05-19 04:04:59,7770.54171000,48
2026-05-19 04:05:00,1.17400000,1.17800000,1.17400000,1.17700000,6062.80000000,2026-05-19 04:09:59,7129.47406000,47
2026-05-19 04:10:00,1.17600000,1.17700000,1.17400000,1.17700000,3476.58000000,2026-05-19 04:14:59,4086.92497000,44
2026-05-19 04:15:00,1.17600000,1.17800000,1.17500000,1.17500000,11815.90000000,2026-05-19 04:19:59,13904.58830000,61
2026-05-19 04:20:00,1.17600000,1.17600000,1.17300000,1.17500000,3476.99000000,2026-05-19 04:24:59,4083.82154000,51
2026-05-19 04:25:00,1.17400000,1.17400000,1.17200000,1.17200000,600.16000000,2026-05-19 04:29:59,704.30632000,16
2026-05-19 04:30:00,1.17300000,1.17500000,1.17200000,1.17500000,6445.66000000,2026-05-19 04:34:59,7562.37924000,48
2026-05-19 04:35:00,1.17400000,1.17400000,1.17200000,1.17300000,4845.49000000,2026-05-19 04:39:59,5685.95770000,62
2026-05-19 04:40:00,1.17300000,1.17400000,1.17200000,1.17400000,1049.16000000,2026-05-19 04:44:59,1230.81796000,17
2026-05-19 04:45:00,1.17400000,1.17600000,1.17400000,1.17500000,6338.66000000,2026-05-19 04:49:59,7447.88377000,48
2026-05-19 04:50:00,1.17500000,1.17700000,1.17500000,1.17500000,5043.93000000,2026-05-19 04:54:59,5928.65022000,45
2026-05-19 04:55:00,1.17600000,1.17600000,1.17400000,1.17400000,1369.20000000,2026-05-19 04:59:59,1609.21681000,20
2026-05-19 05:00:00,1.17400000,1.17400000,1.17200000,1.17200000,2924.86000000,2026-05-19 05:04:59,3433.18707000,20
2026-05-19 05:05:00,1.17100000,1.17100000,1.16700000,1.16800000,3096.31000000,2026-05-19 05:09:59,3619.85828000,51
2026-05-19 05:10:00,1.16800000,1.16800000,1.16500000,1.16600000,1250.60000000,2026-05-19 05:14:59,1457.71820000,22
2026-05-19 05:15:00,1.16700000,1.16900000,1.16700000,1.16800000,5794.66000000,2026-05-19 05:19:59,6767.65309000,54
2026-05-19 05:20:00,1.16900000,1.16900000,1.16700000,1.16900000,1202.42000000,2026-05-19 05:24:59,1404.69694000,19
2026-05-19 05:25:00,1.16800000,1.17000000,1.16700000,1.17000000,2497.18000000,2026-05-19 05:29:59,2917.08219000,35
2026-05-19 05:30:00,1.17100000,1.17200000,1.17100000,1.17100000,3392.60000000,2026-05-19 05:34:59,3973.11788000,27
2026-05-19 05:35:00,1.17200000,1.17500000,1.17200000,1.17400000,2502.25000000,2026-05-19 05:39:59,2935.48393000,41
2026-05-19 05:40:00,1.17500000,1.18100000,1.17400000,1.17800000,15163.14000000,2026-05-19 05:44:59,17869.44314000,135
2026-05-19 05:45:00,1.17800000,1.18100000,1.17800000,1.17900000,7225.13000000,2026-05-19 05:49:59,8525.12602000,63
2026-05-19 05:50:00,1.18000000,1.18000000,1.17600000,1.17600000,11440.15000000,2026-05-19 05:54:59,13480.98202000,107
2026-05-19 05:55:00,1.17600000,1.17700000,1.17300000,1.17300000,13957.55000000,2026-05-19 05:59:59,16402.57249000,149
2026-05-19 06:00:00,1.17200000,1.17300000,1.17000000,1.17100000,31378.99000000,2026-05-19 06:04:59,36771.82720000,122
2026-05-19 06:05:00,1.17100000,1.17200000,1.16900000,1.17200000,2179.82000000,2026-05-19 06:09:59,2551.80525000,28
2026-05-19 06:10:00,1.17100000,1.17100000,1.17100000,1.17100000,2295.93000000,2026-05-19 06:14:59,2688.53403000,13
2026-05-19 06:15:00,1.17100000,1.17300000,1.17000000,1.17200000,6403.41000000,2026-05-19 06:19:59,7501.34392000,102
2026-05-19 06:20:00,1.17200000,1.17200000,1.16900000,1.17100000,2291.81000000,2026-05-19 06:24:59,2682.44253000,33
2026-05-19 06:25:00,1.17100000,1.17100000,1.16800000,1.17100000,9219.69000000,2026-05-19 06:29:59,10780.38914000,83
2026-05-19 06:30:00,1.17200000,1.17600000,1.17100000,1.17400000,6171.03000000,2026-05-19 06:34:59,7242.49609000,87
2026-05-19 06:35:00,1.17400000,1.17700000,1.17400000,1.17500000,3611.78000000,2026-05-19 06:39:59,4244.96847000,38
2026-05-19 06:40:00,1.17500000,1.17600000,1.17000000,1.17000000,6999.17000000,2026-05-19 06:44:59,8215.04223000,94
2026-05-19 06:45:00,1.17100000,1.17400000,1.17100000,1.17400000,2550.06000000,2026-05-19 06:49:59,2989.52700000,24
2026-05-19 06:50:00,1.17400000,1.17800000,1.17400000,1.17700000,5068.24000000,2026-05-19 06:54:59,5963.50078000,55
2026-05-19 06:55:00,1.17700000,1.17900000,1.17600000,1.17800000,6611.41000000,2026-05-19 06:59:59,7784.44184000,57
2026-05-19 07:00:00,1.17700000,1.18000000,1.17500000,1.17800000,10870.48000000,2026-05-19 07:04:59,12795.06012000,132
2026-05-19 07:05:00,1.17700000,1.18100000,1.17700000,1.18000000,11718.57000000,2026-05-19 07:09:59,13812.66254000,135
2026-05-19 07:10:00,1.18000000,1.18400000,1.18000000,1.18200000,16599.23000000,2026-05-19 07:14:59,19619.17127000,158
2026-05-19 07:15:00,1.18300000,1.18500000,1.18100000,1.18500000,13412.62000000,2026-05-19 07:19:59,15871.76733000,112
2026-05-19 07:20:00,1.18500000,1.19000000,1.18300000,1.19000000,12720.77000000,2026-05-19 07:24:59,15090.02438000,174
2026-05-19 07:25:00,1.19000000,1.19300000,1.18800000,1.19100000,24720.17000000,2026-05-19 07:29:59,29431.24192000,195
2026-05-19 07:30:00,1.19200000,1.19400000,1.19000000,1.19200000,18944.37000000,2026-05-19 07:34:59,22586.67146000,117
2026-05-19 07:35:00,1.19100000,1.19300000,1.18400000,1.18500000,15002.15000000,2026-05-19 07:39:59,17848.21162000,176
2026-05-19 07:40:00,1.18500000,1.18600000,1.18100000,1.18200000,6111.18000000,2026-05-19 07:44:59,7229.17857000,64
2026-05-19 07:45:00,1.18300000,1.18700000,1.17800000,1.18700000,8720.57000000,2026-05-19 07:49:59,10317.28568000,96
2026-05-19 07:50:00,1.18800000,1.18800000,1.18600000,1.18800000,6244.10000000,2026-05-19 07:54:59,7412.23144000,54
2026-05-19 07:55:00,1.18800000,1.18900000,1.18300000,1.18400000,14096.56000000,2026-05-19 07:59:59,16712.53436000,106
2026-05-19 08:00:00,1.18400000,1.18600000,1.18300000,1.18300000,16419.23000000,2026-05-19 08:04:59,19457.85445000,112
2026-05-19 08:05:00,1.18300000,1.18900000,1.18300000,1.18900000,7262.46000000,2026-05-19 08:09:59,8616.63222000,54
2026-05-19 08:10:00,1.18900000,1.18900000,1.18300000,1.18400000,2062.85000000,2026-05-19 08:14:59,2448.53112000,24
2026-05-19 08:15:00,1.18400000,1.18400000,1.18100000,1.18200000,6229.10000000,2026-05-19 08:19:59,7363.19659000,71
2026-05-19 08:20:00,1.18200000,1.18200000,1.17700000,1.17700000,6973.38000000,2026-05-19 08:24:59,8223.09050000,52
2026-05-19 08:25:00,1.17700000,1.17700000,1.17400000,1.17700000,5584.71000000,2026-05-19 08:29:59,6564.16047000,54
2026-05-19 08:30:00,1.17700000,1.17800000,1.17500000,1.17600000,5173.11000000,2026-05-19 08:34:59,6087.12631000,60
2026-05-19 08:35:00,1.17600000,1.17700000,1.17500000,1.17500000,4170.41000000,2026-05-19 08:39:59,4907.63012000,25
2026-05-19 08:40:00,1.17500000,1.17500000,1.16600000,1.16700000,8488.98000000,2026-05-19 08:44:59,9949.15258000,78
2026-05-19 08:45:00,1.16700000,1.17100000,1.16700000,1.17100000,8463.23000000,2026-05-19 08:49:59,9900.25421000,56
2026-05-19 08:50:00,1.17100000,1.17100000,1.16400000,1.16700000,16242.72000000,2026-05-19 08:54:59,18950.13221000,112
2026-05-19 08:55:00,1.16600000,1.16600000,1.16200000,1.16200000,7316.31000000,2026-05-19 08:59:59,8518.32376000,59
2026-05-19 09:00:00,1.16300000,1.16400000,1.15900000,1.16300000,11162.76000000,2026-05-19 09:04:59,12968.96498000,88
2026-05-19 09:05:00,1.16300000,1.16600000,1.16200000,1.16600000,5108.29000000,2026-05-19 09:09:59,5946.01111000,65
2026-05-19 09:10:00,1.16500000,1.16800000,1.16500000,1.16800000,5003.35000000,2026-05-19 09:14:59,5832.56600000,45
2026-05-19 09:15:00,1.16700000,1.17000000,1.16700000,1.16700000,5307.36000000,2026-05-19 09:19:59,6199.42700000,44
2026-05-19 09:20:00,1.16600000,1.16900000,1.16500000,1.16600000,12785.20000000,2026-05-19 09:24:59,14923.57995000,91
2026-05-19 09:25:00,1.16600000,1.16700000,1.16500000,1.16600000,2246.03000000,2026-05-19 09:29:59,2618.27559000,22
2026-05-19 09:30:00,1.16600000,1.16800000,1.16500000,1.16600000,7327.20000000,2026-05-19 09:34:59,8549.68232000,58
2026-05-19 09:35:00,1.16800000,1.16800000,1.16700000,1.16700000,5479.29000000,2026-05-19 09:39:59,6397.03963000,48
2026-05-19 09:40:00,1.16700000,1.16800000,1.16400000,1.16400000,8334.94000000,2026-05-19 09:44:59,9720.03212000,79
2026-05-19 09:45:00,1.16400000,1.16400000,1.16200000,1.16400000,2618.56000000,2026-05-19 09:49:59,3045.73704000,36
2026-05-19 09:50:00,1.16400000,1.16400000,1.16300000,1.16400000,2914.93000000,2026-05-19 09:54:59,3392.30809000,31
2026-05-19 09:55:00,1.16500000,1.16600000,1.16400000,1.16600000,5050.12000000,2026-05-19 09:59:59,5886.27759000,37
2026-05-19 10:00:00,1.16600000,1.16700000,1.16200000,1.16400000,7590.34000000,2026-05-19 10:04:59,8838.39412000,88
2026-05-19 10:05:00,1.16400000,1.16400000,1.16100000,1.16400000,10781.43000000,2026-05-19 10:09:59,12542.24959000,98
2026-05-19 10:10:00,1.16500000,1.16600000,1.16400000,1.16400000,4908.85000000,2026-05-19 10:14:59,5717.24412000,44
2026-05-19 10:15:00,1.16300000,1.16700000,1.16200000,1.16500000,11037.76000000,2026-05-19 10:19:59,12855.83629000,113
2026-05-19 10:20:00,1.16400000,1.16500000,1.16000000,1.16500000,16478.50000000,2026-05-19 10:24:59,19134.37279000,83
2026-05-19 10:25:00,1.16400000,1.16400000,1.16100000,1.16100000,4348.36000000,2026-05-19 10:29:59,5052.88423000,42
2026-05-19 10:30:00,1.16100000,1.16400000,1.16000000,1.16400000,23292.88000000,2026-05-19 10:34:59,27060.41765000,127
2026-05-19 10:35:00,1.16400000,1.16800000,1.16400000,1.16700000,5253.44000000,2026-05-19 10:39:59,6125.14096000,39
2026-05-19 10:40:00,1.16600000,1.16600000,1.16300000,1.16300000,2319.90000000,2026-05-19 10:44:59,2701.07387000,25
2026-05-19 10:45:00,1.16400000,1.16800000,1.16300000,1.16700000,17201.50000000,2026-05-19 10:49:59,20057.65147000,120
2026-05-19 10:50:00,1.16600000,1.16800000,1.16600000,1.16700000,3018.49000000,2026-05-19 10:54:59,3522.79271000,47
2026-05-19 10:55:00,1.16800000,1.16800000,1.16500000,1.16600000,9019.95000000,2026-05-19 10:59:59,10525.26341000,65
2026-05-19 11:00:00,1.16500000,1.16900000,1.16300000,1.16900000,6389.51000000,2026-05-19 11:04:59,7452.69612000,53
2026-05-19 11:05:00,1.17000000,1.17000000,1.16600000,1.16700000,11521.91000000,2026-05-19 11:09:59,13451.34097000,70
2026-05-19 11:10:00,1.16700000,1.17000000,1.16700000,1.16800000,3396.81000000,2026-05-19 11:14:59,3968.48233000,36
2026-05-19 11:15:00,1.16700000,1.16900000,1.16600000,1.16600000,5189.01000000,2026-05-19 11:19:59,6059.24633000,52
2026-05-19 11:20:00,1.16600000,1.16800000,1.16400000,1.16800000,2254.42000000,2026-05-19 11:24:59,2627.25942000,24
2026-05-19 11:25:00,1.16900000,1.17100000,1.16800000,1.16900000,3105.70000000,2026-05-19 11:29:59,3633.23580000,31
2026-05-19 11:30:00,1.16900000,1.17100000,1.16700000,1.16700000,2360.82000000,2026-05-19 11:34:59,2762.63891000,23
2026-05-19 11:35:00,1.16800000,1.17000000,1.16600000,1.16700000,4704.15000000,2026-05-19 11:39:59,5494.30130000,37
2026-05-19 11:40:00,1.16600000,1.17100000,1.16600000,1.16800000,3655.69000000,2026-05-19 11:44:59,4274.16607000,55
2026-05-19 11:45:00,1.16900000,1.16900000,1.16000000,1.16300000,4917.85000000,2026-05-19 11:49:59,5718.44296000,43
2026-05-19 11:50:00,1.16200000,1.16200000,1.15900000,1.16100000,8578.39000000,2026-05-19 11:54:59,9951.35288000,85
2026-05-19 11:55:00,1.16100000,1.16400000,1.16100000,1.16300000,2460.15000000,2026-05-19 11:59:59,2858.20649000,21
2026-05-19 12:00:00,1.16100000,1.16600000,1.16100000,1.16600000,3269.47000000,2026-05-19 12:04:59,3803.56865000,40
2026-05-19 12:05:00,1.16600000,1.16700000,1.16200000,1.16200000,1937.62000000,2026-05-19 12:09:59,2259.06992000,24
2026-05-19 12:10:00,1.16400000,1.16500000,1.16300000,1.16300000,4002.80000000,2026-05-19 12:14:59,4656.35352000,29
2026-05-19 12:15:00,1.16400000,1.16500000,1.16100000,1.16100000,2850.58000000,2026-05-19 12:19:59,3317.87474000,43
2026-05-19 12:20:00,1.16100000,1.16200000,1.15500000,1.15700000,18735.33000000,2026-05-19 12:24:59,21665.44593000,120
2026-05-19 12:25:00,1.15700000,1.15900000,1.15600000,1.15800000,2876.01000000,2026-05-19 12:29:59,3329.58230000,36
2026-05-19 12:30:00,1.15800000,1.16300000,1.15800000,1.16300000,4211.72000000,2026-05-19 12:34:59,4890.69848000,35
2026-05-19 12:35:00,1.16200000,1.16400000,1.16200000,1.16300000,1134.55000000,2026-05-19 12:39:59,1318.91502000,25
2026-05-19 12:40:00,1.16400000,1.16400000,1.16200000,1.16300000,3631.22000000,2026-05-19 12:44:59,4222.34683000,34
2026-05-19 12:45:00,1.16200000,1.16200000,1.16000000,1.16200000,2070.83000000,2026-05-19 12:49:59,2405.52652000,26
2026-05-19 12:50:00,1.16200000,1.16300000,1.16000000,1.16300000,3389.03000000,2026-05-19 12:54:59,3934.90431000,43
2026-05-19 12:55:00,1.16300000,1.16300000,1.16100000,1.16200000,1557.89000000,2026-05-19 12:59:59,1810.31157000,17
2026-05-19 13:00:00,1.16400000,1.16500000,1.16200000,1.16300000,7243.28000000,2026-05-19 13:04:59,8429.50249000,43
2026-05-19 13:05:00,1.16200000,1.16700000,1.16200000,1.16500000,8577.96000000,2026-05-19 13:09:59,9983.96511000,59
2026-05-19 13:10:00,1.16500000,1.16800000,1.16400000,1.16700000,7930.39000000,2026-05-19 13:14:59,9247.33755000,56
2026-05-19 13:15:00,1.16700000,1.16800000,1.16600000,1.16700000,3279.94000000,2026-05-19 13:19:59,3826.94410000,33
2026-05-19 13:20:00,1.16700000,1.16800000,1.16600000,1.16600000,7878.51000000,2026-05-19 13:24:59,9192.40218000,93
2026-05-19 13:25:00,1.16700000,1.16700000,1.16500000,1.16500000,1052.39000000,2026-05-19 13:29:59,1226.96446000,11
2026-05-19 13:30:00,1.16500000,1.16700000,1.16400000,1.16700000,5628.77000000,2026-05-19 13:34:59,6564.58358000,82
2026-05-19 13:35:00,1.16700000,1.16900000,1.16700000,1.16700000,3829.02000000,2026-05-19 13:39:59,4472.73757000,46
2026-05-19 13:40:00,1.16700000,1.16900000,1.16700000,1.16900000,1395.69000000,2026-05-19 13:44:59,1630.39301000,20
2026-05-19 13:45:00,1.16900000,1.17100000,1.16800000,1.16800000,2924.94000000,2026-05-19 13:49:59,3421.52133000,26
2026-05-19 13:50:00,1.16800000,1.17200000,1.16800000,1.17200000,1960.63000000,2026-05-19 13:54:59,2293.97314000,26
2026-05-19 13:55:00,1.17200000,1.17600000,1.17000000,1.17500000,23023.51000000,2026-05-19 13:59:59,27037.86551000,102
2026-05-19 14:00:00,1.17500000,1.17600000,1.17300000,1.17500000,20858.03000000,2026-05-19 14:04:59,24499.53648000,120
2026-05-19 14:05:00,1.17300000,1.17500000,1.17300000,1.17300000,2180.16000000,2026-05-19 14:09:59,2559.28544000,35
2026-05-19 14:10:00,1.17300000,1.17700000,1.17300000,1.17700000,6372.65000000,2026-05-19 14:14:59,7495.92100000,44
2026-05-19 14:15:00,1.17800000,1.17900000,1.17800000,1.17900000,2827.21000000,2026-05-19 14:19:59,3332.64208000,23
2026-05-19 14:20:00,1.18000000,1.18100000,1.17800000,1.17800000,8453.79000000,2026-05-19 14:24:59,9969.83243000,64
2026-05-19 14:25:00,1.17800000,1.17800000,1.17600000,1.17700000,3697.98000000,2026-05-19 14:29:59,4353.11828000,47
2026-05-19 14:30:00,1.17600000,1.17700000,1.17000000,1.17000000,6597.56000000,2026-05-19 14:34:59,7756.59369000,56
2026-05-19 14:35:00,1.17000000,1.17400000,1.17000000,1.17400000,3631.03000000,2026-05-19 14:39:59,4255.87254000,51
2026-05-19 14:40:00,1.17700000,1.17700000,1.17400000,1.17400000,1040.25000000,2026-05-19 14:44:59,1222.79695000,17
2026-05-19 14:45:00,1.17300000,1.17400000,1.17200000,1.17400000,1764.73000000,2026-05-19 14:49:59,2069.84272000,24
2026-05-19 14:50:00,1.17300000,1.17600000,1.17300000,1.17300000,5164.16000000,2026-05-19 14:54:59,6068.02376000,38
2026-05-19 14:55:00,1.17500000,1.17600000,1.17400000,1.17600000,1543.88000000,2026-05-19 14:59:59,1813.73825000,17
2026-05-19 15:00:00,1.17700000,1.17800000,1.17600000,1.17700000,9704.72000000,2026-05-19 15:04:59,11422.99080000,51
2026-05-19 15:05:00,1.17900000,1.18300000,1.17800000,1.18200000,7084.91000000,2026-05-19 15:09:59,8356.24912000,70
2026-05-19 15:10:00,1.18200000,1.18300000,1.18000000,1.18000000,3179.72000000,2026-05-19 15:14:59,3755.71999000,51
2026-05-19 15:15:00,1.18000000,1.18000000,1.17700000,1.17800000,17605.35000000,2026-05-19 15:19:59,20753.61977000,183
2026-05-19 15:20:00,1.17800000,1.18000000,1.17100000,1.17400000,12796.93000000,2026-05-19 15:24:59,15040.94836000,183
2026-05-19 15:25:00,1.17400000,1.17400000,1.16900000,1.16900000,7206.89000000,2026-05-19 15:29:59,8447.37365000,97
2026-05-19 15:30:00,1.17000000,1.17000000,1.16500000,1.16600000,28093.91000000,2026-05-19 15:34:59,32770.84491000,205
2026-05-19 15:35:00,1.16600000,1.17400000,1.16600000,1.17200000,19618.84000000,2026-05-19 15:39:59,22958.51386000,130
2026-05-19 15:40:00,1.17100000,1.17200000,1.17100000,1.17200000,2890.66000000,2026-05-19 15:44:59,3386.12901000,30
2026-05-19 15:45:00,1.17200000,1.17200000,1.16800000,1.17000000,9675.79000000,2026-05-19 15:49:59,11319.52457000,105
2026-05-19 15:50:00,1.17100000,1.17200000,1.17000000,1.17000000,3238.04000000,2026-05-19 15:54:59,3790.45789000,40
2026-05-19 15:55:00,1.16900000,1.17000000,1.16700000,1.16800000,4634.87000000,2026-05-19 15:59:59,5417.07277000,57
2026-05-19 16:00:00,1.16900000,1.17100000,1.16800000,1.17000000,4727.21000000,2026-05-19 16:04:59,5530.78964000,54
2026-05-19 16:05:00,1.17100000,1.17300000,1.17000000,1.17300000,3739.42000000,2026-05-19 16:09:59,4382.49152000,53
2026-05-19 16:10:00,1.17400000,1.17800000,1.17400000,1.17700000,5360.21000000,2026-05-19 16:14:59,6305.96612000,33
2026-05-19 16:15:00,1.17800000,1.17800000,1.17300000,1.17300000,8780.96000000,2026-05-19 16:19:59,10331.63440000,61
2026-05-19 16:20:00,1.17200000,1.17300000,1.17100000,1.17300000,2860.56000000,2026-05-19 16:24:59,3353.98398000,38
2026-05-19 16:25:00,1.17200000,1.17200000,1.16900000,1.17000000,2032.75000000,2026-05-19 16:29:59,2379.30622000,28
2026-05-19 16:30:00,1.17100000,1.17200000,1.17000000,1.17200000,1061.42000000,2026-05-19 16:34:59,1243.60716000,16
2026-05-19 16:35:00,1.17300000,1.17500000,1.17200000,1.17500000,1190.16000000,2026-05-19 16:39:59,1396.14407000,18
2026-05-19 16:40:00,1.17500000,1.17500000,1.17400000,1.17400000,2381.82000000,2026-05-19 16:44:59,2797.66247000,18
2026-05-19 16:45:00,1.17400000,1.17400000,1.17200000,1.17200000,1551.16000000,2026-05-19 16:49:59,1818.36215000,17
2026-05-19 16:50:00,1.17100000,1.17400000,1.17100000,1.17200000,3671.03000000,2026-05-19 16:54:59,4303.17977000,47
2026-05-19 16:55:00,1.17100000,1.17500000,1.17000000,1.17400000,6459.15000000,2026-05-19 16:59:59,7576.74360000,83
2026-05-19 17:00:00,1.17400000,1.17400000,1.17400000,1.17400000,649.60000000,2026-05-19 17:04:59,762.63040000,9
2026-05-19 17:05:00,1.17400000,1.18000000,1.17400000,1.17900000,6414.80000000,2026-05-19 17:09:59,7558.96023000,47
2026-05-19 17:10:00,1.17800000,1.17900000,1.17700000,1.17800000,14054.52000000,2026-05-19 17:14:59,16557.62643000,108
2026-05-19 17:15:00,1.17800000,1.18000000,1.17800000,1.17900000,10444.73000000,2026-05-19 17:19:59,12320.05785000,124
2026-05-19 17:20:00,1.17900000,1.18000000,1.17800000,1.17900000,4824.86000000,2026-05-19 17:24:59,5688.76552000,38
2026-05-19 17:25:00,1.17900000,1.18000000,1.17800000,1.17900000,2222.85000000,2026-05-19 17:29:59,2622.06362000,27
2026-05-19 17:30:00,1.18000000,1.18000000,1.17800000,1.17900000,2804.55000000,2026-05-19 17:34:59,3306.84878000,35
2026-05-19 17:35:00,1.18100000,1.18500000,1.18100000,1.18500000,8614.54000000,2026-05-19 17:39:59,10196.11669000,52
2026-05-19 17:40:00,1.18500000,1.18500000,1.18400000,1.18400000,2192.82000000,2026-05-19 17:44:59,2596.61088000,42
2026-05-19 17:45:00,1.18300000,1.18400000,1.18300000,1.18400000,2313.26000000,2026-05-19 17:49:59,2737.18795000,20
2026-05-19 17:50:00,1.18300000,1.18300000,1.18300000,1.18300000,703.89000000,2026-05-19 17:54:59,832.70187000,9
2026-05-19 17:55:00,1.18200000,1.18400000,1.18200000,1.18200000,498.70000000,2026-05-19 17:59:59,590.16690000,8
2026-05-19 18:00:00,1.18200000,1.18200000,1.17900000,1.17900000,4884.51000000,2026-05-19 18:04:59,5760.80678000,36
2026-05-19 18:05:00,1.17900000,1.17900000,1.17700000,1.17800000,1195.30000000,2026-05-19 18:09:59,1408.19877000,13
2026-05-19 18:10:00,1.17900000,1.18300000,1.17800000,1.18200000,3024.74000000,2026-05-19 18:14:59,3569.89851000,38
2026-05-19 18:15:00,1.18200000,1.18600000,1.18200000,1.18400000,9585.09000000,2026-05-19 18:19:59,11353.55081000,54
2026-05-19 18:20:00,1.18400000,1.18500000,1.18400000,1.18400000,1812.84000000,2026-05-19 18:24:59,2148.08438000,12
2026-05-19 18:25:00,1.18300000,1.18500000,1.18200000,1.18200000,4149.93000000,2026-05-19 18:29:59,4909.31385000,33
2026-05-19 18:30:00,1.18300000,1.18400000,1.18200000,1.18200000,971.91000000,2026-05-19 18:34:59,1149.66234000,19
2026-05-19 18:35:00,1.18200000,1.18200000,1.18200000,1.18200000,669.49000000,2026-05-19 18:39:59,791.33718000,4
2026-05-19 18:40:00,1.18300000,1.18400000,1.18200000,1.18200000,1015.70000000,2026-05-19 18:44:59,1201.61979000,16
2026-05-19 18:45:00,1.18200000,1.18200000,1.18200000,1.18200000,34.11000000,2026-05-19 18:49:59,40.31802000,1
2026-05-19 18:50:00,1.18200000,1.18200000,1.18200000,1.18200000,0.00000000,2026-05-19 18:54:59,0.00000000,0
2026-05-19 18:55:00,1.18100000,1.18100000,1.17800000,1.17800000,1752.03000000,2026-05-19 18:59:59,2064.88687000,27
2026-05-19 19:00:00,1.17800000,1.17800000,1.17300000,1.17400000,5983.80000000,2026-05-19 19:04:59,7033.89282000,77
2026-05-19 19:05:00,1.17400000,1.17400000,1.17300000,1.17300000,381.67000000,2026-05-19 19:09:59,447.94285000,7
2026-05-19 19:10:00,1.17300000,1.17300000,1.17200000,1.17200000,752.44000000,2026-05-19 19:14:59,882.05564000,12
2026-05-19 19:15:00,1.17200000,1.17300000,1.17100000,1.17300000,1960.85000000,2026-05-19 19:19:59,2297.83464000,23
2026-05-19 19:20:00,1.17200000,1.17200000,1.16900000,1.16900000,1836.11000000,2026-05-19 19:24:59,2148.37481000,36
2026-05-19 19:25:00,1.16800000,1.16800000,1.16800000,1.16800000,1282.59000000,2026-05-19 19:29:59,1498.06512000,14
2026-05-19 19:30:00,1.16900000,1.16900000,1.16800000,1.16900000,1245.94000000,2026-05-19 19:34:59,1456.26578000,14
2026-05-19 19:35:00,1.16900000,1.17100000,1.16900000,1.17000000,2641.96000000,2026-05-19 19:39:59,3090.51085000,37
2026-05-19 19:40:00,1.16900000,1.17000000,1.16800000,1.16800000,1304.10000000,2026-05-19 19:44:59,1523.97793000,17
2026-05-19 19:45:00,1.16800000,1.16800000,1.16700000,1.16700000,701.59000000,2026-05-19 19:49:59,819.03336000,14
2026-05-19 19:50:00,1.16700000,1.16700000,1.16600000,1.16600000,3095.31000000,2026-05-19 19:54:59,3611.12528000,22
2026-05-19 19:55:00,1.16600000,1.16600000,1.16600000,1.16600000,545.93000000,2026-05-19 19:59:59,636.55438000,8
2026-05-19 20:00:00,1.16500000,1.16700000,1.16500000,1.16700000,2637.89000000,2026-05-19 20:04:59,3073.82034000,32
2026-05-19 20:05:00,1.16600000,1.16900000,1.16600000,1.16900000,1132.71000000,2026-05-19 20:09:59,1321.95420000,21
2026-05-19 20:10:00,1.17000000,1.17000000,1.16800000,1.16800000,909.03000000,2026-05-19 20:14:59,1062.44231000,18
2026-05-19 20:15:00,1.16800000,1.16900000,1.16700000,1.16900000,830.37000000,2026-05-19 20:19:59,969.71012000,11
2026-05-19 20:20:00,1.16800000,1.16900000,1.16800000,1.16900000,1228.35000000,2026-05-19 20:24:59,1435.00704000,21
2026-05-19 20:25:00,1.16800000,1.17000000,1.16800000,1.16800000,1555.91000000,2026-05-19 20:29:59,1818.67776000,37
2026-05-19 20:30:00,1.16900000,1.17000000,1.16700000,1.16900000,2156.70000000,2026-05-19 20:34:59,2519.50532000,48
2026-05-19 20:35:00,1.16800000,1.16800000,1.16800000,1.16800000,308.41000000,2026-05-19 20:39:59,360.22288000,15
2026-05-19 20:40:00,1.16800000,1.16900000,1.16800000,1.16800000,1423.88000000,2026-05-19 20:44:59,1663.31164000,23
2026-05-19 20:45:00,1.16800000,1.17200000,1.16800000,1.17000000,2382.00000000,2026-05-19 20:49:59,2787.03604000,53
2026-05-19 20:50:00,1.17000000,1.17100000,1.16900000,1.17000000,1698.94000000,2026-05-19 20:54:59,1987.76265000,30
2026-05-19 20:55:00,1.17000000,1.17000000,1.16700000,1.16700000,3909.68000000,2026-05-19 20:59:59,4569.06938000,52
2026-05-19 21:00:00,1.16800000,1.17100000,1.16700000,1.17100000,4909.67000000,2026-05-19 21:04:59,5737.97889000,62
2026-05-19 21:05:00,1.17100000,1.17200000,1.16800000,1.17100000,3605.40000000,2026-05-19 21:09:59,4218.19585000,58
2026-05-19 21:10:00,1.17000000,1.17000000,1.16200000,1.16300000,2988.56000000,2026-05-19 21:14:59,3477.54184000,47
2026-05-19 21:15:00,1.16200000,1.16500000,1.16200000,1.16500000,2269.38000000,2026-05-19 21:19:59,2641.21908000,45
2026-05-19 21:20:00,1.16600000,1.16600000,1.16100000,1.16300000,6362.91000000,2026-05-19 21:24:59,7396.80922000,68
2026-05-19 21:25:00,1.16300000,1.16700000,1.16300000,1.16700000,5130.96000000,2026-05-19 21:29:59,5978.12443000,56
2026-05-19 21:30:00,1.16700000,1.17000000,1.16600000,1.16700000,10580.25000000,2026-05-19 21:34:59,12350.85795000,52
2026-05-19 21:35:00,1.16700000,1.16700000,1.16300000,1.16400000,3537.67000000,2026-05-19 21:39:59,4118.58166000,23
2026-05-19 21:40:00,1.16400000,1.16600000,1.16300000,1.16400000,700.87000000,2026-05-19 21:44:59,815.94834000,16
2026-05-19 21:45:00,1.16500000,1.16700000,1.16500000,1.16700000,6151.54000000,2026-05-19 21:49:59,7173.87641000,53
2026-05-19 21:50:00,1.16600000,1.16600000,1.16300000,1.16400000,857.19000000,2026-05-19 21:54:59,998.35884000,15
2026-05-19 21:55:00,1.16400000,1.16400000,1.16400000,1.16400000,902.79000000,2026-05-19 21:59:59,1050.84756000,8
2026-05-19 22:00:00,1.16400000,1.16500000,1.16300000,1.16500000,3497.77000000,2026-05-19 22:04:59,4068.73339000,24
2026-05-19 22:05:00,1.16500000,1.16600000,1.16300000,1.16600000,10209.85000000,2026-05-19 22:09:59,11876.83374000,48
2026-05-19 22:10:00,1.16600000,1.16600000,1.16300000,1.16500000,1713.00000000,2026-05-19 22:14:59,1995.57611000,33
2026-05-19 22:15:00,1.16500000,1.16600000,1.16400000,1.16400000,1575.53000000,2026-05-19 22:19:59,1836.38392000,34
2026-05-19 22:20:00,1.16400000,1.16400000,1.16200000,1.16300000,2398.38000000,2026-05-19 22:24:59,2789.06660000,38
2026-05-19 22:25:00,1.16300000,1.16400000,1.16100000,1.16100000,2984.53000000,2026-05-19 22:29:59,3472.75064000,37
2026-05-19 22:30:00,1.16100000,1.16400000,1.16100000,1.16400000,1393.69000000,2026-05-19 22:34:59,1619.95129000,19
2026-05-19 22:35:00,1.16300000,1.16600000,1.16300000,1.16600000,1547.85000000,2026-05-19 22:39:59,1802.21207000,23
2026-05-19 22:40:00,1.16600000,1.16600000,1.16500000,1.16500000,1090.07000000,2026-05-19 22:44:59,1269.99875000,14
2026-05-19 22:45:00,1.16500000,1.16700000,1.16500000,1.16700000,3297.84000000,2026-05-19 22:49:59,3844.38550000,18
2026-05-19 22:50:00,1.16800000,1.17200000,1.16800000,1.17100000,3030.09000000,2026-05-19 22:54:59,3545.09145000,55
2026-05-19 22:55:00,1.17100000,1.17100000,1.17000000,1.17000000,665.76000000,2026-05-19 22:59:59,779.28283000,13
2026-05-19 23:00:00,1.17100000,1.17200000,1.17100000,1.17100000,1511.18000000,2026-05-19 23:04:59,1770.46218000,20
2026-05-19 23:05:00,1.17100000,1.17200000,1.17100000,1.17200000,2727.90000000,2026-05-19 23:09:59,3195.93570000,20
2026-05-19 23:10:00,1.17200000,1.17300000,1.17200000,1.17200000,4416.27000000,2026-05-19 23:14:59,5177.73915000,48
2026-05-19 23:15:00,1.17300000,1.17400000,1.17200000,1.17200000,2321.36000000,2026-05-19 23:19:59,2722.80151000,22
2026-05-19 23:20:00,1.17200000,1.17500000,1.17200000,1.17300000,4238.26000000,2026-05-19 23:24:59,4972.84142000,51
2026-05-19 23:25:00,1.17300000,1.17300000,1.16900000,1.16900000,1939.88000000,2026-05-19 23:29:59,2272.15230000,33
2026-05-19 23:30:00,1.16800000,1.17100000,1.16800000,1.17000000,8036.59000000,2026-05-19 23:34:59,9404.91146000,56
2026-05-19 23:35:00,1.17000000,1.17200000,1.17000000,1.17100000,1394.72000000,2026-05-19 23:39:59,1633.94638000,20
2026-05-19 23:40:00,1.17000000,1.17000000,1.16600000,1.16700000,1906.06000000,2026-05-19 23:44:59,2223.82391000,31
2026-05-19 23:45:00,1.16600000,1.16800000,1.16600000,1.16600000,1262.93000000,2026-05-19 23:49:59,1473.67481000,22
2026-05-19 23:50:00,1.16500000,1.16500000,1.16500000,1.16500000,4288.16000000,2026-05-19 23:54:59,4995.70640000,23
2026-05-19 23:55:00,1.16600000,1.16700000,1.16600000,1.16700000,192.58000000,2026-05-19 23:59:59,224.62836000,6
2026-05-20 00:00:00,1.16700000,1.16700000,1.16500000,1.16500000,2064.08000000,2026-05-20 00:04:59,2406.53001000,18
2026-05-20 00:05:00,1.16500000,1.16500000,1.16400000,1.16500000,985.80000000,2026-05-20 00:09:59,1148.44600000,12
2026-05-20 00:10:00,1.16400000,1.16400000,1.16200000,1.16200000,568.19000000,2026-05-20 00:14:59,661.11692000,13
2026-05-20 00:15:00,1.16300000,1.16400000,1.16300000,1.16400000,397.63000000,2026-05-20 00:19:59,462.76801000,10
2026-05-20 00:20:00,1.16500000,1.16600000,1.16400000,1.16400000,1456.45000000,2026-05-20 00:24:59,1696.84368000,19
2026-05-20 00:25:00,1.16500000,1.16900000,1.16500000,1.16800000,3192.55000000,2026-05-20 00:29:59,3726.77481000,40
2026-05-20 00:30:00,1.16700000,1.16900000,1.16700000,1.16900000,148.84000000,2026-05-20 00:34:59,173.76114000,8
2026-05-20 00:35:00,1.16800000,1.16900000,1.16800000,1.16900000,519.21000000,2026-05-20 00:39:59,606.54718000,11
2026-05-20 00:40:00,1.16900000,1.16900000,1.16700000,1.16700000,658.46000000,2026-05-20 00:44:59,769.18862000,13
2026-05-20 00:45:00,1.16600000,1.16700000,1.16500000,1.16700000,842.27000000,2026-05-20 00:49:59,982.18419000,16
2026-05-20 00:50:00,1.16600000,1.16600000,1.16500000,1.16600000,967.53000000,2026-05-20 00:54:59,1127.46718000,16
2026-05-20 00:55:00,1.16600000,1.16700000,1.16600000,1.16700000,399.09000000,2026-05-20 00:59:59,465.72812000,8
2026-05-20 01:00:00,1.16800000,1.16900000,1.16700000,1.16800000,715.29000000,2026-05-20 01:04:59,835.47676000,22
2026-05-20 01:05:00,1.16900000,1.17200000,1.16900000,1.17100000,430.77000000,2026-05-20 01:09:59,504.03171000,19
2026-05-20 01:10:00,1.17200000,1.17300000,1.17000000,1.17100000,2880.65000000,2026-05-20 01:14:59,3374.71516000,37
2026-05-20 01:15:00,1.17200000,1.17300000,1.16900000,1.17000000,1703.26000000,2026-05-20 01:19:59,1994.25157000,38
2026-05-20 01:20:00,1.16900000,1.17100000,1.16900000,1.17100000,3599.22000000,2026-05-20 01:24:59,4211.06671000,23
2026-05-20 01:25:00,1.17100000,1.17100000,1.16900000,1.16900000,1411.73000000,2026-05-20 01:29:59,1652.19149000,12
2026-05-20 01:30:00,1.17000000,1.17000000,1.16900000,1.17000000,2043.04000000,2026-05-20 01:34:59,2389.05783000,27
2026-05-20 01:35:00,1.17000000,1.17000000,1.16600000,1.16900000,1832.41000000,2026-05-20 01:39:59,2141.66373000,43
2026-05-20 01:40:00,1.16800000,1.17000000,1.16800000,1.16900000,3478.29000000,2026-05-20 01:44:59,4065.24531000,57
2026-05-20 01:45:00,1.17000000,1.17200000,1.16900000,1.16900000,2590.27000000,2026-05-20 01:49:59,3031.80946000,69
2026-05-20 01:50:00,1.16900000,1.17300000,1.16900000,1.17300000,3805.01000000,2026-05-20 01:54:59,4456.50038000,66
2026-05-20 01:55:00,1.17200000,1.17500000,1.17200000,1.17500000,2383.65000000,2026-05-20 01:59:59,2796.89260000,72
2026-05-20 02:00:00,1.17500000,1.17500000,1.17200000,1.17300000,1943.14000000,2026-05-20 02:04:59,2280.59186000,31
2026-05-20 02:05:00,1.17400000,1.17900000,1.17400000,1.17800000,10558.31000000,2026-05-20 02:09:59,12421.53429000,110
2026-05-20 02:10:00,1.17700000,1.18200000,1.17700000,1.18000000,11641.45000000,2026-05-20 02:14:59,13738.64295000,127
2026-05-20 02:15:00,1.17900000,1.17900000,1.17800000,1.17900000,792.93000000,2026-05-20 02:19:59,934.79190000,14
2026-05-20 02:20:00,1.17900000,1.17900000,1.17800000,1.17800000,315.98000000,2026-05-20 02:24:59,372.28422000,9
2026-05-20 02:25:00,1.17800000,1.17800000,1.17700000,1.17700000,896.71000000,2026-05-20 02:29:59,1055.77556000,18
2026-05-20 02:30:00,1.17900000,1.18300000,1.17900000,1.18300000,2453.82000000,2026-05-20 02:34:59,2897.86191000,52
2026-05-20 02:35:00,1.18300000,1.18700000,1.18300000,1.18600000,3377.41000000,2026-05-20 02:39:59,4001.11114000,97
2026-05-20 02:40:00,1.18700000,1.18700000,1.18300000,1.18300000,5787.29000000,2026-05-20 02:44:59,6853.42894000,53
2026-05-20 02:45:00,1.18400000,1.18500000,1.18400000,1.18400000,1093.98000000,2026-05-20 02:49:59,1295.38433000,25
2026-05-20 02:50:00,1.18400000,1.18600000,1.18300000,1.18500000,3454.37000000,2026-05-20 02:54:59,4092.49086000,32
2026-05-20 02:55:00,1.18500000,1.18600000,1.18300000,1.18400000,2561.77000000,2026-05-20 02:59:59,3034.47573000,38
2026-05-20 03:00:00,1.18400000,1.18600000,1.18400000,1.18600000,3681.86000000,2026-05-20 03:04:59,4362.75999000,36
2026-05-20 03:05:00,1.18600000,1.18800000,1.18600000,1.18800000,4972.95000000,2026-05-20 03:09:59,5900.68795000,63
2026-05-20 03:10:00,1.18700000,1.18700000,1.18300000,1.18300000,4953.55000000,2026-05-20 03:14:59,5865.37492000,36
2026-05-20 03:15:00,1.18300000,1.18400000,1.18200000,1.18300000,3535.26000000,2026-05-20 03:19:59,4182.45122000,33
2026-05-20 03:20:00,1.18200000,1.18300000,1.18100000,1.18300000,7581.98000000,2026-05-20 03:24:59,8963.75233000,53
2026-05-20 03:25:00,1.18300000,1.18300000,1.18100000,1.18200000,3378.71000000,2026-05-20 03:29:59,3992.83942000,22
2026-05-20 03:30:00,1.18100000,1.18100000,1.18000000,1.18100000,2015.38000000,2026-05-20 03:34:59,2378.29929000,8
2026-05-20 03:35:00,1.18200000,1.18500000,1.18100000,1.18500000,2035.70000000,2026-05-20 03:39:59,2408.29753000,23
2026-05-20 03:40:00,1.18400000,1.18700000,1.18400000,1.18700000,11401.45000000,2026-05-20 03:44:59,13519.18527000,32
2026-05-20 03:45:00,1.18700000,1.18800000,1.18400000,1.18600000,3652.09000000,2026-05-20 03:49:59,4330.79125000,22
2026-05-20 03:50:00,1.18700000,1.18900000,1.18700000,1.18800000,740.85000000,2026-05-20 03:54:59,880.01859000,29
2026-05-20 03:55:00,1.18900000,1.19000000,1.18700000,1.18800000,5656.48000000,2026-05-20 03:59:59,6723.23449000,74
2026-05-20 04:00:00,1.18800000,1.19000000,1.18800000,1.18900000,8578.33000000,2026-05-20 04:04:59,10202.55005000,88
2026-05-20 04:05:00,1.18900000,1.19100000,1.18800000,1.19000000,12253.87000000,2026-05-20 04:09:59,14562.05344000,67
2026-05-20 04:10:00,1.19100000,1.19300000,1.19000000,1.19200000,3101.76000000,2026-05-20 04:14:59,3695.41207000,53
2026-05-20 04:15:00,1.19200000,1.19200000,1.19100000,1.19100000,1590.84000000,2026-05-20 04:19:59,1895.43344000,27
2026-05-20 04:20:00,1.19100000,1.19200000,1.18900000,1.18900000,7485.57000000,2026-05-20 04:24:59,8911.76740000,57
2026-05-20 04:25:00,1.18800000,1.18900000,1.18700000,1.18700000,3456.26000000,2026-05-20 04:29:59,4106.27357000,36
2026-05-20 04:30:00,1.18700000,1.18800000,1.18700000,1.18800000,3335.91000000,2026-05-20 04:34:59,3962.76467000,46
2026-05-20 04:35:00,1.18800000,1.18900000,1.18800000,1.18900000,7286.16000000,2026-05-20 04:39:59,8658.22935000,59
2026-05-20 04:40:00,1.18900000,1.19000000,1.18700000,1.18700000,3413.40000000,2026-05-20 04:44:59,4056.03540000,39
2026-05-20 04:45:00,1.18600000,1.18600000,1.18400000,1.18400000,3359.19000000,2026-05-20 04:49:59,3979.04639000,24
2026-05-20 04:50:00,1.18300000,1.18400000,1.18300000,1.18300000,1974.25000000,2026-05-20 04:54:59,2336.18120000,26
2026-05-20 04:55:00,1.18400000,1.18400000,1.18300000,1.18300000,1772.35000000,2026-05-20 04:59:59,2097.00835000,22
2026-05-20 05:00:00,1.18300000,1.18500000,1.18200000,1.18500000,2401.59000000,2026-05-20 05:04:59,2843.61366000,29
2026-05-20 05:05:00,1.18500000,1.20300000,1.18500000,1.20100000,74590.80000000,2026-05-20 05:09:59,89253.73543000,582
2026-05-20 05:10:00,1.20100000,1.20500000,1.19900000,1.20100000,19223.60000000,2026-05-20 05:14:59,23107.46629000,179
2026-05-20 05:15:00,1.20100000,1.20100000,1.19400000,1.19700000,11745.20000000,2026-05-20 05:19:59,14063.47471000,110
2026-05-20 05:20:00,1.19800000,1.19800000,1.19400000,1.19500000,5053.29000000,2026-05-20 05:24:59,6045.88846000,64
2026-05-20 05:25:00,1.19500000,1.19600000,1.19400000,1.19500000,2390.02000000,2026-05-20 05:29:59,2855.84132000,32
2026-05-20 05:30:00,1.19600000,1.19600000,1.19400000,1.19600000,11478.44000000,2026-05-20 05:34:59,13717.23876000,45
2026-05-20 05:35:00,1.19500000,1.19600000,1.19300000,1.19600000,4976.17000000,2026-05-20 05:39:59,5942.08955000,51
2026-05-20 05:40:00,1.19500000,1.19500000,1.19300000,1.19300000,2701.27000000,2026-05-20 05:44:59,3224.20494000,34
2026-05-20 05:45:00,1.19400000,1.19400000,1.19200000,1.19200000,1731.21000000,2026-05-20 05:49:59,2065.67235000,24
2026-05-20 05:50:00,1.19300000,1.19600000,1.19300000,1.19500000,1050.29000000,2026-05-20 05:54:59,1254.59883000,25
2026-05-20 05:55:00,1.19500000,1.19500000,1.19400000,1.19400000,1073.22000000,2026-05-20 05:59:59,1281.60595000,23
2026-05-20 06:00:00,1.19400000,1.19500000,1.19200000,1.19200000,4360.65000000,2026-05-20 06:04:59,5204.32220000,51
2026-05-20 06:05:00,1.19200000,1.19200000,1.18800000,1.18800000,3408.05000000,2026-05-20 06:09:59,4057.71790000,39
2026-05-20 06:10:00,1.18800000,1.19900000,1.18800000,1.19600000,49780.03000000,2026-05-20 06:14:59,59546.54527000,326
2026-05-20 06:15:00,1.19600000,1.20200000,1.19600000,1.19600000,31877.99000000,2026-05-20 06:19:59,38223.70431000,205
2026-05-20 06:20:00,1.19600000,1.19800000,1.19600000,1.19700000,2806.15000000,2026-05-20 06:24:59,3359.22469000,24
2026-05-20 06:25:00,1.19600000,1.19800000,1.19600000,1.19700000,963.19000000,2026-05-20 06:29:59,1152.45042000,15
2026-05-20 06:30:00,1.19600000,1.19800000,1.19600000,1.19700000,2515.63000000,2026-05-20 06:34:59,3010.67056000,55
2026-05-20 06:35:00,1.19800000,1.20000000,1.19800000,1.20000000,2389.50000000,2026-05-20 06:39:59,2864.28936000,52
2026-05-20 06:40:00,1.20100000,1.20200000,1.19600000,1.19600000,7349.67000000,2026-05-20 06:44:59,8815.86859000,52
2026-05-20 06:45:00,1.19400000,1.19600000,1.19400000,1.19600000,2328.80000000,2026-05-20 06:49:59,2782.93656000,25
2026-05-20 06:50:00,1.19600000,1.19600000,1.19300000,1.19300000,1719.58000000,2026-05-20 06:54:59,2054.59331000,22
2026-05-20 06:55:00,1.19400000,1.19400000,1.19000000,1.19100000,11564.71000000,2026-05-20 06:59:59,13768.44981000,76
2026-05-20 07:00:00,1.19100000,1.19300000,1.19100000,1.19200000,2101.73000000,2026-05-20 07:04:59,2505.74824000,26
2026-05-20 07:05:00,1.19200000,1.19200000,1.19000000,1.19000000,1787.15000000,2026-05-20 07:09:59,2128.44273000,18
2026-05-20 07:10:00,1.19000000,1.19000000,1.18700000,1.18800000,2817.84000000,2026-05-20 07:14:59,3348.39489000,37
2026-05-20 07:15:00,1.18900000,1.19000000,1.18900000,1.19000000,3287.08000000,2026-05-20 07:19:59,3910.91281000,24
2026-05-20 07:20:00,1.19000000,1.19200000,1.19000000,1.19000000,3840.52000000,2026-05-20 07:24:59,4574.25429000,51
2026-05-20 07:25:00,1.19000000,1.19000000,1.18800000,1.19000000,1453.80000000,2026-05-20 07:29:59,1728.60706000,19
2026-05-20 07:30:00,1.19100000,1.19200000,1.19100000,1.19200000,1599.01000000,2026-05-20 07:34:59,1905.84067000,32
2026-05-20 07:35:00,1.19300000,1.19300000,1.19300000,1.19300000,1786.81000000,2026-05-20 07:39:59,2131.66433000,29
2026-05-20 07:40:00,1.19300000,1.19300000,1.19200000,1.19300000,324.35000000,2026-05-20 07:44:59,386.90758000,8
2026-05-20 07:45:00,1.19300000,1.19300000,1.19300000,1.19300000,927.96000000,2026-05-20 07:49:59,1107.05628000,9
2026-05-20 07:50:00,1.19200000,1.19300000,1.19000000,1.19300000,1214.36000000,2026-05-20 07:54:59,1447.42406000,19
2026-05-20 07:55:00,1.19300000,1.19300000,1.19000000,1.19000000,907.17000000,2026-05-20 07:59:59,1080.44429000,12
2026-05-20 08:00:00,1.19100000,1.19200000,1.19100000,1.19100000,1736.02000000,2026-05-20 08:04:59,2068.20873000,22
2026-05-20 08:05:00,1.19000000,1.19000000,1.18900000,1.18900000,443.75000000,2026-05-20 08:09:59,527.82386000,10
2026-05-20 08:10:00,1.18900000,1.19200000,1.18900000,1.19100000,6930.39000000,2026-05-20 08:14:59,8251.11337000,50
2026-05-20 08:15:00,1.19100000,1.19200000,1.19100000,1.19100000,1588.57000000,2026-05-20 08:19:59,1892.82749000,17
2026-05-20 08:20:00,1.19200000,1.19200000,1.18900000,1.18900000,4634.43000000,2026-05-20 08:24:59,5514.77454000,51
2026-05-20 08:25:00,1.18900000,1.18900000,1.18800000,1.18800000,2879.83000000,2026-05-20 08:29:59,3422.54066000,33
2026-05-20 08:30:00,1.18800000,1.18800000,1.18700000,1.18800000,979.86000000,2026-05-20 08:34:59,1163.99717000,11
2026-05-20 08:35:00,1.18800000,1.19000000,1.18800000,1.19000000,769.64000000,2026-05-20 08:39:59,914.75004000,10
2026-05-20 08:40:00,1.19100000,1.19200000,1.18800000,1.18800000,2993.68000000,2026-05-20 08:44:59,3562.06622000,26
2026-05-20 08:45:00,1.18700000,1.18700000,1.18500000,1.18500000,916.73000000,2026-05-20 08:49:59,1087.87069000,10
2026-05-20 08:50:00,1.18500000,1.18500000,1.18200000,1.18500000,6006.74000000,2026-05-20 08:54:59,7109.81967000,32
2026-05-20 08:55:00,1.18500000,1.18600000,1.18400000,1.18500000,822.10000000,2026-05-20 08:59:59,974.22228000,13
2026-05-20 09:00:00,1.18500000,1.18700000,1.18500000,1.18700000,3780.09000000,2026-05-20 09:04:59,4483.34700000,42
2026-05-20 09:05:00,1.18700000,1.18900000,1.18600000,1.18800000,2110.40000000,2026-05-20 09:09:59,2506.02864000,29
2026-05-20 09:10:00,1.18700000,1.18700000,1.18700000,1.18700000,1397.16000000,2026-05-20 09:14:59,1658.42892000,13
2026-05-20 09:15:00,1.18700000,1.18800000,1.18600000,1.18600000,4922.75000000,2026-05-20 09:19:59,5844.35378000,40
2026-05-20 09:20:00,1.18600000,1.18800000,1.18500000,1.18500000,2689.91000000,2026-05-20 09:24:59,3193.20449000,24
2026-05-20 09:25:00,1.18700000,1.18900000,1.18700000,1.18900000,2895.82000000,2026-05-20 09:29:59,3439.57028000,36
2026-05-20 09:30:00,1.18900000,1.19300000,1.18900000,1.19100000,3382.23000000,2026-05-20 09:34:59,4028.77585000,49
2026-05-20 09:35:00,1.19100000,1.19300000,1.19000000,1.19300000,3294.29000000,2026-05-20 09:39:59,3928.10171000,40
2026-05-20 09:40:00,1.19300000,1.19500000,1.19300000,1.19500000,1645.69000000,2026-05-20 09:44:59,1965.84419000,21
2026-05-20 09:45:00,1.19500000,1.19800000,1.19500000,1.19700000,2322.52000000,2026-05-20 09:49:59,2779.32346000,19
2026-05-20 09:50:00,1.19800000,1.19800000,1.19600000,1.19600000,3276.12000000,2026-05-20 09:54:59,3921.15806000,22
2026-05-20 09:55:00,1.19700000,1.19900000,1.19500000,1.19500000,10301.49000000,2026-05-20 09:59:59,12334.43388000,46
2026-05-20 10:00:00,1.19500000,1.19600000,1.19500000,1.19600000,1640.67000000,2026-05-20 10:04:59,1961.72592000,21
2026-05-20 10:05:00,1.19500000,1.19500000,1.19500000,1.19500000,2253.40000000,2026-05-20 10:09:59,2692.81300000,18
2026-05-20 10:10:00,1.19400000,1.19400000,1.19000000,1.19000000,8074.10000000,2026-05-20 10:14:59,9624.19124000,48
2026-05-20 10:15:00,1.18900000,1.18900000,1.18800000,1.18800000,566.22000000,2026-05-20 10:19:59,672.79430000,11
2026-05-20 10:20:00,1.18900000,1.19000000,1.18900000,1.19000000,2837.55000000,2026-05-20 10:24:59,3375.17529000,37
2026-05-20 10:25:00,1.19000000,1.19000000,1.18600000,1.18700000,4368.81000000,2026-05-20 10:29:59,5194.12797000,37
2026-05-20 10:30:00,1.18800000,1.18800000,1.18500000,1.18800000,5953.41000000,2026-05-20 10:34:59,7065.73936000,80
2026-05-20 10:35:00,1.18700000,1.18700000,1.18200000,1.18400000,6239.10000000,2026-05-20 10:39:59,7385.41888000,56
2026-05-20 10:40:00,1.18400000,1.19000000,1.18400000,1.19000000,6060.93000000,2026-05-20 10:44:59,7195.48448000,65
2026-05-20 10:45:00,1.19100000,1.19600000,1.19100000,1.19300000,11397.76000000,2026-05-20 10:49:59,13601.79140000,100
2026-05-20 10:50:00,1.19300000,1.19300000,1.18900000,1.18900000,796.72000000,2026-05-20 10:54:59,949.70191000,30
2026-05-20 10:55:00,1.19000000,1.19100000,1.18900000,1.19100000,3556.27000000,2026-05-20 10:59:59,4230.81524000,43
2026-05-20 11:00:00,1.19200000,1.19500000,1.19100000,1.19200000,5292.16000000,2026-05-20 11:04:59,6313.62565000,88
2026-05-20 11:05:00,1.19200000,1.19400000,1.19000000,1.19000000,3411.44000000,2026-05-20 11:09:59,4068.74265000,52
2026-05-20 11:10:00,1.19000000,1.19600000,1.18900000,1.19500000,5353.67000000,2026-05-20 11:14:59,6382.28777000,77
2026-05-20 11:15:00,1.19400000,1.19900000,1.19400000,1.19800000,4945.25000000,2026-05-20 11:19:59,5923.17665000,63
2026-05-20 11:20:00,1.19900000,1.20100000,1.19800000,1.19900000,5520.73000000,2026-05-20 11:24:59,6624.24846000,33
2026-05-20 11:25:00,1.19800000,1.20100000,1.19700000,1.20000000,1692.76000000,2026-05-20 11:29:59,2030.33744000,35
2026-05-20 11:30:00,1.20100000,1.20700000,1.20100000,1.20100000,31190.71000000,2026-05-20 11:34:59,37547.31556000,226
2026-05-20 11:35:00,1.20100000,1.20100000,1.19700000,1.20100000,10862.13000000,2026-05-20 11:39:59,13035.43482000,77
2026-05-20 11:40:00,1.20100000,1.20100000,1.19900000,1.20000000,2563.19000000,2026-05-20 11:44:59,3075.23753000,30
2026-05-20 11:45:00,1.20100000,1.20100000,1.20000000,1.20000000,2749.59000000,2026-05-20 11:49:59,3299.80184000,26
2026-05-20 11:50:00,1.19900000,1.20600000,1.19900000,1.20200000,12724.09000000,2026-05-20 11:54:59,15320.82610000,78
2026-05-20 11:55:00,1.20200000,1.20500000,1.20200000,1.20400000,3798.09000000,2026-05-20 11:59:59,4571.51379000,29
2026-05-20 12:00:00,1.20400000,1.20400000,1.20000000,1.20100000,3763.23000000,2026-05-20 12:04:59,4524.02803000,30
2026-05-20 12:05:00,1.20200000,1.20300000,1.20100000,1.20200000,3420.53000000,2026-05-20 12:09:59,4113.71888000,29
2026-05-20 12:10:00,1.20100000,1.20100000,1.20000000,1.20000000,977.06000000,2026-05-20 12:14:59,1172.65589000,10
2026-05-20 12:15:00,1.20000000,1.20800000,1.20000000,1.20700000,10542.23000000,2026-05-20 12:19:59,12723.52459000,101
2026-05-20 12:20:00,1.20700000,1.21000000,1.20700000,1.20800000,1906.62000000,2026-05-20 12:24:59,2305.41592000,23
2026-05-20 12:25:00,1.20800000,1.20900000,1.20700000,1.20800000,16899.38000000,2026-05-20 12:29:59,20403.23232000,46
2026-05-20 12:30:00,1.20800000,1.20900000,1.20800000,1.20900000,906.07000000,2026-05-20 12:34:59,1094.68855000,14
2026-05-20 12:35:00,1.21000000,1.21100000,1.20800000,1.20800000,3327.47000000,2026-05-20 12:39:59,4026.16990000,50
2026-05-20 12:40:00,1.20700000,1.20700000,1.20500000,1.20500000,2474.46000000,2026-05-20 12:44:59,2985.80462000,19
2026-05-20 12:45:00,1.20600000,1.21000000,1.20600000,1.20900000,3145.14000000,2026-05-20 12:49:59,3800.90473000,30
2026-05-20 12:50:00,1.20900000,1.20900000,1.20700000,1.20700000,2020.14000000,2026-05-20 12:54:59,2440.22651000,17
2026-05-20 12:55:00,1.20800000,1.20800000,1.20600000,1.20800000,1751.55000000,2026-05-20 12:59:59,2114.69847000,27
2026-05-20 13:00:00,1.20800000,1.21400000,1.20700000,1.21200000,13858.24000000,2026-05-20 13:04:59,16794.89188000,89
2026-05-20 13:05:00,1.21300000,1.21400000,1.21200000,1.21300000,2483.24000000,2026-05-20 13:09:59,3013.04619000,34
2026-05-20 13:10:00,1.21200000,1.21200000,1.21200000,1.21200000,655.39000000,2026-05-20 13:14:59,794.33268000,14
2026-05-20 13:15:00,1.21200000,1.21200000,1.20800000,1.20800000,1672.40000000,2026-05-20 13:19:59,2023.58830000,27
2026-05-20 13:20:00,1.20700000,1.20800000,1.20400000,1.20800000,2380.75000000,2026-05-20 13:24:59,2872.83046000,37
2026-05-20 13:25:00,1.20700000,1.20800000,1.20700000,1.20700000,1111.95000000,2026-05-20 13:29:59,1342.44697000,20
2026-05-20 13:30:00,1.20700000,1.21000000,1.20700000,1.21000000,10526.68000000,2026-05-20 13:34:59,12720.45255000,65
2026-05-20 13:35:00,1.21000000,1.21300000,1.21000000,1.21100000,2597.24000000,2026-05-20 13:39:59,3146.67251000,44
2026-05-20 13:40:00,1.21100000,1.21300000,1.21100000,1.21200000,1446.36000000,2026-05-20 13:44:59,1752.98832000,12
2026-05-20 13:45:00,1.21100000,1.21100000,1.21000000,1.21000000,777.79000000,2026-05-20 13:49:59,941.89129000,14
2026-05-20 13:50:00,1.21100000,1.21200000,1.21100000,1.21100000,641.90000000,2026-05-20 13:54:59,777.45463000,7
2026-05-20 13:55:00,1.21000000,1.21200000,1.20900000,1.21100000,1572.03000000,2026-05-20 13:59:59,1902.07680000,28
2026-05-20 14:00:00,1.21000000,1.21200000,1.20900000,1.21000000,2884.32000000,2026-05-20 14:04:59,3490.80991000,31
2026-05-20 14:05:00,1.20900000,1.21100000,1.20900000,1.21100000,1085.93000000,2026-05-20 14:09:59,1313.75980000,19
2026-05-20 14:10:00,1.21200000,1.21700000,1.21200000,1.21700000,8256.92000000,2026-05-20 14:14:59,10025.52943000,67
2026-05-20 14:15:00,1.21700000,1.21800000,1.21500000,1.21700000,6572.40000000,2026-05-20 14:19:59,7995.55409000,44
2026-05-20 14:20:00,1.21700000,1.21900000,1.21700000,1.21800000,1722.03000000,2026-05-20 14:24:59,2098.24797000,27
2026-05-20 14:25:00,1.21800000,1.22100000,1.21700000,1.22000000,18905.19000000,2026-05-20 14:29:59,23057.15098000,55
2026-05-20 14:30:00,1.22000000,1.22000000,1.21800000,1.21800000,1864.83000000,2026-05-20 14:34:59,2272.12202000,25
2026-05-20 14:35:00,1.21900000,1.22000000,1.21900000,1.21900000,3249.98000000,2026-05-20 14:39:59,3963.77265000,23
2026-05-20 14:40:00,1.21800000,1.21800000,1.21600000,1.21700000,660.90000000,2026-05-20 14:44:59,804.67706000,14
2026-05-20 14:45:00,1.21800000,1.21800000,1.21700000,1.21700000,3053.23000000,2026-05-20 14:49:59,3718.68088000,27
2026-05-20 14:50:00,1.21600000,1.21600000,1.21500000,1.21600000,2057.11000000,2026-05-20 14:54:59,2500.60555000,12
2026-05-20 14:55:00,1.21500000,1.21500000,1.21400000,1.21400000,466.58000000,2026-05-20 14:59:59,566.46331000,7
2026-05-20 15:00:00,1.21300000,1.22200000,1.21100000,1.21900000,50055.10000000,2026-05-20 15:04:59,60934.36274000,229
2026-05-20 15:05:00,1.21900000,1.22000000,1.21900000,1.21900000,2922.42000000,2026-05-20 15:09:59,3562.60111000,23
2026-05-20 15:10:00,1.21900000,1.22000000,1.21500000,1.21700000,13608.58000000,2026-05-20 15:14:59,16572.44288000,119
2026-05-20 15:15:00,1.21600000,1.21800000,1.21600000,1.21800000,5441.68000000,2026-05-20 15:19:59,6622.32971000,40
2026-05-20 15:20:00,1.21800000,1.22000000,1.21500000,1.21600000,5971.30000000,2026-05-20 15:24:59,7268.29792000,37
2026-05-20 15:25:00,1.21600000,1.21800000,1.21500000,1.21700000,2481.23000000,2026-05-20 15:29:59,3017.71480000,37
2026-05-20 15:30:00,1.21600000,1.21600000,1.21400000,1.21400000,2957.43000000,2026-05-20 15:34:59,3591.15538000,22
2026-05-20 15:35:00,1.21500000,1.21800000,1.21500000,1.21700000,3717.06000000,2026-05-20 15:39:59,4524.85618000,26
2026-05-20 15:40:00,1.21800000,1.21900000,1.21800000,1.21900000,3382.62000000,2026-05-20 15:44:59,4123.36086000,32
2026-05-20 15:45:00,1.21800000,1.21800000,1.21600000,1.21800000,2100.05000000,2026-05-20 15:49:59,2556.64626000,37
2026-05-20 15:50:00,1.21800000,1.21800000,1.21700000,1.21800000,1581.87000000,2026-05-20 15:54:59,1926.60776000,20
2026-05-20 15:55:00,1.21800000,1.21900000,1.21800000,1.21800000,1953.61000000,2026-05-20 15:59:59,2379.50276000,16
2026-05-20 16:00:00,1.21900000,1.22000000,1.21700000,1.21700000,14198.60000000,2026-05-20 16:04:59,17290.42903000,63
2026-05-20 16:05:00,1.21600000,1.21600000,1.21600000,1.21600000,1567.55000000,2026-05-20 16:09:59,1906.14080000,15
2026-05-20 16:10:00,1.21700000,1.21700000,1.21500000,1.21700000,6814.26000000,2026-05-20 16:14:59,8287.56097000,60
2026-05-20 16:15:00,1.21700000,1.21800000,1.21700000,1.21800000,3885.79000000,2026-05-20 16:19:59,4731.80626000,43
2026-05-20 16:20:00,1.21900000,1.22300000,1.21900000,1.22300000,1922.75000000,2026-05-20 16:24:59,2348.19955000,33
2026-05-20 16:25:00,1.22200000,1.22300000,1.22100000,1.22200000,1990.92000000,2026-05-20 16:29:59,2432.68399000,23
2026-05-20 16:30:00,1.22300000,1.22500000,1.22100000,1.22100000,5906.62000000,2026-05-20 16:34:59,7228.52463000,65
2026-05-20 16:35:00,1.22100000,1.22400000,1.22100000,1.22300000,3752.41000000,2026-05-20 16:39:59,4585.89970000,30
2026-05-20 16:40:00,1.22300000,1.22300000,1.22200000,1.22200000,111.79000000,2026-05-20 16:44:59,136.64986000,7
2026-05-20 16:45:00,1.22100000,1.22100000,1.21700000,1.21700000,1373.48000000,2026-05-20 16:49:59,1673.96942000,14
2026-05-20 16:50:00,1.21600000,1.22000000,1.21600000,1.22000000,3003.28000000,2026-05-20 16:54:59,3654.31329000,22
2026-05-20 16:55:00,1.21900000,1.21900000,1.21600000,1.21700000,994.23000000,2026-05-20 16:59:59,1211.12034000,12
2026-05-20 17:00:00,1.21700000,1.21700000,1.21500000,1.21700000,2207.42000000,2026-05-20 17:04:59,2684.76775000,36
2026-05-20 17:05:00,1.21600000,1.21600000,1.21400000,1.21500000,4401.58000000,2026-05-20 17:09:59,5347.92133000,10
2026-05-20 17:10:00,1.21600000,1.21800000,1.21600000,1.21800000,901.25000000,2026-05-20 17:14:59,1096.90272000,12
2026-05-20 17:15:00,1.21900000,1.21900000,1.21400000,1.21500000,7626.12000000,2026-05-20 17:19:59,9282.21105000,60
2026-05-20 17:20:00,1.21500000,1.21600000,1.21300000,1.21600000,1841.20000000,2026-05-20 17:24:59,2237.16227000,20
2026-05-20 17:25:00,1.21500000,1.21800000,1.21500000,1.21800000,1202.93000000,2026-05-20 17:29:59,1463.33360000,22
2026-05-20 17:30:00,1.21800000,1.21800000,1.21500000,1.21700000,4504.79000000,2026-05-20 17:34:59,5478.33300000,39
2026-05-20 17:35:00,1.21700000,1.21800000,1.21200000,1.21200000,10557.29000000,2026-05-20 17:39:59,12813.00272000,73
2026-05-20 17:40:00,1.21300000,1.21500000,1.21300000,1.21500000,2255.25000000,2026-05-20 17:44:59,2737.74641000,23
2026-05-20 17:45:00,1.21400000,1.21600000,1.21400000,1.21500000,2285.31000000,2026-05-20 17:49:59,2777.06752000,25
2026-05-20 17:50:00,1.21400000,1.21400000,1.21300000,1.21400000,17680.20000000,2026-05-20 17:54:59,21463.68025000,30
2026-05-20 17:55:00,1.21500000,1.21500000,1.21400000,1.21400000,877.67000000,2026-05-20 17:59:59,1066.34594000,14
2026-05-20 18:00:00,1.21400000,1.21600000,1.21400000,1.21600000,800.15000000,2026-05-20 18:04:59,971.69544000,9
2026-05-20 18:05:00,1.21500000,1.21500000,1.21100000,1.21100000,1496.89000000,2026-05-20 18:09:59,1813.93454000,28
2026-05-20 18:10:00,1.21200000,1.21300000,1.21200000,1.21200000,661.49000000,2026-05-20 18:14:59,801.73688000,14
2026-05-20 18:15:00,1.21200000,1.21200000,1.21100000,1.21100000,197.19000000,2026-05-20 18:19:59,238.91001000,9
2026-05-20 18:20:00,1.21000000,1.21000000,1.20700000,1.20900000,13657.04000000,2026-05-20 18:24:59,16488.05364000,60
2026-05-20 18:25:00,1.20900000,1.20900000,1.20500000,1.20500000,1936.90000000,2026-05-20 18:29:59,2336.21969000,21
2026-05-20 18:30:00,1.20400000,1.20600000,1.20400000,1.20600000,1739.39000000,2026-05-20 18:34:59,2095.46188000,18
2026-05-20 18:35:00,1.20600000,1.20600000,1.20500000,1.20600000,561.99000000,2026-05-20 18:39:59,677.75389000,5
2026-05-20 18:40:00,1.20600000,1.20600000,1.20500000,1.20600000,2260.91000000,2026-05-20 18:44:59,2726.62566000,19
2026-05-20 18:45:00,1.20600000,1.20600000,1.20500000,1.20500000,17.50000000,2026-05-20 18:49:59,21.09628000,3
2026-05-20 18:50:00,1.20500000,1.20500000,1.20500000,1.20500000,37.35000000,2026-05-20 18:54:59,45.00675000,3
2026-05-20 18:55:00,1.20600000,1.20600000,1.20300000,1.20300000,1406.64000000,2026-05-20 18:59:59,1693.58972000,13
2026-05-20 19:00:00,1.20200000,1.20200000,1.19800000,1.20000000,3942.22000000,2026-05-20 19:04:59,4730.19621000,39
2026-05-20 19:05:00,1.20100000,1.20100000,1.19700000,1.19700000,2592.32000000,2026-05-20 19:09:59,3109.04400000,54
2026-05-20 19:10:00,1.19600000,1.19800000,1.19500000,1.19800000,5957.91000000,2026-05-20 19:14:59,7126.87074000,78
2026-05-20 19:15:00,1.19900000,1.20000000,1.19600000,1.19700000,1807.34000000,2026-05-20 19:19:59,2166.29136000,40
2026-05-20 19:20:00,1.19700000,1.20000000,1.19700000,1.20000000,2133.16000000,2026-05-20 19:24:59,2557.27711000,33
2026-05-20 19:25:00,1.20100000,1.20400000,1.20100000,1.20300000,2417.69000000,2026-05-20 19:29:59,2906.35248000,32
2026-05-20 19:30:00,1.20400000,1.20400000,1.20100000,1.20100000,3202.18000000,2026-05-20 19:34:59,3851.52014000,51
2026-05-20 19:35:00,1.20200000,1.20200000,1.19900000,1.19900000,2499.65000000,2026-05-20 19:39:59,2999.81685000,48
2026-05-20 19:40:00,1.19900000,1.20300000,1.19900000,1.20200000,2082.61000000,2026-05-20 19:44:59,2501.00234000,23
2026-05-20 19:45:00,1.20300000,1.20500000,1.20300000,1.20500000,2507.76000000,2026-05-20 19:49:59,3017.83648000,31
2026-05-20 19:50:00,1.20400000,1.20400000,1.20300000,1.20300000,2951.08000000,2026-05-20 19:54:59,3552.47479000,41
2026-05-20 19:55:00,1.20500000,1.20700000,1.20500000,1.20700000,729.20000000,2026-05-20 19:59:59,879.05961000,12
2026-05-20 20:00:00,1.20500000,1.20500000,1.20400000,1.20400000,2353.36000000,2026-05-20 20:04:59,2835.27240000,38
2026-05-20 20:05:00,1.20400000,1.20600000,1.20400000,1.20500000,4106.55000000,2026-05-20 20:09:59,4949.34688000,44
2026-05-20 20:10:00,1.20400000,1.20400000,1.20200000,1.20300000,2770.20000000,2026-05-20 20:14:59,3333.96397000,29
2026-05-20 20:15:00,1.20300000,1.20300000,1.20100000,1.20200000,1206.13000000,2026-05-20 20:19:59,1449.25713000,17
2026-05-20 20:20:00,1.20300000,1.20300000,1.20100000,1.20100000,616.02000000,2026-05-20 20:24:59,740.55553000,10
2026-05-20 20:25:00,1.20100000,1.20100000,1.20100000,1.20100000,805.40000000,2026-05-20 20:29:59,967.28540000,9
2026-05-20 20:30:00,1.20200000,1.20400000,1.20100000,1.20400000,1381.20000000,2026-05-20 20:34:59,1660.38559000,28
2026-05-20 20:35:00,1.20400000,1.20400000,1.20200000,1.20200000,777.69000000,2026-05-20 20:39:59,935.40603000,10
2026-05-20 20:40:00,1.20100000,1.20300000,1.20100000,1.20200000,4994.98000000,2026-05-20 20:44:59,6005.10319000,47
2026-05-20 20:45:00,1.20100000,1.20300000,1.20100000,1.20300000,1566.56000000,2026-05-20 20:49:59,1883.47634000,22
2026-05-20 20:50:00,1.20200000,1.20200000,1.20100000,1.20200000,1791.55000000,2026-05-20 20:54:59,2153.03201000,14
2026-05-20 20:55:00,1.20100000,1.20300000,1.20100000,1.20300000,1004.94000000,2026-05-20 20:59:59,1207.89656000,16
2026-05-20 21:00:00,1.20200000,1.20500000,1.20100000,1.20500000,4422.86000000,2026-05-20 21:04:59,5321.38765000,37
2026-05-20 21:05:00,1.20400000,1.20400000,1.20200000,1.20400000,3611.72000000,2026-05-20 21:09:59,4345.10640000,52
2026-05-20 21:10:00,1.20400000,1.20500000,1.20300000,1.20300000,3310.25000000,2026-05-20 21:14:59,3985.41849000,25
2026-05-20 21:15:00,1.20400000,1.20400000,1.20400000,1.20400000,1840.36000000,2026-05-20 21:19:59,2215.79344000,29
2026-05-20 21:20:00,1.20400000,1.20700000,1.20400000,1.20700000,2995.39000000,2026-05-20 21:24:59,3609.49072000,36
2026-05-20 21:25:00,1.20800000,1.20800000,1.20600000,1.20700000,1594.60000000,2026-05-20 21:29:59,1924.73883000,25
2026-05-20 21:30:00,1.20700000,1.20900000,1.20700000,1.20900000,3291.39000000,2026-05-20 21:34:59,3975.59920000,36
2026-05-20 21:35:00,1.21000000,1.21300000,1.21000000,1.21300000,3787.64000000,2026-05-20 21:39:59,4587.23458000,43
2026-05-20 21:40:00,1.21400000,1.21400000,1.21200000,1.21200000,6939.16000000,2026-05-20 21:44:59,8417.60774000,43
2026-05-20 21:45:00,1.21300000,1.21500000,1.21300000,1.21500000,200.96000000,2026-05-20 21:49:59,243.77780000,7
2026-05-20 21:50:00,1.21500000,1.21600000,1.21300000,1.21400000,3709.75000000,2026-05-20 21:54:59,4504.27006000,37
2026-05-20 21:55:00,1.21400000,1.21500000,1.21300000,1.21300000,437.16000000,2026-05-20 21:59:59,530.84444000,12
2026-05-20 22:00:00,1.21200000,1.21400000,1.21100000,1.21400000,517.14000000,2026-05-20 22:04:59,626.72098000,17
2026-05-20 22:05:00,1.21500000,1.21700000,1.21500000,1.21700000,802.43000000,2026-05-20 22:09:59,975.84216000,14
2026-05-20 22:10:00,1.21700000,1.21700000,1.21500000,1.21600000,2200.81000000,2026-05-20 22:14:59,2675.13390000,22
2026-05-20 22:15:00,1.21700000,1.21800000,1.21400000,1.21400000,7824.38000000,2026-05-20 22:19:59,9501.21891000,33
2026-05-20 22:20:00,1.21500000,1.21500000,1.21400000,1.21400000,239.11000000,2026-05-20 22:24:59,290.30664000,3
2026-05-20 22:25:00,1.21400000,1.21400000,1.21400000,1.21400000,1796.24000000,2026-05-20 22:29:59,2180.63536000,7
2026-05-20 22:30:00,1.21400000,1.21400000,1.21200000,1.21400000,268.12000000,2026-05-20 22:34:59,325.20502000,9
2026-05-20 22:35:00,1.21500000,1.21600000,1.21500000,1.21600000,453.81000000,2026-05-20 22:39:59,551.54715000,7
2026-05-20 22:40:00,1.21600000,1.21700000,1.21600000,1.21600000,1898.51000000,2026-05-20 22:44:59,2309.34114000,13
2026-05-20 22:45:00,1.21600000,1.21800000,1.21600000,1.21800000,990.97000000,2026-05-20 22:49:59,1205.85640000,13
2026-05-20 22:50:00,1.21800000,1.21800000,1.21400000,1.21400000,5431.66000000,2026-05-20 22:54:59,6608.35669000,31
2026-05-20 22:55:00,1.21600000,1.21600000,1.21500000,1.21600000,526.20000000,2026-05-20 22:59:59,639.75920000,4
2026-05-20 23:00:00,1.21500000,1.21600000,1.21500000,1.21600000,68.04000000,2026-05-20 23:04:59,82.72159000,5
2026-05-20 23:05:00,1.21500000,1.21500000,1.21400000,1.21400000,205.62000000,2026-05-20 23:09:59,249.80330000,9
2026-05-20 23:10:00,1.21400000,1.21700000,1.21400000,1.21700000,5437.13000000,2026-05-20 23:14:59,6608.62624000,31
2026-05-20 23:15:00,1.21700000,1.22000000,1.21700000,1.21900000,2662.88000000,2026-05-20 23:19:59,3244.81417000,36
2026-05-20 23:20:00,1.22000000,1.22100000,1.21700000,1.21700000,10046.94000000,2026-05-20 23:24:59,12251.82139000,63
2026-05-20 23:25:00,1.21700000,1.22000000,1.21600000,1.22000000,5790.08000000,2026-05-20 23:29:59,7051.60335000,59
2026-05-20 23:30:00,1.22000000,1.22000000,1.21500000,1.21500000,1863.43000000,2026-05-20 23:34:59,2268.86797000,35
2026-05-20 23:35:00,1.21600000,1.21600000,1.21500000,1.21600000,964.10000000,2026-05-20 23:39:59,1171.66117000,17
2026-05-20 23:40:00,1.21600000,1.21600000,1.21500000,1.21500000,3266.71000000,2026-05-20 23:44:59,3971.91579000,31
2026-05-20 23:45:00,1.21500000,1.21500000,1.21300000,1.21300000,318.67000000,2026-05-20 23:49:59,386.90704000,10
2026-05-20 23:50:00,1.21300000,1.21500000,1.21100000,1.21100000,1770.99000000,2026-05-20 23:54:59,2149.11093000,30
2026-05-20 23:55:00,1.21100000,1.21100000,1.21100000,1.21100000,0.00000000,2026-05-20 23:59:59,0.00000000,0
2026-05-21 00:00:00,1.21000000,1.21100000,1.21000000,1.21100000,1186.99000000,2026-05-21 00:04:59,1437.36232000,14
2026-05-21 00:05:00,1.21200000,1.21500000,1.21200000,1.21500000,3865.64000000,2026-05-21 00:09:59,4689.42692000,35
2026-05-21 00:10:00,1.21600000,1.21600000,1.21300000,1.21400000,2049.33000000,2026-05-21 00:14:59,2488.40182000,19
2026-05-21 00:15:00,1.21500000,1.21500000,1.21400000,1.21400000,577.05000000,2026-05-21 00:19:59,700.70683000,13
2026-05-21 00:20:00,1.21500000,1.21500000,1.21500000,1.21500000,5119.74000000,2026-05-21 00:24:59,6220.48410000,19
2026-05-21 00:25:00,1.21600000,1.21700000,1.21500000,1.21600000,844.55000000,2026-05-21 00:29:59,1027.00735000,16
2026-05-21 00:30:00,1.21600000,1.21600000,1.21500000,1.21600000,652.80000000,2026-05-21 00:34:59,793.19473000,16
2026-05-21 00:35:00,1.21500000,1.21500000,1.21400000,1.21400000,59.69000000,2026-05-21 00:39:59,72.48835000,5
2026-05-21 00:40:00,1.21400000,1.21400000,1.21200000,1.21200000,2893.72000000,2026-05-21 00:44:59,3509.37638000,21
2026-05-21 00:45:00,1.21200000,1.21300000,1.21200000,1.21200000,1398.54000000,2026-05-21 00:49:59,1695.74115000,16
2026-05-21 00:50:00,1.21200000,1.21200000,1.21100000,1.21200000,1000.13000000,2026-05-21 00:54:59,1212.12256000,13
2026-05-21 00:55:00,1.21200000,1.21400000,1.21200000,1.21400000,1107.02000000,2026-05-21 00:59:59,1343.14358000,16
2026-05-21 01:00:00,1.21300000,1.21500000,1.21300000,1.21300000,911.85000000,2026-05-21 01:04:59,1106.94179000,14
2026-05-21 01:05:00,1.21400000,1.21600000,1.21400000,1.21600000,1092.15000000,2026-05-21 01:09:59,1326.57328000,20
2026-05-21 01:10:00,1.21500000,1.21500000,1.21400000,1.21400000,1570.17000000,2026-05-21 01:14:59,1906.91605000,19
2026-05-21 01:15:00,1.21300000,1.21400000,1.21300000,1.21400000,1330.60000000,2026-05-21 01:19:59,1614.78377000,22
2026-05-21 01:20:00,1.21300000,1.21400000,1.21300000,1.21400000,958.56000000,2026-05-21 01:24:59,1163.05231000,17
2026-05-21 01:25:00,1.21300000,1.21400000,1.21100000,1.21100000,4652.45000000,2026-05-21 01:29:59,5639.92622000,24
2026-05-21 01:30:00,1.21100000,1.21200000,1.20900000,1.20900000,1417.09000000,2026-05-21 01:34:59,1716.15804000,17
2026-05-21 01:35:00,1.21000000,1.21000000,1.20800000,1.20900000,1492.31000000,2026-05-21 01:39:59,1804.07190000,22
2026-05-21 01:40:00,1.21000000,1.21100000,1.21000000,1.21100000,509.72000000,2026-05-21 01:44:59,616.91261000,11
2026-05-21 01:45:00,1.21100000,1.21100000,1.21000000,1.21000000,361.10000000,2026-05-21 01:49:59,437.20772000,3
2026-05-21 01:50:00,1.21100000,1.21200000,1.21100000,1.21200000,1919.30000000,2026-05-21 01:54:59,2324.66903000,22
2026-05-21 01:55:00,1.21100000,1.21200000,1.21100000,1.21200000,602.88000000,2026-05-21 01:59:59,730.60805000,8
2026-05-21 02:00:00,1.21100000,1.21200000,1.21000000,1.21200000,1124.83000000,2026-05-21 02:04:59,1362.28378000,22
2026-05-21 02:05:00,1.21300000,1.21300000,1.21200000,1.21200000,621.57000000,2026-05-21 02:09:59,753.81953000,10
2026-05-21 02:10:00,1.21300000,1.21300000,1.21000000,1.21000000,760.79000000,2026-05-21 02:14:59,922.02919000,16
2026-05-21 02:15:00,1.21000000,1.21000000,1.20900000,1.21000000,983.65000000,2026-05-21 02:19:59,1189.86857000,14
2026-05-21 02:20:00,1.21000000,1.21000000,1.20900000,1.21000000,3205.87000000,2026-05-21 02:24:59,3878.02064000,13
2026-05-21 02:25:00,1.21000000,1.21000000,1.20600000,1.20600000,1952.32000000,2026-05-21 02:29:59,2360.88978000,28
2026-05-21 02:30:00,1.20600000,1.20700000,1.20400000,1.20700000,1711.86000000,2026-05-21 02:34:59,2064.11793000,32
2026-05-21 02:35:00,1.20600000,1.20600000,1.20500000,1.20500000,1063.87000000,2026-05-21 02:39:59,1282.43721000,20
2026-05-21 02:40:00,1.20600000,1.20600000,1.20600000,1.20600000,3931.01000000,2026-05-21 02:44:59,4740.79806000,19
2026-05-21 02:45:00,1.20600000,1.20700000,1.20200000,1.20400000,7699.52000000,2026-05-21 02:49:59,9268.86538000,53
2026-05-21 02:50:00,1.20500000,1.20600000,1.20500000,1.20500000,773.46000000,2026-05-21 02:54:59,932.10318000,11
2026-05-21 02:55:00,1.20500000,1.20500000,1.19300000,1.20300000,98447.52000000,2026-05-21 02:59:59,117960.83473000,617
2026-05-21 03:00:00,1.20300000,1.20400000,1.20200000,1.20400000,5001.84000000,2026-05-21 03:04:59,6014.47262000,43
2026-05-21 03:05:00,1.20400000,1.20600000,1.20400000,1.20500000,7329.75000000,2026-05-21 03:09:59,8832.07567000,59
2026-05-21 03:10:00,1.20500000,1.20700000,1.20500000,1.20500000,5949.11000000,2026-05-21 03:14:59,7170.83915000,52
2026-05-21 03:15:00,1.20600000,1.20600000,1.20300000,1.20400000,6284.48000000,2026-05-21 03:19:59,7568.14191000,62
2026-05-21 03:20:00,1.20400000,1.20700000,1.20400000,1.20600000,8527.85000000,2026-05-21 03:24:59,10277.21028000,59
2026-05-21 03:25:00,1.20700000,1.20800000,1.20500000,1.20500000,24683.92000000,2026-05-21 03:29:59,29799.18562000,88
2026-05-21 03:30:00,1.20500000,1.20500000,1.20300000,1.20400000,8966.44000000,2026-05-21 03:34:59,10791.75174000,63
2026-05-21 03:35:00,1.20400000,1.20500000,1.20300000,1.20400000,7816.21000000,2026-05-21 03:39:59,9414.00590000,39
2026-05-21 03:40:00,1.20400000,1.20500000,1.20400000,1.20400000,6199.22000000,2026-05-21 03:44:59,7467.78083000,29
2026-05-21 03:45:00,1.20400000,1.20400000,1.20300000,1.20300000,3708.04000000,2026-05-21 03:49:59,4461.56338000,45
2026-05-21 03:50:00,1.20400000,1.20500000,1.20300000,1.20400000,5791.76000000,2026-05-21 03:54:59,6972.83992000,62
2026-05-21 03:55:00,1.20300000,1.20300000,1.20100000,1.20200000,1179.56000000,2026-05-21 03:59:59,1416.98523000,27
2026-05-21 04:00:00,1.20100000,1.20300000,1.20000000,1.20100000,1850.46000000,2026-05-21 04:04:59,2223.38089000,34
2026-05-21 04:05:00,1.20100000,1.20200000,1.20100000,1.20200000,1341.61000000,2026-05-21 04:09:59,1612.47034000,15
2026-05-21 04:10:00,1.20200000,1.20200000,1.19900000,1.19900000,5191.69000000,2026-05-21 04:14:59,6231.58556000,55
2026-05-21 04:15:00,1.19900000,1.20100000,1.19700000,1.19800000,4633.92000000,2026-05-21 04:19:59,5557.27079000,48
2026-05-21 04:20:00,1.19900000,1.20000000,1.19700000,1.19900000,20136.50000000,2026-05-21 04:24:59,24136.09286000,70
2026-05-21 04:25:00,1.20000000,1.20000000,1.19800000,1.19800000,131.06000000,2026-05-21 04:29:59,157.11443000,5
2026-05-21 04:30:00,1.20000000,1.20300000,1.20000000,1.20300000,1401.98000000,2026-05-21 04:34:59,1683.79477000,19
2026-05-21 04:35:00,1.20400000,1.20600000,1.20400000,1.20600000,2139.25000000,2026-05-21 04:39:59,2577.06382000,28
2026-05-21 04:40:00,1.20700000,1.20700000,1.20600000,1.20600000,3030.05000000,2026-05-21 04:44:59,3654.25437000,22
2026-05-21 04:45:00,1.20700000,1.20700000,1.20600000,1.20600000,2043.97000000,2026-05-21 04:49:59,2465.99324000,14
2026-05-21 04:50:00,1.20700000,1.20700000,1.20700000,1.20700000,411.48000000,2026-05-21 04:54:59,496.65636000,7
2026-05-21 04:55:00,1.20700000,1.20700000,1.20600000,1.20600000,1469.06000000,2026-05-21 04:59:59,1772.09548000,9
2026-05-21 05:00:00,1.20600000,1.20800000,1.20600000,1.20800000,2265.84000000,2026-05-21 05:04:59,2733.35220000,23
2026-05-21 05:05:00,1.20900000,1.21100000,1.20800000,1.21000000,3347.25000000,2026-05-21 05:09:59,4047.34064000,39
2026-05-21 05:10:00,1.20900000,1.20900000,1.20800000,1.20800000,2799.67000000,2026-05-21 05:14:59,3383.77724000,22
2026-05-21 05:15:00,1.20900000,1.21000000,1.20800000,1.20800000,3085.24000000,2026-05-21 05:19:59,3730.63434000,31
2026-05-21 05:20:00,1.20700000,1.20800000,1.20600000,1.20800000,1372.40000000,2026-05-21 05:24:59,1655.77268000,20
2026-05-21 05:25:00,1.20900000,1.20900000,1.20800000,1.20900000,789.65000000,2026-05-21 05:29:59,954.15100000,12
2026-05-21 05:30:00,1.20900000,1.20900000,1.20600000,1.20700000,2164.27000000,2026-05-21 05:34:59,2614.15814000,15
2026-05-21 05:35:00,1.20600000,1.20600000,1.20500000,1.20600000,910.37000000,2026-05-21 05:39:59,1097.88122000,19
2026-05-21 05:40:00,1.20600000,1.20700000,1.20600000,1.20700000,388.30000000,2026-05-21 05:44:59,468.29493000,8
2026-05-21 05:45:00,1.20600000,1.20600000,1.20400000,1.20500000,700.58000000,2026-05-21 05:49:59,844.30767000,12
2026-05-21 05:50:00,1.20500000,1.20500000,1.20300000,1.20300000,2387.37000000,2026-05-21 05:54:59,2873.76020000,22
2026-05-21 05:55:00,1.20400000,1.20400000,1.20300000,1.20400000,1498.45000000,2026-05-21 05:59:59,1803.65851000,16
2026-05-21 06:00:00,1.20500000,1.20700000,1.20500000,1.20700000,1530.81000000,2026-05-21 06:04:59,1844.67181000,19
2026-05-21 06:05:00,1.20800000,1.20800000,1.20500000,1.20600000,2803.35000000,2026-05-21 06:09:59,3381.93494000,30
2026-05-21 06:10:00,1.20700000,1.20800000,1.20700000,1.20700000,1428.55000000,2026-05-21 06:14:59,1724.59587000,19
2026-05-21 06:15:00,1.20700000,1.20700000,1.20500000,1.20500000,329.81000000,2026-05-21 06:19:59,397.44206000,11
2026-05-21 06:20:00,1.20500000,1.20600000,1.20500000,1.20600000,1469.96000000,2026-05-21 06:24:59,1771.97329000,25
2026-05-21 06:25:00,1.20500000,1.20500000,1.20500000,1.20500000,423.43000000,2026-05-21 06:29:59,510.23315000,10
2026-05-21 06:30:00,1.20500000,1.20500000,1.20100000,1.20100000,1608.93000000,2026-05-21 06:34:59,1934.50056000,49
2026-05-21 06:35:00,1.20000000,1.20200000,1.19800000,1.19800000,8724.12000000,2026-05-21 06:39:59,10464.41966000,90
2026-05-21 06:40:00,1.19900000,1.20100000,1.19900000,1.20100000,4114.01000000,2026-05-21 06:44:59,4937.24634000,40
2026-05-21 06:45:00,1.20100000,1.20200000,1.20000000,1.20200000,2849.39000000,2026-05-21 06:49:59,3424.31447000,20
2026-05-21 06:50:00,1.20200000,1.20300000,1.19600000,1.19900000,43947.76000000,2026-05-21 06:54:59,52676.28825000,187
2026-05-21 06:55:00,1.19900000,1.19900000,1.19700000,1.19700000,3814.16000000,2026-05-21 06:59:59,4569.99882000,52
2026-05-21 07:00:00,1.19700000,1.20000000,1.19700000,1.19900000,3417.51000000,2026-05-21 07:04:59,4092.58432000,38
2026-05-21 07:05:00,1.19900000,1.19900000,1.19600000,1.19800000,6619.74000000,2026-05-21 07:09:59,7927.32054000,54
2026-05-21 07:10:00,1.19800000,1.19900000,1.19700000,1.19800000,5855.79000000,2026-05-21 07:14:59,7015.48955000,37
2026-05-21 07:15:00,1.19800000,1.20000000,1.19800000,1.20000000,4367.73000000,2026-05-21 07:19:59,5235.34331000,22
2026-05-21 07:20:00,1.19900000,1.20100000,1.19900000,1.20100000,832.98000000,2026-05-21 07:24:59,1000.09715000,14
2026-05-21 07:25:00,1.20000000,1.20000000,1.18800000,1.19100000,26346.00000000,2026-05-21 07:29:59,31443.07538000,239
2026-05-21 07:30:00,1.19000000,1.19200000,1.18600000,1.19200000,3318.59000000,2026-05-21 07:34:59,3946.01423000,75
2026-05-21 07:35:00,1.19300000,1.19300000,1.18500000,1.18600000,7458.22000000,2026-05-21 07:39:59,8868.77887000,92
2026-05-21 07:40:00,1.18700000,1.18900000,1.18500000,1.18900000,3835.71000000,2026-05-21 07:44:59,4553.99802000,73
2026-05-21 07:45:00,1.18800000,1.18800000,1.18700000,1.18800000,781.38000000,2026-05-21 07:49:59,928.19118000,18
2026-05-21 07:50:00,1.18800000,1.18800000,1.18500000,1.18600000,2564.63000000,2026-05-21 07:54:59,3045.06457000,35
2026-05-21 07:55:00,1.18600000,1.18700000,1.18400000,1.18600000,4501.22000000,2026-05-21 07:59:59,5337.33182000,77
2026-05-21 08:00:00,1.18500000,1.18800000,1.18300000,1.18700000,4680.85000000,2026-05-21 08:04:59,5547.85696000,82
2026-05-21 08:05:00,1.18600000,1.18800000,1.18500000,1.18700000,1303.25000000,2026-05-21 08:09:59,1545.39490000,26
2026-05-21 08:10:00,1.18700000,1.18900000,1.18700000,1.18900000,855.14000000,2026-05-21 08:14:59,1016.48020000,14
2026-05-21 08:15:00,1.19000000,1.19000000,1.18900000,1.18900000,1419.54000000,2026-05-21 08:19:59,1688.89927000,25
2026-05-21 08:20:00,1.19000000,1.19100000,1.18900000,1.18900000,2621.89000000,2026-05-21 08:24:59,3120.50317000,36
2026-05-21 08:25:00,1.18900000,1.18900000,1.18900000,1.18900000,3434.99000000,2026-05-21 08:29:59,4084.20311000,15
2026-05-21 08:30:00,1.19000000,1.19000000,1.18900000,1.19000000,2046.42000000,2026-05-21 08:34:59,2435.05211000,19
2026-05-21 08:35:00,1.19000000,1.19000000,1.18800000,1.19000000,945.49000000,2026-05-21 08:39:59,1124.66715000,25
2026-05-21 08:40:00,1.19000000,1.19000000,1.18800000,1.18800000,412.49000000,2026-05-21 08:44:59,490.57377000,7
2026-05-21 08:45:00,1.18900000,1.18900000,1.18900000,1.18900000,504.59000000,2026-05-21 08:49:59,599.95751000,6
2026-05-21 08:50:00,1.18900000,1.18900000,1.18900000,1.18900000,311.54000000,2026-05-21 08:54:59,370.42106000,9
2026-05-21 08:55:00,1.18900000,1.18900000,1.18700000,1.18900000,1109.77000000,2026-05-21 08:59:59,1318.41165000,21
2026-05-21 09:00:00,1.18900000,1.19000000,1.18700000,1.19000000,1876.42000000,2026-05-21 09:04:59,2229.76112000,43
2026-05-21 09:05:00,1.19000000,1.19000000,1.18700000,1.19000000,1959.73000000,2026-05-21 09:09:59,2329.36344000,29
2026-05-21 09:10:00,1.19000000,1.19000000,1.18700000,1.18800000,670.98000000,2026-05-21 09:14:59,797.46364000,10
2026-05-21 09:15:00,1.18800000,1.18900000,1.18800000,1.18900000,1061.67000000,2026-05-21 09:19:59,1262.20678000,15
2026-05-21 09:20:00,1.18900000,1.18900000,1.18800000,1.18900000,599.95000000,2026-05-21 09:24:59,713.31555000,8
2026-05-21 09:25:00,1.19000000,1.19000000,1.18900000,1.18900000,1005.90000000,2026-05-21 09:29:59,1196.89892000,9
2026-05-21 09:30:00,1.18800000,1.19300000,1.18700000,1.19300000,4833.95000000,2026-05-21 09:34:59,5752.99234000,70
2026-05-21 09:35:00,1.19300000,1.19400000,1.19300000,1.19400000,1042.94000000,2026-05-21 09:39:59,1244.44446000,23
2026-05-21 09:40:00,1.19300000,1.19300000,1.19200000,1.19200000,508.62000000,2026-05-21 09:44:59,606.64628000,16
2026-05-21 09:45:00,1.19300000,1.19400000,1.19300000,1.19400000,1249.26000000,2026-05-21 09:49:59,1490.56694000,21
2026-05-21 09:50:00,1.19300000,1.19300000,1.19200000,1.19200000,8273.90000000,2026-05-21 09:54:59,9862.82001000,31
2026-05-21 09:55:00,1.19200000,1.19200000,1.18900000,1.18900000,1028.09000000,2026-05-21 09:59:59,1224.33190000,23
2026-05-21 10:00:00,1.19000000,1.19200000,1.19000000,1.19100000,557.64000000,2026-05-21 10:04:59,664.38274000,12
2026-05-21 10:05:00,1.19200000,1.19200000,1.19100000,1.19100000,1920.02000000,2026-05-21 10:09:59,2287.23352000,27
2026-05-21 10:10:00,1.19100000,1.19100000,1.19000000,1.19100000,1496.76000000,2026-05-21 10:14:59,1782.55482000,15
2026-05-21 10:15:00,1.19100000,1.19100000,1.18900000,1.19000000,2522.37000000,2026-05-21 10:19:59,3001.06475000,26
2026-05-21 10:20:00,1.19000000,1.19200000,1.19000000,1.19100000,1222.27000000,2026-05-21 10:24:59,1455.51000000,22
2026-05-21 10:25:00,1.19200000,1.19400000,1.19200000,1.19400000,1565.31000000,2026-05-21 10:29:59,1866.68720000,16
2026-05-21 10:30:00,1.19400000,1.19400000,1.18900000,1.19000000,3873.84000000,2026-05-21 10:34:59,4617.76169000,59
2026-05-21 10:35:00,1.19000000,1.19100000,1.18700000,1.18800000,2141.78000000,2026-05-21 10:39:59,2546.13973000,63
2026-05-21 10:40:00,1.18700000,1.19100000,1.18500000,1.18500000,2540.83000000,2026-05-21 10:44:59,3020.54739000,47
2026-05-21 10:45:00,1.18600000,1.18900000,1.18600000,1.18800000,2633.60000000,2026-05-21 10:49:59,3126.62372000,41
2026-05-21 10:50:00,1.18800000,1.19400000,1.18800000,1.19400000,5597.16000000,2026-05-21 10:54:59,6670.55742000,86
2026-05-21 10:55:00,1.19400000,1.19600000,1.19400000,1.19600000,6204.10000000,2026-05-21 10:59:59,7417.20433000,87
2026-05-21 11:00:00,1.19600000,1.19800000,1.19600000,1.19700000,3668.88000000,2026-05-21 11:04:59,4392.01804000,58
2026-05-21 11:05:00,1.19700000,1.19700000,1.19300000,1.19500000,2593.16000000,2026-05-21 11:09:59,3097.49524000,36
2026-05-21 11:10:00,1.19500000,1.19500000,1.19000000,1.19200000,3241.61000000,2026-05-21 11:14:59,3863.91774000,59
2026-05-21 11:15:00,1.19100000,1.19100000,1.18700000,1.18700000,5997.09000000,2026-05-21 11:19:59,7130.14264000,145
2026-05-21 11:20:00,1.18700000,1.18900000,1.18400000,1.18800000,6256.67000000,2026-05-21 11:24:59,7423.63836000,124
2026-05-21 11:25:00,1.18700000,1.18800000,1.18700000,1.18800000,2158.32000000,2026-05-21 11:29:59,2563.51651000,33
2026-05-21 11:30:00,1.18900000,1.19000000,1.18800000,1.18900000,2338.34000000,2026-05-21 11:34:59,2780.60580000,37
2026-05-21 11:35:00,1.18900000,1.18900000,1.18700000,1.18700000,1270.91000000,2026-05-21 11:39:59,1510.03238000,24
2026-05-21 11:40:00,1.18600000,1.18600000,1.18300000,1.18300000,4046.29000000,2026-05-21 11:44:59,4792.09682000,61
2026-05-21 11:45:00,1.18400000,1.18400000,1.18100000,1.18200000,8009.87000000,2026-05-21 11:49:59,9474.00551000,80
2026-05-21 11:50:00,1.18100000,1.18500000,1.18100000,1.18500000,2801.14000000,2026-05-21 11:54:59,3313.22999000,48
2026-05-21 11:55:00,1.18500000,1.18500000,1.18300000,1.18400000,2677.59000000,2026-05-21 11:59:59,3170.35885000,27
2026-05-21 12:00:00,1.18400000,1.18400000,1.18200000,1.18200000,5906.80000000,2026-05-21 12:04:59,6985.95742000,66
2026-05-21 12:05:00,1.18200000,1.18200000,1.17700000,1.17900000,3439.17000000,2026-05-21 12:09:59,4057.40640000,69
2026-05-21 12:10:00,1.17900000,1.18600000,1.17800000,1.18300000,4380.93000000,2026-05-21 12:14:59,5177.54312000,96
2026-05-21 12:15:00,1.18200000,1.18700000,1.18200000,1.18700000,3553.84000000,2026-05-21 12:19:59,4209.36401000,94
2026-05-21 12:20:00,1.18700000,1.18900000,1.18600000,1.18900000,2930.63000000,2026-05-21 12:24:59,3480.99873000,50
2026-05-21 12:25:00,1.18800000,1.19000000,1.18800000,1.18900000,3475.42000000,2026-05-21 12:29:59,4135.09448000,37
2026-05-21 12:30:00,1.19000000,1.19100000,1.18500000,1.18500000,5081.64000000,2026-05-21 12:34:59,6036.16203000,77
2026-05-21 12:35:00,1.18600000,1.18800000,1.18600000,1.18800000,2498.21000000,2026-05-21 12:39:59,2966.10043000,50
2026-05-21 12:40:00,1.18800000,1.18800000,1.18700000,1.18700000,182.76000000,2026-05-21 12:44:59,217.11436000,3
2026-05-21 12:45:00,1.18700000,1.19100000,1.18700000,1.18900000,1276.94000000,2026-05-21 12:49:59,1518.68934000,29
2026-05-21 12:50:00,1.18900000,1.18900000,1.18500000,1.18500000,1515.07000000,2026-05-21 12:54:59,1799.83889000,19
2026-05-21 12:55:00,1.18500000,1.18700000,1.18500000,1.18700000,1321.98000000,2026-05-21 12:59:59,1567.28254000,29
2026-05-21 13:00:00,1.18700000,1.18900000,1.18700000,1.18800000,2457.65000000,2026-05-21 13:04:59,2920.55645000,41
2026-05-21 13:05:00,1.18700000,1.18800000,1.18500000,1.18800000,2076.23000000,2026-05-21 13:09:59,2462.60028000,26
2026-05-21 13:10:00,1.18800000,1.18800000,1.18400000,1.18600000,2189.90000000,2026-05-21 13:14:59,2595.81965000,47
2026-05-21 13:15:00,1.18500000,1.18500000,1.18300000,1.18300000,669.70000000,2026-05-21 13:19:59,792.73978000,14
2026-05-21 13:20:00,1.18400000,1.18400000,1.18100000,1.18300000,1029.39000000,2026-05-21 13:24:59,1217.32087000,20
2026-05-21 13:25:00,1.18100000,1.18300000,1.18100000,1.18300000,175.89000000,2026-05-21 13:29:59,207.98217000,7
2026-05-21 13:30:00,1.18300000,1.18500000,1.18300000,1.18500000,554.87000000,2026-05-21 13:34:59,657.20715000,16
2026-05-21 13:35:00,1.18400000,1.18400000,1.18200000,1.18200000,2755.50000000,2026-05-21 13:39:59,3257.69989000,20
2026-05-21 13:40:00,1.18200000,1.18200000,1.18100000,1.18100000,519.71000000,2026-05-21 13:44:59,614.26025000,13
2026-05-21 13:45:00,1.18100000,1.18200000,1.18100000,1.18100000,606.33000000,2026-05-21 13:49:59,716.18973000,7
2026-05-21 13:50:00,1.18100000,1.18200000,1.18000000,1.18100000,1516.93000000,2026-05-21 13:54:59,1791.43550000,25
2026-05-21 13:55:00,1.18200000,1.18300000,1.18200000,1.18300000,205.16000000,2026-05-21 13:59:59,242.66473000,7
2026-05-21 14:00:00,1.18400000,1.18600000,1.18400000,1.18400000,1384.75000000,2026-05-21 14:04:59,1641.74299000,25
2026-05-21 14:05:00,1.18400000,1.18500000,1.18400000,1.18400000,802.51000000,2026-05-21 14:09:59,950.18027000,9
2026-05-21 14:10:00,1.18400000,1.19200000,1.18400000,1.19000000,10240.98000000,2026-05-21 14:14:59,12174.42654000,111
2026-05-21 14:15:00,1.19100000,1.19600000,1.19100000,1.19500000,17201.91000000,2026-05-21 14:19:59,20539.98596000,153
2026-05-21 14:20:00,1.19600000,1.20000000,1.19400000,1.19900000,25109.26000000,2026-05-21 14:24:59,30090.95856000,209
2026-05-21 14:25:00,1.20000000,1.20100000,1.20000000,1.20000000,5782.62000000,2026-05-21 14:29:59,6941.42029000,47
2026-05-21 14:30:00,1.20100000,1.20100000,1.19900000,1.20100000,2469.56000000,2026-05-21 14:34:59,2964.32619000,38
2026-05-21 14:35:00,1.20200000,1.20300000,1.20200000,1.20200000,2865.46000000,2026-05-21 14:39:59,3445.40485000,28
2026-05-21 14:40:00,1.20300000,1.20400000,1.20200000,1.20300000,4122.20000000,2026-05-21 14:44:59,4957.95759000,25
2026-05-21 14:45:00,1.20300000,1.20400000,1.20200000,1.20400000,8478.84000000,2026-05-21 14:49:59,10195.76981000,37
2026-05-21 14:50:00,1.20500000,1.21000000,1.20500000,1.20800000,6726.99000000,2026-05-21 14:54:59,8129.33187000,55
2026-05-21 14:55:00,1.20900000,1.20900000,1.20400000,1.20400000,4007.50000000,2026-05-21 14:59:59,4840.40950000,43
2026-05-21 15:00:00,1.20400000,1.20700000,1.20300000,1.20400000,2654.27000000,2026-05-21 15:04:59,3197.51594000,45
2026-05-21 15:05:00,1.20400000,1.20500000,1.20300000,1.20500000,801.37000000,2026-05-21 15:09:59,964.77093000,15
2026-05-21 15:10:00,1.20500000,1.20500000,1.20400000,1.20500000,1060.52000000,2026-05-21 15:14:59,1277.68212000,19
2026-05-21 15:15:00,1.20400000,1.20700000,1.20300000,1.20700000,3277.96000000,2026-05-21 15:19:59,3946.95937000,40
2026-05-21 15:20:00,1.20700000,1.20800000,1.20600000,1.20800000,1095.35000000,2026-05-21 15:24:59,1322.11458000,20
2026-05-21 15:25:00,1.20900000,1.21000000,1.20800000,1.20800000,1393.75000000,2026-05-21 15:29:59,1684.66682000,19
2026-05-21 15:30:00,1.20700000,1.20700000,1.20600000,1.20600000,263.23000000,2026-05-21 15:34:59,317.49220000,8
2026-05-21 15:35:00,1.20600000,1.20600000,1.20600000,1.20600000,189.95000000,2026-05-21 15:39:59,229.07970000,7
2026-05-21 15:40:00,1.20600000,1.20700000,1.20600000,1.20700000,869.99000000,2026-05-21 15:44:59,1049.59668000,14
2026-05-21 15:45:00,1.20600000,1.20600000,1.20000000,1.20100000,2019.02000000,2026-05-21 15:49:59,2428.45532000,25
2026-05-21 15:50:00,1.20100000,1.20300000,1.19800000,1.19900000,6579.55000000,2026-05-21 15:54:59,7900.35102000,78
2026-05-21 15:55:00,1.19900000,1.20100000,1.19900000,1.20100000,3151.10000000,2026-05-21 15:59:59,3781.00243000,30
2026-05-21 16:00:00,1.20200000,1.20400000,1.20200000,1.20300000,2019.50000000,2026-05-21 16:04:59,2428.72781000,27
2026-05-21 16:05:00,1.20200000,1.20300000,1.20100000,1.20300000,3544.64000000,2026-05-21 16:09:59,4260.21724000,33
2026-05-21 16:10:00,1.20400000,1.20400000,1.20200000,1.20300000,2661.96000000,2026-05-21 16:14:59,3201.19041000,23
2026-05-21 16:15:00,1.20400000,1.20400000,1.20300000,1.20400000,459.21000000,2026-05-21 16:19:59,552.44663000,7
2026-05-21 16:20:00,1.20300000,1.20300000,1.20300000,1.20300000,1107.35000000,2026-05-21 16:24:59,1332.14205000,14
2026-05-21 16:25:00,1.20200000,1.20300000,1.20100000,1.20100000,1074.66000000,2026-05-21 16:29:59,1292.35816000,20
2026-05-21 16:30:00,1.20100000,1.20300000,1.20100000,1.20300000,967.82000000,2026-05-21 16:34:59,1164.06573000,11
2026-05-21 16:35:00,1.20400000,1.20500000,1.20300000,1.20500000,5315.25000000,2026-05-21 16:39:59,6401.31549000,32
2026-05-21 16:40:00,1.20400000,1.20400000,1.20300000,1.20400000,2092.06000000,2026-05-21 16:44:59,2517.65106000,18
2026-05-21 16:45:00,1.20400000,1.20700000,1.20400000,1.20600000,693.54000000,2026-05-21 16:49:59,835.87195000,17
2026-05-21 16:50:00,1.20700000,1.20800000,1.20500000,1.20700000,1122.83000000,2026-05-21 16:54:59,1354.91344000,33
2026-05-21 16:55:00,1.20600000,1.20900000,1.20500000,1.20800000,10112.13000000,2026-05-21 16:59:59,12218.48093000,51
2026-05-21 17:00:00,1.20700000,1.20700000,1.20600000,1.20600000,391.45000000,2026-05-21 17:04:59,472.43353000,10
2026-05-21 17:05:00,1.20700000,1.20900000,1.20700000,1.20800000,1150.81000000,2026-05-21 17:09:59,1390.28343000,17
2026-05-21 17:10:00,1.20800000,1.20800000,1.20800000,1.20800000,817.71000000,2026-05-21 17:14:59,987.79368000,13
2026-05-21 17:15:00,1.20700000,1.20700000,1.20700000,1.20700000,341.78000000,2026-05-21 17:19:59,412.52846000,5
2026-05-21 17:20:00,1.20700000,1.20700000,1.20600000,1.20700000,854.17000000,2026-05-21 17:24:59,1030.89513000,7
2026-05-21 17:25:00,1.20700000,1.20700000,1.20600000,1.20600000,613.52000000,2026-05-21 17:29:59,740.23274000,11
2026-05-21 17:30:00,1.20700000,1.20800000,1.20700000,1.20800000,242.06000000,2026-05-21 17:34:59,292.29906000,8
2026-05-21 17:35:00,1.20800000,1.20800000,1.20800000,1.20800000,807.48000000,2026-05-21 17:39:59,975.43584000,7
2026-05-21 17:40:00,1.20800000,1.20900000,1.20800000,1.20900000,384.58000000,2026-05-21 17:44:59,464.75199000,5
2026-05-21 17:45:00,1.21000000,1.21100000,1.21000000,1.21100000,2424.81000000,2026-05-21 17:49:59,2934.81557000,17
2026-05-21 17:50:00,1.21100000,1.21100000,1.20800000,1.20800000,1813.02000000,2026-05-21 17:54:59,2192.26789000,17
2026-05-21 17:55:00,1.20800000,1.20800000,1.20800000,1.20800000,686.78000000,2026-05-21 17:59:59,829.63024000,6
2026-05-21 18:00:00,1.20900000,1.20900000,1.20800000,1.20900000,9835.43000000,2026-05-21 18:04:59,11882.90592000,54
2026-05-21 18:05:00,1.20900000,1.20900000,1.20900000,1.20900000,12.13000000,2026-05-21 18:09:59,14.66517000,2
2026-05-21 18:10:00,1.21000000,1.21100000,1.20900000,1.20900000,1022.38000000,2026-05-21 18:14:59,1237.32767000,16
2026-05-21 18:15:00,1.20800000,1.20900000,1.20800000,1.20800000,1799.99000000,2026-05-21 18:19:59,2174.39237000,19
2026-05-21 18:20:00,1.20800000,1.20900000,1.20800000,1.20800000,1949.89000000,2026-05-21 18:24:59,2355.86905000,23
2026-05-21 18:25:00,1.20800000,1.20800000,1.20800000,1.20800000,4.13000000,2026-05-21 18:29:59,4.98904000,1
2026-05-21 18:30:00,1.20800000,1.20900000,1.20800000,1.20900000,588.98000000,2026-05-21 18:34:59,711.50434000,8
2026-05-21 18:35:00,1.20800000,1.20800000,1.20700000,1.20800000,2111.85000000,2026-05-21 18:39:59,2550.82669000,35
2026-05-21 18:40:00,1.20700000,1.20800000,1.20700000,1.20800000,546.38000000,2026-05-21 18:44:59,659.63996000,3
2026-05-21 18:45:00,1.20800000,1.20800000,1.20700000,1.20700000,2432.62000000,2026-05-21 18:49:59,2936.24134000,8
2026-05-21 18:50:00,1.20700000,1.20800000,1.20700000,1.20800000,2179.25000000,2026-05-21 18:54:59,2630.51154000,9
2026-05-21 18:55:00,1.20900000,1.20900000,1.20700000,1.20700000,1207.70000000,2026-05-21 18:59:59,1458.93136000,24
2026-05-21 19:00:00,1.20700000,1.20700000,1.20200000,1.20500000,16137.43000000,2026-05-21 19:04:59,19419.59740000,78
2026-05-21 19:05:00,1.20600000,1.20700000,1.20600000,1.20700000,165.06000000,2026-05-21 19:09:59,199.17786000,4
2026-05-21 19:10:00,1.20600000,1.20600000,1.20500000,1.20600000,427.31000000,2026-05-21 19:14:59,515.13675000,9
2026-05-21 19:15:00,1.20600000,1.20600000,1.20500000,1.20600000,2180.68000000,2026-05-21 19:19:59,2629.40924000,15
2026-05-21 19:20:00,1.20600000,1.20600000,1.20600000,1.20600000,170.39000000,2026-05-21 19:24:59,205.49034000,3
2026-05-21 19:25:00,1.20700000,1.20800000,1.20700000,1.20700000,452.06000000,2026-05-21 19:29:59,545.66290000,9
2026-05-21 19:30:00,1.20800000,1.20800000,1.20600000,1.20600000,401.64000000,2026-05-21 19:34:59,485.13050000,12
2026-05-21 19:35:00,1.20500000,1.20500000,1.20400000,1.20400000,401.69000000,2026-05-21 19:39:59,483.81059000,7
2026-05-21 19:40:00,1.20400000,1.20400000,1.20300000,1.20400000,1448.32000000,2026-05-21 19:44:59,1743.74270000,16
2026-05-21 19:45:00,1.20500000,1.20600000,1.20500000,1.20500000,752.19000000,2026-05-21 19:49:59,906.46011000,10
2026-05-21 19:50:00,1.20400000,1.20500000,1.20400000,1.20500000,1442.65000000,2026-05-21 19:54:59,1736.95474000,13
2026-05-21 19:55:00,1.20400000,1.20400000,1.20300000,1.20300000,1215.67000000,2026-05-21 19:59:59,1462.69661000,10
2026-05-21 20:00:00,1.20200000,1.20200000,1.20000000,1.20100000,686.01000000,2026-05-21 20:04:59,823.92529000,18
2026-05-21 20:05:00,1.20100000,1.20300000,1.20100000,1.20100000,3997.96000000,2026-05-21 20:09:59,4802.85990000,28
2026-05-21 20:10:00,1.20100000,1.20200000,1.19800000,1.19900000,1315.30000000,2026-05-21 20:14:59,1579.56389000,29
2026-05-21 20:15:00,1.19800000,1.20000000,1.19700000,1.20000000,1747.15000000,2026-05-21 20:19:59,2093.74404000,26
2026-05-21 20:20:00,1.19900000,1.19900000,1.19900000,1.19900000,306.41000000,2026-05-21 20:24:59,367.38559000,5
2026-05-21 20:25:00,1.20000000,1.20000000,1.20000000,1.20000000,44.79000000,2026-05-21 20:29:59,53.74800000,4
2026-05-21 20:30:00,1.20000000,1.20100000,1.20000000,1.20100000,274.61000000,2026-05-21 20:34:59,329.67758000,6
2026-05-21 20:35:00,1.20100000,1.20200000,1.20100000,1.20200000,36.28000000,2026-05-21 20:39:59,43.58925000,4
2026-05-21 20:40:00,1.20200000,1.20200000,1.20100000,1.20100000,705.11000000,2026-05-21 20:44:59,846.84237000,10
2026-05-21 20:45:00,1.20000000,1.20200000,1.20000000,1.20200000,1387.21000000,2026-05-21 20:49:59,1665.38623000,16
2026-05-21 20:50:00,1.20200000,1.20500000,1.20200000,1.20400000,4769.22000000,2026-05-21 20:54:59,5740.99101000,33
2026-05-21 20:55:00,1.20400000,1.20400000,1.20300000,1.20300000,824.89000000,2026-05-21 20:59:59,992.42572000,13
2026-05-21 21:00:00,1.20400000,1.20400000,1.20200000,1.20400000,3072.48000000,2026-05-21 21:04:59,3695.56767000,35
2026-05-21 21:05:00,1.20500000,1.20600000,1.20300000,1.20600000,3451.86000000,2026-05-21 21:09:59,4160.10103000,41
2026-05-21 21:10:00,1.20400000,1.20400000,1.20100000,1.20100000,1040.54000000,2026-05-21 21:14:59,1252.50538000,17
2026-05-21 21:15:00,1.20100000,1.20100000,1.19900000,1.19900000,3983.29000000,2026-05-21 21:19:59,4779.54433000,24
2026-05-21 21:20:00,1.19800000,1.20000000,1.19500000,1.19700000,4241.87000000,2026-05-21 21:24:59,5077.48720000,69
2026-05-21 21:25:00,1.19700000,1.19700000,1.19500000,1.19500000,2974.79000000,2026-05-21 21:29:59,3557.30311000,27
2026-05-21 21:30:00,1.19500000,1.19900000,1.19500000,1.19700000,3002.21000000,2026-05-21 21:34:59,3594.73220000,39
2026-05-21 21:35:00,1.19800000,1.19900000,1.19800000,1.19800000,1948.76000000,2026-05-21 21:39:59,2335.50931000,31
2026-05-21 21:40:00,1.19700000,1.19800000,1.19600000,1.19700000,1692.11000000,2026-05-21 21:44:59,2025.08552000,23
2026-05-21 21:45:00,1.19700000,1.19700000,1.19600000,1.19600000,1533.94000000,2026-05-21 21:49:59,1834.92254000,16
2026-05-21 21:50:00,1.19600000,1.19600000,1.19500000,1.19500000,418.60000000,2026-05-21 21:54:59,500.50605000,9
2026-05-21 21:55:00,1.19500000,1.19500000,1.19400000,1.19500000,281.37000000,2026-05-21 21:59:59,336.14896000,5
2026-05-21 22:00:00,1.19300000,1.19400000,1.19200000,1.19300000,436.18000000,2026-05-21 22:04:59,520.07742000,19
2026-05-21 22:05:00,1.19300000,1.19400000,1.19200000,1.19400000,161.33000000,2026-05-21 22:09:59,192.44988000,13
2026-05-21 22:10:00,1.19500000,1.19800000,1.19400000,1.19800000,1089.85000000,2026-05-21 22:14:59,1302.39509000,27
2026-05-21 22:15:00,1.19800000,1.19900000,1.19600000,1.19900000,3507.60000000,2026-05-21 22:19:59,4198.77539000,33
2026-05-21 22:20:00,1.19800000,1.19800000,1.19500000,1.19500000,2112.83000000,2026-05-21 22:24:59,2529.13182000,19
2026-05-21 22:25:00,1.19600000,1.19700000,1.19600000,1.19700000,298.44000000,2026-05-21 22:29:59,356.95130000,8
2026-05-21 22:30:00,1.19800000,1.19800000,1.19500000,1.19500000,864.44000000,2026-05-21 22:34:59,1034.01792000,15
2026-05-21 22:35:00,1.19400000,1.19500000,1.19300000,1.19500000,326.99000000,2026-05-21 22:39:59,390.54099000,13
2026-05-21 22:40:00,1.19400000,1.19500000,1.19400000,1.19500000,5143.47000000,2026-05-21 22:44:59,6146.15794000,12
2026-05-21 22:45:00,1.19600000,1.19800000,1.19600000,1.19800000,1281.00000000,2026-05-21 22:49:59,1533.87404000,17
2026-05-21 22:50:00,1.19900000,1.19900000,1.19900000,1.19900000,192.63000000,2026-05-21 22:54:59,230.96337000,7
2026-05-21 22:55:00,1.19700000,1.19900000,1.19700000,1.19900000,624.40000000,2026-05-21 22:59:59,747.86745000,12
2026-05-21 23:00:00,1.20000000,1.20200000,1.19900000,1.20200000,368.37000000,2026-05-21 23:04:59,442.18846000,10
2026-05-21 23:05:00,1.20200000,1.20200000,1.20100000,1.20200000,1005.81000000,2026-05-21 23:09:59,1208.96668000,16
2026-05-21 23:10:00,1.20100000,1.20100000,1.20100000,1.20100000,82.44000000,2026-05-21 23:14:59,99.01044000,4
2026-05-21 23:15:00,1.20200000,1.20300000,1.20200000,1.20300000,430.45000000,2026-05-21 23:19:59,517.65328000,9
2026-05-21 23:20:00,1.20400000,1.20400000,1.20200000,1.20200000,626.95000000,2026-05-21 23:24:59,754.42402000,15
2026-05-21 23:25:00,1.20200000,1.20200000,1.20100000,1.20200000,994.10000000,2026-05-21 23:29:59,1194.51490000,20
2026-05-21 23:30:00,1.20200000,1.20500000,1.20200000,1.20200000,1632.44000000,2026-05-21 23:34:59,1962.98008000,37
2026-05-21 23:35:00,1.20200000,1.20400000,1.20200000,1.20400000,291.78000000,2026-05-21 23:39:59,350.84234000,4
2026-05-21 23:40:00,1.20400000,1.20600000,1.20400000,1.20500000,1962.89000000,2026-05-21 23:44:59,2363.85876000,20
2026-05-21 23:45:00,1.20400000,1.20600000,1.20400000,1.20400000,1837.32000000,2026-05-21 23:49:59,2213.49720000,23
2026-05-21 23:50:00,1.20500000,1.20500000,1.20400000,1.20400000,121.07000000,2026-05-21 23:54:59,145.80754000,5
2026-05-21 23:55:00,1.20300000,1.20600000,1.20300000,1.20600000,389.43000000,2026-05-21 23:59:59,469.00989000,12