open_time_brasilia,open,high,low,close,volume,close_time_brasilia,quote_volume,trades
2026-05-28 00:00:00,1.12600000,1.12800000,1.12600000,1.12600000,3200.41000000,2026-05-28 00:04:59,3605.21932000,40
2026-05-28 00:05:00,1.12700000,1.12800000,1.12400000,1.12400000,3837.21000000,2026-05-28 00:09:59,4316.72737000,34
2026-05-28 00:10:00,1.12300000,1.12400000,1.12100000,1.12400000,2820.92000000,2026-05-28 00:14:59,3165.95820000,29
2026-05-28 00:15:00,1.12500000,1.12500000,1.10000000,1.11000000,94611.01000000,2026-05-28 00:19:59,104706.50068000,804
2026-05-28 00:20:00,1.10900000,1.11200000,1.10800000,1.11200000,19193.12000000,2026-05-28 00:24:59,21308.14690000,102
2026-05-28 00:25:00,1.11200000,1.11200000,1.10500000,1.10600000,9187.74000000,2026-05-28 00:29:59,10170.64587000,57
2026-05-28 00:30:00,1.10400000,1.10800000,1.10300000,1.10300000,29220.83000000,2026-05-28 00:34:59,32301.54618000,99
2026-05-28 00:35:00,1.10300000,1.10300000,1.10000000,1.10200000,20104.93000000,2026-05-28 00:39:59,22151.98077000,109
2026-05-28 00:40:00,1.10300000,1.10900000,1.10300000,1.10600000,8133.98000000,2026-05-28 00:44:59,9002.03520000,76
2026-05-28 00:45:00,1.10600000,1.10900000,1.10600000,1.10800000,3265.83000000,2026-05-28 00:49:59,3619.16979000,43
2026-05-28 00:50:00,1.10700000,1.10700000,1.10100000,1.10100000,11037.04000000,2026-05-28 00:54:59,12169.47906000,86
2026-05-28 00:55:00,1.10100000,1.10200000,1.09600000,1.10000000,45915.60000000,2026-05-28 00:59:59,50442.63008000,222
2026-05-28 01:00:00,1.09900000,1.09900000,1.06800000,1.07900000,199509.22000000,2026-05-28 01:04:59,216171.65821000,1615
2026-05-28 01:05:00,1.07900000,1.08600000,1.07700000,1.08500000,18611.04000000,2026-05-28 01:09:59,20127.87735000,165
2026-05-28 01:10:00,1.08600000,1.08600000,1.08200000,1.08400000,4910.74000000,2026-05-28 01:14:59,5322.39472000,48
2026-05-28 01:15:00,1.08300000,1.08600000,1.07800000,1.07800000,7198.66000000,2026-05-28 01:19:59,7784.23931000,61
2026-05-28 01:20:00,1.07900000,1.08000000,1.07200000,1.07500000,18391.85000000,2026-05-28 01:24:59,19778.53943000,140
2026-05-28 01:25:00,1.07500000,1.07900000,1.07200000,1.07900000,9845.10000000,2026-05-28 01:29:59,10577.70941000,76
2026-05-28 01:30:00,1.07900000,1.08600000,1.07800000,1.08600000,6842.33000000,2026-05-28 01:34:59,7396.14970000,48
2026-05-28 01:35:00,1.08600000,1.08700000,1.08300000,1.08500000,5577.06000000,2026-05-28 01:39:59,6057.08726000,60
2026-05-28 01:40:00,1.08600000,1.08700000,1.08400000,1.08600000,7807.60000000,2026-05-28 01:44:59,8473.31301000,36
2026-05-28 01:45:00,1.08500000,1.08500000,1.08200000,1.08400000,3611.55000000,2026-05-28 01:49:59,3914.94986000,40
2026-05-28 01:50:00,1.08400000,1.08600000,1.08200000,1.08500000,4664.33000000,2026-05-28 01:54:59,5050.53963000,54
2026-05-28 01:55:00,1.08400000,1.08600000,1.08300000,1.08300000,2741.64000000,2026-05-28 01:59:59,2972.22434000,28
2026-05-28 02:00:00,1.08300000,1.08600000,1.08300000,1.08300000,6561.06000000,2026-05-28 02:04:59,7112.20023000,51
2026-05-28 02:05:00,1.08300000,1.08300000,1.07900000,1.08200000,14622.62000000,2026-05-28 02:09:59,15807.90204000,85
2026-05-28 02:10:00,1.08200000,1.08200000,1.07900000,1.08000000,4302.15000000,2026-05-28 02:14:59,4646.63602000,51
2026-05-28 02:15:00,1.08000000,1.08000000,1.07500000,1.07500000,10147.56000000,2026-05-28 02:19:59,10921.87810000,68
2026-05-28 02:20:00,1.07600000,1.07700000,1.07400000,1.07500000,26723.90000000,2026-05-28 02:24:59,28708.36273000,83
2026-05-28 02:25:00,1.07400000,1.07600000,1.07300000,1.07400000,5438.25000000,2026-05-28 02:29:59,5843.31237000,23
2026-05-28 02:30:00,1.07500000,1.07900000,1.07500000,1.07900000,8772.91000000,2026-05-28 02:34:59,9449.63541000,46
2026-05-28 02:35:00,1.07800000,1.08000000,1.07800000,1.08000000,254.90000000,2026-05-28 02:39:59,275.02068000,6
2026-05-28 02:40:00,1.08100000,1.08100000,1.08000000,1.08000000,8225.65000000,2026-05-28 02:44:59,8890.46913000,32
2026-05-28 02:45:00,1.08100000,1.08200000,1.07900000,1.08100000,3155.68000000,2026-05-28 02:49:59,3411.40688000,40
2026-05-28 02:50:00,1.08200000,1.08500000,1.08200000,1.08500000,4139.47000000,2026-05-28 02:54:59,4484.57903000,46
2026-05-28 02:55:00,1.08500000,1.08500000,1.08200000,1.08300000,2135.07000000,2026-05-28 02:59:59,2314.30356000,26
2026-05-28 03:00:00,1.08200000,1.08500000,1.08200000,1.08500000,9797.38000000,2026-05-28 03:04:59,10616.20318000,62
2026-05-28 03:05:00,1.08500000,1.08600000,1.08400000,1.08500000,2162.97000000,2026-05-28 03:09:59,2347.77820000,32
2026-05-28 03:10:00,1.08400000,1.08500000,1.08400000,1.08500000,686.03000000,2026-05-28 03:14:59,743.99161000,13
2026-05-28 03:15:00,1.08500000,1.08600000,1.08400000,1.08600000,648.92000000,2026-05-28 03:19:59,703.91886000,17
2026-05-28 03:20:00,1.08600000,1.08600000,1.08400000,1.08500000,840.21000000,2026-05-28 03:24:59,911.61030000,17
2026-05-28 03:25:00,1.08500000,1.08600000,1.08400000,1.08600000,1273.15000000,2026-05-28 03:29:59,1381.80384000,18
2026-05-28 03:30:00,1.08600000,1.08600000,1.08500000,1.08600000,1324.02000000,2026-05-28 03:34:59,1437.44283000,15
2026-05-28 03:35:00,1.08500000,1.08500000,1.08400000,1.08500000,433.08000000,2026-05-28 03:39:59,469.67185000,13
2026-05-28 03:40:00,1.08500000,1.08500000,1.08200000,1.08300000,10383.14000000,2026-05-28 03:44:59,11257.15793000,52
2026-05-28 03:45:00,1.08400000,1.09000000,1.08400000,1.08800000,12887.83000000,2026-05-28 03:49:59,14005.79258000,97
2026-05-28 03:50:00,1.08800000,1.08900000,1.08700000,1.08700000,9514.67000000,2026-05-28 03:54:59,10350.79240000,52
2026-05-28 03:55:00,1.08700000,1.08800000,1.08700000,1.08700000,462.78000000,2026-05-28 03:59:59,503.31411000,8
2026-05-28 04:00:00,1.08800000,1.08800000,1.08800000,1.08800000,568.97000000,2026-05-28 04:04:59,619.03936000,5
2026-05-28 04:05:00,1.08700000,1.08800000,1.08600000,1.08800000,6605.20000000,2026-05-28 04:09:59,7179.49513000,39
2026-05-28 04:10:00,1.08800000,1.08800000,1.08700000,1.08800000,7616.06000000,2026-05-28 04:14:59,8283.49072000,52
2026-05-28 04:15:00,1.08900000,1.09000000,1.08900000,1.08900000,3303.65000000,2026-05-28 04:19:59,3599.59097000,30
2026-05-28 04:20:00,1.08900000,1.09000000,1.08900000,1.09000000,1137.06000000,2026-05-28 04:24:59,1238.37871000,21
2026-05-28 04:25:00,1.09000000,1.09000000,1.08800000,1.08800000,801.88000000,2026-05-28 04:29:59,873.46002000,13
2026-05-28 04:30:00,1.08800000,1.09000000,1.08700000,1.09000000,1112.52000000,2026-05-28 04:34:59,1211.93727000,14
2026-05-28 04:35:00,1.09000000,1.09300000,1.09000000,1.09200000,1650.45000000,2026-05-28 04:39:59,1803.13905000,19
2026-05-28 04:40:00,1.09100000,1.09300000,1.09100000,1.09300000,1774.30000000,2026-05-28 04:44:59,1937.86273000,15
2026-05-28 04:45:00,1.09100000,1.09100000,1.09000000,1.09000000,754.90000000,2026-05-28 04:49:59,823.21443000,15
2026-05-28 04:50:00,1.09000000,1.09100000,1.08900000,1.09100000,3917.87000000,2026-05-28 04:54:59,4270.29650000,35
2026-05-28 04:55:00,1.09100000,1.09400000,1.09100000,1.09400000,2425.42000000,2026-05-28 04:59:59,2650.91881000,21
2026-05-28 05:00:00,1.09500000,1.09500000,1.09000000,1.09200000,2920.52000000,2026-05-28 05:04:59,3190.47966000,25
2026-05-28 05:05:00,1.09100000,1.09400000,1.09100000,1.09400000,2907.66000000,2026-05-28 05:09:59,3175.70342000,38
2026-05-28 05:10:00,1.09300000,1.09400000,1.09300000,1.09400000,9235.67000000,2026-05-28 05:14:59,10096.84470000,34
2026-05-28 05:15:00,1.09200000,1.09200000,1.09100000,1.09200000,656.17000000,2026-05-28 05:19:59,716.42916000,8
2026-05-28 05:20:00,1.09200000,1.09200000,1.09000000,1.09100000,4285.16000000,2026-05-28 05:24:59,4674.84874000,28
2026-05-28 05:25:00,1.09000000,1.09100000,1.08800000,1.08800000,1600.53000000,2026-05-28 05:29:59,1742.30422000,17
2026-05-28 05:30:00,1.08800000,1.08900000,1.08700000,1.08900000,9637.92000000,2026-05-28 05:34:59,10480.81725000,45
2026-05-28 05:35:00,1.08800000,1.09100000,1.08800000,1.09100000,1734.22000000,2026-05-28 05:39:59,1889.18232000,24
2026-05-28 05:40:00,1.09100000,1.09100000,1.08800000,1.08800000,1277.34000000,2026-05-28 05:44:59,1391.59038000,18
2026-05-28 05:45:00,1.08900000,1.09000000,1.08900000,1.08900000,1069.66000000,2026-05-28 05:49:59,1165.26950000,16
2026-05-28 05:50:00,1.08900000,1.08900000,1.08800000,1.08900000,167.85000000,2026-05-28 05:54:59,182.74048000,4
2026-05-28 05:55:00,1.08800000,1.08800000,1.08700000,1.08700000,1671.72000000,2026-05-28 05:59:59,1818.00090000,16
2026-05-28 06:00:00,1.08700000,1.08900000,1.08700000,1.08900000,1356.33000000,2026-05-28 06:04:59,1475.92929000,21
2026-05-28 06:05:00,1.09000000,1.09000000,1.08700000,1.08900000,342.00000000,2026-05-28 06:09:59,372.41477000,8
2026-05-28 06:10:00,1.08800000,1.08900000,1.08700000,1.08800000,1268.26000000,2026-05-28 06:14:59,1379.61958000,17
2026-05-28 06:15:00,1.08800000,1.08900000,1.08800000,1.08900000,865.61000000,2026-05-28 06:19:59,942.22296000,15
2026-05-28 06:20:00,1.08800000,1.08900000,1.08800000,1.08900000,3986.96000000,2026-05-28 06:24:59,4340.79346000,31
2026-05-28 06:25:00,1.08900000,1.09100000,1.08900000,1.09000000,1808.88000000,2026-05-28 06:29:59,1971.89696000,23
2026-05-28 06:30:00,1.09000000,1.09200000,1.09000000,1.09200000,2448.85000000,2026-05-28 06:34:59,2673.75507000,20
2026-05-28 06:35:00,1.09300000,1.09300000,1.09200000,1.09300000,1247.18000000,2026-05-28 06:39:59,1363.06024000,19
2026-05-28 06:40:00,1.09300000,1.09400000,1.09300000,1.09400000,1709.10000000,2026-05-28 06:44:59,1869.25774000,18
2026-05-28 06:45:00,1.09500000,1.09900000,1.09500000,1.09800000,5941.52000000,2026-05-28 06:49:59,6517.05468000,60
2026-05-28 06:50:00,1.09800000,1.09800000,1.09700000,1.09700000,1111.05000000,2026-05-28 06:54:59,1218.88090000,16
2026-05-28 06:55:00,1.09700000,1.09800000,1.09700000,1.09800000,1346.28000000,2026-05-28 06:59:59,1477.96995000,23
2026-05-28 07:00:00,1.09800000,1.09900000,1.09700000,1.09700000,14951.27000000,2026-05-28 07:04:59,16415.84691000,52
2026-05-28 07:05:00,1.09700000,1.09800000,1.09600000,1.09600000,3316.28000000,2026-05-28 07:09:59,3636.13752000,25
2026-05-28 07:10:00,1.09600000,1.09600000,1.09200000,1.09200000,1459.87000000,2026-05-28 07:14:59,1598.88800000,20
2026-05-28 07:15:00,1.09200000,1.09200000,1.09000000,1.09000000,4256.18000000,2026-05-28 07:19:59,4643.47619000,29
2026-05-28 07:20:00,1.08900000,1.08900000,1.08600000,1.08600000,2533.77000000,2026-05-28 07:24:59,2754.07543000,21
2026-05-28 07:25:00,1.08600000,1.08600000,1.08400000,1.08500000,2022.79000000,2026-05-28 07:29:59,2194.87297000,28
2026-05-28 07:30:00,1.08600000,1.08700000,1.08600000,1.08700000,425.42000000,2026-05-28 07:34:59,462.42028000,6
2026-05-28 07:35:00,1.08600000,1.08800000,1.08600000,1.08700000,7744.08000000,2026-05-28 07:39:59,8416.74284000,40
2026-05-28 07:40:00,1.08700000,1.08700000,1.08700000,1.08700000,594.36000000,2026-05-28 07:44:59,646.06932000,9
2026-05-28 07:45:00,1.08700000,1.08700000,1.08600000,1.08600000,846.46000000,2026-05-28 07:49:59,919.80199000,11
2026-05-28 07:50:00,1.08400000,1.08400000,1.08100000,1.08100000,7478.64000000,2026-05-28 07:54:59,8094.29676000,55
2026-05-28 07:55:00,1.08100000,1.08200000,1.08000000,1.08000000,3137.47000000,2026-05-28 07:59:59,3392.46195000,32
2026-05-28 08:00:00,1.08000000,1.08200000,1.07900000,1.08000000,8607.28000000,2026-05-28 08:04:59,9302.61810000,65
2026-05-28 08:05:00,1.07900000,1.08100000,1.07900000,1.08000000,1860.89000000,2026-05-28 08:09:59,2009.44160000,23
2026-05-28 08:10:00,1.08100000,1.08200000,1.08000000,1.08200000,1690.91000000,2026-05-28 08:14:59,1827.89001000,18
2026-05-28 08:15:00,1.08300000,1.08400000,1.08100000,1.08100000,3071.63000000,2026-05-28 08:19:59,3323.62602000,28
2026-05-28 08:20:00,1.08100000,1.08200000,1.08000000,1.08200000,18220.04000000,2026-05-28 08:24:59,19694.83560000,71
2026-05-28 08:25:00,1.08300000,1.08300000,1.07800000,1.08000000,2117.94000000,2026-05-28 08:29:59,2285.70050000,25
2026-05-28 08:30:00,1.08000000,1.08200000,1.07900000,1.08200000,7994.17000000,2026-05-28 08:34:59,8646.91023000,44
2026-05-28 08:35:00,1.08300000,1.08300000,1.08100000,1.08100000,1196.68000000,2026-05-28 08:39:59,1295.28877000,21
2026-05-28 08:40:00,1.08100000,1.08100000,1.08000000,1.08100000,1264.78000000,2026-05-28 08:44:59,1366.64822000,12
2026-05-28 08:45:00,1.08100000,1.08200000,1.08100000,1.08100000,2436.82000000,2026-05-28 08:49:59,2635.61371000,22
2026-05-28 08:50:00,1.08000000,1.08300000,1.08000000,1.08200000,1161.94000000,2026-05-28 08:54:59,1256.76709000,13
2026-05-28 08:55:00,1.08200000,1.08200000,1.08200000,1.08200000,876.28000000,2026-05-28 08:59:59,948.13496000,7
2026-05-28 09:00:00,1.08200000,1.08400000,1.08200000,1.08200000,5925.50000000,2026-05-28 09:04:59,6420.97905000,34
2026-05-28 09:05:00,1.08200000,1.08200000,1.08100000,1.08200000,2185.60000000,2026-05-28 09:09:59,2364.43429000,28
2026-05-28 09:10:00,1.08100000,1.08200000,1.07900000,1.07900000,2351.61000000,2026-05-28 09:14:59,2540.99895000,20
2026-05-28 09:15:00,1.07900000,1.08000000,1.07700000,1.07800000,5291.06000000,2026-05-28 09:19:59,5702.32343000,34
2026-05-28 09:20:00,1.07900000,1.08000000,1.07700000,1.07700000,3047.45000000,2026-05-28 09:24:59,3286.38301000,43
2026-05-28 09:25:00,1.07700000,1.08100000,1.07700000,1.08100000,2564.38000000,2026-05-28 09:29:59,2769.61789000,20
2026-05-28 09:30:00,1.08000000,1.08600000,1.07900000,1.08500000,3446.23000000,2026-05-28 09:34:59,3737.65313000,65
2026-05-28 09:35:00,1.08500000,1.08800000,1.08400000,1.08800000,7235.89000000,2026-05-28 09:39:59,7856.22220000,73
2026-05-28 09:40:00,1.08900000,1.09000000,1.08900000,1.09000000,1225.10000000,2026-05-28 09:44:59,1335.33342000,15
2026-05-28 09:45:00,1.09000000,1.09500000,1.09000000,1.09400000,7466.27000000,2026-05-28 09:49:59,8165.61980000,42
2026-05-28 09:50:00,1.09400000,1.09500000,1.09300000,1.09400000,7687.15000000,2026-05-28 09:54:59,8406.03290000,38
2026-05-28 09:55:00,1.09500000,1.09500000,1.09300000,1.09400000,1329.08000000,2026-05-28 09:59:59,1453.95397000,18
2026-05-28 10:00:00,1.09400000,1.09700000,1.09400000,1.09500000,10035.56000000,2026-05-28 10:04:59,10991.85632000,75
2026-05-28 10:05:00,1.09500000,1.09500000,1.09300000,1.09300000,1337.84000000,2026-05-28 10:09:59,1463.09108000,10
2026-05-28 10:10:00,1.09300000,1.09600000,1.09300000,1.09600000,7718.19000000,2026-05-28 10:14:59,8451.23521000,48
2026-05-28 10:15:00,1.09600000,1.09600000,1.09400000,1.09500000,8617.22000000,2026-05-28 10:19:59,9436.10859000,58
2026-05-28 10:20:00,1.09500000,1.09600000,1.09400000,1.09400000,5459.04000000,2026-05-28 10:24:59,5977.68305000,35
2026-05-28 10:25:00,1.09400000,1.09800000,1.08800000,1.09700000,8252.41000000,2026-05-28 10:29:59,9010.49156000,75
2026-05-28 10:30:00,1.09800000,1.10000000,1.09500000,1.09500000,6926.01000000,2026-05-28 10:34:59,7602.66721000,76
2026-05-28 10:35:00,1.09400000,1.09600000,1.09400000,1.09600000,6382.80000000,2026-05-28 10:39:59,6985.53779000,38
2026-05-28 10:40:00,1.09600000,1.09900000,1.09600000,1.09700000,3808.62000000,2026-05-28 10:44:59,4178.51024000,55
2026-05-28 10:45:00,1.09800000,1.09800000,1.09500000,1.09500000,18220.88000000,2026-05-28 10:49:59,19983.44495000,78
2026-05-28 10:50:00,1.09400000,1.10100000,1.09400000,1.09900000,18287.37000000,2026-05-28 10:54:59,20066.33766000,97
2026-05-28 10:55:00,1.09900000,1.09900000,1.09700000,1.09900000,6546.24000000,2026-05-28 10:59:59,7188.14385000,63
2026-05-28 11:00:00,1.10000000,1.10000000,1.09200000,1.09400000,4717.52000000,2026-05-28 11:04:59,5161.44439000,54
2026-05-28 11:05:00,1.09400000,1.09400000,1.08800000,1.09200000,6995.39000000,2026-05-28 11:09:59,7625.28859000,77
2026-05-28 11:10:00,1.09300000,1.10200000,1.08600000,1.10200000,25753.81000000,2026-05-28 11:14:59,28161.46789000,191
2026-05-28 11:15:00,1.10200000,1.10700000,1.10100000,1.10600000,6321.72000000,2026-05-28 11:19:59,6980.72433000,39
2026-05-28 11:20:00,1.10700000,1.10700000,1.09800000,1.10000000,8656.11000000,2026-05-28 11:24:59,9555.04331000,64
2026-05-28 11:25:00,1.09800000,1.10200000,1.09800000,1.10200000,2444.17000000,2026-05-28 11:29:59,2691.11491000,27
2026-05-28 11:30:00,1.10200000,1.10400000,1.10200000,1.10200000,1357.21000000,2026-05-28 11:34:59,1496.42236000,17
2026-05-28 11:35:00,1.09800000,1.09900000,1.09600000,1.09900000,2120.50000000,2026-05-28 11:39:59,2326.61199000,22
2026-05-28 11:40:00,1.09700000,1.09900000,1.09500000,1.09600000,4757.23000000,2026-05-28 11:44:59,5215.08819000,44
2026-05-28 11:45:00,1.09700000,1.09700000,1.09400000,1.09600000,4415.73000000,2026-05-28 11:49:59,4837.02089000,38
2026-05-28 11:50:00,1.09500000,1.09800000,1.09500000,1.09700000,3594.72000000,2026-05-28 11:54:59,3942.63539000,37
2026-05-28 11:55:00,1.09700000,1.09700000,1.09500000,1.09600000,1447.26000000,2026-05-28 11:59:59,1586.08612000,15
2026-05-28 12:00:00,1.09500000,1.09700000,1.09400000,1.09400000,3107.70000000,2026-05-28 12:04:59,3405.57301000,35
2026-05-28 12:05:00,1.09600000,1.09700000,1.09200000,1.09200000,3167.04000000,2026-05-28 12:09:59,3468.51584000,31
2026-05-28 12:10:00,1.09300000,1.09400000,1.09200000,1.09200000,2287.48000000,2026-05-28 12:14:59,2500.35157000,14
2026-05-28 12:15:00,1.09200000,1.09200000,1.09000000,1.09000000,1204.37000000,2026-05-28 12:19:59,1314.46489000,12
2026-05-28 12:20:00,1.08900000,1.09400000,1.08900000,1.09400000,2648.47000000,2026-05-28 12:24:59,2887.46072000,24
2026-05-28 12:25:00,1.09400000,1.09800000,1.09400000,1.09800000,1168.93000000,2026-05-28 12:29:59,1281.15171000,15
2026-05-28 12:30:00,1.09700000,1.09900000,1.09700000,1.09900000,2064.47000000,2026-05-28 12:34:59,2266.50985000,17
2026-05-28 12:35:00,1.10000000,1.10300000,1.10000000,1.10100000,4718.66000000,2026-05-28 12:39:59,5200.13274000,52
2026-05-28 12:40:00,1.10000000,1.10300000,1.10000000,1.10100000,6674.99000000,2026-05-28 12:44:59,7345.32813000,34
2026-05-28 12:45:00,1.10200000,1.10700000,1.10200000,1.10300000,4865.26000000,2026-05-28 12:49:59,5374.12374000,43
2026-05-28 12:50:00,1.10300000,1.10400000,1.10200000,1.10400000,961.16000000,2026-05-28 12:54:59,1060.80911000,10
2026-05-28 12:55:00,1.10400000,1.10500000,1.10400000,1.10500000,1136.49000000,2026-05-28 12:59:59,1254.93417000,12
2026-05-28 13:00:00,1.10600000,1.10600000,1.10300000,1.10300000,891.37000000,2026-05-28 13:04:59,984.20809000,13
2026-05-28 13:05:00,1.10300000,1.10600000,1.10200000,1.10600000,2203.21000000,2026-05-28 13:09:59,2431.09669000,30
2026-05-28 13:10:00,1.10700000,1.11300000,1.10700000,1.11100000,6547.57000000,2026-05-28 13:14:59,7270.29021000,61
2026-05-28 13:15:00,1.11100000,1.11400000,1.11100000,1.11400000,1125.03000000,2026-05-28 13:19:59,1251.10472000,15
2026-05-28 13:20:00,1.11200000,1.11900000,1.11200000,1.11900000,1808.83000000,2026-05-28 13:24:59,2019.64103000,26
2026-05-28 13:25:00,1.11900000,1.12200000,1.11900000,1.12000000,13674.01000000,2026-05-28 13:29:59,15322.97203000,86
2026-05-28 13:30:00,1.12000000,1.12400000,1.12000000,1.12400000,2175.82000000,2026-05-28 13:34:59,2440.70968000,27
2026-05-28 13:35:00,1.12500000,1.12500000,1.11900000,1.11900000,33974.67000000,2026-05-28 13:39:59,38074.25584000,91
2026-05-28 13:40:00,1.12000000,1.12300000,1.11900000,1.12100000,8827.17000000,2026-05-28 13:44:59,9886.38261000,39
2026-05-28 13:45:00,1.12200000,1.12500000,1.12200000,1.12500000,2381.56000000,2026-05-28 13:49:59,2677.23141000,23
2026-05-28 13:50:00,1.12500000,1.13000000,1.12500000,1.12600000,6379.99000000,2026-05-28 13:54:59,7194.08792000,61
2026-05-28 13:55:00,1.12700000,1.12800000,1.12600000,1.12600000,1001.06000000,2026-05-28 13:59:59,1127.58363000,10
2026-05-28 14:00:00,1.12500000,1.12800000,1.12500000,1.12800000,2283.22000000,2026-05-28 14:04:59,2571.21664000,25
2026-05-28 14:05:00,1.12800000,1.13600000,1.12700000,1.13500000,13837.45000000,2026-05-28 14:09:59,15649.17035000,78
2026-05-28 14:10:00,1.13600000,1.13700000,1.13400000,1.13600000,3294.11000000,2026-05-28 14:14:59,3741.30561000,35
2026-05-28 14:15:00,1.13500000,1.13500000,1.13000000,1.13300000,3374.69000000,2026-05-28 14:19:59,3819.27847000,35
2026-05-28 14:20:00,1.13400000,1.13400000,1.13100000,1.13100000,2864.05000000,2026-05-28 14:24:59,3243.23260000,31
2026-05-28 14:25:00,1.13000000,1.13000000,1.12700000,1.12900000,2923.28000000,2026-05-28 14:29:59,3297.55376000,25
2026-05-28 14:30:00,1.13000000,1.13200000,1.12900000,1.13200000,924.27000000,2026-05-28 14:34:59,1044.80060000,11
2026-05-28 14:35:00,1.13300000,1.13700000,1.13200000,1.13700000,3453.16000000,2026-05-28 14:39:59,3916.18152000,45
2026-05-28 14:40:00,1.13700000,1.13700000,1.13500000,1.13600000,1560.61000000,2026-05-28 14:44:59,1773.78460000,20
2026-05-28 14:45:00,1.13600000,1.13800000,1.13600000,1.13800000,6649.46000000,2026-05-28 14:49:59,7561.65165000,41
2026-05-28 14:50:00,1.13800000,1.13800000,1.13300000,1.13400000,25070.58000000,2026-05-28 14:54:59,28482.69168000,28
2026-05-28 14:55:00,1.13300000,1.13500000,1.13300000,1.13500000,3770.93000000,2026-05-28 14:59:59,4277.89292000,11
2026-05-28 15:00:00,1.13600000,1.13800000,1.13400000,1.13600000,4448.16000000,2026-05-28 15:04:59,5053.20196000,33
2026-05-28 15:05:00,1.13500000,1.14100000,1.13500000,1.13900000,17091.82000000,2026-05-28 15:09:59,19475.89443000,41
2026-05-28 15:10:00,1.13800000,1.14000000,1.13800000,1.13900000,1563.29000000,2026-05-28 15:14:59,1781.23962000,21
2026-05-28 15:15:00,1.14100000,1.14400000,1.14100000,1.14100000,2954.78000000,2026-05-28 15:19:59,3377.34418000,33
2026-05-28 15:20:00,1.14000000,1.14000000,1.13900000,1.14000000,1535.25000000,2026-05-28 15:24:59,1749.38551000,14
2026-05-28 15:25:00,1.14100000,1.14200000,1.13900000,1.13900000,1846.78000000,2026-05-28 15:29:59,2106.72617000,18
2026-05-28 15:30:00,1.14000000,1.14200000,1.14000000,1.14100000,926.03000000,2026-05-28 15:34:59,1057.27790000,9
2026-05-28 15:35:00,1.14100000,1.14200000,1.14100000,1.14200000,1981.43000000,2026-05-28 15:39:59,2262.28374000,22
2026-05-28 15:40:00,1.14200000,1.14200000,1.14100000,1.14100000,1626.47000000,2026-05-28 15:44:59,1856.58059000,20
2026-05-28 15:45:00,1.14100000,1.14200000,1.14000000,1.14100000,1424.86000000,2026-05-28 15:49:59,1624.70918000,14
2026-05-28 15:50:00,1.14000000,1.14000000,1.13700000,1.13700000,3482.69000000,2026-05-28 15:54:59,3965.72046000,25
2026-05-28 15:55:00,1.13700000,1.13700000,1.13500000,1.13600000,1771.58000000,2026-05-28 15:59:59,2012.46410000,19
2026-05-28 16:00:00,1.13600000,1.13600000,1.13200000,1.13400000,1624.52000000,2026-05-28 16:04:59,1841.83281000,26
2026-05-28 16:05:00,1.13400000,1.13500000,1.13300000,1.13300000,2397.19000000,2026-05-28 16:09:59,2719.60597000,25
2026-05-28 16:10:00,1.13300000,1.13300000,1.13100000,1.13200000,668.36000000,2026-05-28 16:14:59,756.39511000,11
2026-05-28 16:15:00,1.13500000,1.13800000,1.13500000,1.13800000,2070.65000000,2026-05-28 16:19:59,2350.90154000,32
2026-05-28 16:20:00,1.13800000,1.14200000,1.13800000,1.14200000,3107.14000000,2026-05-28 16:24:59,3544.03630000,20
2026-05-28 16:25:00,1.14200000,1.14500000,1.14200000,1.14500000,1855.02000000,2026-05-28 16:29:59,2120.79214000,28
2026-05-28 16:30:00,1.14600000,1.14700000,1.14500000,1.14600000,13360.88000000,2026-05-28 16:34:59,15309.50264000,72
2026-05-28 16:35:00,1.14600000,1.14700000,1.14400000,1.14400000,7792.52000000,2026-05-28 16:39:59,8927.67886000,36
2026-05-28 16:40:00,1.14300000,1.14400000,1.14200000,1.14200000,1364.63000000,2026-05-28 16:44:59,1560.15931000,16
2026-05-28 16:45:00,1.14100000,1.14200000,1.13900000,1.13900000,583.71000000,2026-05-28 16:49:59,665.63751000,20
2026-05-28 16:50:00,1.13800000,1.13900000,1.13500000,1.13700000,3833.46000000,2026-05-28 16:54:59,4360.96172000,45
2026-05-28 16:55:00,1.13600000,1.13800000,1.13600000,1.13600000,6255.98000000,2026-05-28 16:59:59,7115.31885000,37
2026-05-28 17:00:00,1.13600000,1.13900000,1.13300000,1.13400000,1192.82000000,2026-05-28 17:04:59,1355.85526000,22
2026-05-28 17:05:00,1.13400000,1.13700000,1.13400000,1.13700000,6877.77000000,2026-05-28 17:09:59,7806.71739000,43
2026-05-28 17:10:00,1.13800000,1.14200000,1.13800000,1.14000000,4081.46000000,2026-05-28 17:14:59,4656.60608000,32
2026-05-28 17:15:00,1.13900000,1.14400000,1.13900000,1.14400000,2041.82000000,2026-05-28 17:19:59,2329.81393000,18
2026-05-28 17:20:00,1.14500000,1.14800000,1.14500000,1.14500000,3504.09000000,2026-05-28 17:24:59,4017.79847000,42
2026-05-28 17:25:00,1.14400000,1.14500000,1.14300000,1.14300000,4815.10000000,2026-05-28 17:29:59,5508.43741000,18
2026-05-28 17:30:00,1.14300000,1.14400000,1.14200000,1.14300000,2827.31000000,2026-05-28 17:34:59,3232.86012000,29
2026-05-28 17:35:00,1.14300000,1.14500000,1.14200000,1.14200000,4235.02000000,2026-05-28 17:39:59,4842.38130000,57
2026-05-28 17:40:00,1.14300000,1.14500000,1.14300000,1.14500000,1569.66000000,2026-05-28 17:44:59,1796.01259000,22
2026-05-28 17:45:00,1.14500000,1.14500000,1.14300000,1.14300000,4738.58000000,2026-05-28 17:49:59,5422.16565000,44
2026-05-28 17:50:00,1.14300000,1.14500000,1.14300000,1.14400000,418.88000000,2026-05-28 17:54:59,479.30243000,9
2026-05-28 17:55:00,1.14200000,1.14200000,1.14100000,1.14100000,371.18000000,2026-05-28 17:59:59,423.87880000,6
2026-05-28 18:00:00,1.13900000,1.16100000,1.13900000,1.15700000,47398.56000000,2026-05-28 18:04:59,54686.53687000,330
2026-05-28 18:05:00,1.15700000,1.16500000,1.15600000,1.16500000,13717.78000000,2026-05-28 18:09:59,15939.72261000,97
2026-05-28 18:10:00,1.16500000,1.17700000,1.16500000,1.17500000,34650.86000000,2026-05-28 18:14:59,40591.80570000,249
2026-05-28 18:15:00,1.17400000,1.17900000,1.17400000,1.17500000,19253.07000000,2026-05-28 18:19:59,22658.51386000,138
2026-05-28 18:20:00,1.17300000,1.18200000,1.17100000,1.18100000,9886.29000000,2026-05-28 18:24:59,11627.46038000,81
2026-05-28 18:25:00,1.18100000,1.18200000,1.17900000,1.17900000,13289.02000000,2026-05-28 18:29:59,15675.96367000,61
2026-05-28 18:30:00,1.17900000,1.18100000,1.16800000,1.17300000,19366.52000000,2026-05-28 18:34:59,22749.04892000,124
2026-05-28 18:35:00,1.17300000,1.17800000,1.17200000,1.17800000,3749.04000000,2026-05-28 18:39:59,4408.23489000,30
2026-05-28 18:40:00,1.17500000,1.17500000,1.16400000,1.16600000,12069.37000000,2026-05-28 18:44:59,14125.52633000,75
2026-05-28 18:45:00,1.16500000,1.16600000,1.15600000,1.15900000,21820.22000000,2026-05-28 18:49:59,25283.89019000,135
2026-05-28 18:50:00,1.15900000,1.16100000,1.15800000,1.16100000,14014.36000000,2026-05-28 18:54:59,16252.74749000,55
2026-05-28 18:55:00,1.16000000,1.16200000,1.15900000,1.16100000,4791.71000000,2026-05-28 18:59:59,5560.30147000,29
2026-05-28 19:00:00,1.16000000,1.16000000,1.15700000,1.15700000,8174.48000000,2026-05-28 19:04:59,9464.81663000,64
2026-05-28 19:05:00,1.15700000,1.16500000,1.15700000,1.16400000,6854.47000000,2026-05-28 19:09:59,7952.21392000,48
2026-05-28 19:10:00,1.16500000,1.16600000,1.16300000,1.16500000,1404.78000000,2026-05-28 19:14:59,1635.89375000,41
2026-05-28 19:15:00,1.16600000,1.16600000,1.15700000,1.15700000,4504.13000000,2026-05-28 19:19:59,5241.87142000,34
2026-05-28 19:20:00,1.15600000,1.16000000,1.15600000,1.16000000,6407.44000000,2026-05-28 19:24:59,7417.97924000,48
2026-05-28 19:25:00,1.16000000,1.16100000,1.15700000,1.15700000,10843.56000000,2026-05-28 19:29:59,12564.81861000,41
2026-05-28 19:30:00,1.15600000,1.15800000,1.15400000,1.15500000,17198.40000000,2026-05-28 19:34:59,19884.75658000,111
2026-05-28 19:35:00,1.15400000,1.15400000,1.15200000,1.15400000,15215.04000000,2026-05-28 19:39:59,17547.78313000,76
2026-05-28 19:40:00,1.15300000,1.15300000,1.15200000,1.15300000,78.23000000,2026-05-28 19:44:59,90.19302000,4
2026-05-28 19:45:00,1.15400000,1.15400000,1.15000000,1.15300000,11165.02000000,2026-05-28 19:49:59,12859.89523000,59
2026-05-28 19:50:00,1.15300000,1.15400000,1.15300000,1.15400000,1743.64000000,2026-05-28 19:54:59,2010.84024000,11
2026-05-28 19:55:00,1.15500000,1.15700000,1.15500000,1.15700000,2398.88000000,2026-05-28 19:59:59,2774.08058000,34
2026-05-28 20:00:00,1.15700000,1.15800000,1.15500000,1.15700000,2117.91000000,2026-05-28 20:04:59,2449.75404000,30
2026-05-28 20:05:00,1.15700000,1.15900000,1.15700000,1.15700000,2379.35000000,2026-05-28 20:09:59,2755.85330000,32
2026-05-28 20:10:00,1.15700000,1.15900000,1.15700000,1.15900000,1506.92000000,2026-05-28 20:14:59,1744.93559000,20
2026-05-28 20:15:00,1.16000000,1.16000000,1.16000000,1.16000000,177.19000000,2026-05-28 20:19:59,205.54040000,5
2026-05-28 20:20:00,1.16000000,1.16100000,1.15800000,1.16100000,5721.40000000,2026-05-28 20:24:59,6634.76617000,62
2026-05-28 20:25:00,1.16100000,1.16200000,1.16000000,1.16200000,1974.80000000,2026-05-28 20:29:59,2292.04155000,23
2026-05-28 20:30:00,1.16200000,1.16300000,1.15900000,1.15900000,5103.39000000,2026-05-28 20:34:59,5921.84894000,39
2026-05-28 20:35:00,1.15900000,1.16000000,1.15900000,1.16000000,3300.35000000,2026-05-28 20:39:59,3827.50136000,32
2026-05-28 20:40:00,1.15900000,1.15900000,1.15600000,1.15700000,3671.36000000,2026-05-28 20:44:59,4247.71558000,48
2026-05-28 20:45:00,1.15500000,1.15600000,1.15500000,1.15500000,1901.66000000,2026-05-28 20:49:59,2196.42162000,26
2026-05-28 20:50:00,1.15600000,1.15800000,1.15500000,1.15700000,2751.74000000,2026-05-28 20:54:59,3181.59745000,28
2026-05-28 20:55:00,1.15700000,1.15800000,1.15300000,1.15300000,5078.83000000,2026-05-28 20:59:59,5864.79748000,44
2026-05-28 21:00:00,1.15300000,1.15700000,1.15300000,1.15500000,1290.32000000,2026-05-28 21:04:59,1490.30430000,43
2026-05-28 21:05:00,1.15500000,1.15600000,1.15300000,1.15500000,9073.96000000,2026-05-28 21:09:59,10466.52514000,54
2026-05-28 21:10:00,1.15500000,1.15800000,1.15500000,1.15800000,4690.00000000,2026-05-28 21:14:59,5420.93513000,31
2026-05-28 21:15:00,1.15800000,1.15900000,1.15400000,1.15900000,12170.03000000,2026-05-28 21:19:59,14068.80973000,96
2026-05-28 21:20:00,1.15800000,1.15900000,1.15600000,1.15800000,446.66000000,2026-05-28 21:24:59,517.06221000,19
2026-05-28 21:25:00,1.15900000,1.15900000,1.15600000,1.15700000,741.72000000,2026-05-28 21:29:59,857.95083000,12
2026-05-28 21:30:00,1.15600000,1.15900000,1.15600000,1.15900000,561.57000000,2026-05-28 21:34:59,649.67853000,16
2026-05-28 21:35:00,1.16000000,1.16100000,1.15900000,1.15900000,3103.73000000,2026-05-28 21:39:59,3600.10947000,40
2026-05-28 21:40:00,1.15800000,1.15900000,1.15600000,1.15700000,10712.93000000,2026-05-28 21:44:59,12386.84849000,22
2026-05-28 21:45:00,1.15700000,1.15700000,1.15400000,1.15400000,2466.42000000,2026-05-28 21:49:59,2848.22626000,24
2026-05-28 21:50:00,1.15400000,1.15500000,1.15200000,1.15200000,7236.55000000,2026-05-28 21:54:59,8350.23546000,37
2026-05-28 21:55:00,1.15200000,1.15300000,1.15200000,1.15200000,836.79000000,2026-05-28 21:59:59,964.61108000,15
2026-05-28 22:00:00,1.15300000,1.15400000,1.15200000,1.15400000,3428.09000000,2026-05-28 22:04:59,3955.27420000,23
2026-05-28 22:05:00,1.15500000,1.15600000,1.15400000,1.15400000,816.76000000,2026-05-28 22:09:59,942.98646000,18
2026-05-28 22:10:00,1.15300000,1.15300000,1.14900000,1.15000000,3601.96000000,2026-05-28 22:14:59,4146.22565000,39
2026-05-28 22:15:00,1.15100000,1.15200000,1.15000000,1.15000000,1887.25000000,2026-05-28 22:19:59,2172.06140000,30
2026-05-28 22:20:00,1.14900000,1.14900000,1.14700000,1.14900000,2103.08000000,2026-05-28 22:24:59,2414.41818000,36
2026-05-28 22:25:00,1.14900000,1.15000000,1.14800000,1.14900000,11572.51000000,2026-05-28 22:29:59,13293.30326000,52
2026-05-28 22:30:00,1.14800000,1.15000000,1.14600000,1.15000000,2683.46000000,2026-05-28 22:34:59,3081.04523000,45
2026-05-28 22:35:00,1.14900000,1.14900000,1.14700000,1.14700000,4370.76000000,2026-05-28 22:39:59,5019.95697000,53
2026-05-28 22:40:00,1.14700000,1.15000000,1.14700000,1.15000000,1738.75000000,2026-05-28 22:44:59,1997.23997000,30
2026-05-28 22:45:00,1.15000000,1.15000000,1.14800000,1.14800000,1049.66000000,2026-05-28 22:49:59,1205.99847000,20
2026-05-28 22:50:00,1.14700000,1.15000000,1.14700000,1.15000000,5547.41000000,2026-05-28 22:54:59,6365.71140000,35
2026-05-28 22:55:00,1.14900000,1.15000000,1.14900000,1.14900000,696.88000000,2026-05-28 22:59:59,800.76512000,11
2026-05-28 23:00:00,1.14800000,1.15300000,1.14700000,1.15300000,4701.99000000,2026-05-28 23:04:59,5405.09285000,60
2026-05-28 23:05:00,1.15300000,1.15600000,1.15200000,1.15200000,3432.07000000,2026-05-28 23:09:59,3961.68898000,63
2026-05-28 23:10:00,1.15100000,1.15300000,1.15100000,1.15200000,4432.50000000,2026-05-28 23:14:59,5102.77763000,83
2026-05-28 23:15:00,1.15300000,1.15300000,1.15100000,1.15300000,1032.49000000,2026-05-28 23:19:59,1189.49120000,20
2026-05-28 23:20:00,1.15300000,1.15300000,1.15000000,1.15200000,6038.77000000,2026-05-28 23:24:59,6949.24224000,110
2026-05-28 23:25:00,1.15100000,1.15100000,1.14700000,1.14700000,17505.34000000,2026-05-28 23:29:59,20120.08345000,146
2026-05-28 23:30:00,1.14700000,1.15000000,1.14300000,1.15000000,18513.15000000,2026-05-28 23:34:59,21267.39250000,74
2026-05-28 23:35:00,1.15100000,1.15300000,1.15100000,1.15300000,650.03000000,2026-05-28 23:39:59,748.85727000,21
2026-05-28 23:40:00,1.15300000,1.15300000,1.14900000,1.15000000,1479.96000000,2026-05-28 23:44:59,1705.51235000,28
2026-05-28 23:45:00,1.15000000,1.15100000,1.14900000,1.14900000,2311.74000000,2026-05-28 23:49:59,2657.93061000,37
2026-05-28 23:50:00,1.14800000,1.14800000,1.14300000,1.14300000,8695.31000000,2026-05-28 23:54:59,9966.63935000,55
2026-05-28 23:55:00,1.14300000,1.14400000,1.14200000,1.14400000,1438.22000000,2026-05-28 23:59:59,1643.97331000,29
2026-05-29 00:00:00,1.14500000,1.14900000,1.14500000,1.14700000,1902.69000000,2026-05-29 00:04:59,2182.11457000,32
2026-05-29 00:05:00,1.14600000,1.15000000,1.14600000,1.15000000,6541.81000000,2026-05-29 00:09:59,7516.58328000,46
2026-05-29 00:10:00,1.15000000,1.15100000,1.14900000,1.15100000,1056.24000000,2026-05-29 00:14:59,1213.91468000,14
2026-05-29 00:15:00,1.15100000,1.15100000,1.15000000,1.15100000,341.85000000,2026-05-29 00:19:59,393.35173000,8
2026-05-29 00:20:00,1.15200000,1.15300000,1.15200000,1.15300000,1024.97000000,2026-05-29 00:24:59,1181.78572000,14
2026-05-29 00:25:00,1.15300000,1.15400000,1.15200000,1.15400000,2210.57000000,2026-05-29 00:29:59,2549.71743000,23
2026-05-29 00:30:00,1.15400000,1.15700000,1.15200000,1.15500000,3127.65000000,2026-05-29 00:34:59,3613.57049000,52
2026-05-29 00:35:00,1.15400000,1.15400000,1.15300000,1.15300000,1260.09000000,2026-05-29 00:39:59,1453.65204000,20
2026-05-29 00:40:00,1.15300000,1.15400000,1.15200000,1.15200000,344.90000000,2026-05-29 00:44:59,397.65588000,13
2026-05-29 00:45:00,1.15200000,1.15500000,1.15200000,1.15400000,842.18000000,2026-05-29 00:49:59,971.02385000,16
2026-05-29 00:50:00,1.15500000,1.15600000,1.15300000,1.15400000,16344.10000000,2026-05-29 00:54:59,18870.39829000,86
2026-05-29 00:55:00,1.15500000,1.15700000,1.15300000,1.15400000,5041.82000000,2026-05-29 00:59:59,5822.89598000,47
2026-05-29 01:00:00,1.15400000,1.15800000,1.15400000,1.15700000,2095.25000000,2026-05-29 01:04:59,2422.39468000,37
2026-05-29 01:05:00,1.15700000,1.15700000,1.15300000,1.15300000,18495.97000000,2026-05-29 01:09:59,21368.59727000,101
2026-05-29 01:10:00,1.15300000,1.15900000,1.15200000,1.15700000,16945.50000000,2026-05-29 01:14:59,19601.50669000,98
2026-05-29 01:15:00,1.15700000,1.15700000,1.15400000,1.15400000,16986.31000000,2026-05-29 01:19:59,19621.50427000,110
2026-05-29 01:20:00,1.15400000,1.16000000,1.15400000,1.15900000,16234.71000000,2026-05-29 01:24:59,18794.62236000,85
2026-05-29 01:25:00,1.15900000,1.16100000,1.15800000,1.16100000,848.63000000,2026-05-29 01:29:59,983.88226000,18
2026-05-29 01:30:00,1.16200000,1.16500000,1.16000000,1.16200000,12842.81000000,2026-05-29 01:34:59,14929.03046000,106
2026-05-29 01:35:00,1.16200000,1.16400000,1.16200000,1.16200000,697.90000000,2026-05-29 01:39:59,811.23925000,13
2026-05-29 01:40:00,1.16200000,1.16300000,1.16100000,1.16300000,250.30000000,2026-05-29 01:44:59,290.94676000,8
2026-05-29 01:45:00,1.16300000,1.16900000,1.16300000,1.16700000,6472.64000000,2026-05-29 01:49:59,7557.74283000,80
2026-05-29 01:50:00,1.16700000,1.16800000,1.16600000,1.16700000,621.79000000,2026-05-29 01:54:59,725.47968000,23
2026-05-29 01:55:00,1.16700000,1.17400000,1.16700000,1.17000000,12529.21000000,2026-05-29 01:59:59,14679.19255000,114
2026-05-29 02:00:00,1.17100000,1.17200000,1.16800000,1.17000000,4647.18000000,2026-05-29 02:04:59,5437.58115000,50
2026-05-29 02:05:00,1.17000000,1.17200000,1.16800000,1.17200000,12702.87000000,2026-05-29 02:09:59,14854.12676000,75
2026-05-29 02:10:00,1.17200000,1.17800000,1.17200000,1.17500000,24420.39000000,2026-05-29 02:14:59,28700.92607000,155
2026-05-29 02:15:00,1.17600000,1.17800000,1.17400000,1.17700000,14426.28000000,2026-05-29 02:19:59,16969.00564000,96
2026-05-29 02:20:00,1.17500000,1.17500000,1.16600000,1.16600000,21430.56000000,2026-05-29 02:24:59,25047.33055000,124
2026-05-29 02:25:00,1.16800000,1.17300000,1.16800000,1.17300000,6120.47000000,2026-05-29 02:29:59,7162.84607000,40
2026-05-29 02:30:00,1.17400000,1.17400000,1.16800000,1.17200000,3660.41000000,2026-05-29 02:34:59,4286.58767000,58
2026-05-29 02:35:00,1.17100000,1.17200000,1.16900000,1.17200000,1551.42000000,2026-05-29 02:39:59,1817.17987000,27
2026-05-29 02:40:00,1.17200000,1.17600000,1.17200000,1.17500000,3502.36000000,2026-05-29 02:44:59,4114.62476000,46
2026-05-29 02:45:00,1.17400000,1.17500000,1.17100000,1.17100000,5772.97000000,2026-05-29 02:49:59,6775.67507000,42
2026-05-29 02:50:00,1.17000000,1.17200000,1.17000000,1.17100000,968.40000000,2026-05-29 02:54:59,1133.39297000,22
2026-05-29 02:55:00,1.17100000,1.17400000,1.17100000,1.17400000,2787.36000000,2026-05-29 02:59:59,3269.73963000,24
2026-05-29 03:00:00,1.17400000,1.18300000,1.17400000,1.18100000,38214.10000000,2026-05-29 03:04:59,45083.57920000,249
2026-05-29 03:05:00,1.18200000,1.18400000,1.18000000,1.18000000,921.49000000,2026-05-29 03:09:59,1088.93370000,24
2026-05-29 03:10:00,1.18100000,1.18300000,1.18000000,1.18200000,17750.73000000,2026-05-29 03:14:59,20964.37974000,89
2026-05-29 03:15:00,1.18200000,1.18800000,1.18200000,1.18800000,13857.36000000,2026-05-29 03:19:59,16434.48914000,101
2026-05-29 03:20:00,1.18800000,1.19400000,1.18600000,1.18900000,16094.47000000,2026-05-29 03:24:59,19152.87138000,136
2026-05-29 03:25:00,1.18900000,1.18900000,1.18700000,1.18800000,6007.77000000,2026-05-29 03:29:59,7139.99961000,37
2026-05-29 03:30:00,1.18800000,1.18900000,1.18300000,1.18500000,10877.47000000,2026-05-29 03:34:59,12900.58238000,74
2026-05-29 03:35:00,1.18400000,1.18400000,1.17900000,1.17900000,2142.67000000,2026-05-29 03:39:59,2531.00795000,41
2026-05-29 03:40:00,1.17800000,1.18200000,1.17800000,1.18200000,11504.50000000,2026-05-29 03:44:59,13565.39377000,40
2026-05-29 03:45:00,1.18200000,1.18600000,1.18200000,1.18400000,7741.98000000,2026-05-29 03:49:59,9159.65200000,51
2026-05-29 03:50:00,1.18500000,1.18600000,1.18100000,1.18100000,8230.63000000,2026-05-29 03:54:59,9741.65310000,55
2026-05-29 03:55:00,1.18000000,1.18000000,1.17900000,1.18000000,1132.40000000,2026-05-29 03:59:59,1335.45912000,14
2026-05-29 04:00:00,1.17900000,1.17900000,1.17400000,1.17600000,21196.46000000,2026-05-29 04:04:59,24911.67912000,115
2026-05-29 04:05:00,1.17600000,1.17800000,1.17600000,1.17800000,994.16000000,2026-05-29 04:09:59,1170.62026000,14
2026-05-29 04:10:00,1.17800000,1.18400000,1.17800000,1.18400000,4231.26000000,2026-05-29 04:14:59,4996.89848000,30
2026-05-29 04:15:00,1.18400000,1.18400000,1.17900000,1.18000000,17754.98000000,2026-05-29 04:19:59,20985.51263000,93
2026-05-29 04:20:00,1.18000000,1.18000000,1.17800000,1.17800000,4639.01000000,2026-05-29 04:24:59,5470.98035000,29
2026-05-29 04:25:00,1.17700000,1.17900000,1.17500000,1.17700000,13398.50000000,2026-05-29 04:29:59,15778.88480000,60
2026-05-29 04:30:00,1.17600000,1.17600000,1.17000000,1.17000000,14886.34000000,2026-05-29 04:34:59,17451.52279000,91
2026-05-29 04:35:00,1.17100000,1.17100000,1.16200000,1.16300000,23688.11000000,2026-05-29 04:39:59,27565.23573000,145
2026-05-29 04:40:00,1.16300000,1.16300000,1.15600000,1.15600000,22401.38000000,2026-05-29 04:44:59,25971.34701000,161
2026-05-29 04:45:00,1.15600000,1.15900000,1.15600000,1.15900000,4519.36000000,2026-05-29 04:49:59,5233.24161000,40
2026-05-29 04:50:00,1.16000000,1.16100000,1.15700000,1.15900000,3783.28000000,2026-05-29 04:54:59,4382.94929000,54
2026-05-29 04:55:00,1.16000000,1.16200000,1.16000000,1.16100000,2451.68000000,2026-05-29 04:59:59,2847.22285000,29
2026-05-29 05:00:00,1.16100000,1.16400000,1.15900000,1.15900000,3554.80000000,2026-05-29 05:04:59,4125.45085000,56
2026-05-29 05:05:00,1.15800000,1.15900000,1.15600000,1.15900000,5566.78000000,2026-05-29 05:09:59,6445.53703000,33
2026-05-29 05:10:00,1.15900000,1.16200000,1.15900000,1.16100000,5731.29000000,2026-05-29 05:14:59,6654.37001000,46
2026-05-29 05:15:00,1.16200000,1.16200000,1.16100000,1.16200000,2768.84000000,2026-05-29 05:19:59,3216.10452000,28
2026-05-29 05:20:00,1.16200000,1.16600000,1.16200000,1.16400000,11544.57000000,2026-05-29 05:24:59,13451.34818000,53
2026-05-29 05:25:00,1.16400000,1.16600000,1.16100000,1.16100000,6204.43000000,2026-05-29 05:29:59,7216.86115000,51
2026-05-29 05:30:00,1.16000000,1.16000000,1.15400000,1.15700000,5128.95000000,2026-05-29 05:34:59,5931.07481000,76
2026-05-29 05:35:00,1.15700000,1.15800000,1.15600000,1.15700000,19874.97000000,2026-05-29 05:39:59,22977.37612000,40
2026-05-29 05:40:00,1.15700000,1.15800000,1.15700000,1.15700000,2273.72000000,2026-05-29 05:44:59,2631.17117000,26
2026-05-29 05:45:00,1.15700000,1.15800000,1.15600000,1.15600000,3116.71000000,2026-05-29 05:49:59,3605.23692000,35
2026-05-29 05:50:00,1.15600000,1.15900000,1.15500000,1.15800000,2647.69000000,2026-05-29 05:54:59,3062.66180000,40
2026-05-29 05:55:00,1.15900000,1.16000000,1.15800000,1.15900000,8640.86000000,2026-05-29 05:59:59,10015.97784000,103
2026-05-29 06:00:00,1.15900000,1.16200000,1.15900000,1.16200000,6168.46000000,2026-05-29 06:04:59,7161.91764000,69
2026-05-29 06:05:00,1.16200000,1.16400000,1.16200000,1.16400000,3159.19000000,2026-05-29 06:09:59,3674.03629000,51
2026-05-29 06:10:00,1.16500000,1.16500000,1.16000000,1.16100000,4199.47000000,2026-05-29 06:14:59,4879.53851000,54
2026-05-29 06:15:00,1.16200000,1.16400000,1.16100000,1.16300000,4654.16000000,2026-05-29 06:19:59,5408.83890000,46
2026-05-29 06:20:00,1.16300000,1.16300000,1.16100000,1.16200000,1250.40000000,2026-05-29 06:24:59,1452.76476000,21
2026-05-29 06:25:00,1.16200000,1.16300000,1.16200000,1.16200000,1573.51000000,2026-05-29 06:29:59,1828.57362000,12
2026-05-29 06:30:00,1.16200000,1.16200000,1.16000000,1.16000000,3610.37000000,2026-05-29 06:34:59,4189.57977000,93
2026-05-29 06:35:00,1.16200000,1.16200000,1.16000000,1.16100000,1725.73000000,2026-05-29 06:39:59,2003.89023000,27
2026-05-29 06:40:00,1.16100000,1.16300000,1.16100000,1.16300000,1994.68000000,2026-05-29 06:44:59,2317.28080000,26
2026-05-29 06:45:00,1.16200000,1.16200000,1.15900000,1.15900000,2135.71000000,2026-05-29 06:49:59,2478.08119000,33
2026-05-29 06:50:00,1.15900000,1.16000000,1.15800000,1.16000000,2869.33000000,2026-05-29 06:54:59,3325.82494000,19
2026-05-29 06:55:00,1.16000000,1.16000000,1.15900000,1.15900000,568.87000000,2026-05-29 06:59:59,659.37033000,9
2026-05-29 07:00:00,1.15800000,1.15800000,1.15400000,1.15600000,3658.18000000,2026-05-29 07:04:59,4225.86837000,34
2026-05-29 07:05:00,1.15600000,1.15700000,1.15500000,1.15500000,3723.93000000,2026-05-29 07:09:59,4306.57004000,46
2026-05-29 07:10:00,1.15600000,1.15600000,1.15400000,1.15400000,526.23000000,2026-05-29 07:14:59,607.43007000,17
2026-05-29 07:15:00,1.15400000,1.15400000,1.15100000,1.15100000,1455.88000000,2026-05-29 07:19:59,1676.79574000,40
2026-05-29 07:20:00,1.15100000,1.15300000,1.15000000,1.15200000,2634.15000000,2026-05-29 07:24:59,3034.00916000,30
2026-05-29 07:25:00,1.15200000,1.15200000,1.15100000,1.15200000,1981.97000000,2026-05-29 07:29:59,2282.55498000,24
2026-05-29 07:30:00,1.15100000,1.15100000,1.14900000,1.15100000,2121.22000000,2026-05-29 07:34:59,2439.23288000,30
2026-05-29 07:35:00,1.15200000,1.15300000,1.15200000,1.15300000,1149.28000000,2026-05-29 07:39:59,1324.27032000,13
2026-05-29 07:40:00,1.15300000,1.15400000,1.15200000,1.15300000,1421.41000000,2026-05-29 07:44:59,1638.92864000,18
2026-05-29 07:45:00,1.15300000,1.15400000,1.15200000,1.15200000,1640.41000000,2026-05-29 07:49:59,1891.47275000,20
2026-05-29 07:50:00,1.15300000,1.15300000,1.15200000,1.15300000,5206.15000000,2026-05-29 07:54:59,6000.06674000,37
2026-05-29 07:55:00,1.15400000,1.15600000,1.15400000,1.15500000,2742.62000000,2026-05-29 07:59:59,3166.67474000,39
2026-05-29 08:00:00,1.15500000,1.15500000,1.15200000,1.15300000,2866.84000000,2026-05-29 08:04:59,3306.38903000,43
2026-05-29 08:05:00,1.15300000,1.15400000,1.15100000,1.15100000,1436.93000000,2026-05-29 08:09:59,1657.44689000,30
2026-05-29 08:10:00,1.15100000,1.15300000,1.15100000,1.15200000,157.35000000,2026-05-29 08:14:59,181.34741000,7
2026-05-29 08:15:00,1.15200000,1.15200000,1.15100000,1.15100000,61.30000000,2026-05-29 08:19:59,70.56535000,3
2026-05-29 08:20:00,1.15200000,1.15300000,1.15100000,1.15100000,1428.66000000,2026-05-29 08:24:59,1645.10909000,27
2026-05-29 08:25:00,1.15100000,1.15100000,1.14800000,1.14900000,5000.60000000,2026-05-29 08:29:59,5749.19885000,53
2026-05-29 08:30:00,1.14900000,1.14900000,1.14700000,1.14900000,3264.64000000,2026-05-29 08:34:59,3748.08993000,37
2026-05-29 08:35:00,1.14900000,1.14900000,1.14500000,1.14500000,2144.59000000,2026-05-29 08:39:59,2457.32088000,38
2026-05-29 08:40:00,1.14500000,1.14700000,1.14500000,1.14700000,1727.93000000,2026-05-29 08:44:59,1980.69983000,24
2026-05-29 08:45:00,1.14600000,1.14600000,1.14200000,1.14200000,9056.73000000,2026-05-29 08:49:59,10352.40282000,56
2026-05-29 08:50:00,1.14200000,1.14300000,1.13900000,1.14200000,7709.25000000,2026-05-29 08:54:59,8799.37475000,89
2026-05-29 08:55:00,1.14200000,1.14700000,1.14200000,1.14700000,5969.14000000,2026-05-29 08:59:59,6828.18563000,65
2026-05-29 09:00:00,1.14700000,1.14900000,1.14700000,1.14800000,4328.84000000,2026-05-29 09:04:59,4968.12997000,68
2026-05-29 09:05:00,1.14700000,1.14800000,1.14500000,1.14800000,4822.91000000,2026-05-29 09:09:59,5530.99187000,84
2026-05-29 09:10:00,1.14800000,1.14800000,1.14700000,1.14700000,5387.82000000,2026-05-29 09:14:59,6182.87529000,69
2026-05-29 09:15:00,1.14700000,1.15100000,1.14700000,1.15100000,7545.37000000,2026-05-29 09:19:59,8670.84212000,95
2026-05-29 09:20:00,1.15100000,1.15200000,1.14600000,1.14600000,9037.13000000,2026-05-29 09:24:59,10383.98497000,98
2026-05-29 09:25:00,1.14600000,1.14700000,1.14500000,1.14500000,3843.94000000,2026-05-29 09:29:59,4405.05074000,45
2026-05-29 09:30:00,1.14500000,1.14700000,1.14000000,1.14100000,8875.03000000,2026-05-29 09:34:59,10148.55007000,127
2026-05-29 09:35:00,1.14100000,1.14300000,1.13900000,1.14100000,10371.66000000,2026-05-29 09:39:59,11831.89954000,109
2026-05-29 09:40:00,1.14000000,1.14200000,1.13900000,1.14200000,3262.03000000,2026-05-29 09:44:59,3721.05622000,50
2026-05-29 09:45:00,1.14200000,1.14600000,1.14100000,1.14400000,7616.75000000,2026-05-29 09:49:59,8709.48142000,107
2026-05-29 09:50:00,1.14400000,1.14600000,1.14300000,1.14500000,3348.03000000,2026-05-29 09:54:59,3833.16247000,51
2026-05-29 09:55:00,1.14500000,1.14600000,1.14400000,1.14500000,3577.10000000,2026-05-29 09:59:59,4094.63308000,75
2026-05-29 10:00:00,1.14500000,1.14500000,1.14200000,1.14300000,8717.74000000,2026-05-29 10:04:59,9965.47094000,88
2026-05-29 10:05:00,1.14400000,1.14700000,1.14400000,1.14500000,5376.89000000,2026-05-29 10:09:59,6156.12563000,126
2026-05-29 10:10:00,1.14500000,1.14500000,1.13700000,1.14100000,8724.57000000,2026-05-29 10:14:59,9941.68280000,101
2026-05-29 10:15:00,1.14100000,1.14200000,1.14000000,1.14100000,6838.99000000,2026-05-29 10:19:59,7800.69445000,76
2026-05-29 10:20:00,1.14000000,1.14200000,1.14000000,1.14100000,5062.01000000,2026-05-29 10:24:59,5774.33226000,94
2026-05-29 10:25:00,1.14100000,1.14300000,1.14100000,1.14300000,5459.52000000,2026-05-29 10:29:59,6235.09860000,75
2026-05-29 10:30:00,1.14200000,1.14200000,1.13900000,1.13900000,4433.84000000,2026-05-29 10:34:59,5057.37433000,88
2026-05-29 10:35:00,1.13900000,1.14600000,1.13800000,1.14400000,5063.30000000,2026-05-29 10:39:59,5785.36291000,101
2026-05-29 10:40:00,1.14300000,1.14700000,1.14300000,1.14600000,3541.24000000,2026-05-29 10:44:59,4052.81700000,87
2026-05-29 10:45:00,1.14600000,1.14700000,1.14400000,1.14600000,3258.87000000,2026-05-29 10:49:59,3733.70028000,86
2026-05-29 10:50:00,1.14700000,1.14800000,1.14400000,1.14400000,4517.21000000,2026-05-29 10:54:59,5174.50126000,46
2026-05-29 10:55:00,1.14500000,1.14700000,1.14500000,1.14600000,2628.11000000,2026-05-29 10:59:59,3012.37431000,34
2026-05-29 11:00:00,1.14700000,1.15000000,1.14600000,1.14900000,8301.03000000,2026-05-29 11:04:59,9533.21951000,84
2026-05-29 11:05:00,1.14900000,1.14900000,1.14600000,1.14700000,3005.91000000,2026-05-29 11:09:59,3450.46163000,62
2026-05-29 11:10:00,1.14700000,1.15000000,1.14600000,1.15000000,7543.28000000,2026-05-29 11:14:59,8656.11016000,67
2026-05-29 11:15:00,1.14900000,1.14900000,1.14500000,1.14600000,2608.08000000,2026-05-29 11:19:59,2991.46267000,43
2026-05-29 11:20:00,1.14600000,1.14700000,1.14000000,1.14100000,6777.47000000,2026-05-29 11:24:59,7746.37772000,78
2026-05-29 11:25:00,1.14000000,1.14100000,1.13300000,1.14100000,6796.46000000,2026-05-29 11:29:59,7723.92023000,111
2026-05-29 11:30:00,1.14000000,1.14200000,1.13700000,1.14100000,7011.40000000,2026-05-29 11:34:59,7985.06537000,62
2026-05-29 11:35:00,1.14100000,1.14100000,1.13600000,1.13700000,3266.62000000,2026-05-29 11:39:59,3718.51668000,45
2026-05-29 11:40:00,1.13600000,1.13800000,1.13100000,1.13600000,10807.65000000,2026-05-29 11:44:59,12259.25936000,117
2026-05-29 11:45:00,1.13500000,1.14300000,1.13500000,1.14000000,11945.17000000,2026-05-29 11:49:59,13616.37217000,124
2026-05-29 11:50:00,1.14000000,1.15300000,1.14000000,1.15000000,24978.71000000,2026-05-29 11:54:59,28666.89239000,274
2026-05-29 11:55:00,1.14900000,1.15400000,1.14800000,1.15300000,11372.59000000,2026-05-29 11:59:59,13093.19646000,149
2026-05-29 12:00:00,1.15300000,1.15700000,1.15200000,1.15700000,17287.48000000,2026-05-29 12:04:59,19967.20289000,157
2026-05-29 12:05:00,1.15700000,1.16300000,1.15500000,1.16300000,8062.90000000,2026-05-29 12:09:59,9338.38192000,106
2026-05-29 12:10:00,1.16400000,1.16700000,1.16400000,1.16600000,8734.16000000,2026-05-29 12:14:59,10183.58430000,101
2026-05-29 12:15:00,1.16700000,1.17000000,1.16600000,1.16800000,10904.26000000,2026-05-29 12:19:59,12732.24095000,96
2026-05-29 12:20:00,1.16800000,1.17100000,1.16800000,1.17000000,4295.40000000,2026-05-29 12:24:59,5022.52710000,59
2026-05-29 12:25:00,1.16900000,1.17800000,1.16500000,1.17600000,14637.49000000,2026-05-29 12:29:59,17187.25253000,168
2026-05-29 12:30:00,1.17700000,1.18900000,1.17600000,1.18900000,15412.23000000,2026-05-29 12:34:59,18235.10041000,190
2026-05-29 12:35:00,1.18900000,1.19400000,1.18800000,1.19100000,37452.76000000,2026-05-29 12:39:59,44599.88437000,297
2026-05-29 12:40:00,1.19100000,1.19200000,1.17700000,1.18000000,26819.85000000,2026-05-29 12:44:59,31715.46340000,214
2026-05-29 12:45:00,1.18100000,1.18400000,1.17800000,1.18400000,7539.83000000,2026-05-29 12:49:59,8896.72801000,101
2026-05-29 12:50:00,1.18400000,1.18400000,1.17800000,1.18100000,8109.56000000,2026-05-29 12:54:59,9571.30469000,84
2026-05-29 12:55:00,1.18100000,1.18400000,1.18100000,1.18300000,15337.97000000,2026-05-29 12:59:59,18121.10482000,79
2026-05-29 13:00:00,1.18300000,1.18500000,1.18000000,1.18000000,6443.79000000,2026-05-29 13:04:59,7624.13412000,85
2026-05-29 13:05:00,1.18000000,1.18300000,1.17900000,1.18200000,3766.11000000,2026-05-29 13:09:59,4451.38554000,50
2026-05-29 13:10:00,1.18200000,1.18700000,1.18200000,1.18600000,5530.78000000,2026-05-29 13:14:59,6549.20657000,60
2026-05-29 13:15:00,1.18700000,1.18700000,1.18000000,1.18100000,3793.21000000,2026-05-29 13:19:59,4487.68545000,57
2026-05-29 13:20:00,1.18100000,1.18200000,1.17700000,1.17700000,3039.59000000,2026-05-29 13:24:59,3589.30594000,49
2026-05-29 13:25:00,1.17700000,1.18000000,1.17500000,1.18000000,5618.44000000,2026-05-29 13:29:59,6616.98303000,74
2026-05-29 13:30:00,1.17900000,1.19000000,1.17900000,1.18900000,14446.78000000,2026-05-29 13:34:59,17118.70122000,150
2026-05-29 13:35:00,1.18900000,1.19200000,1.18800000,1.19000000,30295.45000000,2026-05-29 13:39:59,36075.89506000,107
2026-05-29 13:40:00,1.18800000,1.19000000,1.18400000,1.18400000,3730.18000000,2026-05-29 13:44:59,4432.95421000,57
2026-05-29 13:45:00,1.18400000,1.18400000,1.18000000,1.18000000,6103.82000000,2026-05-29 13:49:59,7208.13928000,71
2026-05-29 13:50:00,1.17900000,1.18200000,1.17600000,1.18200000,4216.58000000,2026-05-29 13:54:59,4969.73763000,75
2026-05-29 13:55:00,1.18100000,1.18200000,1.17800000,1.17900000,14650.99000000,2026-05-29 13:59:59,17285.95334000,126
2026-05-29 14:00:00,1.18000000,1.18000000,1.17700000,1.17800000,3259.06000000,2026-05-29 14:04:59,3839.90164000,39
2026-05-29 14:05:00,1.17900000,1.17900000,1.17700000,1.17900000,2937.99000000,2026-05-29 14:09:59,3461.94917000,34
2026-05-29 14:10:00,1.17900000,1.18200000,1.17800000,1.18200000,3422.29000000,2026-05-29 14:14:59,4039.34870000,55
2026-05-29 14:15:00,1.18100000,1.18300000,1.18000000,1.18200000,3481.74000000,2026-05-29 14:19:59,4114.69932000,43
2026-05-29 14:20:00,1.18100000,1.18200000,1.17700000,1.18000000,7278.52000000,2026-05-29 14:24:59,8583.33189000,74
2026-05-29 14:25:00,1.17900000,1.18000000,1.17800000,1.17900000,2380.16000000,2026-05-29 14:29:59,2807.67212000,37
2026-05-29 14:30:00,1.17800000,1.17900000,1.17800000,1.17800000,1898.39000000,2026-05-29 14:34:59,2237.89663000,29
2026-05-29 14:35:00,1.17900000,1.18100000,1.17800000,1.18000000,1950.41000000,2026-05-29 14:39:59,2300.02243000,30
2026-05-29 14:40:00,1.17900000,1.17900000,1.17700000,1.17700000,4803.29000000,2026-05-29 14:44:59,5657.66584000,58
2026-05-29 14:45:00,1.17600000,1.17700000,1.17500000,1.17500000,2050.09000000,2026-05-29 14:49:59,2410.32232000,23
2026-05-29 14:50:00,1.17500000,1.17700000,1.17500000,1.17500000,1448.16000000,2026-05-29 14:54:59,1702.74481000,23
2026-05-29 14:55:00,1.17500000,1.17500000,1.17400000,1.17500000,1186.10000000,2026-05-29 14:59:59,1393.53891000,24
2026-05-29 15:00:00,1.17500000,1.17500000,1.17400000,1.17500000,5660.11000000,2026-05-29 15:04:59,6648.63741000,34
2026-05-29 15:05:00,1.17400000,1.17700000,1.17300000,1.17600000,3453.79000000,2026-05-29 15:09:59,4056.85637000,39
2026-05-29 15:10:00,1.17700000,1.17900000,1.17600000,1.17800000,5889.31000000,2026-05-29 15:14:59,6940.33751000,51
2026-05-29 15:15:00,1.17800000,1.17900000,1.17300000,1.17300000,5340.09000000,2026-05-29 15:19:59,6276.99998000,59
2026-05-29 15:20:00,1.17300000,1.17300000,1.16900000,1.16900000,8981.30000000,2026-05-29 15:24:59,10519.52674000,81
2026-05-29 15:25:00,1.17000000,1.17200000,1.16700000,1.16800000,4879.25000000,2026-05-29 15:29:59,5710.17175000,60
2026-05-29 15:30:00,1.16800000,1.17000000,1.16700000,1.16800000,3049.45000000,2026-05-29 15:34:59,3562.26889000,50
2026-05-29 15:35:00,1.16800000,1.16800000,1.16600000,1.16800000,9027.68000000,2026-05-29 15:39:59,10538.34739000,53
2026-05-29 15:40:00,1.16800000,1.17000000,1.16800000,1.16900000,2009.99000000,2026-05-29 15:44:59,2349.55486000,22
2026-05-29 15:45:00,1.16800000,1.16800000,1.16400000,1.16600000,1832.64000000,2026-05-29 15:49:59,2135.23276000,29
2026-05-29 15:50:00,1.16600000,1.16600000,1.16000000,1.16300000,10232.69000000,2026-05-29 15:54:59,11895.36521000,95
2026-05-29 15:55:00,1.16200000,1.16600000,1.16100000,1.16600000,1744.46000000,2026-05-29 15:59:59,2028.74745000,30
2026-05-29 16:00:00,1.16600000,1.16600000,1.16300000,1.16500000,2053.48000000,2026-05-29 16:04:59,2390.64662000,25
2026-05-29 16:05:00,1.16500000,1.16500000,1.16500000,1.16500000,29.90000000,2026-05-29 16:09:59,34.83350000,2
2026-05-29 16:10:00,1.16400000,1.16400000,1.15700000,1.15800000,6838.73000000,2026-05-29 16:14:59,7930.74962000,64
2026-05-29 16:15:00,1.15800000,1.15900000,1.15300000,1.15300000,4342.87000000,2026-05-29 16:19:59,5015.72362000,63
2026-05-29 16:20:00,1.15400000,1.15400000,1.15300000,1.15400000,1899.71000000,2026-05-29 16:24:59,2192.25715000,26
2026-05-29 16:25:00,1.15400000,1.15500000,1.15400000,1.15500000,2220.08000000,2026-05-29 16:29:59,2564.02006000,31
2026-05-29 16:30:00,1.15600000,1.15800000,1.15600000,1.15700000,1049.55000000,2026-05-29 16:34:59,1214.52207000,16
2026-05-29 16:35:00,1.15700000,1.15900000,1.15700000,1.15800000,1881.18000000,2026-05-29 16:39:59,2179.16105000,18
2026-05-29 16:40:00,1.15900000,1.16100000,1.15800000,1.16000000,2286.84000000,2026-05-29 16:44:59,2652.62240000,39
2026-05-29 16:45:00,1.16000000,1.16000000,1.15800000,1.15900000,1688.53000000,2026-05-29 16:49:59,1958.27853000,27
2026-05-29 16:50:00,1.15900000,1.16000000,1.15800000,1.15900000,2048.90000000,2026-05-29 16:54:59,2374.27614000,27
2026-05-29 16:55:00,1.15800000,1.15800000,1.15500000,1.15800000,2872.68000000,2026-05-29 16:59:59,3325.57001000,43
2026-05-29 17:00:00,1.15800000,1.16000000,1.15700000,1.15700000,3195.87000000,2026-05-29 17:04:59,3703.85039000,55
2026-05-29 17:05:00,1.15800000,1.16300000,1.15800000,1.16200000,1582.06000000,2026-05-29 17:09:59,1836.51134000,42
2026-05-29 17:10:00,1.16300000,1.16400000,1.16200000,1.16200000,1914.02000000,2026-05-29 17:14:59,2226.10271000,27
2026-05-29 17:15:00,1.16100000,1.16100000,1.15900000,1.16000000,772.83000000,2026-05-29 17:19:59,896.29154000,18
2026-05-29 17:20:00,1.16100000,1.16400000,1.16100000,1.16400000,2322.19000000,2026-05-29 17:24:59,2699.23488000,39
2026-05-29 17:25:00,1.16300000,1.16400000,1.16300000,1.16300000,573.69000000,2026-05-29 17:29:59,667.20834000,8
2026-05-29 17:30:00,1.16300000,1.16300000,1.16200000,1.16200000,285.24000000,2026-05-29 17:34:59,331.62983000,6
2026-05-29 17:35:00,1.16200000,1.16300000,1.16100000,1.16100000,434.77000000,2026-05-29 17:39:59,505.33803000,13
2026-05-29 17:40:00,1.16100000,1.16300000,1.16100000,1.16200000,1168.19000000,2026-05-29 17:44:59,1357.42612000,16
2026-05-29 17:45:00,1.16200000,1.16300000,1.15900000,1.16000000,2531.80000000,2026-05-29 17:49:59,2940.38477000,31
2026-05-29 17:50:00,1.16100000,1.16200000,1.15900000,1.16200000,1141.93000000,2026-05-29 17:54:59,1325.46886000,24
2026-05-29 17:55:00,1.16100000,1.16300000,1.16000000,1.16300000,966.88000000,2026-05-29 17:59:59,1123.26348000,17
2026-05-29 18:00:00,1.16300000,1.16300000,1.16100000,1.16300000,2829.53000000,2026-05-29 18:04:59,3289.85902000,38
2026-05-29 18:05:00,1.16300000,1.16400000,1.16300000,1.16400000,1054.14000000,2026-05-29 18:09:59,1226.51617000,13
2026-05-29 18:10:00,1.16400000,1.17000000,1.16400000,1.16800000,2542.04000000,2026-05-29 18:14:59,2967.98814000,32
2026-05-29 18:15:00,1.16800000,1.16800000,1.16800000,1.16800000,2786.26000000,2026-05-29 18:19:59,3254.35168000,24
2026-05-29 18:20:00,1.16900000,1.16900000,1.16500000,1.16800000,3115.00000000,2026-05-29 18:24:59,3635.64912000,40
2026-05-29 18:25:00,1.16800000,1.16800000,1.16800000,1.16800000,378.06000000,2026-05-29 18:29:59,441.57408000,7
2026-05-29 18:30:00,1.16700000,1.16700000,1.16500000,1.16600000,1140.34000000,2026-05-29 18:34:59,1329.79371000,15
2026-05-29 18:35:00,1.16700000,1.17000000,1.16600000,1.16900000,958.89000000,2026-05-29 18:39:59,1120.00199000,19
2026-05-29 18:40:00,1.17000000,1.17400000,1.17000000,1.17400000,78067.42000000,2026-05-29 18:44:59,91397.11989000,100
2026-05-29 18:45:00,1.17400000,1.17700000,1.16700000,1.16700000,10135.58000000,2026-05-29 18:49:59,11899.78013000,100
2026-05-29 18:50:00,1.16700000,1.16800000,1.16300000,1.16300000,6470.87000000,2026-05-29 18:54:59,7548.02075000,46
2026-05-29 18:55:00,1.16200000,1.16300000,1.16100000,1.16200000,1295.24000000,2026-05-29 18:59:59,1504.42730000,23
2026-05-29 19:00:00,1.16300000,1.16700000,1.16300000,1.16300000,3306.96000000,2026-05-29 19:04:59,3849.86169000,40
2026-05-29 19:05:00,1.16400000,1.16500000,1.16300000,1.16500000,1551.55000000,2026-05-29 19:09:59,1805.08197000,28
2026-05-29 19:10:00,1.16500000,1.16600000,1.16500000,1.16600000,1085.70000000,2026-05-29 19:14:59,1265.58556000,19
2026-05-29 19:15:00,1.16600000,1.17100000,1.16600000,1.17100000,3119.40000000,2026-05-29 19:19:59,3641.62834000,57
2026-05-29 19:20:00,1.17100000,1.17300000,1.17100000,1.17200000,3318.57000000,2026-05-29 19:24:59,3888.11036000,42
2026-05-29 19:25:00,1.17100000,1.17300000,1.17100000,1.17300000,134.94000000,2026-05-29 19:29:59,158.13077000,5
2026-05-29 19:30:00,1.17200000,1.17300000,1.17200000,1.17200000,2105.12000000,2026-05-29 19:34:59,2467.45096000,19
2026-05-29 19:35:00,1.17200000,1.17200000,1.17100000,1.17100000,1011.26000000,2026-05-29 19:39:59,1184.62562000,15
2026-05-29 19:40:00,1.17200000,1.17200000,1.17200000,1.17200000,684.07000000,2026-05-29 19:44:59,801.73004000,11
2026-05-29 19:45:00,1.17300000,1.17500000,1.17300000,1.17400000,3158.53000000,2026-05-29 19:49:59,3708.36224000,59
2026-05-29 19:50:00,1.17400000,1.17400000,1.17200000,1.17300000,2795.10000000,2026-05-29 19:54:59,3279.87276000,37
2026-05-29 19:55:00,1.17400000,1.17600000,1.17400000,1.17600000,3890.00000000,2026-05-29 19:59:59,4572.11177000,67
2026-05-29 20:00:00,1.17600000,1.17800000,1.17500000,1.17800000,3013.86000000,2026-05-29 20:04:59,3545.36271000,44
2026-05-29 20:05:00,1.17800000,1.18100000,1.17800000,1.17900000,7942.83000000,2026-05-29 20:09:59,9367.31959000,82
2026-05-29 20:10:00,1.18000000,1.18300000,1.17700000,1.17700000,7233.39000000,2026-05-29 20:14:59,8540.20044000,60
2026-05-29 20:15:00,1.17800000,1.17900000,1.17500000,1.17600000,13251.90000000,2026-05-29 20:19:59,15573.18667000,36
2026-05-29 20:20:00,1.17500000,1.17500000,1.17500000,1.17500000,177.28000000,2026-05-29 20:24:59,208.30400000,3
2026-05-29 20:25:00,1.17500000,1.17500000,1.17200000,1.17300000,4462.17000000,2026-05-29 20:29:59,5231.56176000,55
2026-05-29 20:30:00,1.17300000,1.17500000,1.17300000,1.17400000,3343.39000000,2026-05-29 20:34:59,3924.85409000,42
2026-05-29 20:35:00,1.17400000,1.17700000,1.17300000,1.17700000,4692.91000000,2026-05-29 20:39:59,5512.73986000,42
2026-05-29 20:40:00,1.17700000,1.17700000,1.17400000,1.17600000,2156.79000000,2026-05-29 20:44:59,2536.14731000,30
2026-05-29 20:45:00,1.17600000,1.17700000,1.17500000,1.17700000,1676.53000000,2026-05-29 20:49:59,1971.36691000,28
2026-05-29 20:50:00,1.17700000,1.17800000,1.17700000,1.17700000,1634.31000000,2026-05-29 20:54:59,1923.78287000,20
2026-05-29 20:55:00,1.17700000,1.17700000,1.17700000,1.17700000,2837.69000000,2026-05-29 20:59:59,3339.96113000,38
2026-05-29 21:00:00,1.17700000,1.17800000,1.17200000,1.17400000,5959.54000000,2026-05-29 21:04:59,6994.04472000,88
2026-05-29 21:05:00,1.17400000,1.18000000,1.17200000,1.18000000,1991.89000000,2026-05-29 21:09:59,2343.23539000,48
2026-05-29 21:10:00,1.18000000,1.18300000,1.17900000,1.18200000,4384.24000000,2026-05-29 21:14:59,5174.03046000,46
2026-05-29 21:15:00,1.18300000,1.18800000,1.18300000,1.18600000,5008.82000000,2026-05-29 21:19:59,5939.45485000,70
2026-05-29 21:20:00,1.18700000,1.19100000,1.18600000,1.19000000,19320.15000000,2026-05-29 21:24:59,22992.34085000,109
2026-05-29 21:25:00,1.19000000,1.19200000,1.18600000,1.18900000,13212.07000000,2026-05-29 21:29:59,15703.03309000,101
2026-05-29 21:30:00,1.18900000,1.19100000,1.18700000,1.19000000,14180.98000000,2026-05-29 21:34:59,16839.76212000,80
2026-05-29 21:35:00,1.19000000,1.19500000,1.18900000,1.18900000,17531.25000000,2026-05-29 21:39:59,20904.98811000,141
2026-05-29 21:40:00,1.18900000,1.19300000,1.18800000,1.19200000,4025.46000000,2026-05-29 21:44:59,4793.04659000,48
2026-05-29 21:45:00,1.19200000,1.19700000,1.19200000,1.19400000,11402.32000000,2026-05-29 21:49:59,13632.24016000,77
2026-05-29 21:50:00,1.19400000,1.19700000,1.19100000,1.19400000,21103.48000000,2026-05-29 21:54:59,25215.22889000,122
2026-05-29 21:55:00,1.19400000,1.20000000,1.19400000,1.19700000,20576.45000000,2026-05-29 21:59:59,24662.02618000,154
2026-05-29 22:00:00,1.19700000,1.20800000,1.19700000,1.20400000,42706.93000000,2026-05-29 22:04:59,51351.63529000,385
2026-05-29 22:05:00,1.20400000,1.21700000,1.20300000,1.21500000,27044.46000000,2026-05-29 22:09:59,32763.74157000,216
2026-05-29 22:10:00,1.21600000,1.22400000,1.21300000,1.22300000,37140.86000000,2026-05-29 22:14:59,45241.53078000,346
2026-05-29 22:15:00,1.22200000,1.23300000,1.22100000,1.23200000,23368.74000000,2026-05-29 22:19:59,28704.58449000,229
2026-05-29 22:20:00,1.23300000,1.23800000,1.22800000,1.23700000,64745.90000000,2026-05-29 22:24:59,79790.60319000,452
2026-05-29 22:25:00,1.23800000,1.24600000,1.23700000,1.24100000,51619.91000000,2026-05-29 22:29:59,64152.74112000,401
2026-05-29 22:30:00,1.24100000,1.24500000,1.23700000,1.24000000,30993.94000000,2026-05-29 22:34:59,38490.38280000,232
2026-05-29 22:35:00,1.24100000,1.24900000,1.23700000,1.23800000,47366.53000000,2026-05-29 22:39:59,58928.18209000,386
2026-05-29 22:40:00,1.23900000,1.24500000,1.23100000,1.23900000,25394.41000000,2026-05-29 22:44:59,31447.80841000,273
2026-05-29 22:45:00,1.23900000,1.24600000,1.23700000,1.24500000,30749.74000000,2026-05-29 22:49:59,38191.14637000,178
2026-05-29 22:50:00,1.24600000,1.25300000,1.23900000,1.25200000,47101.56000000,2026-05-29 22:54:59,58706.42148000,306
2026-05-29 22:55:00,1.25200000,1.26100000,1.24900000,1.25400000,84452.63000000,2026-05-29 22:59:59,106033.47806000,574
2026-05-29 23:00:00,1.25400000,1.26400000,1.25400000,1.25800000,29378.99000000,2026-05-29 23:04:59,37007.30351000,298
2026-05-29 23:05:00,1.25800000,1.26700000,1.25500000,1.26400000,44434.90000000,2026-05-29 23:09:59,56088.85094000,324
2026-05-29 23:10:00,1.26400000,1.27100000,1.26300000,1.27000000,36317.71000000,2026-05-29 23:14:59,46052.37919000,293
2026-05-29 23:15:00,1.27000000,1.27900000,1.27000000,1.27800000,40384.03000000,2026-05-29 23:19:59,51500.89386000,316
2026-05-29 23:20:00,1.27700000,1.27800000,1.26500000,1.27100000,48512.54000000,2026-05-29 23:24:59,61707.81604000,386
2026-05-29 23:25:00,1.27100000,1.27900000,1.27100000,1.27400000,60389.31000000,2026-05-29 23:29:59,77035.54324000,374
2026-05-29 23:30:00,1.27400000,1.28200000,1.27100000,1.27700000,36701.39000000,2026-05-29 23:34:59,46841.70225000,364
2026-05-29 23:35:00,1.27700000,1.28600000,1.27600000,1.28400000,37248.26000000,2026-05-29 23:39:59,47669.08492000,250
2026-05-29 23:40:00,1.28300000,1.29800000,1.28300000,1.29000000,153941.03000000,2026-05-29 23:44:59,198595.32831000,1139
2026-05-29 23:45:00,1.29100000,1.29400000,1.28100000,1.29200000,86165.28000000,2026-05-29 23:49:59,111055.88765000,577
2026-05-29 23:50:00,1.29100000,1.30900000,1.28700000,1.30500000,159315.43000000,2026-05-29 23:54:59,206663.18042000,1133
2026-05-29 23:55:00,1.30500000,1.31600000,1.28700000,1.29500000,164429.82000000,2026-05-29 23:59:59,214371.39282000,1383
2026-05-30 00:00:00,1.29600000,1.30000000,1.25300000,1.25900000,95164.79000000,2026-05-30 00:04:59,121385.47121000,977
2026-05-30 00:05:00,1.25800000,1.26200000,1.24700000,1.25200000,44685.15000000,2026-05-30 00:09:59,56067.16376000,413
2026-05-30 00:10:00,1.25200000,1.25700000,1.24700000,1.25200000,16715.29000000,2026-05-30 00:14:59,20908.52512000,162
2026-05-30 00:15:00,1.25200000,1.25200000,1.23500000,1.23900000,44337.59000000,2026-05-30 00:19:59,55121.33736000,383
2026-05-30 00:20:00,1.23800000,1.24200000,1.22900000,1.23500000,55144.43000000,2026-05-30 00:24:59,68083.91482000,367
2026-05-30 00:25:00,1.23500000,1.23800000,1.23300000,1.23500000,2939.84000000,2026-05-30 00:29:59,3634.08795000,45
2026-05-30 00:30:00,1.23600000,1.23900000,1.23200000,1.23800000,10864.11000000,2026-05-30 00:34:59,13429.59282000,111
2026-05-30 00:35:00,1.23900000,1.24100000,1.23700000,1.23800000,17279.51000000,2026-05-30 00:39:59,21406.37893000,127
2026-05-30 00:40:00,1.23700000,1.23800000,1.22500000,1.23200000,14809.69000000,2026-05-30 00:44:59,18227.21149000,160
2026-05-30 00:45:00,1.23300000,1.23300000,1.22600000,1.22600000,11640.41000000,2026-05-30 00:49:59,14299.73940000,129
2026-05-30 00:50:00,1.22600000,1.23100000,1.22600000,1.23000000,5048.91000000,2026-05-30 00:54:59,6202.59983000,46
2026-05-30 00:55:00,1.23000000,1.23100000,1.22600000,1.23000000,5268.75000000,2026-05-30 00:59:59,6474.38529000,63
2026-05-30 01:00:00,1.22900000,1.23800000,1.22800000,1.23100000,8936.68000000,2026-05-30 01:04:59,11026.57626000,110
2026-05-30 01:05:00,1.23100000,1.23100000,1.22500000,1.22700000,19011.32000000,2026-05-30 01:09:59,23331.16516000,190
2026-05-30 01:10:00,1.22800000,1.23200000,1.22400000,1.23200000,14330.88000000,2026-05-30 01:14:59,17575.75468000,152
2026-05-30 01:15:00,1.23100000,1.23100000,1.22000000,1.22400000,18843.48000000,2026-05-30 01:19:59,23063.69743000,222
2026-05-30 01:20:00,1.22400000,1.22400000,1.21700000,1.22100000,13618.62000000,2026-05-30 01:24:59,16610.24149000,124
2026-05-30 01:25:00,1.22100000,1.22100000,1.21100000,1.21300000,26509.98000000,2026-05-30 01:29:59,32182.02891000,211
2026-05-30 01:30:00,1.21100000,1.21500000,1.21100000,1.21300000,18213.72000000,2026-05-30 01:34:59,22088.29921000,171
2026-05-30 01:35:00,1.21300000,1.21600000,1.21000000,1.21600000,9092.35000000,2026-05-30 01:39:59,11016.43012000,81
2026-05-30 01:40:00,1.21500000,1.21900000,1.21400000,1.21900000,6334.09000000,2026-05-30 01:44:59,7698.24245000,46
2026-05-30 01:45:00,1.21800000,1.21800000,1.21400000,1.21400000,7692.85000000,2026-05-30 01:49:59,9352.95300000,69
2026-05-30 01:50:00,1.21400000,1.21400000,1.20800000,1.21200000,41103.87000000,2026-05-30 01:54:59,49743.11961000,256
2026-05-30 01:55:00,1.21300000,1.21300000,1.20900000,1.20900000,1206.06000000,2026-05-30 01:59:59,1460.72552000,36
2026-05-30 02:00:00,1.20900000,1.21100000,1.20200000,1.20600000,12405.14000000,2026-05-30 02:04:59,14956.56151000,144
2026-05-30 02:05:00,1.20600000,1.21800000,1.20600000,1.21400000,47386.04000000,2026-05-30 02:09:59,57530.71784000,224
2026-05-30 02:10:00,1.21400000,1.21800000,1.21400000,1.21500000,10999.61000000,2026-05-30 02:14:59,13374.23742000,74
2026-05-30 02:15:00,1.21400000,1.21700000,1.21400000,1.21500000,8561.96000000,2026-05-30 02:19:59,10403.33691000,63
2026-05-30 02:20:00,1.21400000,1.21400000,1.21200000,1.21300000,3784.31000000,2026-05-30 02:24:59,4589.92523000,25
2026-05-30 02:25:00,1.21300000,1.21300000,1.21000000,1.21100000,4093.49000000,2026-05-30 02:29:59,4958.69081000,59
2026-05-30 02:30:00,1.21000000,1.21600000,1.21000000,1.21500000,4485.58000000,2026-05-30 02:34:59,5436.53397000,50
2026-05-30 02:35:00,1.21500000,1.21900000,1.21400000,1.21800000,4850.72000000,2026-05-30 02:39:59,5903.33718000,60
2026-05-30 02:40:00,1.21800000,1.21900000,1.21600000,1.21900000,3017.94000000,2026-05-30 02:44:59,3674.91205000,45
2026-05-30 02:45:00,1.22000000,1.22100000,1.21900000,1.22000000,6304.68000000,2026-05-30 02:49:59,7692.25630000,63
2026-05-30 02:50:00,1.22000000,1.22300000,1.21700000,1.21800000,9311.76000000,2026-05-30 02:54:59,11374.97418000,90
2026-05-30 02:55:00,1.21800000,1.22100000,1.21800000,1.22000000,2793.56000000,2026-05-30 02:59:59,3409.18271000,34
2026-05-30 03:00:00,1.21900000,1.21900000,1.21400000,1.21400000,2636.89000000,2026-05-30 03:04:59,3211.25801000,48
2026-05-30 03:05:00,1.21300000,1.21300000,1.21100000,1.21300000,7126.91000000,2026-05-30 03:09:59,8634.43010000,61
2026-05-30 03:10:00,1.21300000,1.21500000,1.21200000,1.21200000,3601.25000000,2026-05-30 03:14:59,4372.57218000,51
2026-05-30 03:15:00,1.21300000,1.21400000,1.21200000,1.21300000,1758.39000000,2026-05-30 03:19:59,2132.76280000,33
2026-05-30 03:20:00,1.21200000,1.21300000,1.21000000,1.21300000,2969.45000000,2026-05-30 03:24:59,3597.26318000,48
2026-05-30 03:25:00,1.21400000,1.22500000,1.21400000,1.22400000,1720.84000000,2026-05-30 03:29:59,2097.60736000,51
2026-05-30 03:30:00,1.22500000,1.22600000,1.22200000,1.22500000,7744.00000000,2026-05-30 03:34:59,9481.11712000,80
2026-05-30 03:35:00,1.22500000,1.22700000,1.22400000,1.22400000,5015.42000000,2026-05-30 03:39:59,6147.13223000,50
2026-05-30 03:40:00,1.22500000,1.22700000,1.22400000,1.22600000,4805.14000000,2026-05-30 03:44:59,5890.13328000,58
2026-05-30 03:45:00,1.22700000,1.22800000,1.22500000,1.22600000,1458.36000000,2026-05-30 03:49:59,1787.92100000,28
2026-05-30 03:50:00,1.22600000,1.22600000,1.21800000,1.22000000,3623.21000000,2026-05-30 03:54:59,4423.54775000,47
2026-05-30 03:55:00,1.21900000,1.22400000,1.21900000,1.22300000,1980.98000000,2026-05-30 03:59:59,2421.51249000,32
2026-05-30 04:00:00,1.22200000,1.22300000,1.22000000,1.22000000,1552.50000000,2026-05-30 04:04:59,1894.81550000,22
2026-05-30 04:05:00,1.22100000,1.22900000,1.22100000,1.22800000,7984.66000000,2026-05-30 04:09:59,9785.32350000,66
2026-05-30 04:10:00,1.22900000,1.23200000,1.22800000,1.23000000,12841.95000000,2026-05-30 04:14:59,15794.10286000,103
2026-05-30 04:15:00,1.23000000,1.23200000,1.22500000,1.22700000,15054.18000000,2026-05-30 04:19:59,18493.87682000,125
2026-05-30 04:20:00,1.22800000,1.23200000,1.22700000,1.23000000,10840.86000000,2026-05-30 04:24:59,13323.08842000,72
2026-05-30 04:25:00,1.23200000,1.23500000,1.23100000,1.23100000,12921.65000000,2026-05-30 04:29:59,15936.69553000,103
2026-05-30 04:30:00,1.23000000,1.24100000,1.23000000,1.23900000,39387.70000000,2026-05-30 04:34:59,48781.81445000,229
2026-05-30 04:35:00,1.23900000,1.23900000,1.23100000,1.23700000,14294.46000000,2026-05-30 04:39:59,17653.40781000,114
2026-05-30 04:40:00,1.23800000,1.23900000,1.23200000,1.23700000,36094.52000000,2026-05-30 04:44:59,44602.11378000,241
2026-05-30 04:45:00,1.23700000,1.24100000,1.23500000,1.23800000,10397.92000000,2026-05-30 04:49:59,12868.84067000,86
2026-05-30 04:50:00,1.23800000,1.24300000,1.23700000,1.23900000,33256.66000000,2026-05-30 04:54:59,41223.43141000,231
2026-05-30 04:55:00,1.23800000,1.24500000,1.23700000,1.24500000,7960.87000000,2026-05-30 04:59:59,9887.30920000,77
2026-05-30 05:00:00,1.24500000,1.25000000,1.24500000,1.25000000,23050.70000000,2026-05-30 05:04:59,28772.41043000,167
2026-05-30 05:05:00,1.25000000,1.26100000,1.24900000,1.26100000,27813.60000000,2026-05-30 05:09:59,34897.53681000,299
2026-05-30 05:10:00,1.26100000,1.26300000,1.25300000,1.26300000,70174.70000000,2026-05-30 05:14:59,88278.03704000,703
2026-05-30 05:15:00,1.26300000,1.26500000,1.25300000,1.25400000,42381.27000000,2026-05-30 05:19:59,53300.70540000,413
2026-05-30 05:20:00,1.25400000,1.26000000,1.25100000,1.25800000,27121.64000000,2026-05-30 05:24:59,34042.55836000,235
2026-05-30 05:25:00,1.25800000,1.26600000,1.25600000,1.25900000,178993.12000000,2026-05-30 05:29:59,225754.79810000,1255
2026-05-30 05:30:00,1.25900000,1.26400000,1.24900000,1.25300000,26513.33000000,2026-05-30 05:34:59,33319.66278000,287
2026-05-30 05:35:00,1.25300000,1.25300000,1.23700000,1.24100000,47492.40000000,2026-05-30 05:39:59,59038.52973000,380
2026-05-30 05:40:00,1.24100000,1.24300000,1.23700000,1.24100000,14118.07000000,2026-05-30 05:44:59,17496.19849000,134
2026-05-30 05:45:00,1.24100000,1.24100000,1.23400000,1.23400000,22596.74000000,2026-05-30 05:49:59,27918.16833000,211
2026-05-30 05:50:00,1.23400000,1.24100000,1.23400000,1.23700000,48039.48000000,2026-05-30 05:54:59,59477.30922000,176
2026-05-30 05:55:00,1.23600000,1.23600000,1.23200000,1.23500000,9641.58000000,2026-05-30 05:59:59,11892.82187000,67
2026-05-30 06:00:00,1.23400000,1.23900000,1.23200000,1.23900000,10329.22000000,2026-05-30 06:04:59,12751.91932000,93
2026-05-30 06:05:00,1.23900000,1.24300000,1.23500000,1.24300000,11660.66000000,2026-05-30 06:09:59,14454.76435000,100
2026-05-30 06:10:00,1.24300000,1.24800000,1.24300000,1.24700000,6509.15000000,2026-05-30 06:14:59,8108.86697000,76
2026-05-30 06:15:00,1.24800000,1.25000000,1.24500000,1.24700000,7712.62000000,2026-05-30 06:19:59,9614.33594000,84
2026-05-30 06:20:00,1.24600000,1.24700000,1.24300000,1.24700000,4644.46000000,2026-05-30 06:24:59,5780.50940000,57
2026-05-30 06:25:00,1.24700000,1.25100000,1.24700000,1.25100000,2745.99000000,2026-05-30 06:29:59,3429.26013000,29
2026-05-30 06:30:00,1.25100000,1.25300000,1.25100000,1.25300000,6316.88000000,2026-05-30 06:34:59,7909.95694000,65
2026-05-30 06:35:00,1.25400000,1.25500000,1.24500000,1.24500000,5512.68000000,2026-05-30 06:39:59,6899.24357000,75
2026-05-30 06:40:00,1.24500000,1.24500000,1.24000000,1.24000000,6808.00000000,2026-05-30 06:44:59,8458.55440000,70
2026-05-30 06:45:00,1.24100000,1.24100000,1.23500000,1.23500000,5419.45000000,2026-05-30 06:49:59,6704.97437000,95
2026-05-30 06:50:00,1.23400000,1.23500000,1.23000000,1.23200000,12670.08000000,2026-05-30 06:54:59,15609.71835000,131
2026-05-30 06:55:00,1.23300000,1.23300000,1.22700000,1.23100000,25326.47000000,2026-05-30 06:59:59,31133.88836000,161
2026-05-30 07:00:00,1.23100000,1.23500000,1.22600000,1.22800000,25968.56000000,2026-05-30 07:04:59,32010.07696000,164
2026-05-30 07:05:00,1.22700000,1.23200000,1.22700000,1.22900000,10001.07000000,2026-05-30 07:09:59,12299.23655000,88
2026-05-30 07:10:00,1.22900000,1.22900000,1.22500000,1.22700000,7183.58000000,2026-05-30 07:14:59,8813.01002000,66
2026-05-30 07:15:00,1.22800000,1.23800000,1.22600000,1.23800000,14007.79000000,2026-05-30 07:19:59,17290.96260000,116
2026-05-30 07:20:00,1.23900000,1.23900000,1.23300000,1.23300000,6054.21000000,2026-05-30 07:24:59,7482.83546000,65
2026-05-30 07:25:00,1.23300000,1.23600000,1.23200000,1.23400000,5046.61000000,2026-05-30 07:29:59,6224.59728000,54
2026-05-30 07:30:00,1.23400000,1.23400000,1.23200000,1.23400000,6287.74000000,2026-05-30 07:34:59,7754.08508000,50
2026-05-30 07:35:00,1.23400000,1.23900000,1.23400000,1.23800000,8066.07000000,2026-05-30 07:39:59,9983.27755000,53
2026-05-30 07:40:00,1.23800000,1.23900000,1.23500000,1.23600000,30548.28000000,2026-05-30 07:44:59,37770.75944000,165
2026-05-30 07:45:00,1.23600000,1.23800000,1.23200000,1.23500000,19782.90000000,2026-05-30 07:49:59,24421.87786000,146
2026-05-30 07:50:00,1.23500000,1.24200000,1.23500000,1.23900000,9299.66000000,2026-05-30 07:54:59,11527.94243000,107
2026-05-30 07:55:00,1.23900000,1.24200000,1.23700000,1.24200000,7318.02000000,2026-05-30 07:59:59,9066.50258000,78
2026-05-30 08:00:00,1.24200000,1.24300000,1.23900000,1.24000000,5048.80000000,2026-05-30 08:04:59,6263.76256000,63
2026-05-30 08:05:00,1.24000000,1.24400000,1.23900000,1.24200000,13237.74000000,2026-05-30 08:09:59,16440.49964000,160
2026-05-30 08:10:00,1.24300000,1.25100000,1.24300000,1.24900000,33357.73000000,2026-05-30 08:14:59,41655.84974000,166
2026-05-30 08:15:00,1.25000000,1.25200000,1.24700000,1.25100000,5905.43000000,2026-05-30 08:19:59,7383.86330000,74
2026-05-30 08:20:00,1.25100000,1.25900000,1.25100000,1.25800000,12385.21000000,2026-05-30 08:24:59,15536.28727000,174
2026-05-30 08:25:00,1.25900000,1.27000000,1.25800000,1.27000000,43624.91000000,2026-05-30 08:29:59,55120.14402000,338
2026-05-30 08:30:00,1.27100000,1.27500000,1.26000000,1.26000000,158499.92000000,2026-05-30 08:34:59,201324.95375000,1065
2026-05-30 08:35:00,1.25900000,1.25900000,1.24800000,1.24800000,46367.91000000,2026-05-30 08:39:59,58056.47041000,349
2026-05-30 08:40:00,1.24700000,1.25000000,1.23900000,1.24200000,18664.75000000,2026-05-30 08:44:59,23226.86147000,231
2026-05-30 08:45:00,1.24300000,1.24500000,1.23900000,1.23900000,12562.45000000,2026-05-30 08:49:59,15610.97328000,116
2026-05-30 08:50:00,1.23800000,1.23800000,1.22900000,1.23600000,22303.69000000,2026-05-30 08:54:59,27505.02294000,276
2026-05-30 08:55:00,1.23600000,1.23700000,1.23400000,1.23600000,6621.93000000,2026-05-30 08:59:59,8182.96373000,61
2026-05-30 09:00:00,1.23600000,1.23700000,1.22400000,1.23600000,60126.70000000,2026-05-30 09:04:59,73885.47919000,335
2026-05-30 09:05:00,1.23600000,1.24200000,1.23600000,1.24200000,9700.27000000,2026-05-30 09:09:59,12020.77234000,87
2026-05-30 09:10:00,1.24300000,1.24500000,1.24100000,1.24500000,6429.89000000,2026-05-30 09:14:59,7996.96933000,99
2026-05-30 09:15:00,1.24400000,1.24500000,1.24100000,1.24100000,4610.19000000,2026-05-30 09:19:59,5727.52803000,77
2026-05-30 09:20:00,1.24000000,1.24100000,1.24000000,1.24000000,3010.18000000,2026-05-30 09:24:59,3733.10352000,31
2026-05-30 09:25:00,1.23900000,1.24300000,1.23700000,1.23700000,14131.63000000,2026-05-30 09:29:59,17529.51176000,123
2026-05-30 09:30:00,1.23700000,1.23700000,1.22600000,1.22900000,18426.52000000,2026-05-30 09:34:59,22664.19275000,198
2026-05-30 09:35:00,1.22800000,1.22800000,1.22500000,1.22600000,7654.92000000,2026-05-30 09:39:59,9389.44998000,75
2026-05-30 09:40:00,1.22500000,1.22500000,1.22300000,1.22500000,8010.24000000,2026-05-30 09:44:59,9806.00661000,76
2026-05-30 09:45:00,1.22500000,1.22700000,1.22300000,1.22500000,1765.71000000,2026-05-30 09:49:59,2162.89587000,42
2026-05-30 09:50:00,1.22500000,1.23000000,1.22500000,1.22900000,28695.84000000,2026-05-30 09:54:59,35247.15981000,105
2026-05-30 09:55:00,1.22800000,1.23000000,1.22800000,1.23000000,1185.51000000,2026-05-30 09:59:59,1457.33059000,15
2026-05-30 10:00:00,1.23000000,1.23100000,1.22900000,1.23000000,5584.59000000,2026-05-30 10:04:59,6869.33970000,43
2026-05-30 10:05:00,1.23000000,1.23000000,1.22800000,1.22800000,4612.88000000,2026-05-30 10:09:59,5668.63297000,43
2026-05-30 10:10:00,1.22800000,1.22900000,1.22700000,1.22700000,7467.96000000,2026-05-30 10:14:59,9167.58531000,53
2026-05-30 10:15:00,1.22700000,1.23200000,1.22700000,1.23200000,5360.78000000,2026-05-30 10:19:59,6585.31200000,39
2026-05-30 10:20:00,1.23100000,1.23100000,1.22800000,1.22800000,6358.59000000,2026-05-30 10:24:59,7816.77658000,64
2026-05-30 10:25:00,1.22700000,1.22800000,1.22700000,1.22800000,3358.28000000,2026-05-30 10:29:59,4121.93613000,31
2026-05-30 10:30:00,1.22800000,1.22800000,1.22300000,1.22300000,7045.12000000,2026-05-30 10:34:59,8637.91216000,84
2026-05-30 10:35:00,1.22200000,1.22200000,1.21900000,1.22200000,19455.13000000,2026-05-30 10:39:59,23747.76293000,147
2026-05-30 10:40:00,1.22200000,1.22300000,1.22000000,1.22200000,8967.28000000,2026-05-30 10:44:59,10951.85091000,53
2026-05-30 10:45:00,1.22200000,1.22300000,1.22100000,1.22100000,24075.90000000,2026-05-30 10:49:59,29419.39862000,59
2026-05-30 10:50:00,1.22100000,1.22200000,1.21800000,1.22000000,6073.00000000,2026-05-30 10:54:59,7409.58474000,64
2026-05-30 10:55:00,1.21900000,1.22200000,1.21800000,1.21900000,2912.30000000,2026-05-30 10:59:59,3551.43402000,32
2026-05-30 11:00:00,1.21900000,1.21900000,1.21700000,1.21900000,5498.19000000,2026-05-30 11:04:59,6697.30848000,59
2026-05-30 11:05:00,1.21900000,1.22500000,1.21900000,1.22400000,9116.49000000,2026-05-30 11:09:59,11144.56944000,87
2026-05-30 11:10:00,1.22400000,1.22500000,1.21900000,1.21900000,12336.43000000,2026-05-30 11:14:59,15087.43897000,67
2026-05-30 11:15:00,1.22000000,1.22500000,1.21900000,1.22300000,6308.19000000,2026-05-30 11:19:59,7710.32613000,82
2026-05-30 11:20:00,1.22400000,1.22600000,1.21900000,1.21900000,7458.18000000,2026-05-30 11:24:59,9134.91741000,52
2026-05-30 11:25:00,1.21900000,1.22600000,1.21900000,1.22500000,3462.85000000,2026-05-30 11:29:59,4233.92764000,46
2026-05-30 11:30:00,1.22500000,1.22500000,1.21900000,1.22000000,4649.46000000,2026-05-30 11:34:59,5682.14118000,40
2026-05-30 11:35:00,1.22000000,1.22100000,1.21200000,1.21500000,18514.16000000,2026-05-30 11:39:59,22521.22885000,209
2026-05-30 11:40:00,1.21500000,1.21600000,1.21000000,1.21400000,39355.59000000,2026-05-30 11:44:59,47731.96645000,223
2026-05-30 11:45:00,1.21400000,1.21500000,1.21200000,1.21400000,14481.05000000,2026-05-30 11:49:59,17579.81171000,85
2026-05-30 11:50:00,1.21400000,1.21400000,1.21200000,1.21300000,4075.33000000,2026-05-30 11:54:59,4943.96409000,33
2026-05-30 11:55:00,1.21300000,1.21400000,1.21200000,1.21200000,1357.57000000,2026-05-30 11:59:59,1646.13093000,18
2026-05-30 12:00:00,1.21300000,1.21400000,1.21100000,1.21100000,14903.73000000,2026-05-30 12:04:59,18076.70721000,70
2026-05-30 12:05:00,1.21100000,1.21100000,1.20900000,1.21000000,5567.16000000,2026-05-30 12:09:59,6733.45930000,49
2026-05-30 12:10:00,1.20900000,1.21400000,1.20900000,1.21400000,6166.57000000,2026-05-30 12:14:59,7464.70820000,47
2026-05-30 12:15:00,1.21300000,1.21500000,1.21100000,1.21500000,1664.47000000,2026-05-30 12:19:59,2019.02733000,38
2026-05-30 12:20:00,1.21500000,1.21500000,1.21100000,1.21300000,9301.07000000,2026-05-30 12:24:59,11287.38480000,65
2026-05-30 12:25:00,1.21200000,1.21200000,1.21100000,1.21200000,623.95000000,2026-05-30 12:29:59,755.77963000,12
2026-05-30 12:30:00,1.21100000,1.21100000,1.20700000,1.20800000,1099.10000000,2026-05-30 12:34:59,1329.57507000,41
2026-05-30 12:35:00,1.20800000,1.20800000,1.20600000,1.20600000,6295.50000000,2026-05-30 12:39:59,7599.88595000,51
2026-05-30 12:40:00,1.20600000,1.20800000,1.20500000,1.20700000,3756.74000000,2026-05-30 12:44:59,4533.46231000,37
2026-05-30 12:45:00,1.20800000,1.20900000,1.20700000,1.20800000,8185.15000000,2026-05-30 12:49:59,9888.03982000,33
2026-05-30 12:50:00,1.20700000,1.20900000,1.20600000,1.20900000,2285.57000000,2026-05-30 12:54:59,2761.53017000,19
2026-05-30 12:55:00,1.20900000,1.21200000,1.20700000,1.21000000,9642.49000000,2026-05-30 12:59:59,11652.19965000,76
2026-05-30 13:00:00,1.21000000,1.21300000,1.20800000,1.21200000,18503.48000000,2026-05-30 13:04:59,22412.31657000,130
2026-05-30 13:05:00,1.21100000,1.21200000,1.21000000,1.21000000,3651.34000000,2026-05-30 13:09:59,4424.43352000,34
2026-05-30 13:10:00,1.20900000,1.21000000,1.20900000,1.20900000,862.51000000,2026-05-30 13:14:59,1043.36066000,13
2026-05-30 13:15:00,1.20900000,1.20900000,1.20500000,1.20500000,2878.96000000,2026-05-30 13:19:59,3474.45005000,34
2026-05-30 13:20:00,1.20500000,1.20700000,1.20400000,1.20700000,10424.43000000,2026-05-30 13:24:59,12566.31082000,75
2026-05-30 13:25:00,1.20700000,1.21100000,1.20700000,1.21000000,6018.31000000,2026-05-30 13:29:59,7281.59692000,52
2026-05-30 13:30:00,1.20900000,1.21100000,1.20900000,1.21000000,2281.92000000,2026-05-30 13:34:59,2761.65797000,23
2026-05-30 13:35:00,1.21000000,1.21100000,1.20800000,1.21000000,3130.94000000,2026-05-30 13:39:59,3785.67604000,38
2026-05-30 13:40:00,1.21000000,1.21100000,1.21000000,1.21000000,1067.68000000,2026-05-30 13:44:59,1291.90519000,13
2026-05-30 13:45:00,1.21100000,1.21200000,1.21000000,1.21100000,1145.90000000,2026-05-30 13:49:59,1387.86481000,17
2026-05-30 13:50:00,1.21200000,1.21300000,1.21100000,1.21100000,4056.95000000,2026-05-30 13:54:59,4915.10859000,43
2026-05-30 13:55:00,1.21200000,1.21600000,1.21100000,1.21500000,8275.93000000,2026-05-30 13:59:59,10046.76907000,93
2026-05-30 14:00:00,1.21500000,1.21500000,1.21100000,1.21100000,4635.71000000,2026-05-30 14:04:59,5626.93834000,42
2026-05-30 14:05:00,1.21100000,1.21100000,1.20700000,1.20700000,1039.43000000,2026-05-30 14:09:59,1255.63057000,24
2026-05-30 14:10:00,1.20600000,1.20900000,1.20600000,1.20900000,2940.59000000,2026-05-30 14:14:59,3550.72239000,32
2026-05-30 14:15:00,1.21000000,1.21200000,1.21000000,1.21100000,1045.35000000,2026-05-30 14:19:59,1265.76913000,18
2026-05-30 14:20:00,1.21100000,1.21200000,1.21000000,1.21000000,1209.20000000,2026-05-30 14:24:59,1463.46743000,11
2026-05-30 14:25:00,1.21100000,1.21300000,1.20900000,1.20900000,3145.55000000,2026-05-30 14:29:59,3812.41573000,42
2026-05-30 14:30:00,1.20900000,1.21000000,1.20500000,1.20500000,6859.49000000,2026-05-30 14:34:59,8273.45187000,64
2026-05-30 14:35:00,1.20500000,1.20800000,1.20500000,1.20800000,2781.63000000,2026-05-30 14:39:59,3354.41813000,24
2026-05-30 14:40:00,1.20800000,1.21000000,1.20800000,1.20900000,5024.48000000,2026-05-30 14:44:59,6072.42906000,34
2026-05-30 14:45:00,1.20900000,1.20900000,1.20900000,1.20900000,0.00000000,2026-05-30 14:49:59,0.00000000,0
2026-05-30 14:50:00,1.20900000,1.21000000,1.20800000,1.20800000,5245.62000000,2026-05-30 14:54:59,6338.54452000,52
2026-05-30 14:55:00,1.20800000,1.20800000,1.20700000,1.20700000,406.15000000,2026-05-30 14:59:59,490.56905000,18
2026-05-30 15:00:00,1.20800000,1.21000000,1.20800000,1.21000000,2124.65000000,2026-05-30 15:04:59,2567.37399000,25
2026-05-30 15:05:00,1.20900000,1.20900000,1.20700000,1.20900000,1044.96000000,2026-05-30 15:09:59,1262.24593000,17
2026-05-30 15:10:00,1.20800000,1.20900000,1.20700000,1.20900000,1863.86000000,2026-05-30 15:14:59,2250.67629000,24
2026-05-30 15:15:00,1.20700000,1.20800000,1.20700000,1.20800000,398.36000000,2026-05-30 15:19:59,480.99286000,3
2026-05-30 15:20:00,1.20900000,1.21100000,1.20800000,1.21000000,1005.28000000,2026-05-30 15:24:59,1215.79463000,15
2026-05-30 15:25:00,1.20900000,1.21100000,1.20900000,1.21000000,1452.98000000,2026-05-30 15:29:59,1758.24746000,25
2026-05-30 15:30:00,1.21000000,1.21000000,1.21000000,1.21000000,400.90000000,2026-05-30 15:34:59,485.08900000,9
2026-05-30 15:35:00,1.21100000,1.21400000,1.21100000,1.21300000,1999.18000000,2026-05-30 15:39:59,2424.36440000,28
2026-05-30 15:40:00,1.21200000,1.21200000,1.21200000,1.21200000,33.16000000,2026-05-30 15:44:59,40.18992000,2
2026-05-30 15:45:00,1.21200000,1.21500000,1.21200000,1.21500000,7110.66000000,2026-05-30 15:49:59,8635.62965000,41
2026-05-30 15:50:00,1.21500000,1.21500000,1.21400000,1.21400000,1768.58000000,2026-05-30 15:54:59,2147.45672000,20
2026-05-30 15:55:00,1.21500000,1.21700000,1.21500000,1.21500000,3535.44000000,2026-05-30 15:59:59,4299.75093000,26
2026-05-30 16:00:00,1.21600000,1.21600000,1.21300000,1.21500000,2292.37000000,2026-05-30 16:04:59,2785.14830000,30
2026-05-30 16:05:00,1.21500000,1.21600000,1.21500000,1.21500000,5342.10000000,2026-05-30 16:09:59,6494.38728000,43
2026-05-30 16:10:00,1.21500000,1.21700000,1.21500000,1.21700000,1792.41000000,2026-05-30 16:14:59,2180.25833000,23
2026-05-30 16:15:00,1.21700000,1.21800000,1.21600000,1.21600000,2983.16000000,2026-05-30 16:19:59,3630.56116000,36
2026-05-30 16:20:00,1.21500000,1.21500000,1.21300000,1.21300000,195.07000000,2026-05-30 16:24:59,236.85886000,11
2026-05-30 16:25:00,1.21300000,1.21300000,1.21200000,1.21200000,875.01000000,2026-05-30 16:29:59,1061.33113000,11
2026-05-30 16:30:00,1.21100000,1.21100000,1.21000000,1.21000000,778.58000000,2026-05-30 16:34:59,942.18714000,19
2026-05-30 16:35:00,1.20900000,1.21000000,1.20900000,1.21000000,1780.82000000,2026-05-30 16:39:59,2153.92388000,18
2026-05-30 16:40:00,1.21000000,1.21100000,1.21000000,1.21100000,1646.09000000,2026-05-30 16:44:59,1993.10870000,15
2026-05-30 16:45:00,1.21100000,1.21100000,1.21100000,1.21100000,893.24000000,2026-05-30 16:49:59,1081.71364000,3
2026-05-30 16:50:00,1.21000000,1.21300000,1.21000000,1.21100000,3220.88000000,2026-05-30 16:54:59,3902.61451000,31
2026-05-30 16:55:00,1.21000000,1.21100000,1.21000000,1.21000000,118.08000000,2026-05-30 16:59:59,142.93651000,6
2026-05-30 17:00:00,1.21000000,1.21200000,1.21000000,1.21000000,7162.21000000,2026-05-30 17:04:59,8673.60386000,39
2026-05-30 17:05:00,1.21100000,1.21100000,1.21100000,1.21100000,1669.59000000,2026-05-30 17:09:59,2021.87349000,16
2026-05-30 17:10:00,1.21100000,1.21100000,1.21000000,1.21000000,106.33000000,2026-05-30 17:14:59,128.66756000,6
2026-05-30 17:15:00,1.21000000,1.21100000,1.20900000,1.20900000,2386.76000000,2026-05-30 17:19:59,2889.01801000,29
2026-05-30 17:20:00,1.21000000,1.21100000,1.21000000,1.21100000,2930.72000000,2026-05-30 17:24:59,3548.54706000,19
2026-05-30 17:25:00,1.21100000,1.21100000,1.20900000,1.21000000,902.91000000,2026-05-30 17:29:59,1092.96286000,16
2026-05-30 17:30:00,1.21000000,1.21000000,1.20800000,1.21000000,323.49000000,2026-05-30 17:34:59,390.94454000,11
2026-05-30 17:35:00,1.21100000,1.21100000,1.21000000,1.21100000,706.25000000,2026-05-30 17:39:59,854.97354000,13
2026-05-30 17:40:00,1.20900000,1.20900000,1.20800000,1.20900000,1395.98000000,2026-05-30 17:44:59,1687.27703000,14
2026-05-30 17:45:00,1.20900000,1.21000000,1.20900000,1.20900000,4019.92000000,2026-05-30 17:49:59,4862.92311000,27
2026-05-30 17:50:00,1.21000000,1.21200000,1.20900000,1.21100000,1155.52000000,2026-05-30 17:54:59,1399.34273000,25
2026-05-30 17:55:00,1.21100000,1.21200000,1.21000000,1.21100000,2020.87000000,2026-05-30 17:59:59,2448.10186000,33
2026-05-30 18:00:00,1.21200000,1.21200000,1.20900000,1.21000000,1429.06000000,2026-05-30 18:04:59,1729.23545000,30
2026-05-30 18:05:00,1.21000000,1.21100000,1.20900000,1.21000000,421.17000000,2026-05-30 18:09:59,509.65278000,10
2026-05-30 18:10:00,1.21000000,1.21200000,1.21000000,1.21100000,3513.58000000,2026-05-30 18:14:59,4253.50941000,32
2026-05-30 18:15:00,1.21000000,1.21200000,1.21000000,1.21100000,2390.90000000,2026-05-30 18:19:59,2896.16328000,22
2026-05-30 18:20:00,1.21200000,1.21200000,1.21200000,1.21200000,569.01000000,2026-05-30 18:24:59,689.64012000,7
2026-05-30 18:25:00,1.21200000,1.21200000,1.21100000,1.21200000,724.46000000,2026-05-30 18:29:59,877.93860000,16
2026-05-30 18:30:00,1.21100000,1.21100000,1.21000000,1.21100000,196.12000000,2026-05-30 18:34:59,237.42241000,7
2026-05-30 18:35:00,1.21200000,1.21200000,1.21100000,1.21100000,79.78000000,2026-05-30 18:39:59,96.65082000,3
2026-05-30 18:40:00,1.21000000,1.21100000,1.21000000,1.21100000,447.64000000,2026-05-30 18:44:59,542.02414000,10
2026-05-30 18:45:00,1.21100000,1.21300000,1.21000000,1.21200000,2672.24000000,2026-05-30 18:49:59,3239.16135000,25
2026-05-30 18:50:00,1.21200000,1.21200000,1.21200000,1.21200000,80.89000000,2026-05-30 18:54:59,98.03868000,1
2026-05-30 18:55:00,1.21200000,1.21400000,1.21200000,1.21400000,583.09000000,2026-05-30 18:59:59,707.34938000,10
2026-05-30 19:00:00,1.21300000,1.21300000,1.20800000,1.20800000,6521.71000000,2026-05-30 19:04:59,7891.20496000,56
2026-05-30 19:05:00,1.20800000,1.21100000,1.20700000,1.21000000,2866.19000000,2026-05-30 19:09:59,3466.54076000,22
2026-05-30 19:10:00,1.20800000,1.20900000,1.20300000,1.20400000,5098.99000000,2026-05-30 19:14:59,6141.37402000,75
2026-05-30 19:15:00,1.20500000,1.20700000,1.20500000,1.20600000,889.17000000,2026-05-30 19:19:59,1072.43073000,17
2026-05-30 19:20:00,1.20500000,1.20500000,1.20300000,1.20300000,2335.57000000,2026-05-30 19:24:59,2811.14161000,24
2026-05-30 19:25:00,1.20300000,1.20500000,1.20200000,1.20500000,7149.63000000,2026-05-30 19:29:59,8605.48368000,56
2026-05-30 19:30:00,1.20400000,1.20400000,1.20400000,1.20400000,18.32000000,2026-05-30 19:34:59,22.05728000,3
2026-05-30 19:35:00,1.20400000,1.20400000,1.20000000,1.20100000,17533.06000000,2026-05-30 19:39:59,21052.52329000,111
2026-05-30 19:40:00,1.20000000,1.20100000,1.18500000,1.18900000,42389.51000000,2026-05-30 19:44:59,50510.41566000,386
2026-05-30 19:45:00,1.19000000,1.19400000,1.19000000,1.19200000,8540.93000000,2026-05-30 19:49:59,10176.32577000,78
2026-05-30 19:50:00,1.19200000,1.19200000,1.19000000,1.19100000,5036.11000000,2026-05-30 19:54:59,5996.77937000,45
2026-05-30 19:55:00,1.19200000,1.19500000,1.19200000,1.19500000,3567.85000000,2026-05-30 19:59:59,4260.28697000,39
2026-05-30 20:00:00,1.19400000,1.20000000,1.19300000,1.19900000,16083.13000000,2026-05-30 20:04:59,19269.46525000,103
2026-05-30 20:05:00,1.19800000,1.19800000,1.19700000,1.19700000,2739.94000000,2026-05-30 20:09:59,3281.35276000,22
2026-05-30 20:10:00,1.19600000,1.19600000,1.19400000,1.19400000,2637.18000000,2026-05-30 20:14:59,3149.80135000,30
2026-05-30 20:15:00,1.19400000,1.19700000,1.19400000,1.19600000,1452.30000000,2026-05-30 20:19:59,1736.05179000,19
2026-05-30 20:20:00,1.19500000,1.19500000,1.19400000,1.19400000,823.36000000,2026-05-30 20:24:59,983.55674000,15
2026-05-30 20:25:00,1.19400000,1.19400000,1.19400000,1.19400000,599.68000000,2026-05-30 20:29:59,716.01792000,6
2026-05-30 20:30:00,1.19300000,1.19300000,1.19000000,1.19100000,21834.96000000,2026-05-30 20:34:59,26004.20997000,93
2026-05-30 20:35:00,1.19000000,1.19200000,1.19000000,1.19000000,1567.39000000,2026-05-30 20:39:59,1866.15195000,21
2026-05-30 20:40:00,1.19000000,1.19100000,1.19000000,1.19100000,927.52000000,2026-05-30 20:44:59,1104.30826000,7
2026-05-30 20:45:00,1.19100000,1.19200000,1.19100000,1.19100000,516.48000000,2026-05-30 20:49:59,615.14887000,9
2026-05-30 20:50:00,1.19200000,1.19300000,1.19200000,1.19300000,1586.65000000,2026-05-30 20:54:59,1892.72385000,7
2026-05-30 20:55:00,1.19200000,1.19400000,1.19200000,1.19400000,480.54000000,2026-05-30 20:59:59,573.34432000,13
2026-05-30 21:00:00,1.19400000,1.21400000,1.19000000,1.21400000,94290.81000000,2026-05-30 21:04:59,113537.57385000,629
2026-05-30 21:05:00,1.21400000,1.23000000,1.20000000,1.20400000,393346.33000000,2026-05-30 21:09:59,477335.75277000,3291
2026-05-30 21:10:00,1.20400000,1.22700000,1.20100000,1.22600000,113356.19000000,2026-05-30 21:14:59,137489.72910000,1167
2026-05-30 21:15:00,1.22500000,1.25500000,1.22400000,1.24900000,98840.50000000,2026-05-30 21:19:59,122381.13507000,884
2026-05-30 21:20:00,1.24800000,1.25600000,1.24100000,1.24700000,76969.80000000,2026-05-30 21:24:59,95986.20014000,612
2026-05-30 21:25:00,1.24700000,1.25400000,1.24500000,1.24700000,41718.07000000,2026-05-30 21:29:59,52109.59178000,322
2026-05-30 21:30:00,1.24800000,1.26700000,1.24100000,1.25000000,194617.19000000,2026-05-30 21:34:59,244344.87414000,1564
2026-05-30 21:35:00,1.25000000,1.25200000,1.24300000,1.24600000,97532.86000000,2026-05-30 21:39:59,121730.16937000,850
2026-05-30 21:40:00,1.24700000,1.25300000,1.24100000,1.25100000,119451.82000000,2026-05-30 21:44:59,148867.16477000,929
2026-05-30 21:45:00,1.24900000,1.26700000,1.24600000,1.25900000,162313.80000000,2026-05-30 21:49:59,204620.01460000,1335
2026-05-30 21:50:00,1.25900000,1.26200000,1.21800000,1.22200000,91557.65000000,2026-05-30 21:54:59,113416.60690000,988
2026-05-30 21:55:00,1.22200000,1.22300000,1.21500000,1.21600000,19244.70000000,2026-05-30 21:59:59,23456.78359000,261
2026-05-30 22:00:00,1.21600000,1.22100000,1.21500000,1.21900000,10342.72000000,2026-05-30 22:04:59,12590.71376000,150
2026-05-30 22:05:00,1.22000000,1.22000000,1.21200000,1.21300000,6661.65000000,2026-05-30 22:09:59,8096.20492000,92
2026-05-30 22:10:00,1.21400000,1.21500000,1.20300000,1.20700000,43128.19000000,2026-05-30 22:14:59,52047.40125000,341
2026-05-30 22:15:00,1.20800000,1.21000000,1.20800000,1.21000000,7080.28000000,2026-05-30 22:19:59,8558.71062000,55
2026-05-30 22:20:00,1.21100000,1.21200000,1.20800000,1.21200000,8190.63000000,2026-05-30 22:24:59,9903.64995000,70
2026-05-30 22:25:00,1.21300000,1.21400000,1.20700000,1.20800000,11836.64000000,2026-05-30 22:29:59,14315.31256000,94
2026-05-30 22:30:00,1.20800000,1.21100000,1.20600000,1.20700000,11447.09000000,2026-05-30 22:34:59,13839.67576000,119
2026-05-30 22:35:00,1.20700000,1.20900000,1.20600000,1.20700000,6364.61000000,2026-05-30 22:39:59,7687.50657000,47
2026-05-30 22:40:00,1.20800000,1.20800000,1.19900000,1.20100000,14506.12000000,2026-05-30 22:44:59,17424.69475000,179
2026-05-30 22:45:00,1.20200000,1.20700000,1.20200000,1.20600000,20112.84000000,2026-05-30 22:49:59,24221.59256000,136
2026-05-30 22:50:00,1.20600000,1.20600000,1.19900000,1.20100000,6441.77000000,2026-05-30 22:54:59,7735.53572000,92
2026-05-30 22:55:00,1.20100000,1.20800000,1.20100000,1.20100000,7324.87000000,2026-05-30 22:59:59,8821.52214000,90
2026-05-30 23:00:00,1.20100000,1.20400000,1.20000000,1.20200000,19115.46000000,2026-05-30 23:04:59,22983.43465000,134
2026-05-30 23:05:00,1.20200000,1.20200000,1.19800000,1.19800000,4494.73000000,2026-05-30 23:09:59,5392.28035000,77
2026-05-30 23:10:00,1.19800000,1.19900000,1.19500000,1.19700000,9112.03000000,2026-05-30 23:14:59,10911.00686000,117
2026-05-30 23:15:00,1.19600000,1.19700000,1.19100000,1.19100000,9956.90000000,2026-05-30 23:19:59,11887.24571000,192
2026-05-30 23:20:00,1.19000000,1.19800000,1.19000000,1.19800000,6816.91000000,2026-05-30 23:24:59,8126.77093000,71
2026-05-30 23:25:00,1.19700000,1.19900000,1.19600000,1.19900000,2822.61000000,2026-05-30 23:29:59,3381.56332000,42
2026-05-30 23:30:00,1.19900000,1.19900000,1.19500000,1.19600000,14587.34000000,2026-05-30 23:34:59,17455.51245000,69
2026-05-30 23:35:00,1.19600000,1.20000000,1.19600000,1.19800000,1869.87000000,2026-05-30 23:39:59,2240.86938000,32
2026-05-30 23:40:00,1.19800000,1.20000000,1.19600000,1.19700000,2675.39000000,2026-05-30 23:44:59,3205.32434000,40
2026-05-30 23:45:00,1.19800000,1.19800000,1.19400000,1.19400000,368.19000000,2026-05-30 23:49:59,440.54911000,19
2026-05-30 23:50:00,1.19400000,1.19800000,1.19400000,1.19800000,2495.34000000,2026-05-30 23:54:59,2983.92090000,26
2026-05-30 23:55:00,1.19700000,1.20200000,1.19700000,1.20100000,4244.69000000,2026-05-30 23:59:59,5091.86630000,78
2026-05-31 00:00:00,1.20000000,1.20100000,1.19900000,1.19900000,4046.26000000,2026-05-31 00:04:59,4854.33659000,40
2026-05-31 00:05:00,1.19900000,1.20000000,1.19700000,1.19700000,10022.98000000,2026-05-31 00:09:59,12017.58673000,28
2026-05-31 00:10:00,1.19700000,1.20000000,1.19700000,1.20000000,2388.32000000,2026-05-31 00:14:59,2861.97147000,31
2026-05-31 00:15:00,1.19900000,1.20200000,1.19900000,1.20200000,1725.71000000,2026-05-31 00:19:59,2070.95268000,29
2026-05-31 00:20:00,1.20000000,1.20200000,1.19900000,1.20200000,1565.56000000,2026-05-31 00:24:59,1879.71403000,22
2026-05-31 00:25:00,1.20200000,1.20200000,1.19900000,1.20000000,3636.23000000,2026-05-31 00:29:59,4363.57825000,27
2026-05-31 00:30:00,1.20000000,1.20200000,1.20000000,1.20100000,4280.40000000,2026-05-31 00:34:59,5142.37673000,29
2026-05-31 00:35:00,1.20200000,1.20200000,1.19700000,1.19700000,6833.60000000,2026-05-31 00:39:59,8195.40780000,37
2026-05-31 00:40:00,1.19600000,1.19600000,1.19200000,1.19400000,1603.94000000,2026-05-31 00:44:59,1915.89667000,44
2026-05-31 00:45:00,1.19500000,1.19700000,1.19400000,1.19700000,596.39000000,2026-05-31 00:49:59,712.67592000,12
2026-05-31 00:50:00,1.19800000,1.19800000,1.19600000,1.19600000,1199.45000000,2026-05-31 00:54:59,1435.02363000,13
2026-05-31 00:55:00,1.19600000,1.19700000,1.19400000,1.19500000,3879.10000000,2026-05-31 00:59:59,4633.90694000,31
2026-05-31 01:00:00,1.19500000,1.19900000,1.19400000,1.19900000,4395.92000000,2026-05-31 01:04:59,5263.66643000,43
2026-05-31 01:05:00,1.19900000,1.19900000,1.19500000,1.19500000,862.43000000,2026-05-31 01:09:59,1032.70366000,20
2026-05-31 01:10:00,1.19500000,1.19500000,1.19300000,1.19400000,1224.52000000,2026-05-31 01:14:59,1462.59606000,35
2026-05-31 01:15:00,1.19500000,1.19500000,1.19400000,1.19400000,1022.09000000,2026-05-31 01:19:59,1220.52819000,24
2026-05-31 01:20:00,1.19400000,1.19600000,1.19400000,1.19600000,2120.49000000,2026-05-31 01:24:59,2534.49864000,15
2026-05-31 01:25:00,1.19600000,1.19700000,1.19500000,1.19500000,2763.88000000,2026-05-31 01:29:59,3307.39933000,28
2026-05-31 01:30:00,1.19700000,1.19800000,1.19600000,1.19800000,3286.65000000,2026-05-31 01:34:59,3935.96790000,33
2026-05-31 01:35:00,1.19800000,1.20000000,1.19600000,1.19900000,6303.28000000,2026-05-31 01:39:59,7546.44382000,45
2026-05-31 01:40:00,1.20000000,1.20000000,1.19800000,1.19800000,911.99000000,2026-05-31 01:44:59,1092.61209000,16
2026-05-31 01:45:00,1.19700000,1.19800000,1.19700000,1.19800000,44.76000000,2026-05-31 01:49:59,53.59809000,6
2026-05-31 01:50:00,1.20000000,1.20000000,1.19800000,1.19800000,958.16000000,2026-05-31 01:54:59,1148.81912000,23
2026-05-31 01:55:00,1.19900000,1.19900000,1.19800000,1.19800000,941.20000000,2026-05-31 01:59:59,1127.56696000,6
2026-05-31 02:00:00,1.19800000,1.19800000,1.19400000,1.19500000,348.77000000,2026-05-31 02:04:59,416.92191000,24
2026-05-31 02:05:00,1.19400000,1.19400000,1.19300000,1.19300000,2810.39000000,2026-05-31 02:09:59,3354.91618000,35
2026-05-31 02:10:00,1.19300000,1.19300000,1.19100000,1.19100000,2750.06000000,2026-05-31 02:14:59,3277.10045000,43
2026-05-31 02:15:00,1.19000000,1.19100000,1.18900000,1.18900000,8228.43000000,2026-05-31 02:19:59,9785.57499000,62
2026-05-31 02:20:00,1.18900000,1.18900000,1.18800000,1.18800000,12463.26000000,2026-05-31 02:24:59,14817.13145000,54
2026-05-31 02:25:00,1.18900000,1.19000000,1.18800000,1.18900000,14234.66000000,2026-05-31 02:29:59,16915.09082000,54
2026-05-31 02:30:00,1.18900000,1.19000000,1.18700000,1.18800000,6104.97000000,2026-05-31 02:34:59,7250.14903000,52
2026-05-31 02:35:00,1.18800000,1.18900000,1.18600000,1.18700000,2809.17000000,2026-05-31 02:39:59,3337.81492000,30
2026-05-31 02:40:00,1.18700000,1.18700000,1.18100000,1.18400000,17277.55000000,2026-05-31 02:44:59,20448.46905000,132
2026-05-31 02:45:00,1.18500000,1.18600000,1.18100000,1.18200000,15142.95000000,2026-05-31 02:49:59,17899.24193000,110
2026-05-31 02:50:00,1.18200000,1.18300000,1.18000000,1.18000000,2867.12000000,2026-05-31 02:54:59,3387.54016000,39
2026-05-31 02:55:00,1.18000000,1.18000000,1.17500000,1.17900000,20372.89000000,2026-05-31 02:59:59,23991.32165000,179
2026-05-31 03:00:00,1.17900000,1.18100000,1.17700000,1.17800000,5009.19000000,2026-05-31 03:04:59,5907.50980000,56
2026-05-31 03:05:00,1.17900000,1.18200000,1.17900000,1.18100000,2393.30000000,2026-05-31 03:09:59,2824.90590000,32
2026-05-31 03:10:00,1.18100000,1.18100000,1.17900000,1.17900000,800.63000000,2026-05-31 03:14:59,945.21217000,20
2026-05-31 03:15:00,1.18000000,1.18100000,1.18000000,1.18100000,405.51000000,2026-05-31 03:19:59,478.86466000,7
2026-05-31 03:20:00,1.18100000,1.18100000,1.18000000,1.18000000,2262.93000000,2026-05-31 03:24:59,2672.06181000,19
2026-05-31 03:25:00,1.18000000,1.18000000,1.17800000,1.17800000,7802.78000000,2026-05-31 03:29:59,9198.67160000,53
2026-05-31 03:30:00,1.17700000,1.17900000,1.17700000,1.17800000,4305.16000000,2026-05-31 03:34:59,5069.48243000,46
2026-05-31 03:35:00,1.17700000,1.17700000,1.17600000,1.17700000,3871.97000000,2026-05-31 03:39:59,4554.74538000,29
2026-05-31 03:40:00,1.17700000,1.17800000,1.17700000,1.17800000,303.59000000,2026-05-31 03:44:59,357.62002000,8
2026-05-31 03:45:00,1.17800000,1.17900000,1.17700000,1.17800000,2868.93000000,2026-05-31 03:49:59,3378.90048000,21
2026-05-31 03:50:00,1.17700000,1.17800000,1.17600000,1.17800000,1974.08000000,2026-05-31 03:54:59,2322.92918000,25
2026-05-31 03:55:00,1.17800000,1.17800000,1.17700000,1.17700000,1420.01000000,2026-05-31 03:59:59,1672.72070000,16
2026-05-31 04:00:00,1.17600000,1.17800000,1.17500000,1.17500000,3247.29000000,2026-05-31 04:04:59,3817.33338000,45
2026-05-31 04:05:00,1.17600000,1.17700000,1.17600000,1.17600000,160.85000000,2026-05-31 04:09:59,189.30777000,5
2026-05-31 04:10:00,1.17600000,1.17600000,1.17200000,1.17600000,1124.35000000,2026-05-31 04:14:59,1319.43954000,32
2026-05-31 04:15:00,1.17500000,1.17500000,1.17400000,1.17500000,421.94000000,2026-05-31 04:19:59,495.76672000,10
2026-05-31 04:20:00,1.17400000,1.17500000,1.16800000,1.16800000,16910.98000000,2026-05-31 04:24:59,19789.85314000,135
2026-05-31 04:25:00,1.16900000,1.17000000,1.16500000,1.17000000,20666.11000000,2026-05-31 04:29:59,24114.79151000,112
2026-05-31 04:30:00,1.16900000,1.17000000,1.16700000,1.16800000,3311.48000000,2026-05-31 04:34:59,3871.60928000,53
2026-05-31 04:35:00,1.16800000,1.16800000,1.16700000,1.16700000,2391.77000000,2026-05-31 04:39:59,2791.68440000,26
2026-05-31 04:40:00,1.16700000,1.17100000,1.16700000,1.17000000,10395.02000000,2026-05-31 04:44:59,12149.94669000,80
2026-05-31 04:45:00,1.16900000,1.17000000,1.16800000,1.16800000,2936.84000000,2026-05-31 04:49:59,3435.04438000,48
2026-05-31 04:50:00,1.16800000,1.16900000,1.16500000,1.16600000,3435.54000000,2026-05-31 04:54:59,4003.43183000,35
2026-05-31 04:55:00,1.16600000,1.16900000,1.16500000,1.16500000,3510.15000000,2026-05-31 04:59:59,4096.58254000,46
2026-05-31 05:00:00,1.16500000,1.16900000,1.16500000,1.16700000,4840.40000000,2026-05-31 05:04:59,5647.46053000,55
2026-05-31 05:05:00,1.16800000,1.16800000,1.16500000,1.16600000,6542.24000000,2026-05-31 05:09:59,7627.92609000,42
2026-05-31 05:10:00,1.16500000,1.16700000,1.16400000,1.16600000,5559.94000000,2026-05-31 05:14:59,6476.76987000,26
2026-05-31 05:15:00,1.16600000,1.16900000,1.16500000,1.16900000,2181.61000000,2026-05-31 05:19:59,2545.44823000,25
2026-05-31 05:20:00,1.16900000,1.17300000,1.16900000,1.17300000,4701.86000000,2026-05-31 05:24:59,5508.78321000,45
2026-05-31 05:25:00,1.17200000,1.17200000,1.16900000,1.17000000,1072.73000000,2026-05-31 05:29:59,1255.70943000,21
2026-05-31 05:30:00,1.17100000,1.17100000,1.17000000,1.17000000,139.43000000,2026-05-31 05:34:59,163.16734000,4
2026-05-31 05:35:00,1.17100000,1.17300000,1.17100000,1.17200000,1584.82000000,2026-05-31 05:39:59,1857.17724000,20
2026-05-31 05:40:00,1.17200000,1.17200000,1.17100000,1.17200000,1006.64000000,2026-05-31 05:44:59,1179.75701000,12
2026-05-31 05:45:00,1.17300000,1.17300000,1.17000000,1.17000000,1995.82000000,2026-05-31 05:49:59,2339.14781000,14
2026-05-31 05:50:00,1.16900000,1.17100000,1.16800000,1.17000000,3231.86000000,2026-05-31 05:54:59,3780.60528000,49
2026-05-31 05:55:00,1.17000000,1.17200000,1.17000000,1.17100000,13965.13000000,2026-05-31 05:59:59,16354.41307000,35
2026-05-31 06:00:00,1.17100000,1.17200000,1.17100000,1.17200000,1994.15000000,2026-05-31 06:04:59,2337.08066000,23
2026-05-31 06:05:00,1.17200000,1.17300000,1.17100000,1.17300000,5834.15000000,2026-05-31 06:09:59,6842.81705000,29
2026-05-31 06:10:00,1.17200000,1.17300000,1.17100000,1.17200000,3160.26000000,2026-05-31 06:14:59,3703.62796000,32
2026-05-31 06:15:00,1.17100000,1.17400000,1.17100000,1.17400000,2650.11000000,2026-05-31 06:19:59,3108.70212000,25
2026-05-31 06:20:00,1.17400000,1.17400000,1.17100000,1.17100000,1960.40000000,2026-05-31 06:24:59,2298.43885000,33
2026-05-31 06:25:00,1.17200000,1.17500000,1.17200000,1.17400000,3878.25000000,2026-05-31 06:29:59,4552.30663000,48
2026-05-31 06:30:00,1.17400000,1.17700000,1.17400000,1.17600000,1428.81000000,2026-05-31 06:34:59,1679.36212000,20
2026-05-31 06:35:00,1.17600000,1.17700000,1.17600000,1.17700000,1464.64000000,2026-05-31 06:39:59,1722.45864000,14
2026-05-31 06:40:00,1.17700000,1.17900000,1.17500000,1.17500000,8179.46000000,2026-05-31 06:44:59,9614.49125000,53
2026-05-31 06:45:00,1.17500000,1.17700000,1.17300000,1.17400000,2164.09000000,2026-05-31 06:49:59,2542.89883000,38
2026-05-31 06:50:00,1.17400000,1.17400000,1.17000000,1.17100000,1217.15000000,2026-05-31 06:54:59,1426.71480000,21
2026-05-31 06:55:00,1.17200000,1.17200000,1.17000000,1.17000000,1580.17000000,2026-05-31 06:59:59,1849.94280000,18
2026-05-31 07:00:00,1.17000000,1.17200000,1.17000000,1.17200000,1052.22000000,2026-05-31 07:04:59,1232.50654000,17
2026-05-31 07:05:00,1.17100000,1.17400000,1.17100000,1.17400000,1681.79000000,2026-05-31 07:09:59,1970.90575000,17
2026-05-31 07:10:00,1.17300000,1.17300000,1.17100000,1.17100000,1332.18000000,2026-05-31 07:14:59,1560.71850000,19
2026-05-31 07:15:00,1.17000000,1.17000000,1.16800000,1.16900000,5336.82000000,2026-05-31 07:19:59,6235.05742000,49
2026-05-31 07:20:00,1.16800000,1.16800000,1.16400000,1.16800000,15921.41000000,2026-05-31 07:24:59,18560.74883000,120
2026-05-31 07:25:00,1.16800000,1.17200000,1.16700000,1.17200000,5890.60000000,2026-05-31 07:29:59,6889.90318000,49
2026-05-31 07:30:00,1.17200000,1.17300000,1.17200000,1.17200000,858.90000000,2026-05-31 07:34:59,1007.42672000,16
2026-05-31 07:35:00,1.17200000,1.17300000,1.17200000,1.17200000,343.63000000,2026-05-31 07:39:59,402.86649000,10
2026-05-31 07:40:00,1.17200000,1.17200000,1.17100000,1.17100000,182.04000000,2026-05-31 07:44:59,213.17395000,6
2026-05-31 07:45:00,1.17100000,1.17400000,1.17000000,1.17400000,6021.02000000,2026-05-31 07:49:59,7053.66712000,41
2026-05-31 07:50:00,1.17400000,1.17400000,1.17300000,1.17300000,1238.32000000,2026-05-31 07:54:59,1453.20823000,10
2026-05-31 07:55:00,1.17300000,1.17600000,1.17300000,1.17600000,1510.50000000,2026-05-31 07:59:59,1774.23908000,23
2026-05-31 08:00:00,1.17400000,1.17800000,1.17400000,1.17600000,1183.50000000,2026-05-31 08:04:59,1392.11575000,33
2026-05-31 08:05:00,1.17800000,1.17900000,1.17700000,1.17700000,1284.51000000,2026-05-31 08:09:59,1513.73694000,19
2026-05-31 08:10:00,1.17700000,1.17700000,1.17700000,1.17700000,1282.24000000,2026-05-31 08:14:59,1509.19648000,6
2026-05-31 08:15:00,1.17800000,1.17800000,1.17500000,1.17700000,1425.01000000,2026-05-31 08:19:59,1677.31554000,23
2026-05-31 08:20:00,1.17600000,1.17800000,1.17500000,1.17500000,1807.84000000,2026-05-31 08:24:59,2127.71706000,28
2026-05-31 08:25:00,1.17600000,1.17800000,1.17500000,1.17800000,4063.71000000,2026-05-31 08:29:59,4779.58806000,34
2026-05-31 08:30:00,1.17800000,1.18000000,1.17800000,1.17900000,11192.50000000,2026-05-31 08:34:59,13192.86304000,81
2026-05-31 08:35:00,1.18000000,1.18100000,1.18000000,1.18000000,2932.49000000,2026-05-31 08:39:59,3461.70320000,25
2026-05-31 08:40:00,1.18000000,1.18100000,1.17800000,1.17800000,3258.21000000,2026-05-31 08:44:59,3841.23914000,29
2026-05-31 08:45:00,1.17900000,1.18200000,1.17700000,1.18100000,12412.48000000,2026-05-31 08:49:59,14644.23670000,99
2026-05-31 08:50:00,1.18100000,1.18700000,1.18000000,1.18100000,37616.41000000,2026-05-31 08:54:59,44506.70149000,232
2026-05-31 08:55:00,1.18100000,1.18300000,1.18100000,1.18200000,3443.54000000,2026-05-31 08:59:59,4067.83517000,20
2026-05-31 09:00:00,1.18200000,1.18300000,1.18000000,1.18300000,8581.90000000,2026-05-31 09:04:59,10142.72284000,69
2026-05-31 09:05:00,1.18300000,1.18300000,1.18000000,1.18000000,2052.44000000,2026-05-31 09:09:59,2425.04293000,29
2026-05-31 09:10:00,1.18000000,1.18200000,1.18000000,1.18100000,6731.93000000,2026-05-31 09:14:59,7949.85990000,50
2026-05-31 09:15:00,1.18100000,1.18700000,1.18100000,1.18600000,23760.62000000,2026-05-31 09:19:59,28154.97257000,109
2026-05-31 09:20:00,1.18500000,1.18800000,1.18500000,1.18700000,14512.19000000,2026-05-31 09:24:59,17221.16984000,94
2026-05-31 09:25:00,1.18600000,1.18700000,1.18400000,1.18400000,18154.85000000,2026-05-31 09:29:59,21518.12512000,93
2026-05-31 09:30:00,1.18400000,1.18500000,1.18300000,1.18300000,2540.60000000,2026-05-31 09:34:59,3005.74654000,21
2026-05-31 09:35:00,1.18300000,1.18500000,1.18300000,1.18300000,6571.66000000,2026-05-31 09:39:59,7778.87240000,43
2026-05-31 09:40:00,1.18300000,1.18900000,1.18100000,1.18800000,17327.49000000,2026-05-31 09:44:59,20545.46814000,84
2026-05-31 09:45:00,1.18700000,1.18700000,1.18500000,1.18500000,3730.30000000,2026-05-31 09:49:59,4421.51406000,21
2026-05-31 09:50:00,1.18500000,1.18600000,1.18400000,1.18400000,12140.74000000,2026-05-31 09:54:59,14386.72950000,53
2026-05-31 09:55:00,1.18500000,1.18800000,1.18500000,1.18800000,7222.29000000,2026-05-31 09:59:59,8567.02331000,30
2026-05-31 10:00:00,1.18800000,1.18900000,1.18700000,1.18700000,2577.54000000,2026-05-31 10:04:59,3060.83144000,30
2026-05-31 10:05:00,1.18800000,1.18800000,1.18700000,1.18700000,3903.81000000,2026-05-31 10:09:59,4636.34683000,37
2026-05-31 10:10:00,1.18700000,1.18700000,1.18400000,1.18400000,2195.76000000,2026-05-31 10:14:59,2604.26930000,29
2026-05-31 10:15:00,1.18300000,1.18300000,1.18000000,1.18000000,6221.23000000,2026-05-31 10:19:59,7353.11145000,32
2026-05-31 10:20:00,1.18100000,1.18600000,1.18100000,1.18400000,22058.07000000,2026-05-31 10:24:59,26115.38582000,114
2026-05-31 10:25:00,1.18400000,1.18600000,1.18300000,1.18300000,14639.79000000,2026-05-31 10:29:59,17336.91680000,64
2026-05-31 10:30:00,1.18400000,1.18500000,1.18300000,1.18300000,5270.31000000,2026-05-31 10:34:59,6239.66848000,39
2026-05-31 10:35:00,1.18200000,1.18300000,1.18100000,1.18100000,2281.85000000,2026-05-31 10:39:59,2696.23194000,37
2026-05-31 10:40:00,1.18000000,1.18000000,1.17900000,1.18000000,1893.73000000,2026-05-31 10:44:59,2233.18450000,28
2026-05-31 10:45:00,1.17900000,1.18000000,1.17800000,1.17900000,3771.35000000,2026-05-31 10:49:59,4445.19664000,36
2026-05-31 10:50:00,1.17900000,1.18000000,1.17700000,1.17900000,3261.52000000,2026-05-31 10:54:59,3844.37413000,43
2026-05-31 10:55:00,1.17700000,1.17700000,1.17400000,1.17500000,11178.01000000,2026-05-31 10:59:59,13139.15562000,57
2026-05-31 11:00:00,1.17400000,1.17400000,1.17100000,1.17300000,13342.69000000,2026-05-31 11:04:59,15644.75032000,77
2026-05-31 11:05:00,1.17300000,1.17500000,1.17300000,1.17500000,1393.82000000,2026-05-31 11:09:59,1637.00027000,15
2026-05-31 11:10:00,1.17500000,1.17500000,1.17000000,1.17000000,1493.19000000,2026-05-31 11:14:59,1749.49764000,29
2026-05-31 11:15:00,1.17000000,1.17300000,1.16000000,1.16300000,50038.70000000,2026-05-31 11:19:59,58350.69861000,358
2026-05-31 11:20:00,1.16200000,1.16200000,1.15900000,1.16000000,11124.79000000,2026-05-31 11:24:59,12913.89441000,102
2026-05-31 11:25:00,1.16000000,1.16100000,1.15400000,1.15800000,18938.15000000,2026-05-31 11:29:59,21883.22400000,163
2026-05-31 11:30:00,1.15700000,1.16200000,1.15700000,1.16200000,2872.58000000,2026-05-31 11:34:59,3336.76843000,29
2026-05-31 11:35:00,1.16200000,1.16300000,1.16100000,1.16300000,22298.15000000,2026-05-31 11:39:59,25891.58581000,62
2026-05-31 11:40:00,1.16200000,1.16200000,1.15900000,1.15900000,1914.09000000,2026-05-31 11:44:59,2221.25692000,20
2026-05-31 11:45:00,1.16000000,1.16100000,1.15900000,1.15900000,2027.11000000,2026-05-31 11:49:59,2351.74473000,21
2026-05-31 11:50:00,1.15900000,1.16000000,1.15800000,1.16000000,5087.77000000,2026-05-31 11:54:59,5900.38751000,42
2026-05-31 11:55:00,1.16000000,1.16000000,1.15500000,1.15600000,3497.86000000,2026-05-31 11:59:59,4044.56424000,41
2026-05-31 12:00:00,1.15600000,1.15800000,1.15500000,1.15700000,1385.39000000,2026-05-31 12:04:59,1603.08621000,22
2026-05-31 12:05:00,1.15800000,1.16000000,1.15600000,1.16000000,13347.16000000,2026-05-31 12:09:59,15464.41717000,73
2026-05-31 12:10:00,1.15900000,1.16200000,1.15900000,1.16200000,2943.04000000,2026-05-31 12:14:59,3415.62910000,33
2026-05-31 12:15:00,1.16100000,1.16200000,1.16100000,1.16100000,2265.66000000,2026-05-31 12:19:59,2631.60345000,20
2026-05-31 12:20:00,1.16200000,1.16600000,1.16200000,1.16600000,19587.61000000,2026-05-31 12:24:59,22829.55925000,59
2026-05-31 12:25:00,1.16600000,1.16600000,1.16500000,1.16500000,3906.47000000,2026-05-31 12:29:59,4554.32050000,25
2026-05-31 12:30:00,1.16500000,1.16700000,1.16400000,1.16700000,7791.15000000,2026-05-31 12:34:59,9080.69336000,60
2026-05-31 12:35:00,1.16600000,1.16700000,1.16600000,1.16600000,3782.72000000,2026-05-31 12:39:59,4410.65652000,23
2026-05-31 12:40:00,1.16500000,1.16500000,1.16200000,1.16200000,2091.86000000,2026-05-31 12:44:59,2432.68894000,23
2026-05-31 12:45:00,1.16200000,1.16200000,1.16100000,1.16100000,4007.59000000,2026-05-31 12:49:59,4653.82569000,18
2026-05-31 12:50:00,1.16100000,1.16200000,1.16000000,1.16100000,3455.85000000,2026-05-31 12:54:59,4009.48224000,18
2026-05-31 12:55:00,1.16100000,1.16100000,1.15800000,1.15900000,1675.34000000,2026-05-31 12:59:59,1942.39849000,23
2026-05-31 13:00:00,1.15900000,1.16200000,1.15900000,1.16200000,2851.40000000,2026-05-31 13:04:59,3310.29734000,28
2026-05-31 13:05:00,1.16200000,1.16200000,1.16100000,1.16100000,8321.92000000,2026-05-31 13:09:59,9662.42737000,43
2026-05-31 13:10:00,1.16100000,1.16100000,1.15800000,1.15900000,4818.47000000,2026-05-31 13:14:59,5581.22150000,22
2026-05-31 13:15:00,1.15900000,1.15900000,1.15900000,1.15900000,1389.05000000,2026-05-31 13:19:59,1609.90895000,13
2026-05-31 13:20:00,1.15900000,1.16000000,1.15400000,1.15600000,6257.75000000,2026-05-31 13:24:59,7241.43286000,40
2026-05-31 13:25:00,1.15500000,1.15600000,1.15300000,1.15600000,19743.84000000,2026-05-31 13:29:59,22770.00255000,47
2026-05-31 13:30:00,1.15600000,1.15700000,1.14700000,1.14900000,31758.27000000,2026-05-31 13:34:59,36529.75099000,223
2026-05-31 13:35:00,1.14900000,1.15100000,1.14800000,1.15000000,1151.53000000,2026-05-31 13:39:59,1323.16177000,19
2026-05-31 13:40:00,1.15100000,1.15200000,1.15100000,1.15100000,646.33000000,2026-05-31 13:44:59,744.32793000,10
2026-05-31 13:45:00,1.15000000,1.15000000,1.14900000,1.14900000,23396.08000000,2026-05-31 13:49:59,26903.15014000,67
2026-05-31 13:50:00,1.15000000,1.15100000,1.15000000,1.15100000,1043.90000000,2026-05-31 13:54:59,1200.78417000,9
2026-05-31 13:55:00,1.15100000,1.15300000,1.15100000,1.15300000,1698.46000000,2026-05-31 13:59:59,1956.44281000,16
2026-05-31 14:00:00,1.15400000,1.15600000,1.15400000,1.15500000,3242.83000000,2026-05-31 14:04:59,3745.76213000,35
2026-05-31 14:05:00,1.15500000,1.15500000,1.15400000,1.15400000,1651.36000000,2026-05-31 14:09:59,1907.15083000,13
2026-05-31 14:10:00,1.15300000,1.15400000,1.15200000,1.15400000,897.43000000,2026-05-31 14:14:59,1034.75106000,16
2026-05-31 14:15:00,1.15400000,1.15500000,1.15400000,1.15400000,676.12000000,2026-05-31 14:19:59,780.45722000,9
2026-05-31 14:20:00,1.15400000,1.15500000,1.15400000,1.15500000,196.37000000,2026-05-31 14:24:59,226.79910000,6
2026-05-31 14:25:00,1.15600000,1.15800000,1.15600000,1.15800000,614.89000000,2026-05-31 14:29:59,711.20936000,13
2026-05-31 14:30:00,1.15800000,1.15800000,1.15600000,1.15600000,467.27000000,2026-05-31 14:34:59,541.07123000,10
2026-05-31 14:35:00,1.15600000,1.15800000,1.15600000,1.15800000,1366.18000000,2026-05-31 14:39:59,1581.18482000,17
2026-05-31 14:40:00,1.15800000,1.15800000,1.15600000,1.15600000,2598.82000000,2026-05-31 14:44:59,3005.51945000,21
2026-05-31 14:45:00,1.15700000,1.15900000,1.15700000,1.15800000,1287.09000000,2026-05-31 14:49:59,1491.24869000,19
2026-05-31 14:50:00,1.15800000,1.15800000,1.15600000,1.15700000,123.70000000,2026-05-31 14:54:59,143.14347000,6
2026-05-31 14:55:00,1.15700000,1.15700000,1.15500000,1.15500000,1748.98000000,2026-05-31 14:59:59,2020.49588000,18
2026-05-31 15:00:00,1.15600000,1.15600000,1.15500000,1.15600000,2689.48000000,2026-05-31 15:04:59,3107.19163000,25
2026-05-31 15:05:00,1.15600000,1.15700000,1.15600000,1.15700000,808.01000000,2026-05-31 15:09:59,934.27484000,15
2026-05-31 15:10:00,1.15700000,1.15700000,1.15700000,1.15700000,648.70000000,2026-05-31 15:14:59,750.54590000,8
2026-05-31 15:15:00,1.15500000,1.15600000,1.15400000,1.15400000,470.88000000,2026-05-31 15:19:59,543.67243000,13
2026-05-31 15:20:00,1.15400000,1.15500000,1.15300000,1.15400000,553.33000000,2026-05-31 15:24:59,638.53815000,10
2026-05-31 15:25:00,1.15300000,1.15300000,1.15200000,1.15200000,626.44000000,2026-05-31 15:29:59,721.95554000,10
2026-05-31 15:30:00,1.15300000,1.15600000,1.15100000,1.15300000,4710.09000000,2026-05-31 15:34:59,5432.15636000,48
2026-05-31 15:35:00,1.15300000,1.15300000,1.15200000,1.15200000,811.53000000,2026-05-31 15:39:59,935.43322000,5
2026-05-31 15:40:00,1.15300000,1.15400000,1.15300000,1.15300000,2146.76000000,2026-05-31 15:44:59,2475.49974000,22
2026-05-31 15:45:00,1.15300000,1.15400000,1.15300000,1.15400000,294.90000000,2026-05-31 15:49:59,340.30625000,5
2026-05-31 15:50:00,1.15400000,1.15400000,1.15400000,1.15400000,59.32000000,2026-05-31 15:54:59,68.45528000,1
2026-05-31 15:55:00,1.15400000,1.15700000,1.15400000,1.15700000,979.48000000,2026-05-31 15:59:59,1132.57903000,13
2026-05-31 16:00:00,1.15600000,1.15800000,1.15600000,1.15600000,5017.32000000,2026-05-31 16:04:59,5806.69902000,38
2026-05-31 16:05:00,1.15500000,1.15500000,1.15500000,1.15500000,578.43000000,2026-05-31 16:09:59,668.08665000,5
2026-05-31 16:10:00,1.15500000,1.15500000,1.15300000,1.15300000,6705.95000000,2026-05-31 16:14:59,7735.76678000,37
2026-05-31 16:15:00,1.15300000,1.15400000,1.15300000,1.15400000,240.72000000,2026-05-31 16:19:59,277.77330000,6
2026-05-31 16:20:00,1.15400000,1.15400000,1.15300000,1.15300000,1582.56000000,2026-05-31 16:24:59,1826.26523000,9
2026-05-31 16:25:00,1.15200000,1.15300000,1.15100000,1.15300000,1371.48000000,2026-05-31 16:29:59,1579.13885000,20
2026-05-31 16:30:00,1.15400000,1.15400000,1.15100000,1.15100000,2073.89000000,2026-05-31 16:34:59,2391.48943000,28
2026-05-31 16:35:00,1.15200000,1.15200000,1.15000000,1.15200000,1596.72000000,2026-05-31 16:39:59,1838.24115000,20
2026-05-31 16:40:00,1.15200000,1.15500000,1.15200000,1.15400000,973.32000000,2026-05-31 16:44:59,1123.13965000,15
2026-05-31 16:45:00,1.15300000,1.15300000,1.15300000,1.15300000,1415.42000000,2026-05-31 16:49:59,1631.97926000,16
2026-05-31 16:50:00,1.15300000,1.15400000,1.15300000,1.15400000,5496.27000000,2026-05-31 16:54:59,6342.46658000,24
2026-05-31 16:55:00,1.15400000,1.15400000,1.15400000,1.15400000,177.34000000,2026-05-31 16:59:59,204.65036000,2
2026-05-31 17:00:00,1.15400000,1.15700000,1.15400000,1.15600000,720.19000000,2026-05-31 17:04:59,832.45729000,15
2026-05-31 17:05:00,1.15600000,1.15900000,1.15600000,1.15800000,6031.45000000,2026-05-31 17:09:59,6980.87401000,51
2026-05-31 17:10:00,1.15800000,1.15800000,1.15700000,1.15700000,1985.20000000,2026-05-31 17:14:59,2297.42686000,17
2026-05-31 17:15:00,1.15700000,1.15900000,1.15700000,1.15900000,570.39000000,2026-05-31 17:19:59,660.59153000,13
2026-05-31 17:20:00,1.16000000,1.16200000,1.16000000,1.16100000,1153.03000000,2026-05-31 17:24:59,1338.32229000,23
2026-05-31 17:25:00,1.16000000,1.16100000,1.16000000,1.16000000,2633.97000000,2026-05-31 17:29:59,3056.33785000,16
2026-05-31 17:30:00,1.16100000,1.16100000,1.16100000,1.16100000,1705.06000000,2026-05-31 17:34:59,1979.57466000,7
2026-05-31 17:35:00,1.16100000,1.16100000,1.16000000,1.16100000,110.17000000,2026-05-31 17:39:59,127.87756000,6
2026-05-31 17:40:00,1.16000000,1.16200000,1.16000000,1.16100000,8782.35000000,2026-05-31 17:44:59,10201.14004000,42
2026-05-31 17:45:00,1.16200000,1.16300000,1.16100000,1.16100000,1100.14000000,2026-05-31 17:49:59,1279.16941000,10
2026-05-31 17:50:00,1.16100000,1.16100000,1.16000000,1.16100000,805.68000000,2026-05-31 17:54:59,934.95706000,9
2026-05-31 17:55:00,1.16100000,1.16200000,1.16100000,1.16200000,2381.24000000,2026-05-31 17:59:59,2765.49091000,15
2026-05-31 18:00:00,1.16200000,1.16200000,1.16200000,1.16200000,1756.64000000,2026-05-31 18:04:59,2041.21568000,19
2026-05-31 18:05:00,1.16300000,1.16500000,1.16300000,1.16500000,406.90000000,2026-05-31 18:09:59,473.67473000,11
2026-05-31 18:10:00,1.16500000,1.16500000,1.16300000,1.16500000,6684.72000000,2026-05-31 18:14:59,7786.77127000,49
2026-05-31 18:15:00,1.16400000,1.16800000,1.16400000,1.16600000,5288.12000000,2026-05-31 18:19:59,6170.95279000,43
2026-05-31 18:20:00,1.16600000,1.16800000,1.16600000,1.16800000,1208.82000000,2026-05-31 18:24:59,1409.55615000,17
2026-05-31 18:25:00,1.16700000,1.16700000,1.16500000,1.16500000,453.19000000,2026-05-31 18:29:59,528.40932000,10
2026-05-31 18:30:00,1.16600000,1.16800000,1.16600000,1.16800000,1098.50000000,2026-05-31 18:34:59,1282.21844000,23
2026-05-31 18:35:00,1.16800000,1.17000000,1.16800000,1.17000000,1884.82000000,2026-05-31 18:39:59,2203.52144000,25
2026-05-31 18:40:00,1.17100000,1.17200000,1.17000000,1.17000000,2683.92000000,2026-05-31 18:44:59,3141.65992000,21
2026-05-31 18:45:00,1.17100000,1.17500000,1.17000000,1.17400000,4039.83000000,2026-05-31 18:49:59,4736.54067000,30
2026-05-31 18:50:00,1.17500000,1.17600000,1.17300000,1.17300000,2595.68000000,2026-05-31 18:54:59,3048.16891000,25
2026-05-31 18:55:00,1.17300000,1.17300000,1.17100000,1.17300000,2880.53000000,2026-05-31 18:59:59,3378.11008000,26
2026-05-31 19:00:00,1.17400000,1.17700000,1.17000000,1.17000000,7708.18000000,2026-05-31 19:04:59,9042.79843000,59
2026-05-31 19:05:00,1.17100000,1.17500000,1.17000000,1.17500000,1582.87000000,2026-05-31 19:09:59,1855.70475000,40
2026-05-31 19:10:00,1.17500000,1.17700000,1.17400000,1.17600000,4436.58000000,2026-05-31 19:14:59,5217.46486000,73
2026-05-31 19:15:00,1.17600000,1.17800000,1.17500000,1.17600000,4092.28000000,2026-05-31 19:19:59,4811.73405000,43
2026-05-31 19:20:00,1.17600000,1.17700000,1.17500000,1.17600000,5953.02000000,2026-05-31 19:24:59,6996.69572000,37
2026-05-31 19:25:00,1.17600000,1.17800000,1.17600000,1.17800000,2612.91000000,2026-05-31 19:29:59,3075.57522000,45
2026-05-31 19:30:00,1.17800000,1.18100000,1.17700000,1.18100000,3528.21000000,2026-05-31 19:34:59,4160.24928000,44
2026-05-31 19:35:00,1.18100000,1.18200000,1.18000000,1.18000000,3869.10000000,2026-05-31 19:39:59,4569.41059000,40
2026-05-31 19:40:00,1.17900000,1.18100000,1.17900000,1.18100000,1176.82000000,2026-05-31 19:44:59,1388.67310000,17
2026-05-31 19:45:00,1.18100000,1.18600000,1.18100000,1.18600000,8987.06000000,2026-05-31 19:49:59,10644.39541000,74
2026-05-31 19:50:00,1.18600000,1.18600000,1.18400000,1.18400000,6024.25000000,2026-05-31 19:54:59,7137.79022000,33
2026-05-31 19:55:00,1.18400000,1.18500000,1.18300000,1.18400000,7453.67000000,2026-05-31 19:59:59,8824.57090000,47
2026-05-31 20:00:00,1.18500000,1.19000000,1.18500000,1.18900000,9169.94000000,2026-05-31 20:04:59,10898.56402000,62
2026-05-31 20:05:00,1.18800000,1.18800000,1.18300000,1.18300000,6409.09000000,2026-05-31 20:09:59,7601.08922000,51
2026-05-31 20:10:00,1.18300000,1.18400000,1.18200000,1.18300000,4777.63000000,2026-05-31 20:14:59,5650.37735000,31
2026-05-31 20:15:00,1.18300000,1.18900000,1.18300000,1.18600000,7084.57000000,2026-05-31 20:19:59,8411.66057000,54
2026-05-31 20:20:00,1.18500000,1.18500000,1.18000000,1.18000000,3364.03000000,2026-05-31 20:24:59,3978.03091000,38
2026-05-31 20:25:00,1.18000000,1.18500000,1.18000000,1.18500000,1378.49000000,2026-05-31 20:29:59,1627.81570000,21
2026-05-31 20:30:00,1.18400000,1.18400000,1.18100000,1.18400000,5849.38000000,2026-05-31 20:34:59,6916.60048000,48
2026-05-31 20:35:00,1.18400000,1.18500000,1.18100000,1.18200000,5969.54000000,2026-05-31 20:39:59,7064.04261000,62
2026-05-31 20:40:00,1.18300000,1.18300000,1.18000000,1.18100000,3053.54000000,2026-05-31 20:44:59,3606.86149000,31
2026-05-31 20:45:00,1.18200000,1.18200000,1.18000000,1.18200000,2069.97000000,2026-05-31 20:49:59,2445.62992000,24
2026-05-31 20:50:00,1.18300000,1.18700000,1.18300000,1.18600000,1984.10000000,2026-05-31 20:54:59,2352.91285000,30
2026-05-31 20:55:00,1.18600000,1.18700000,1.18600000,1.18600000,2323.32000000,2026-05-31 20:59:59,2756.09774000,22
2026-05-31 21:00:00,1.18500000,1.18800000,1.18300000,1.18700000,9092.12000000,2026-05-31 21:04:59,10778.15467000,70
2026-05-31 21:05:00,1.18700000,1.18800000,1.18400000,1.18400000,11312.31000000,2026-05-31 21:09:59,13420.01128000,68
2026-05-31 21:10:00,1.18500000,1.18800000,1.18400000,1.18700000,3896.71000000,2026-05-31 21:14:59,4618.93340000,46
2026-05-31 21:15:00,1.18700000,1.18700000,1.17800000,1.17800000,6324.16000000,2026-05-31 21:19:59,7477.50042000,58
2026-05-31 21:20:00,1.17900000,1.18000000,1.17800000,1.17900000,11002.43000000,2026-05-31 21:24:59,12973.66277000,60
2026-05-31 21:25:00,1.18000000,1.18400000,1.18000000,1.18400000,1316.10000000,2026-05-31 21:29:59,1557.99820000,14
2026-05-31 21:30:00,1.18500000,1.18700000,1.18400000,1.18500000,5291.39000000,2026-05-31 21:34:59,6274.77303000,67
2026-05-31 21:35:00,1.18600000,1.18600000,1.18400000,1.18400000,3249.57000000,2026-05-31 21:39:59,3851.22134000,34
2026-05-31 21:40:00,1.18400000,1.18600000,1.18400000,1.18500000,6149.23000000,2026-05-31 21:44:59,7289.03949000,46
2026-05-31 21:45:00,1.18500000,1.19000000,1.18500000,1.18600000,6377.53000000,2026-05-31 21:49:59,7572.58461000,56
2026-05-31 21:50:00,1.18700000,1.18800000,1.18600000,1.18800000,5253.84000000,2026-05-31 21:54:59,6237.33604000,60
2026-05-31 21:55:00,1.18800000,1.18800000,1.18700000,1.18800000,3760.96000000,2026-05-31 21:59:59,4467.78434000,38
2026-05-31 22:00:00,1.18800000,1.18800000,1.18300000,1.18700000,21191.70000000,2026-05-31 22:04:59,25143.63774000,138
2026-05-31 22:05:00,1.18700000,1.18900000,1.18700000,1.18700000,5985.93000000,2026-05-31 22:09:59,7112.85750000,71
2026-05-31 22:10:00,1.18600000,1.18600000,1.18100000,1.18100000,7761.40000000,2026-05-31 22:14:59,9196.11578000,46
2026-05-31 22:15:00,1.18100000,1.18600000,1.18100000,1.18400000,5618.01000000,2026-05-31 22:19:59,6647.44658000,42
2026-05-31 22:20:00,1.18500000,1.18600000,1.18200000,1.18500000,2814.26000000,2026-05-31 22:24:59,3329.75310000,26
2026-05-31 22:25:00,1.18500000,1.18600000,1.18400000,1.18400000,1191.55000000,2026-05-31 22:29:59,1412.76564000,13
2026-05-31 22:30:00,1.18400000,1.18700000,1.18200000,1.18600000,11449.24000000,2026-05-31 22:34:59,13563.38399000,96
2026-05-31 22:35:00,1.18700000,1.18700000,1.18200000,1.18200000,4293.54000000,2026-05-31 22:39:59,5080.74206000,29
2026-05-31 22:40:00,1.18100000,1.18300000,1.17500000,1.17700000,7038.84000000,2026-05-31 22:44:59,8298.78957000,53
2026-05-31 22:45:00,1.17700000,1.18400000,1.17700000,1.18300000,17783.81000000,2026-05-31 22:49:59,20981.61164000,145
2026-05-31 22:50:00,1.18200000,1.18400000,1.18000000,1.18100000,10136.70000000,2026-05-31 22:54:59,11978.89704000,64
2026-05-31 22:55:00,1.18000000,1.18000000,1.17400000,1.17400000,8161.43000000,2026-05-31 22:59:59,9608.19706000,66
2026-05-31 23:00:00,1.17400000,1.17600000,1.17300000,1.17600000,4125.33000000,2026-05-31 23:04:59,4843.13956000,34
2026-05-31 23:05:00,1.17600000,1.18000000,1.17500000,1.18000000,3002.89000000,2026-05-31 23:09:59,3536.51172000,35
2026-05-31 23:10:00,1.18000000,1.18300000,1.17900000,1.18100000,9831.65000000,2026-05-31 23:14:59,11613.88119000,72
2026-05-31 23:15:00,1.18000000,1.18100000,1.17800000,1.17800000,935.24000000,2026-05-31 23:19:59,1103.65492000,14
2026-05-31 23:20:00,1.17900000,1.18200000,1.17900000,1.18100000,7737.96000000,2026-05-31 23:24:59,9135.63228000,62
2026-05-31 23:25:00,1.18200000,1.18600000,1.18100000,1.18500000,8517.95000000,2026-05-31 23:29:59,10074.33363000,71
2026-05-31 23:30:00,1.18500000,1.18600000,1.18000000,1.18100000,5920.65000000,2026-05-31 23:34:59,6998.32899000,43
2026-05-31 23:35:00,1.18200000,1.18400000,1.18100000,1.18400000,2620.06000000,2026-05-31 23:39:59,3099.04045000,24
2026-05-31 23:40:00,1.18400000,1.19400000,1.18400000,1.19200000,13423.65000000,2026-05-31 23:44:59,15989.62959000,122
2026-05-31 23:45:00,1.19200000,1.19400000,1.19200000,1.19300000,4654.61000000,2026-05-31 23:49:59,5552.89994000,23
2026-05-31 23:50:00,1.19300000,1.19500000,1.19200000,1.19400000,2719.74000000,2026-05-31 23:54:59,3245.98091000,33
2026-05-31 23:55:00,1.19300000,1.19500000,1.19300000,1.19400000,1140.22000000,2026-05-31 23:59:59,1361.38232000,16
2026-06-01 00:00:00,1.19400000,1.19600000,1.19400000,1.19600000,6880.02000000,2026-06-01 00:04:59,8222.54290000,48
2026-06-01 00:05:00,1.19700000,1.19700000,1.19600000,1.19700000,6994.86000000,2026-06-01 00:09:59,8372.83209000,35
2026-06-01 00:10:00,1.19700000,1.19800000,1.19500000,1.19500000,6273.43000000,2026-06-01 00:14:59,7506.64975000,65
2026-06-01 00:15:00,1.19400000,1.19900000,1.19400000,1.19900000,9877.19000000,2026-06-01 00:19:59,11826.09933000,110
2026-06-01 00:20:00,1.19900000,1.20800000,1.19900000,1.20800000,15530.84000000,2026-06-01 00:24:59,18680.56618000,155
2026-06-01 00:25:00,1.20600000,1.20800000,1.20300000,1.20500000,16371.59000000,2026-06-01 00:29:59,19743.92220000,98
2026-06-01 00:30:00,1.20600000,1.20600000,1.20000000,1.20200000,31703.89000000,2026-06-01 00:34:59,38113.03985000,126
2026-06-01 00:35:00,1.20200000,1.20300000,1.19900000,1.19900000,16193.86000000,2026-06-01 00:39:59,19451.31897000,154
2026-06-01 00:40:00,1.19900000,1.20100000,1.19800000,1.19900000,1335.45000000,2026-06-01 00:44:59,1601.23026000,23
2026-06-01 00:45:00,1.20000000,1.20100000,1.20000000,1.20100000,12523.95000000,2026-06-01 00:49:59,15040.05937000,72
2026-06-01 00:50:00,1.20200000,1.20400000,1.20100000,1.20100000,6033.23000000,2026-06-01 00:54:59,7251.85223000,55
2026-06-01 00:55:00,1.20000000,1.20300000,1.19800000,1.20300000,9625.31000000,2026-06-01 00:59:59,11546.63186000,87
2026-06-01 01:00:00,1.20100000,1.20700000,1.19800000,1.20300000,16020.82000000,2026-06-01 01:04:59,19266.90135000,131
2026-06-01 01:05:00,1.20200000,1.20200000,1.19700000,1.19800000,713.74000000,2026-06-01 01:09:59,855.90452000,18
2026-06-01 01:10:00,1.19800000,1.19800000,1.19600000,1.19800000,2442.78000000,2026-06-01 01:14:59,2924.14298000,24
2026-06-01 01:15:00,1.19900000,1.19900000,1.19500000,1.19500000,6567.55000000,2026-06-01 01:19:59,7851.09322000,45
2026-06-01 01:20:00,1.19600000,1.19700000,1.18900000,1.19100000,13772.39000000,2026-06-01 01:24:59,16410.28309000,92
2026-06-01 01:25:00,1.19000000,1.19400000,1.19000000,1.19300000,14977.93000000,2026-06-01 01:29:59,17845.48674000,110
2026-06-01 01:30:00,1.19100000,1.19500000,1.19100000,1.19500000,10761.12000000,2026-06-01 01:34:59,12844.77692000,84
2026-06-01 01:35:00,1.19500000,1.19900000,1.19500000,1.19600000,12059.15000000,2026-06-01 01:39:59,14424.98605000,72
2026-06-01 01:40:00,1.19500000,1.19500000,1.19300000,1.19300000,80.78000000,2026-06-01 01:44:59,96.51861000,4
2026-06-01 01:45:00,1.19200000,1.19300000,1.18400000,1.18600000,12798.89000000,2026-06-01 01:49:59,15203.62161000,94
2026-06-01 01:50:00,1.18600000,1.18700000,1.18200000,1.18700000,7383.68000000,2026-06-01 01:54:59,8738.30399000,63
2026-06-01 01:55:00,1.18700000,1.19000000,1.18700000,1.19000000,7752.04000000,2026-06-01 01:59:59,9204.76076000,57
2026-06-01 02:00:00,1.18900000,1.18900000,1.18500000,1.18600000,12001.65000000,2026-06-01 02:04:59,14239.62214000,75
2026-06-01 02:05:00,1.18600000,1.18600000,1.18200000,1.18200000,1657.42000000,2026-06-01 02:09:59,1963.57931000,35
2026-06-01 02:10:00,1.18200000,1.18400000,1.18000000,1.18400000,3006.15000000,2026-06-01 02:14:59,3551.04109000,30
2026-06-01 02:15:00,1.18300000,1.18300000,1.18000000,1.18100000,4247.26000000,2026-06-01 02:19:59,5016.06853000,30
2026-06-01 02:20:00,1.18100000,1.18400000,1.18100000,1.18100000,3928.80000000,2026-06-01 02:24:59,4649.49597000,51
2026-06-01 02:25:00,1.18000000,1.18000000,1.17600000,1.17700000,4639.28000000,2026-06-01 02:29:59,5463.74400000,57
2026-06-01 02:30:00,1.17700000,1.17900000,1.17700000,1.17700000,3043.77000000,2026-06-01 02:34:59,3585.68393000,35
2026-06-01 02:35:00,1.17600000,1.17600000,1.17000000,1.17500000,38658.14000000,2026-06-01 02:39:59,45270.22854000,165
2026-06-01 02:40:00,1.17500000,1.17800000,1.17500000,1.17800000,11365.53000000,2026-06-01 02:44:59,13377.50282000,85
2026-06-01 02:45:00,1.17800000,1.18400000,1.17800000,1.18400000,11082.14000000,2026-06-01 02:49:59,13090.12563000,112
2026-06-01 02:50:00,1.18200000,1.18300000,1.18000000,1.18000000,3371.17000000,2026-06-01 02:54:59,3984.14734000,41
2026-06-01 02:55:00,1.17900000,1.17900000,1.17500000,1.17600000,3718.60000000,2026-06-01 02:59:59,4374.37370000,45
2026-06-01 03:00:00,1.17600000,1.17900000,1.17300000,1.17400000,19592.31000000,2026-06-01 03:04:59,23036.29837000,98
2026-06-01 03:05:00,1.17300000,1.17500000,1.17000000,1.17200000,9665.42000000,2026-06-01 03:09:59,11330.56238000,63
2026-06-01 03:10:00,1.17200000,1.17600000,1.17200000,1.17400000,6799.68000000,2026-06-01 03:14:59,7982.18235000,69
2026-06-01 03:15:00,1.17600000,1.17900000,1.17600000,1.17600000,5137.38000000,2026-06-01 03:19:59,6043.72019000,54
2026-06-01 03:20:00,1.17500000,1.17600000,1.17200000,1.17300000,3072.56000000,2026-06-01 03:24:59,3608.26942000,32
2026-06-01 03:25:00,1.17200000,1.17300000,1.17000000,1.17100000,36697.52000000,2026-06-01 03:29:59,42971.85182000,124
2026-06-01 03:30:00,1.17200000,1.17300000,1.16800000,1.17200000,21098.46000000,2026-06-01 03:34:59,24722.32570000,105
2026-06-01 03:35:00,1.17100000,1.17200000,1.16800000,1.16800000,11595.04000000,2026-06-01 03:39:59,13564.01917000,64
2026-06-01 03:40:00,1.16800000,1.16800000,1.16400000,1.16500000,4301.35000000,2026-06-01 03:44:59,5018.33285000,47
2026-06-01 03:45:00,1.16400000,1.17000000,1.16400000,1.17000000,13338.51000000,2026-06-01 03:49:59,15559.54452000,111
2026-06-01 03:50:00,1.17000000,1.17200000,1.17000000,1.17000000,7962.58000000,2026-06-01 03:54:59,9319.61150000,83
2026-06-01 03:55:00,1.16900000,1.17100000,1.16900000,1.17000000,1070.25000000,2026-06-01 03:59:59,1252.02181000,25
2026-06-01 04:00:00,1.17100000,1.17200000,1.16900000,1.17100000,4796.80000000,2026-06-01 04:04:59,5612.26711000,55
2026-06-01 04:05:00,1.17100000,1.17500000,1.17100000,1.17400000,74820.80000000,2026-06-01 04:09:59,87725.99812000,107
2026-06-01 04:10:00,1.17500000,1.17600000,1.17500000,1.17500000,2358.59000000,2026-06-01 04:14:59,2772.57618000,38
2026-06-01 04:15:00,1.17600000,1.17700000,1.17300000,1.17600000,11012.83000000,2026-06-01 04:19:59,12929.82392000,151
2026-06-01 04:20:00,1.17500000,1.17600000,1.17100000,1.17100000,2644.26000000,2026-06-01 04:24:59,3099.56127000,33
2026-06-01 04:25:00,1.17200000,1.17200000,1.16700000,1.16700000,6859.90000000,2026-06-01 04:29:59,8027.36466000,63
2026-06-01 04:30:00,1.16600000,1.16800000,1.16500000,1.16800000,4555.60000000,2026-06-01 04:34:59,5313.61831000,54
2026-06-01 04:35:00,1.16700000,1.17200000,1.16600000,1.17200000,16639.95000000,2026-06-01 04:39:59,19476.92396000,111
2026-06-01 04:40:00,1.17200000,1.17200000,1.16700000,1.16800000,2192.79000000,2026-06-01 04:44:59,2565.31764000,31
2026-06-01 04:45:00,1.16800000,1.17000000,1.16400000,1.16400000,12691.82000000,2026-06-01 04:49:59,14805.63010000,129
2026-06-01 04:50:00,1.16500000,1.16700000,1.16100000,1.16500000,18551.16000000,2026-06-01 04:54:59,21587.44027000,123
2026-06-01 04:55:00,1.16300000,1.16500000,1.15900000,1.16200000,6234.60000000,2026-06-01 04:59:59,7243.61565000,75
2026-06-01 05:00:00,1.16100000,1.16400000,1.15900000,1.16400000,7447.31000000,2026-06-01 05:04:59,8648.70065000,87
2026-06-01 05:05:00,1.16500000,1.16600000,1.16500000,1.16600000,4651.03000000,2026-06-01 05:09:59,5419.52110000,45
2026-06-01 05:10:00,1.16600000,1.16800000,1.16500000,1.16600000,1748.18000000,2026-06-01 05:14:59,2039.61875000,32
2026-06-01 05:15:00,1.16500000,1.16800000,1.16500000,1.16800000,2779.62000000,2026-06-01 05:19:59,3242.06398000,30
2026-06-01 05:20:00,1.16900000,1.17200000,1.16700000,1.16700000,9237.89000000,2026-06-01 05:24:59,10810.05288000,72
2026-06-01 05:25:00,1.16800000,1.16800000,1.16100000,1.16400000,2542.50000000,2026-06-01 05:29:59,2962.57543000,43
2026-06-01 05:30:00,1.16500000,1.16700000,1.16000000,1.16700000,9537.48000000,2026-06-01 05:34:59,11101.39482000,95
2026-06-01 05:35:00,1.16700000,1.16800000,1.16600000,1.16600000,1588.24000000,2026-06-01 05:39:59,1854.02119000,23
2026-06-01 05:40:00,1.16700000,1.16800000,1.16400000,1.16800000,6036.12000000,2026-06-01 05:44:59,7041.75905000,62
2026-06-01 05:45:00,1.16900000,1.17100000,1.16900000,1.17100000,5193.75000000,2026-06-01 05:49:59,6078.98828000,54
2026-06-01 05:50:00,1.17100000,1.17100000,1.17000000,1.17000000,1573.75000000,2026-06-01 05:54:59,1841.85941000,23
2026-06-01 05:55:00,1.17000000,1.17300000,1.17000000,1.17100000,3284.68000000,2026-06-01 05:59:59,3847.92272000,46
2026-06-01 06:00:00,1.17100000,1.17600000,1.17100000,1.17500000,7595.12000000,2026-06-01 06:04:59,8920.86083000,81
2026-06-01 06:05:00,1.17600000,1.18000000,1.17600000,1.17800000,5821.66000000,2026-06-01 06:09:59,6854.58676000,50
2026-06-01 06:10:00,1.17900000,1.18100000,1.17900000,1.18000000,2950.44000000,2026-06-01 06:14:59,3480.42884000,49
2026-06-01 06:15:00,1.17900000,1.18200000,1.17900000,1.18100000,2016.23000000,2026-06-01 06:19:59,2380.40054000,23
2026-06-01 06:20:00,1.18300000,1.18300000,1.17900000,1.17900000,1157.67000000,2026-06-01 06:24:59,1367.92099000,28
2026-06-01 06:25:00,1.17900000,1.18000000,1.17900000,1.17900000,2543.49000000,2026-06-01 06:29:59,2999.24156000,23
2026-06-01 06:30:00,1.17900000,1.17900000,1.17700000,1.17700000,2796.18000000,2026-06-01 06:34:59,3294.26037000,27
2026-06-01 06:35:00,1.17800000,1.17800000,1.17500000,1.17500000,2639.43000000,2026-06-01 06:39:59,3104.30219000,39
2026-06-01 06:40:00,1.17600000,1.17700000,1.17400000,1.17700000,4343.15000000,2026-06-01 06:44:59,5101.82960000,38
2026-06-01 06:45:00,1.17700000,1.18100000,1.17700000,1.18000000,2838.57000000,2026-06-01 06:49:59,3348.21155000,96
2026-06-01 06:50:00,1.17900000,1.18000000,1.17500000,1.17600000,9058.56000000,2026-06-01 06:54:59,10660.76272000,68
2026-06-01 06:55:00,1.17500000,1.17500000,1.17400000,1.17400000,236.03000000,2026-06-01 06:59:59,277.17439000,6
2026-06-01 07:00:00,1.17400000,1.17500000,1.17000000,1.17200000,7506.69000000,2026-06-01 07:04:59,8793.64640000,79
2026-06-01 07:05:00,1.17200000,1.17400000,1.17200000,1.17300000,2105.82000000,2026-06-01 07:09:59,2469.93461000,37
2026-06-01 07:10:00,1.17200000,1.17200000,1.17100000,1.17200000,2212.99000000,2026-06-01 07:14:59,2593.22705000,52
2026-06-01 07:15:00,1.17100000,1.17300000,1.17100000,1.17300000,2040.04000000,2026-06-01 07:19:59,2391.44603000,39
2026-06-01 07:20:00,1.17400000,1.17500000,1.16900000,1.17000000,1269.45000000,2026-06-01 07:24:59,1487.73059000,35
2026-06-01 07:25:00,1.17000000,1.17500000,1.17000000,1.17400000,6212.46000000,2026-06-01 07:29:59,7283.81112000,51
2026-06-01 07:30:00,1.17500000,1.17600000,1.17000000,1.17000000,7277.61000000,2026-06-01 07:34:59,8539.76776000,136
2026-06-01 07:35:00,1.17000000,1.17100000,1.16900000,1.17100000,1108.38000000,2026-06-01 07:39:59,1296.78297000,28
2026-06-01 07:40:00,1.17100000,1.17200000,1.17000000,1.17100000,1160.24000000,2026-06-01 07:44:59,1358.61937000,33
2026-06-01 07:45:00,1.17200000,1.17500000,1.17200000,1.17400000,1692.37000000,2026-06-01 07:49:59,1986.28738000,50
2026-06-01 07:50:00,1.17300000,1.17600000,1.17300000,1.17500000,1602.46000000,2026-06-01 07:54:59,1881.85119000,27
2026-06-01 07:55:00,1.17500000,1.17500000,1.17400000,1.17500000,2673.39000000,2026-06-01 07:59:59,3140.66041000,27
2026-06-01 08:00:00,1.17600000,1.17700000,1.17500000,1.17600000,2349.02000000,2026-06-01 08:04:59,2763.03432000,30
2026-06-01 08:05:00,1.17600000,1.17800000,1.17500000,1.17800000,575.20000000,2026-06-01 08:09:59,676.97600000,15
2026-06-01 08:10:00,1.17800000,1.17800000,1.17600000,1.17600000,1027.76000000,2026-06-01 08:14:59,1208.99745000,16
2026-06-01 08:15:00,1.17600000,1.18000000,1.17500000,1.17900000,1614.34000000,2026-06-01 08:19:59,1901.10682000,32
2026-06-01 08:20:00,1.17900000,1.17900000,1.17600000,1.17600000,772.11000000,2026-06-01 08:24:59,909.35950000,19
2026-06-01 08:25:00,1.17600000,1.17600000,1.17400000,1.17400000,250.90000000,2026-06-01 08:29:59,294.67069000,6
2026-06-01 08:30:00,1.17500000,1.17500000,1.17400000,1.17400000,417.30000000,2026-06-01 08:34:59,490.24891000,10
2026-06-01 08:35:00,1.17500000,1.17600000,1.17400000,1.17400000,967.39000000,2026-06-01 08:39:59,1136.31926000,21
2026-06-01 08:40:00,1.17400000,1.17600000,1.17400000,1.17600000,880.99000000,2026-06-01 08:44:59,1034.70819000,14
2026-06-01 08:45:00,1.17600000,1.17700000,1.16900000,1.17000000,4506.19000000,2026-06-01 08:49:59,5290.45084000,59
2026-06-01 08:50:00,1.17000000,1.17300000,1.17000000,1.17200000,1158.26000000,2026-06-01 08:54:59,1355.51223000,18
2026-06-01 08:55:00,1.17200000,1.17300000,1.16900000,1.17100000,6516.37000000,2026-06-01 08:59:59,7634.19167000,65
2026-06-01 09:00:00,1.17200000,1.17400000,1.17000000,1.17200000,2464.50000000,2026-06-01 09:04:59,2889.25340000,50
2026-06-01 09:05:00,1.17200000,1.17300000,1.16700000,1.16700000,1329.05000000,2026-06-01 09:09:59,1557.24267000,29
2026-06-01 09:10:00,1.16800000,1.16800000,1.16100000,1.16400000,5686.56000000,2026-06-01 09:14:59,6611.26845000,68
2026-06-01 09:15:00,1.16400000,1.16800000,1.16400000,1.16700000,9462.76000000,2026-06-01 09:19:59,11036.34803000,77
2026-06-01 09:20:00,1.16800000,1.17300000,1.16800000,1.17100000,3493.84000000,2026-06-01 09:24:59,4092.63323000,57
2026-06-01 09:25:00,1.17100000,1.17200000,1.17100000,1.17200000,211.14000000,2026-06-01 09:29:59,247.30699000,10
2026-06-01 09:30:00,1.17100000,1.17200000,1.17000000,1.17100000,2063.67000000,2026-06-01 09:34:59,2416.12097000,24
2026-06-01 09:35:00,1.17100000,1.17400000,1.17100000,1.17400000,2269.94000000,2026-06-01 09:39:59,2659.95722000,39
2026-06-01 09:40:00,1.17400000,1.17500000,1.17300000,1.17400000,1158.35000000,2026-06-01 09:44:59,1359.76531000,26
2026-06-01 09:45:00,1.17500000,1.17500000,1.17100000,1.17100000,2175.54000000,2026-06-01 09:49:59,2552.91361000,35
2026-06-01 09:50:00,1.17000000,1.17000000,1.16700000,1.16800000,792.64000000,2026-06-01 09:54:59,926.38770000,16
2026-06-01 09:55:00,1.16800000,1.17000000,1.16800000,1.16900000,695.96000000,2026-06-01 09:59:59,813.30439000,16
2026-06-01 10:00:00,1.17000000,1.17000000,1.16500000,1.16600000,4573.49000000,2026-06-01 10:04:59,5335.09688000,41
2026-06-01 10:05:00,1.16500000,1.16500000,1.16400000,1.16500000,1542.87000000,2026-06-01 10:09:59,1796.00643000,16
2026-06-01 10:10:00,1.16400000,1.16400000,1.15800000,1.16300000,48694.23000000,2026-06-01 10:14:59,56498.09560000,161
2026-06-01 10:15:00,1.16400000,1.17300000,1.16400000,1.17000000,6795.29000000,2026-06-01 10:19:59,7947.69586000,71
2026-06-01 10:20:00,1.17100000,1.17200000,1.16900000,1.16900000,1305.07000000,2026-06-01 10:24:59,1527.46524000,35
2026-06-01 10:25:00,1.16900000,1.16900000,1.16700000,1.16900000,3443.61000000,2026-06-01 10:29:59,4022.69914000,25
2026-06-01 10:30:00,1.17000000,1.17600000,1.17000000,1.17400000,4041.57000000,2026-06-01 10:34:59,4743.12537000,78
2026-06-01 10:35:00,1.17500000,1.17700000,1.17300000,1.17500000,2719.41000000,2026-06-01 10:39:59,3195.68274000,33
2026-06-01 10:40:00,1.17500000,1.17500000,1.17000000,1.17200000,1498.17000000,2026-06-01 10:44:59,1757.64170000,45
2026-06-01 10:45:00,1.17200000,1.17400000,1.16900000,1.16900000,1548.34000000,2026-06-01 10:49:59,1813.17494000,29
2026-06-01 10:50:00,1.17200000,1.17400000,1.16900000,1.16900000,5132.59000000,2026-06-01 10:54:59,6013.21847000,61
2026-06-01 10:55:00,1.16800000,1.17600000,1.16000000,1.16800000,43052.70000000,2026-06-01 10:59:59,50255.21662000,379
2026-06-01 11:00:00,1.16800000,1.17200000,1.16800000,1.17000000,7825.27000000,2026-06-01 11:04:59,9158.46559000,83
2026-06-01 11:05:00,1.16900000,1.16900000,1.16600000,1.16800000,2620.70000000,2026-06-01 11:09:59,3060.55072000,38
2026-06-01 11:10:00,1.16800000,1.16900000,1.16600000,1.16800000,9828.58000000,2026-06-01 11:14:59,11475.42828000,59
2026-06-01 11:15:00,1.16700000,1.16900000,1.16400000,1.16800000,16658.14000000,2026-06-01 11:19:59,19442.14011000,96
2026-06-01 11:20:00,1.16800000,1.17000000,1.16800000,1.16900000,4001.75000000,2026-06-01 11:24:59,4677.62891000,101
2026-06-01 11:25:00,1.16900000,1.17000000,1.16400000,1.16400000,8085.80000000,2026-06-01 11:29:59,9435.94813000,56
2026-06-01 11:30:00,1.16400000,1.16500000,1.16300000,1.16400000,2309.36000000,2026-06-01 11:34:59,2688.09509000,28
2026-06-01 11:35:00,1.16400000,1.16600000,1.16400000,1.16600000,3109.43000000,2026-06-01 11:39:59,3623.80067000,47
2026-06-01 11:40:00,1.16700000,1.17000000,1.16600000,1.16600000,20879.00000000,2026-06-01 11:44:59,24390.91114000,282
2026-06-01 11:45:00,1.16700000,1.16900000,1.16700000,1.16700000,22391.33000000,2026-06-01 11:49:59,26140.04403000,151
2026-06-01 11:50:00,1.16700000,1.16900000,1.16600000,1.16700000,2836.03000000,2026-06-01 11:54:59,3311.78738000,70
2026-06-01 11:55:00,1.16600000,1.17000000,1.16600000,1.17000000,2155.95000000,2026-06-01 11:59:59,2515.73122000,27
2026-06-01 12:00:00,1.17000000,1.17200000,1.17000000,1.17100000,5190.89000000,2026-06-01 12:04:59,6079.35419000,96
2026-06-01 12:05:00,1.17100000,1.17300000,1.17000000,1.17100000,6232.46000000,2026-06-01 12:09:59,7292.65545000,26
2026-06-01 12:10:00,1.17100000,1.17500000,1.17100000,1.17400000,7973.60000000,2026-06-01 12:14:59,9346.93022000,28
2026-06-01 12:15:00,1.17300000,1.17300000,1.16500000,1.16700000,4524.54000000,2026-06-01 12:19:59,5284.98009000,75
2026-06-01 12:20:00,1.16700000,1.16800000,1.16400000,1.16400000,4816.38000000,2026-06-01 12:24:59,5617.10794000,34
2026-06-01 12:25:00,1.16400000,1.16500000,1.16200000,1.16200000,3082.57000000,2026-06-01 12:29:59,3586.06199000,39
2026-06-01 12:30:00,1.16200000,1.17500000,1.16200000,1.17400000,12593.80000000,2026-06-01 12:34:59,14698.28483000,104
2026-06-01 12:35:00,1.17400000,1.17600000,1.17200000,1.17200000,4882.18000000,2026-06-01 12:39:59,5725.61346000,59
2026-06-01 12:40:00,1.17300000,1.17700000,1.17300000,1.17600000,3848.15000000,2026-06-01 12:44:59,4519.98604000,45
2026-06-01 12:45:00,1.17600000,1.17700000,1.17400000,1.17400000,4505.72000000,2026-06-01 12:49:59,5295.20239000,58
2026-06-01 12:50:00,1.17500000,1.17500000,1.17200000,1.17200000,1611.54000000,2026-06-01 12:54:59,1889.59210000,21
2026-06-01 12:55:00,1.17200000,1.17300000,1.17200000,1.17300000,2688.25000000,2026-06-01 12:59:59,3151.61245000,26
2026-06-01 13:00:00,1.17300000,1.17400000,1.17200000,1.17300000,2073.87000000,2026-06-01 13:04:59,2434.25296000,30
2026-06-01 13:05:00,1.17300000,1.17300000,1.17000000,1.17100000,1921.38000000,2026-06-01 13:09:59,2249.28243000,20
2026-06-01 13:10:00,1.17100000,1.17200000,1.16800000,1.17200000,7797.99000000,2026-06-01 13:14:59,9132.51423000,52
2026-06-01 13:15:00,1.17300000,1.17800000,1.17300000,1.17800000,10564.68000000,2026-06-01 13:19:59,12426.87051000,82
2026-06-01 13:20:00,1.17800000,1.18000000,1.17700000,1.18000000,1325.48000000,2026-06-01 13:24:59,1562.75807000,30
2026-06-01 13:25:00,1.17900000,1.18200000,1.17800000,1.18200000,973.91000000,2026-06-01 13:29:59,1149.57448000,23
2026-06-01 13:30:00,1.18300000,1.18400000,1.18100000,1.18300000,3302.33000000,2026-06-01 13:34:59,3906.81499000,39
2026-06-01 13:35:00,1.18400000,1.18500000,1.18300000,1.18300000,1665.79000000,2026-06-01 13:39:59,1972.15866000,32
2026-06-01 13:40:00,1.18300000,1.18600000,1.18200000,1.18600000,5904.73000000,2026-06-01 13:44:59,6989.43202000,44
2026-06-01 13:45:00,1.18600000,1.18900000,1.18600000,1.18800000,4335.66000000,2026-06-01 13:49:59,5153.81100000,25
2026-06-01 13:50:00,1.18800000,1.18900000,1.18800000,1.18800000,1623.48000000,2026-06-01 13:54:59,1928.87734000,17
2026-06-01 13:55:00,1.18900000,1.19200000,1.18900000,1.19000000,5990.34000000,2026-06-01 13:59:59,7131.18819000,61
2026-06-01 14:00:00,1.19100000,1.19500000,1.19000000,1.19500000,2215.76000000,2026-06-01 14:04:59,2640.75053000,30
2026-06-01 14:05:00,1.19500000,1.19700000,1.19400000,1.19400000,2058.42000000,2026-06-01 14:09:59,2460.41265000,34
2026-06-01 14:10:00,1.19500000,1.19500000,1.19100000,1.19100000,3312.05000000,2026-06-01 14:14:59,3948.68052000,41
2026-06-01 14:15:00,1.19200000,1.19200000,1.18900000,1.19100000,2856.10000000,2026-06-01 14:19:59,3400.77893000,36
2026-06-01 14:20:00,1.19200000,1.19400000,1.19200000,1.19400000,2315.96000000,2026-06-01 14:24:59,2762.12201000,20
2026-06-01 14:25:00,1.19400000,1.19900000,1.19400000,1.19900000,5708.78000000,2026-06-01 14:29:59,6830.44379000,69
2026-06-01 14:30:00,1.19900000,1.20000000,1.19500000,1.19500000,10027.61000000,2026-06-01 14:34:59,12001.99034000,94
2026-06-01 14:35:00,1.19400000,1.19700000,1.19400000,1.19500000,5211.47000000,2026-06-01 14:39:59,6232.09559000,52
2026-06-01 14:40:00,1.19600000,1.20300000,1.19600000,1.20300000,22342.32000000,2026-06-01 14:44:59,26834.00041000,130
2026-06-01 14:45:00,1.20300000,1.20300000,1.19800000,1.19800000,4359.93000000,2026-06-01 14:49:59,5235.97516000,40
2026-06-01 14:50:00,1.19700000,1.19800000,1.19600000,1.19600000,1935.87000000,2026-06-01 14:54:59,2317.26698000,21
2026-06-01 14:55:00,1.19600000,1.19600000,1.19200000,1.19300000,7067.51000000,2026-06-01 14:59:59,8439.09709000,51
2026-06-01 15:00:00,1.19400000,1.19800000,1.19400000,1.19600000,12078.39000000,2026-06-01 15:04:59,14441.91469000,58
2026-06-01 15:05:00,1.19500000,1.19500000,1.19300000,1.19300000,630.80000000,2026-06-01 15:09:59,753.07611000,18
2026-06-01 15:10:00,1.19300000,1.19300000,1.18900000,1.19000000,6305.12000000,2026-06-01 15:14:59,7512.06197000,46
2026-06-01 15:15:00,1.19000000,1.19000000,1.18800000,1.18800000,1628.54000000,2026-06-01 15:19:59,1936.46976000,24
2026-06-01 15:20:00,1.18900000,1.19200000,1.18900000,1.19200000,13724.83000000,2026-06-01 15:24:59,16340.59496000,69
2026-06-01 15:25:00,1.19300000,1.19300000,1.19200000,1.19200000,4287.78000000,2026-06-01 15:29:59,5112.84140000,38
2026-06-01 15:30:00,1.19200000,1.19500000,1.19200000,1.19400000,45454.31000000,2026-06-01 15:34:59,54234.60320000,87
2026-06-01 15:35:00,1.19400000,1.19400000,1.19200000,1.19200000,1669.46000000,2026-06-01 15:39:59,1992.30467000,15
2026-06-01 15:40:00,1.19200000,1.19200000,1.19000000,1.19000000,948.38000000,2026-06-01 15:44:59,1129.91781000,16
2026-06-01 15:45:00,1.19000000,1.19000000,1.18900000,1.18900000,1963.83000000,2026-06-01 15:49:59,2336.02835000,29
2026-06-01 15:50:00,1.18900000,1.18900000,1.18800000,1.18800000,93.00000000,2026-06-01 15:54:59,110.52900000,4
2026-06-01 15:55:00,1.18800000,1.18800000,1.18700000,1.18700000,1131.89000000,2026-06-01 15:59:59,1344.30852000,20
2026-06-01 16:00:00,1.18600000,1.18700000,1.18600000,1.18700000,750.23000000,2026-06-01 16:04:59,889.83014000,8
2026-06-01 16:05:00,1.18800000,1.18800000,1.18600000,1.18700000,2493.80000000,2026-06-01 16:09:59,2960.71099000,17
2026-06-01 16:10:00,1.18800000,1.18800000,1.18600000,1.18700000,1933.59000000,2026-06-01 16:14:59,2294.25207000,23
2026-06-01 16:15:00,1.18700000,1.18700000,1.18700000,1.18700000,672.10000000,2026-06-01 16:19:59,797.78270000,6
2026-06-01 16:20:00,1.18800000,1.18900000,1.18800000,1.18900000,2565.78000000,2026-06-01 16:24:59,3050.31428000,45
2026-06-01 16:25:00,1.19000000,1.19200000,1.19000000,1.19200000,1722.53000000,2026-06-01 16:29:59,2052.10249000,40
2026-06-01 16:30:00,1.19200000,1.19300000,1.19100000,1.19100000,4652.59000000,2026-06-01 16:34:59,5548.20452000,11
2026-06-01 16:35:00,1.19100000,1.19200000,1.19100000,1.19200000,1089.12000000,2026-06-01 16:39:59,1297.78339000,11
2026-06-01 16:40:00,1.19100000,1.19200000,1.19100000,1.19200000,4353.90000000,2026-06-01 16:44:59,5188.18275000,31
2026-06-01 16:45:00,1.19200000,1.19300000,1.19100000,1.19100000,419.27000000,2026-06-01 16:49:59,499.76513000,14
2026-06-01 16:50:00,1.19100000,1.19100000,1.19000000,1.19000000,4502.71000000,2026-06-01 16:54:59,5359.14344000,36
2026-06-01 16:55:00,1.19000000,1.19200000,1.18900000,1.18900000,3964.19000000,2026-06-01 16:59:59,4717.67550000,27
2026-06-01 17:00:00,1.18900000,1.19100000,1.18800000,1.18800000,4914.42000000,2026-06-01 17:04:59,5845.83637000,34
2026-06-01 17:05:00,1.18800000,1.18800000,1.18600000,1.18600000,1755.42000000,2026-06-01 17:09:59,2083.94243000,28
2026-06-01 17:10:00,1.18600000,1.18700000,1.18500000,1.18700000,358.70000000,2026-06-01 17:14:59,425.42487000,18
2026-06-01 17:15:00,1.18700000,1.18900000,1.18700000,1.18900000,264.68000000,2026-06-01 17:19:59,314.25154000,14
2026-06-01 17:20:00,1.18900000,1.18900000,1.18800000,1.18800000,576.12000000,2026-06-01 17:24:59,684.85593000,5
2026-06-01 17:25:00,1.18700000,1.18700000,1.18400000,1.18400000,18160.75000000,2026-06-01 17:29:59,21531.46518000,114
2026-06-01 17:30:00,1.18400000,1.18500000,1.18300000,1.18300000,1157.85000000,2026-06-01 17:34:59,1370.37670000,15
2026-06-01 17:35:00,1.18300000,1.18500000,1.18300000,1.18400000,3775.00000000,2026-06-01 17:39:59,4470.43686000,25
2026-06-01 17:40:00,1.18400000,1.18500000,1.18400000,1.18400000,945.20000000,2026-06-01 17:44:59,1119.29755000,13
2026-06-01 17:45:00,1.18400000,1.18400000,1.18300000,1.18400000,1555.51000000,2026-06-01 17:49:59,1841.62388000,10
2026-06-01 17:50:00,1.18400000,1.18400000,1.18000000,1.18100000,1641.53000000,2026-06-01 17:54:59,1938.33096000,21
2026-06-01 17:55:00,1.18100000,1.18100000,1.17900000,1.17900000,4607.20000000,2026-06-01 17:59:59,5437.34792000,20
2026-06-01 18:00:00,1.17900000,1.18000000,1.17800000,1.18000000,3688.77000000,2026-06-01 18:04:59,4348.27063000,44
2026-06-01 18:05:00,1.18100000,1.18100000,1.17500000,1.17500000,3774.12000000,2026-06-01 18:09:59,4439.48269000,42
2026-06-01 18:10:00,1.17500000,1.17500000,1.17100000,1.17400000,7156.20000000,2026-06-01 18:14:59,8395.37627000,68
2026-06-01 18:15:00,1.17500000,1.17500000,1.17100000,1.17300000,11188.67000000,2026-06-01 18:19:59,13131.02892000,53
2026-06-01 18:20:00,1.17400000,1.17600000,1.17300000,1.17600000,7277.23000000,2026-06-01 18:24:59,8542.93478000,38
2026-06-01 18:25:00,1.17600000,1.17600000,1.17400000,1.17400000,1531.85000000,2026-06-01 18:29:59,1800.33360000,18
2026-06-01 18:30:00,1.17500000,1.17600000,1.17500000,1.17500000,675.08000000,2026-06-01 18:34:59,793.58631000,13
2026-06-01 18:35:00,1.17500000,1.17500000,1.17400000,1.17500000,1910.44000000,2026-06-01 18:39:59,2243.10680000,15
2026-06-01 18:40:00,1.17400000,1.17400000,1.17200000,1.17200000,1605.55000000,2026-06-01 18:44:59,1883.11744000,14
2026-06-01 18:45:00,1.17100000,1.17200000,1.17000000,1.17200000,7822.53000000,2026-06-01 18:49:59,9157.77446000,77
2026-06-01 18:50:00,1.17300000,1.17300000,1.17000000,1.17000000,857.88000000,2026-06-01 18:54:59,1004.78898000,19
2026-06-01 18:55:00,1.16900000,1.16900000,1.16800000,1.16800000,2403.06000000,2026-06-01 18:59:59,2808.86621000,30
2026-06-01 19:00:00,1.16800000,1.16800000,1.16300000,1.16500000,6213.03000000,2026-06-01 19:04:59,7239.61003000,112
2026-06-01 19:05:00,1.16500000,1.16600000,1.16300000,1.16600000,8237.25000000,2026-06-01 19:09:59,9596.34890000,67
2026-06-01 19:10:00,1.16600000,1.16700000,1.16600000,1.16700000,1456.83000000,2026-06-01 19:14:59,1699.82989000,33
2026-06-01 19:15:00,1.16700000,1.16800000,1.16500000,1.16800000,3527.07000000,2026-06-01 19:19:59,4113.81200000,31
2026-06-01 19:20:00,1.16700000,1.16700000,1.16600000,1.16600000,494.80000000,2026-06-01 19:24:59,577.36463000,15
2026-06-01 19:25:00,1.16700000,1.17100000,1.16700000,1.16900000,1049.25000000,2026-06-01 19:29:59,1227.03692000,28
2026-06-01 19:30:00,1.16900000,1.17300000,1.16800000,1.16800000,20440.06000000,2026-06-01 19:34:59,23969.72383000,57
2026-06-01 19:35:00,1.16900000,1.16900000,1.16500000,1.16600000,1172.29000000,2026-06-01 19:39:59,1367.16780000,21
2026-06-01 19:40:00,1.16600000,1.16800000,1.16600000,1.16800000,603.57000000,2026-06-01 19:44:59,704.07954000,10
2026-06-01 19:45:00,1.16800000,1.17600000,1.16800000,1.17500000,17151.74000000,2026-06-01 19:49:59,20156.34511000,58
2026-06-01 19:50:00,1.17500000,1.17600000,1.17500000,1.17500000,51344.60000000,2026-06-01 19:54:59,60381.05934000,157
2026-06-01 19:55:00,1.17600000,1.17600000,1.17500000,1.17500000,683.18000000,2026-06-01 19:59:59,803.41505000,8
2026-06-01 20:00:00,1.17600000,1.17700000,1.17400000,1.17700000,4770.94000000,2026-06-01 20:04:59,5608.15439000,93
2026-06-01 20:05:00,1.17600000,1.17800000,1.17500000,1.17700000,3622.58000000,2026-06-01 20:09:59,4262.54655000,83
2026-06-01 20:10:00,1.17700000,1.17900000,1.17600000,1.17600000,4166.68000000,2026-06-01 20:14:59,4906.95550000,48
2026-06-01 20:15:00,1.17500000,1.17900000,1.17400000,1.17700000,13177.99000000,2026-06-01 20:19:59,15504.31998000,80
2026-06-01 20:20:00,1.17600000,1.17700000,1.17500000,1.17600000,2324.58000000,2026-06-01 20:24:59,2733.20256000,33
2026-06-01 20:25:00,1.17600000,1.17600000,1.17300000,1.17300000,2153.13000000,2026-06-01 20:29:59,2528.46224000,25
2026-06-01 20:30:00,1.17300000,1.17400000,1.17300000,1.17400000,1511.92000000,2026-06-01 20:34:59,1774.12692000,18
2026-06-01 20:35:00,1.17500000,1.18100000,1.17500000,1.17900000,5857.63000000,2026-06-01 20:39:59,6901.32035000,78
2026-06-01 20:40:00,1.17900000,1.17900000,1.17800000,1.17800000,820.82000000,2026-06-01 20:44:59,967.11000000,8
2026-06-01 20:45:00,1.17800000,1.17800000,1.17600000,1.17700000,2393.22000000,2026-06-01 20:49:59,2815.37101000,12
2026-06-01 20:50:00,1.17700000,1.17700000,1.17400000,1.17400000,1319.87000000,2026-06-01 20:54:59,1551.18419000,11
2026-06-01 20:55:00,1.17300000,1.17600000,1.17300000,1.17600000,66.51000000,2026-06-01 20:59:59,78.09374000,5
2026-06-01 21:00:00,1.17700000,1.17900000,1.17700000,1.17900000,9173.88000000,2026-06-01 21:04:59,10806.83566000,21
2026-06-01 21:05:00,1.17800000,1.17800000,1.17500000,1.17500000,1939.84000000,2026-06-01 21:09:59,2281.71027000,23
2026-06-01 21:10:00,1.17500000,1.17500000,1.17300000,1.17300000,651.35000000,2026-06-01 21:14:59,764.95929000,10
2026-06-01 21:15:00,1.17300000,1.17300000,1.17000000,1.17200000,5303.56000000,2026-06-01 21:19:59,6215.67866000,53
2026-06-01 21:20:00,1.17100000,1.17200000,1.17000000,1.17000000,3877.19000000,2026-06-01 21:24:59,4537.83334000,31
2026-06-01 21:25:00,1.17000000,1.17000000,1.16800000,1.16900000,2351.58000000,2026-06-01 21:29:59,2747.78253000,34
2026-06-01 21:30:00,1.16900000,1.17100000,1.16900000,1.17100000,1771.80000000,2026-06-01 21:34:59,2073.45774000,27
2026-06-01 21:35:00,1.17200000,1.17300000,1.17000000,1.17000000,2561.63000000,2026-06-01 21:39:59,3000.39537000,32
2026-06-01 21:40:00,1.17000000,1.17000000,1.16800000,1.16800000,518.95000000,2026-06-01 21:44:59,606.36542000,12
2026-06-01 21:45:00,1.16800000,1.17000000,1.16800000,1.17000000,869.77000000,2026-06-01 21:49:59,1016.84482000,8
2026-06-01 21:50:00,1.17000000,1.17100000,1.16900000,1.17100000,698.94000000,2026-06-01 21:54:59,817.48840000,14
2026-06-01 21:55:00,1.17100000,1.17100000,1.16800000,1.16800000,3215.32000000,2026-06-01 21:59:59,3759.18902000,45
2026-06-01 22:00:00,1.16800000,1.17000000,1.16700000,1.16700000,3946.16000000,2026-06-01 22:04:59,4609.40552000,38
2026-06-01 22:05:00,1.16700000,1.17000000,1.16700000,1.16700000,6366.65000000,2026-06-01 22:09:59,7442.32534000,49
2026-06-01 22:10:00,1.16600000,1.16800000,1.16500000,1.16700000,4681.44000000,2026-06-01 22:14:59,5464.91151000,47
2026-06-01 22:15:00,1.16800000,1.16800000,1.16600000,1.16800000,1200.81000000,2026-06-01 22:19:59,1401.01962000,28
2026-06-01 22:20:00,1.16700000,1.16900000,1.16700000,1.16900000,1057.06000000,2026-06-01 22:24:59,1235.07603000,16
2026-06-01 22:25:00,1.17000000,1.17000000,1.16500000,1.16500000,3500.51000000,2026-06-01 22:29:59,4090.71130000,36
2026-06-01 22:30:00,1.16500000,1.16500000,1.16200000,1.16300000,4862.20000000,2026-06-01 22:34:59,5655.04899000,70
2026-06-01 22:35:00,1.16200000,1.16200000,1.15700000,1.15900000,12410.59000000,2026-06-01 22:39:59,14381.60088000,104
2026-06-01 22:40:00,1.15900000,1.16400000,1.15900000,1.16300000,17874.37000000,2026-06-01 22:44:59,20740.00177000,76
2026-06-01 22:45:00,1.16300000,1.16300000,1.16000000,1.16100000,2701.59000000,2026-06-01 22:49:59,3137.60848000,21
2026-06-01 22:50:00,1.16000000,1.16000000,1.15600000,1.15700000,3540.44000000,2026-06-01 22:54:59,4096.95202000,44
2026-06-01 22:55:00,1.15700000,1.15800000,1.15500000,1.15500000,1039.34000000,2026-06-01 22:59:59,1202.51760000,21
2026-06-01 23:00:00,1.15500000,1.15500000,1.15200000,1.15200000,2082.38000000,2026-06-01 23:04:59,2401.88441000,37
2026-06-01 23:05:00,1.15300000,1.15300000,1.14100000,1.14400000,18852.93000000,2026-06-01 23:09:59,21612.22947000,224
2026-06-01 23:10:00,1.14300000,1.14800000,1.14100000,1.14800000,8025.74000000,2026-06-01 23:14:59,9181.18646000,74
2026-06-01 23:15:00,1.14900000,1.14900000,1.14600000,1.14600000,1402.29000000,2026-06-01 23:19:59,1608.46515000,24
2026-06-01 23:20:00,1.14700000,1.15600000,1.14700000,1.15400000,9132.20000000,2026-06-01 23:24:59,10526.81173000,98
2026-06-01 23:25:00,1.15500000,1.15800000,1.15400000,1.15800000,7284.90000000,2026-06-01 23:29:59,8422.04907000,51
2026-06-01 23:30:00,1.15700000,1.16100000,1.15700000,1.16000000,6139.84000000,2026-06-01 23:34:59,7112.77425000,37
2026-06-01 23:35:00,1.16000000,1.16000000,1.15800000,1.15900000,4176.99000000,2026-06-01 23:39:59,4840.65535000,31
2026-06-01 23:40:00,1.15900000,1.15900000,1.15600000,1.15600000,2978.70000000,2026-06-01 23:44:59,3446.26950000,19
2026-06-01 23:45:00,1.15500000,1.16000000,1.15500000,1.15900000,4144.21000000,2026-06-01 23:49:59,4791.48538000,34
2026-06-01 23:50:00,1.16000000,1.16100000,1.15900000,1.16000000,2571.16000000,2026-06-01 23:54:59,2981.45654000,29
2026-06-01 23:55:00,1.16100000,1.16500000,1.16100000,1.16500000,7382.98000000,2026-06-01 23:59:59,8589.92234000,50
2026-06-02 00:00:00,1.16600000,1.16700000,1.16500000,1.16700000,2080.94000000,2026-06-02 00:04:59,2426.87846000,24
2026-06-02 00:05:00,1.16800000,1.17000000,1.16700000,1.16800000,1453.10000000,2026-06-02 00:09:59,1698.16297000,25
2026-06-02 00:10:00,1.16800000,1.16800000,1.16700000,1.16800000,7423.16000000,2026-06-02 00:14:59,8663.33365000,23
2026-06-02 00:15:00,1.16800000,1.17000000,1.16800000,1.16800000,5007.53000000,2026-06-02 00:19:59,5850.27865000,34
2026-06-02 00:20:00,1.16700000,1.16800000,1.16600000,1.16700000,2157.29000000,2026-06-02 00:24:59,2517.23408000,23
2026-06-02 00:25:00,1.16800000,1.16800000,1.16700000,1.16700000,4727.10000000,2026-06-02 00:29:59,5520.32562000,34
2026-06-02 00:30:00,1.16700000,1.16700000,1.16500000,1.16600000,1668.80000000,2026-06-02 00:34:59,1946.39933000,19
2026-06-02 00:35:00,1.16700000,1.16900000,1.16700000,1.16900000,3498.44000000,2026-06-02 00:39:59,4085.94603000,18
2026-06-02 00:40:00,1.16900000,1.16900000,1.16900000,1.16900000,2129.13000000,2026-06-02 00:44:59,2488.95297000,15
2026-06-02 00:45:00,1.16800000,1.16800000,1.16600000,1.16700000,2211.11000000,2026-06-02 00:49:59,2580.35058000,24
2026-06-02 00:50:00,1.16800000,1.17000000,1.16800000,1.17000000,2194.32000000,2026-06-02 00:54:59,2563.10379000,23
2026-06-02 00:55:00,1.16900000,1.16900000,1.16800000,1.16800000,154.74000000,2026-06-02 00:59:59,180.86863000,6
2026-06-02 01:00:00,1.16700000,1.17000000,1.16700000,1.16700000,3745.82000000,2026-06-02 01:04:59,4374.13306000,30
2026-06-02 01:05:00,1.16600000,1.16700000,1.16400000,1.16400000,2172.94000000,2026-06-02 01:09:59,2532.21428000,41
2026-06-02 01:10:00,1.16300000,1.16400000,1.16300000,1.16300000,1189.25000000,2026-06-02 01:14:59,1383.89048000,23
2026-06-02 01:15:00,1.16300000,1.16700000,1.16300000,1.16600000,4280.72000000,2026-06-02 01:19:59,4992.21645000,42
2026-06-02 01:20:00,1.16700000,1.16800000,1.16600000,1.16700000,1093.91000000,2026-06-02 01:24:59,1276.60540000,27
2026-06-02 01:25:00,1.16700000,1.17100000,1.16700000,1.17100000,2264.98000000,2026-06-02 01:29:59,2648.83224000,38
2026-06-02 01:30:00,1.17000000,1.17100000,1.16800000,1.17100000,872.74000000,2026-06-02 01:34:59,1019.74303000,18
2026-06-02 01:35:00,1.17000000,1.17000000,1.16800000,1.16900000,271.76000000,2026-06-02 01:39:59,317.83211000,8
2026-06-02 01:40:00,1.17000000,1.17000000,1.16800000,1.16800000,1419.56000000,2026-06-02 01:44:59,1660.45920000,19
2026-06-02 01:45:00,1.16800000,1.16800000,1.16600000,1.16700000,1051.20000000,2026-06-02 01:49:59,1226.70135000,19
2026-06-02 01:50:00,1.16700000,1.16800000,1.16500000,1.16700000,874.15000000,2026-06-02 01:54:59,1018.91005000,12
2026-06-02 01:55:00,1.16600000,1.16600000,1.16400000,1.16400000,1006.75000000,2026-06-02 01:59:59,1172.46079000,23
2026-06-02 02:00:00,1.16500000,1.16600000,1.16000000,1.16000000,3840.32000000,2026-06-02 02:04:59,4463.66888000,46
2026-06-02 02:05:00,1.16100000,1.16700000,1.16100000,1.16700000,2591.97000000,2026-06-02 02:09:59,3015.03001000,51
2026-06-02 02:10:00,1.16600000,1.17000000,1.16600000,1.16900000,3084.36000000,2026-06-02 02:14:59,3601.08797000,85
2026-06-02 02:15:00,1.16900000,1.17000000,1.16800000,1.17000000,831.56000000,2026-06-02 02:19:59,972.10495000,13
2026-06-02 02:20:00,1.17000000,1.17100000,1.17000000,1.17000000,1652.51000000,2026-06-02 02:24:59,1934.43844000,14
2026-06-02 02:25:00,1.16900000,1.16900000,1.16500000,1.16500000,2273.21000000,2026-06-02 02:29:59,2652.36135000,47
2026-06-02 02:30:00,1.16500000,1.16700000,1.16400000,1.16500000,1279.97000000,2026-06-02 02:34:59,1491.96779000,19
2026-06-02 02:35:00,1.16400000,1.16400000,1.16300000,1.16400000,2394.40000000,2026-06-02 02:39:59,2785.89805000,29
2026-06-02 02:40:00,1.16400000,1.16700000,1.16200000,1.16700000,5673.96000000,2026-06-02 02:44:59,6613.35216000,54
2026-06-02 02:45:00,1.16600000,1.16600000,1.16500000,1.16600000,2860.27000000,2026-06-02 02:49:59,3334.81243000,23
2026-06-02 02:50:00,1.16600000,1.16700000,1.16200000,1.16300000,1442.39000000,2026-06-02 02:54:59,1678.50232000,29
2026-06-02 02:55:00,1.16200000,1.16200000,1.16000000,1.16000000,3355.32000000,2026-06-02 02:59:59,3895.95236000,40
2026-06-02 03:00:00,1.16100000,1.16300000,1.15900000,1.16300000,3901.78000000,2026-06-02 03:04:59,4533.21428000,32
2026-06-02 03:05:00,1.16400000,1.16600000,1.16300000,1.16400000,1731.57000000,2026-06-02 03:09:59,2016.22255000,26
2026-06-02 03:10:00,1.16400000,1.16400000,1.15900000,1.16000000,2554.22000000,2026-06-02 03:14:59,2965.51365000,23
2026-06-02 03:15:00,1.15900000,1.16100000,1.15700000,1.15900000,2496.07000000,2026-06-02 03:19:59,2890.30690000,42
2026-06-02 03:20:00,1.15800000,1.15800000,1.15700000,1.15800000,735.49000000,2026-06-02 03:24:59,851.49294000,15
2026-06-02 03:25:00,1.15800000,1.16100000,1.15800000,1.16000000,572.77000000,2026-06-02 03:29:59,664.57674000,18
2026-06-02 03:30:00,1.16000000,1.16300000,1.16000000,1.16200000,1145.47000000,2026-06-02 03:34:59,1331.08716000,25
2026-06-02 03:35:00,1.16200000,1.16200000,1.16000000,1.16000000,1023.43000000,2026-06-02 03:39:59,1188.07797000,19
2026-06-02 03:40:00,1.16100000,1.16100000,1.15900000,1.15900000,3429.55000000,2026-06-02 03:44:59,3977.98997000,37
2026-06-02 03:45:00,1.15900000,1.16100000,1.15600000,1.15900000,3939.32000000,2026-06-02 03:49:59,4562.13305000,65
2026-06-02 03:50:00,1.16000000,1.16100000,1.15900000,1.15900000,3869.39000000,2026-06-02 03:54:59,4485.81089000,24
2026-06-02 03:55:00,1.15800000,1.15900000,1.15600000,1.15900000,1693.54000000,2026-06-02 03:59:59,1960.37508000,20
2026-06-02 04:00:00,1.16000000,1.16000000,1.15100000,1.15100000,8728.40000000,2026-06-02 04:04:59,10068.40525000,81
2026-06-02 04:05:00,1.15200000,1.15600000,1.15100000,1.15500000,9659.65000000,2026-06-02 04:09:59,11139.98921000,62
2026-06-02 04:10:00,1.15500000,1.15700000,1.15500000,1.15700000,1551.72000000,2026-06-02 04:14:59,1793.73152000,16
2026-06-02 04:15:00,1.15700000,1.16000000,1.15700000,1.15800000,5956.39000000,2026-06-02 04:19:59,6898.43948000,44
2026-06-02 04:20:00,1.15700000,1.15700000,1.15500000,1.15500000,861.93000000,2026-06-02 04:24:59,996.99729000,9
2026-06-02 04:25:00,1.15400000,1.15400000,1.14700000,1.14800000,9458.26000000,2026-06-02 04:29:59,10872.36569000,81
2026-06-02 04:30:00,1.15000000,1.15400000,1.15000000,1.15400000,1097.61000000,2026-06-02 04:34:59,1263.13865000,27
2026-06-02 04:35:00,1.15400000,1.15800000,1.15400000,1.15700000,1596.74000000,2026-06-02 04:39:59,1846.81878000,26
2026-06-02 04:40:00,1.15700000,1.15900000,1.15700000,1.15700000,5992.07000000,2026-06-02 04:44:59,6939.28043000,40
2026-06-02 04:45:00,1.15600000,1.15600000,1.15400000,1.15400000,700.01000000,2026-06-02 04:49:59,808.63579000,11
2026-06-02 04:50:00,1.15500000,1.15700000,1.15500000,1.15500000,6349.33000000,2026-06-02 04:54:59,7340.07435000,37
2026-06-02 04:55:00,1.15600000,1.15600000,1.15400000,1.15400000,2776.02000000,2026-06-02 04:59:59,3206.23255000,27
2026-06-02 05:00:00,1.15400000,1.15400000,1.15200000,1.15300000,1047.43000000,2026-06-02 05:04:59,1207.75587000,16
2026-06-02 05:05:00,1.15400000,1.15600000,1.15400000,1.15500000,1361.35000000,2026-06-02 05:09:59,1573.02459000,20
2026-06-02 05:10:00,1.15600000,1.15600000,1.15500000,1.15600000,2450.06000000,2026-06-02 05:14:59,2830.82015000,22
2026-06-02 05:15:00,1.15600000,1.15700000,1.15500000,1.15600000,1180.73000000,2026-06-02 05:19:59,1364.98827000,18
2026-06-02 05:20:00,1.15600000,1.15600000,1.15500000,1.15500000,1462.74000000,2026-06-02 05:24:59,1690.42058000,12
2026-06-02 05:25:00,1.15400000,1.15700000,1.15400000,1.15600000,5391.14000000,2026-06-02 05:29:59,6226.58666000,32
2026-06-02 05:30:00,1.15600000,1.15700000,1.15600000,1.15700000,904.13000000,2026-06-02 05:34:59,1046.01156000,8
2026-06-02 05:35:00,1.15700000,1.15700000,1.15600000,1.15700000,3024.98000000,2026-06-02 05:39:59,3498.48401000,22
2026-06-02 05:40:00,1.15700000,1.15700000,1.15400000,1.15400000,306.36000000,2026-06-02 05:44:59,353.97418000,8
2026-06-02 05:45:00,1.15500000,1.15600000,1.15300000,1.15300000,1210.97000000,2026-06-02 05:49:59,1398.30017000,19
2026-06-02 05:50:00,1.15200000,1.15500000,1.15200000,1.15400000,1385.12000000,2026-06-02 05:54:59,1597.76283000,28
2026-06-02 05:55:00,1.15300000,1.15300000,1.15200000,1.15300000,1345.61000000,2026-06-02 05:59:59,1551.44494000,24
2026-06-02 06:00:00,1.15300000,1.15300000,1.15100000,1.15300000,2159.24000000,2026-06-02 06:04:59,2487.66434000,37
2026-06-02 06:05:00,1.15400000,1.15400000,1.15200000,1.15200000,3123.23000000,2026-06-02 06:09:59,3603.23138000,27
2026-06-02 06:10:00,1.15100000,1.15100000,1.14900000,1.14900000,1539.79000000,2026-06-02 06:14:59,1771.29436000,20
2026-06-02 06:15:00,1.14900000,1.15200000,1.14800000,1.15200000,2060.36000000,2026-06-02 06:19:59,2367.23579000,28
2026-06-02 06:20:00,1.15200000,1.15200000,1.14800000,1.14900000,692.14000000,2026-06-02 06:24:59,796.27588000,27
2026-06-02 06:25:00,1.14900000,1.14900000,1.14500000,1.14800000,4654.88000000,2026-06-02 06:29:59,5336.18964000,66
2026-06-02 06:30:00,1.14900000,1.15200000,1.14600000,1.15200000,3878.78000000,2026-06-02 06:34:59,4456.64046000,48
2026-06-02 06:35:00,1.15100000,1.15200000,1.14900000,1.14900000,1288.25000000,2026-06-02 06:39:59,1482.03828000,26
2026-06-02 06:40:00,1.15000000,1.15100000,1.14900000,1.15100000,1006.67000000,2026-06-02 06:44:59,1156.92051000,21
2026-06-02 06:45:00,1.15000000,1.15100000,1.14800000,1.15000000,3719.97000000,2026-06-02 06:49:59,4279.74517000,40
2026-06-02 06:50:00,1.15000000,1.15000000,1.14800000,1.15000000,1469.49000000,2026-06-02 06:54:59,1688.28091000,25
2026-06-02 06:55:00,1.15000000,1.15000000,1.14900000,1.14900000,780.48000000,2026-06-02 06:59:59,896.85681000,19
2026-06-02 07:00:00,1.14900000,1.14900000,1.14600000,1.14700000,17398.17000000,2026-06-02 07:04:59,19946.74215000,62
2026-06-02 07:05:00,1.14600000,1.15300000,1.14600000,1.15300000,4047.28000000,2026-06-02 07:09:59,4656.56720000,40
2026-06-02 07:10:00,1.15400000,1.15600000,1.15400000,1.15600000,1121.35000000,2026-06-02 07:14:59,1295.47776000,15
2026-06-02 07:15:00,1.15500000,1.15800000,1.15500000,1.15800000,2625.95000000,2026-06-02 07:19:59,3037.13405000,35
2026-06-02 07:20:00,1.15800000,1.15800000,1.15600000,1.15800000,5467.60000000,2026-06-02 07:24:59,6326.31441000,44
2026-06-02 07:25:00,1.15700000,1.15900000,1.15700000,1.15900000,2259.40000000,2026-06-02 07:29:59,2616.22854000,21
2026-06-02 07:30:00,1.16000000,1.16000000,1.15600000,1.15600000,2089.22000000,2026-06-02 07:34:59,2418.69955000,12
2026-06-02 07:35:00,1.15600000,1.15900000,1.15600000,1.15900000,4011.58000000,2026-06-02 07:39:59,4643.34084000,34
2026-06-02 07:40:00,1.15900000,1.15900000,1.15700000,1.15700000,1385.03000000,2026-06-02 07:44:59,1603.79331000,15
2026-06-02 07:45:00,1.15800000,1.16000000,1.15700000,1.16000000,2203.69000000,2026-06-02 07:49:59,2553.64993000,27
2026-06-02 07:50:00,1.16000000,1.16400000,1.16000000,1.16300000,18633.47000000,2026-06-02 07:54:59,21679.43288000,74
2026-06-02 07:55:00,1.16300000,1.16500000,1.16200000,1.16500000,5190.98000000,2026-06-02 07:59:59,6041.27429000,47
2026-06-02 08:00:00,1.16400000,1.16500000,1.16300000,1.16500000,2113.26000000,2026-06-02 08:04:59,2458.94333000,33
2026-06-02 08:05:00,1.16600000,1.16700000,1.16600000,1.16700000,5818.93000000,2026-06-02 08:09:59,6788.12261000,63
2026-06-02 08:10:00,1.16700000,1.16900000,1.16600000,1.16900000,4193.62000000,2026-06-02 08:14:59,4893.75036000,51
2026-06-02 08:15:00,1.16900000,1.16900000,1.16600000,1.16600000,12621.58000000,2026-06-02 08:19:59,14726.83224000,100
2026-06-02 08:20:00,1.16700000,1.16800000,1.16600000,1.16800000,4281.38000000,2026-06-02 08:24:59,4999.62877000,38
2026-06-02 08:25:00,1.16800000,1.16800000,1.16600000,1.16600000,4304.73000000,2026-06-02 08:29:59,5024.13481000,36
2026-06-02 08:30:00,1.16600000,1.16800000,1.16500000,1.16700000,6414.08000000,2026-06-02 08:34:59,7480.43671000,70
2026-06-02 08:35:00,1.16800000,1.17000000,1.16700000,1.17000000,4200.02000000,2026-06-02 08:39:59,4909.92950000,45
2026-06-02 08:40:00,1.16900000,1.17100000,1.16900000,1.17000000,12241.38000000,2026-06-02 08:44:59,14326.18027000,72
2026-06-02 08:45:00,1.17000000,1.17400000,1.16900000,1.17300000,5198.62000000,2026-06-02 08:49:59,6083.31525000,45
2026-06-02 08:50:00,1.17400000,1.17600000,1.17300000,1.17300000,6316.18000000,2026-06-02 08:54:59,7416.75851000,80
2026-06-02 08:55:00,1.17300000,1.17300000,1.17200000,1.17200000,1703.68000000,2026-06-02 08:59:59,1997.55093000,14
2026-06-02 09:00:00,1.17100000,1.17500000,1.17100000,1.17400000,8576.07000000,2026-06-02 09:04:59,10057.77824000,97
2026-06-02 09:05:00,1.17400000,1.17500000,1.17300000,1.17500000,10171.58000000,2026-06-02 09:09:59,11942.91481000,82
2026-06-02 09:10:00,1.17500000,1.17500000,1.17300000,1.17300000,10694.35000000,2026-06-02 09:14:59,12556.32347000,66
2026-06-02 09:15:00,1.17400000,1.17700000,1.17400000,1.17500000,12415.06000000,2026-06-02 09:19:59,14594.65177000,97
2026-06-02 09:20:00,1.17500000,1.18200000,1.17500000,1.18000000,18837.55000000,2026-06-02 09:24:59,22213.37020000,114
2026-06-02 09:25:00,1.18100000,1.18300000,1.18100000,1.18300000,10671.64000000,2026-06-02 09:29:59,12616.92954000,62
2026-06-02 09:30:00,1.18200000,1.18800000,1.18100000,1.18700000,30856.48000000,2026-06-02 09:34:59,36573.74993000,192
2026-06-02 09:35:00,1.18700000,1.19200000,1.18700000,1.19000000,26263.00000000,2026-06-02 09:39:59,31238.84378000,166
2026-06-02 09:40:00,1.19000000,1.19600000,1.19000000,1.19400000,38043.42000000,2026-06-02 09:44:59,45418.00479000,168
2026-06-02 09:45:00,1.19500000,1.19700000,1.18600000,1.18700000,48693.95000000,2026-06-02 09:49:59,58082.25918000,220
2026-06-02 09:50:00,1.18800000,1.18900000,1.18600000,1.18800000,9628.21000000,2026-06-02 09:54:59,11431.59438000,59
2026-06-02 09:55:00,1.18800000,1.19100000,1.18500000,1.19100000,10818.13000000,2026-06-02 09:59:59,12841.15979000,84
2026-06-02 10:00:00,1.19100000,1.19500000,1.18900000,1.19300000,29996.47000000,2026-06-02 10:04:59,35760.97937000,159
2026-06-02 10:05:00,1.19200000,1.19400000,1.19100000,1.19300000,8185.25000000,2026-06-02 10:09:59,9759.92542000,59
2026-06-02 10:10:00,1.19300000,1.21200000,1.19200000,1.19500000,108267.71000000,2026-06-02 10:14:59,129996.89164000,720
2026-06-02 10:15:00,1.19400000,1.20200000,1.19400000,1.19800000,19138.22000000,2026-06-02 10:19:59,22920.60368000,113
2026-06-02 10:20:00,1.19800000,1.20100000,1.19800000,1.20000000,15001.31000000,2026-06-02 10:24:59,18007.64373000,90
2026-06-02 10:25:00,1.19900000,1.20100000,1.19600000,1.19900000,11618.79000000,2026-06-02 10:29:59,13928.32075000,66
2026-06-02 10:30:00,1.19800000,1.20000000,1.19000000,1.19100000,18925.28000000,2026-06-02 10:34:59,22621.94163000,129
2026-06-02 10:35:00,1.19000000,1.19100000,1.18700000,1.18700000,7884.96000000,2026-06-02 10:39:59,9370.48417000,76
2026-06-02 10:40:00,1.18800000,1.19000000,1.18700000,1.19000000,1340.27000000,2026-06-02 10:44:59,1592.94794000,24
2026-06-02 10:45:00,1.19000000,1.19300000,1.18600000,1.18700000,6144.87000000,2026-06-02 10:49:59,7304.45800000,47
2026-06-02 10:50:00,1.18700000,1.18900000,1.18600000,1.18600000,8064.95000000,2026-06-02 10:54:59,9576.83710000,60
2026-06-02 10:55:00,1.18700000,1.18900000,1.18600000,1.18900000,4446.15000000,2026-06-02 10:59:59,5279.55434000,37
2026-06-02 11:00:00,1.18900000,1.18900000,1.18300000,1.18300000,7551.44000000,2026-06-02 11:04:59,8962.95319000,67
2026-06-02 11:05:00,1.18200000,1.18600000,1.18100000,1.18200000,9348.99000000,2026-06-02 11:09:59,11065.63790000,78
2026-06-02 11:10:00,1.18100000,1.18400000,1.17600000,1.18400000,22316.27000000,2026-06-02 11:14:59,26294.13056000,139
2026-06-02 11:15:00,1.18400000,1.18400000,1.17400000,1.17600000,11352.28000000,2026-06-02 11:19:59,13379.91454000,104
2026-06-02 11:20:00,1.17600000,1.17600000,1.15700000,1.16100000,48241.67000000,2026-06-02 11:24:59,56090.51612000,417
2026-06-02 11:25:00,1.16100000,1.16500000,1.14000000,1.14800000,60368.48000000,2026-06-02 11:29:59,69397.09640000,519
2026-06-02 11:30:00,1.14700000,1.16300000,1.14500000,1.16200000,18080.06000000,2026-06-02 11:34:59,20820.08234000,160
2026-06-02 11:35:00,1.16200000,1.16600000,1.16200000,1.16200000,13369.34000000,2026-06-02 11:39:59,15569.92740000,74
2026-06-02 11:40:00,1.16100000,1.16100000,1.15500000,1.15800000,5827.61000000,2026-06-02 11:44:59,6746.65856000,74
2026-06-02 11:45:00,1.15800000,1.17000000,1.15800000,1.16800000,6401.96000000,2026-06-02 11:49:59,7472.02055000,82
2026-06-02 11:50:00,1.16900000,1.17500000,1.16800000,1.17300000,30157.46000000,2026-06-02 11:54:59,35391.74665000,268
2026-06-02 11:55:00,1.17300000,1.17700000,1.17300000,1.17600000,23179.89000000,2026-06-02 11:59:59,27232.70568000,316
2026-06-02 12:00:00,1.17600000,1.17600000,1.17000000,1.17400000,26753.82000000,2026-06-02 12:04:59,31388.99923000,317
2026-06-02 12:05:00,1.17500000,1.18900000,1.17500000,1.18300000,51867.12000000,2026-06-02 12:09:59,61362.92099000,468
2026-06-02 12:10:00,1.18100000,1.18100000,1.17300000,1.17700000,7804.02000000,2026-06-02 12:14:59,9183.90884000,118
2026-06-02 12:15:00,1.17700000,1.18200000,1.17100000,1.18100000,39795.78000000,2026-06-02 12:19:59,46817.92427000,364
2026-06-02 12:20:00,1.18100000,1.18400000,1.17400000,1.18100000,31309.12000000,2026-06-02 12:24:59,36921.78902000,433
2026-06-02 12:25:00,1.18000000,1.18100000,1.16000000,1.16400000,44174.69000000,2026-06-02 12:29:59,51641.39157000,464
2026-06-02 12:30:00,1.16300000,1.16300000,1.14100000,1.14300000,127645.44000000,2026-06-02 12:34:59,146716.65220000,892
2026-06-02 12:35:00,1.14200000,1.15000000,1.13700000,1.15000000,38816.35000000,2026-06-02 12:39:59,44367.21620000,412
2026-06-02 12:40:00,1.15000000,1.15900000,1.15000000,1.15800000,23628.96000000,2026-06-02 12:44:59,27283.93555000,293
2026-06-02 12:45:00,1.15800000,1.16400000,1.15600000,1.16000000,20130.80000000,2026-06-02 12:49:59,23344.48768000,289
2026-06-02 12:50:00,1.16000000,1.16400000,1.15600000,1.15600000,38534.16000000,2026-06-02 12:54:59,44721.60237000,310
2026-06-02 12:55:00,1.15500000,1.15500000,1.15000000,1.15000000,20283.04000000,2026-06-02 12:59:59,23371.51259000,103
2026-06-02 13:00:00,1.14900000,1.15000000,1.14400000,1.15000000,14506.21000000,2026-06-02 13:04:59,16627.58930000,118
2026-06-02 13:05:00,1.15000000,1.15200000,1.14700000,1.14900000,9714.25000000,2026-06-02 13:09:59,11173.43703000,98
2026-06-02 13:10:00,1.14800000,1.16200000,1.14800000,1.16100000,28193.22000000,2026-06-02 13:14:59,32561.84201000,139
2026-06-02 13:15:00,1.16200000,1.17300000,1.16200000,1.17000000,14091.32000000,2026-06-02 13:19:59,16454.19473000,134
2026-06-02 13:20:00,1.16900000,1.16900000,1.15800000,1.16000000,21561.51000000,2026-06-02 13:24:59,25030.03550000,85
2026-06-02 13:25:00,1.16000000,1.16300000,1.15700000,1.15900000,7542.08000000,2026-06-02 13:29:59,8745.53719000,75
2026-06-02 13:30:00,1.15900000,1.15900000,1.15600000,1.15700000,5551.67000000,2026-06-02 13:34:59,6427.29745000,58
2026-06-02 13:35:00,1.15700000,1.15900000,1.15300000,1.15600000,10153.99000000,2026-06-02 13:39:59,11736.94600000,92
2026-06-02 13:40:00,1.15700000,1.16000000,1.15400000,1.15400000,1399.06000000,2026-06-02 13:44:59,1619.25795000,41
2026-06-02 13:45:00,1.15500000,1.15900000,1.15500000,1.15700000,1762.44000000,2026-06-02 13:49:59,2038.04908000,31
2026-06-02 13:50:00,1.15800000,1.15800000,1.15300000,1.15300000,5625.03000000,2026-06-02 13:54:59,6508.18288000,45
2026-06-02 13:55:00,1.15400000,1.15500000,1.15000000,1.15100000,4610.17000000,2026-06-02 13:59:59,5305.70265000,40
2026-06-02 14:00:00,1.15200000,1.16000000,1.15200000,1.15700000,12452.31000000,2026-06-02 14:04:59,14396.92829000,95
2026-06-02 14:05:00,1.15800000,1.16100000,1.15600000,1.15700000,15381.95000000,2026-06-02 14:09:59,17798.03293000,116
2026-06-02 14:10:00,1.15800000,1.16000000,1.15800000,1.15900000,3196.14000000,2026-06-02 14:14:59,3705.95259000,35
2026-06-02 14:15:00,1.15900000,1.16000000,1.15800000,1.15800000,280.75000000,2026-06-02 14:19:59,325.27885000,8
2026-06-02 14:20:00,1.15800000,1.16500000,1.15800000,1.16400000,4190.64000000,2026-06-02 14:24:59,4873.68206000,59
2026-06-02 14:25:00,1.16500000,1.16600000,1.16300000,1.16500000,6070.46000000,2026-06-02 14:29:59,7071.12286000,50
2026-06-02 14:30:00,1.16400000,1.16800000,1.16200000,1.16300000,7519.21000000,2026-06-02 14:34:59,8764.10485000,72
2026-06-02 14:35:00,1.16300000,1.17000000,1.16300000,1.16900000,5029.34000000,2026-06-02 14:39:59,5874.48106000,53
2026-06-02 14:40:00,1.16800000,1.16800000,1.15900000,1.16000000,3602.09000000,2026-06-02 14:44:59,4182.77389000,52
2026-06-02 14:45:00,1.16000000,1.16100000,1.15800000,1.16100000,2027.30000000,2026-06-02 14:49:59,2351.79308000,28
2026-06-02 14:50:00,1.16000000,1.16100000,1.15800000,1.16100000,3449.41000000,2026-06-02 14:54:59,3997.67127000,52
2026-06-02 14:55:00,1.16000000,1.16000000,1.15800000,1.15800000,4735.56000000,2026-06-02 14:59:59,5485.11342000,36
2026-06-02 15:00:00,1.15900000,1.16400000,1.15900000,1.15900000,6681.11000000,2026-06-02 15:04:59,7755.50110000,51
2026-06-02 15:05:00,1.15900000,1.15900000,1.15600000,1.15600000,2651.49000000,2026-06-02 15:09:59,3068.27938000,40
2026-06-02 15:10:00,1.15700000,1.15700000,1.15400000,1.15400000,5270.36000000,2026-06-02 15:14:59,6087.06106000,45
2026-06-02 15:15:00,1.15400000,1.15400000,1.14900000,1.14900000,15430.24000000,2026-06-02 15:19:59,17756.06470000,64
2026-06-02 15:20:00,1.15000000,1.15000000,1.14600000,1.14800000,6840.86000000,2026-06-02 15:24:59,7855.81241000,60
2026-06-02 15:25:00,1.14600000,1.14600000,1.14100000,1.14100000,3953.25000000,2026-06-02 15:29:59,4521.21121000,37
2026-06-02 15:30:00,1.14200000,1.14300000,1.14000000,1.14200000,5587.08000000,2026-06-02 15:34:59,6381.73369000,64
2026-06-02 15:35:00,1.14100000,1.14500000,1.14000000,1.14300000,4060.48000000,2026-06-02 15:39:59,4642.98599000,51
2026-06-02 15:40:00,1.14200000,1.14300000,1.14200000,1.14300000,1191.32000000,2026-06-02 15:44:59,1361.50725000,19
2026-06-02 15:45:00,1.14200000,1.14200000,1.14000000,1.14100000,1217.05000000,2026-06-02 15:49:59,1388.24537000,30
2026-06-02 15:50:00,1.14100000,1.14100000,1.13700000,1.13700000,8938.14000000,2026-06-02 15:54:59,10183.89150000,67
2026-06-02 15:55:00,1.13800000,1.14000000,1.13800000,1.13900000,2384.23000000,2026-06-02 15:59:59,2715.74570000,33
2026-06-02 16:00:00,1.14000000,1.14100000,1.13700000,1.13700000,3366.23000000,2026-06-02 16:04:59,3838.06130000,37
2026-06-02 16:05:00,1.13800000,1.13900000,1.13800000,1.13900000,1172.51000000,2026-06-02 16:09:59,1334.65463000,12
2026-06-02 16:10:00,1.13800000,1.14100000,1.13800000,1.14000000,991.83000000,2026-06-02 16:14:59,1129.61189000,20
2026-06-02 16:15:00,1.14100000,1.14300000,1.13700000,1.13800000,4599.98000000,2026-06-02 16:19:59,5244.90244000,38
2026-06-02 16:20:00,1.13700000,1.13700000,1.13200000,1.13400000,12583.35000000,2026-06-02 16:24:59,14259.58616000,110
2026-06-02 16:25:00,1.13400000,1.13900000,1.13300000,1.13600000,17116.89000000,2026-06-02 16:29:59,19432.94174000,147
2026-06-02 16:30:00,1.13600000,1.13600000,1.11400000,1.11400000,21500.46000000,2026-06-02 16:34:59,24122.79193000,346
2026-06-02 16:35:00,1.11500000,1.12200000,1.11500000,1.12000000,8176.82000000,2026-06-02 16:39:59,9141.37814000,72
2026-06-02 16:40:00,1.11900000,1.12600000,1.11500000,1.12600000,6532.59000000,2026-06-02 16:44:59,7329.36545000,94
2026-06-02 16:45:00,1.12700000,1.13400000,1.12300000,1.13400000,8528.97000000,2026-06-02 16:49:59,9612.21160000,77
2026-06-02 16:50:00,1.13400000,1.14100000,1.13400000,1.13400000,15673.23000000,2026-06-02 16:54:59,17824.22619000,152
2026-06-02 16:55:00,1.13300000,1.13300000,1.13000000,1.13300000,1615.03000000,2026-06-02 16:59:59,1826.62708000,19
2026-06-02 17:00:00,1.13200000,1.13700000,1.13000000,1.13700000,10552.29000000,2026-06-02 17:04:59,11989.84656000,61
2026-06-02 17:05:00,1.13700000,1.14000000,1.13700000,1.13700000,4364.22000000,2026-06-02 17:09:59,4968.57536000,40
2026-06-02 17:10:00,1.13800000,1.13800000,1.13500000,1.13500000,411.73000000,2026-06-02 17:14:59,467.40599000,10
2026-06-02 17:15:00,1.13600000,1.13600000,1.13000000,1.13000000,5627.11000000,2026-06-02 17:19:59,6373.71303000,56
2026-06-02 17:20:00,1.12900000,1.12900000,1.12400000,1.12500000,7345.47000000,2026-06-02 17:24:59,8281.68403000,46
2026-06-02 17:25:00,1.12700000,1.12800000,1.12500000,1.12500000,166.25000000,2026-06-02 17:29:59,187.30800000,10
2026-06-02 17:30:00,1.12700000,1.13800000,1.12700000,1.13600000,17045.54000000,2026-06-02 17:34:59,19334.29021000,141
2026-06-02 17:35:00,1.13600000,1.14000000,1.13600000,1.13800000,7150.98000000,2026-06-02 17:39:59,8136.95511000,75
2026-06-02 17:40:00,1.13700000,1.13900000,1.13700000,1.13800000,457.59000000,2026-06-02 17:44:59,520.74340000,14
2026-06-02 17:45:00,1.13900000,1.14500000,1.13900000,1.14400000,4699.42000000,2026-06-02 17:49:59,5375.07705000,69
2026-06-02 17:50:00,1.14500000,1.14800000,1.14500000,1.14700000,4504.79000000,2026-06-02 17:54:59,5165.12153000,67
2026-06-02 17:55:00,1.14700000,1.14700000,1.14700000,1.14700000,735.95000000,2026-06-02 17:59:59,844.13465000,7
2026-06-02 18:00:00,1.14700000,1.15100000,1.14700000,1.14700000,2813.18000000,2026-06-02 18:04:59,3231.03615000,44
2026-06-02 18:05:00,1.14900000,1.15100000,1.14900000,1.14900000,1635.59000000,2026-06-02 18:09:59,1880.48881000,23
2026-06-02 18:10:00,1.14900000,1.14900000,1.14200000,1.14400000,4315.08000000,2026-06-02 18:14:59,4937.06735000,41
2026-06-02 18:15:00,1.14500000,1.14900000,1.14500000,1.14900000,2473.53000000,2026-06-02 18:19:59,2839.74938000,36
2026-06-02 18:20:00,1.15000000,1.15200000,1.14700000,1.14900000,4029.61000000,2026-06-02 18:24:59,4634.05867000,33
2026-06-02 18:25:00,1.15000000,1.15200000,1.14900000,1.15200000,8825.55000000,2026-06-02 18:29:59,10155.72764000,44
2026-06-02 18:30:00,1.15300000,1.15400000,1.15200000,1.15400000,566.53000000,2026-06-02 18:34:59,653.65941000,15
2026-06-02 18:35:00,1.15500000,1.15600000,1.15300000,1.15400000,6131.47000000,2026-06-02 18:39:59,7085.60019000,43
2026-06-02 18:40:00,1.15300000,1.15400000,1.15200000,1.15200000,9622.62000000,2026-06-02 18:44:59,11097.18748000,43
2026-06-02 18:45:00,1.15100000,1.15100000,1.14800000,1.14800000,9507.87000000,2026-06-02 18:49:59,10917.53130000,32
2026-06-02 18:50:00,1.14800000,1.14800000,1.14400000,1.14500000,2553.20000000,2026-06-02 18:54:59,2927.62292000,16
2026-06-02 18:55:00,1.14700000,1.14700000,1.14600000,1.14600000,28.84000000,2026-06-02 18:59:59,33.06560000,4
2026-06-02 19:00:00,1.14600000,1.14600000,1.13500000,1.13700000,4854.47000000,2026-06-02 19:04:59,5529.83084000,80
2026-06-02 19:05:00,1.13700000,1.13900000,1.13400000,1.13400000,5331.25000000,2026-06-02 19:09:59,6062.19516000,41
2026-06-02 19:10:00,1.13500000,1.13500000,1.13200000,1.13200000,563.85000000,2026-06-02 19:14:59,638.96635000,19
2026-06-02 19:15:00,1.13300000,1.13300000,1.12400000,1.12500000,8328.63000000,2026-06-02 19:19:59,9397.32398000,96
2026-06-02 19:20:00,1.12500000,1.13600000,1.12500000,1.13400000,41633.09000000,2026-06-02 19:24:59,47004.34461000,236
2026-06-02 19:25:00,1.13400000,1.13700000,1.13300000,1.13300000,9692.62000000,2026-06-02 19:29:59,10999.77495000,128
2026-06-02 19:30:00,1.13300000,1.13300000,1.12800000,1.12800000,4122.12000000,2026-06-02 19:34:59,4662.20219000,48
2026-06-02 19:35:00,1.12800000,1.13100000,1.12700000,1.12900000,10393.02000000,2026-06-02 19:39:59,11733.35557000,78
2026-06-02 19:40:00,1.13000000,1.13500000,1.12800000,1.13400000,25361.79000000,2026-06-02 19:44:59,28716.23620000,118
2026-06-02 19:45:00,1.13300000,1.13300000,1.12400000,1.12500000,14955.84000000,2026-06-02 19:49:59,16861.90512000,121
2026-06-02 19:50:00,1.12600000,1.12600000,1.10800000,1.11600000,25955.35000000,2026-06-02 19:54:59,28896.81055000,266
2026-06-02 19:55:00,1.11600000,1.11900000,1.11000000,1.11400000,14791.08000000,2026-06-02 19:59:59,16467.94066000,109
2026-06-02 20:00:00,1.11400000,1.11400000,1.09800000,1.10900000,39676.40000000,2026-06-02 20:04:59,43819.20734000,389
2026-06-02 20:05:00,1.11000000,1.11600000,1.10700000,1.11400000,9148.04000000,2026-06-02 20:09:59,10149.23984000,70
2026-06-02 20:10:00,1.11400000,1.11600000,1.11300000,1.11600000,2149.62000000,2026-06-02 20:14:59,2396.22160000,32
2026-06-02 20:15:00,1.11700000,1.12100000,1.11000000,1.11000000,32217.37000000,2026-06-02 20:19:59,36000.46570000,151
2026-06-02 20:20:00,1.11100000,1.11300000,1.10500000,1.10900000,25680.35000000,2026-06-02 20:24:59,28507.64933000,146
2026-06-02 20:25:00,1.10800000,1.10800000,1.09400000,1.10500000,19737.61000000,2026-06-02 20:29:59,21730.42279000,249
2026-06-02 20:30:00,1.10400000,1.11800000,1.10100000,1.11500000,65652.08000000,2026-06-02 20:34:59,72914.25311000,372
2026-06-02 20:35:00,1.11500000,1.11700000,1.11300000,1.11300000,16714.92000000,2026-06-02 20:39:59,18631.83550000,93
2026-06-02 20:40:00,1.11300000,1.12000000,1.11000000,1.12000000,36527.78000000,2026-06-02 20:44:59,40718.59755000,205
2026-06-02 20:45:00,1.11900000,1.12100000,1.11800000,1.12100000,8747.58000000,2026-06-02 20:49:59,9798.62562000,70
2026-06-02 20:50:00,1.12200000,1.12200000,1.12000000,1.12000000,5254.38000000,2026-06-02 20:54:59,5887.67118000,26
2026-06-02 20:55:00,1.12000000,1.12300000,1.12000000,1.12200000,2801.07000000,2026-06-02 20:59:59,3142.17460000,11
2026-06-02 21:00:00,1.12300000,1.12500000,1.12100000,1.12100000,9985.94000000,2026-06-02 21:04:59,11220.61432000,75
2026-06-02 21:05:00,1.12000000,1.12000000,1.11700000,1.12000000,8188.53000000,2026-06-02 21:09:59,9162.49856000,66
2026-06-02 21:10:00,1.12000000,1.12200000,1.11900000,1.12200000,5984.11000000,2026-06-02 21:14:59,6700.65332000,38
2026-06-02 21:15:00,1.12300000,1.12900000,1.12200000,1.12800000,17830.71000000,2026-06-02 21:19:59,20096.17107000,123
2026-06-02 21:20:00,1.12800000,1.12800000,1.12400000,1.12400000,1773.57000000,2026-06-02 21:24:59,1999.19708000,17
2026-06-02 21:25:00,1.12600000,1.12900000,1.12600000,1.12600000,1239.84000000,2026-06-02 21:29:59,1398.66056000,27
2026-06-02 21:30:00,1.12500000,1.13200000,1.12200000,1.13200000,6559.70000000,2026-06-02 21:34:59,7390.14199000,84
2026-06-02 21:35:00,1.13200000,1.13300000,1.13000000,1.13100000,15450.12000000,2026-06-02 21:39:59,17487.82559000,78
2026-06-02 21:40:00,1.13100000,1.13300000,1.13100000,1.13300000,2337.41000000,2026-06-02 21:44:59,2645.88193000,20
2026-06-02 21:45:00,1.13400000,1.13400000,1.13000000,1.13000000,3662.78000000,2026-06-02 21:49:59,4153.51160000,24
2026-06-02 21:50:00,1.13000000,1.13000000,1.12900000,1.12900000,751.94000000,2026-06-02 21:54:59,849.30263000,12
2026-06-02 21:55:00,1.12900000,1.12900000,1.12700000,1.12700000,1915.70000000,2026-06-02 21:59:59,2160.91992000,18
2026-06-02 22:00:00,1.12600000,1.12700000,1.12300000,1.12700000,3250.01000000,2026-06-02 22:04:59,3653.69092000,46
2026-06-02 22:05:00,1.12600000,1.12600000,1.12200000,1.12200000,2418.69000000,2026-06-02 22:09:59,2718.01836000,26
2026-06-02 22:10:00,1.12300000,1.12300000,1.11600000,1.12000000,48191.14000000,2026-06-02 22:14:59,53910.83008000,184
2026-06-02 22:15:00,1.12000000,1.12300000,1.12000000,1.12100000,3777.18000000,2026-06-02 22:19:59,4236.07737000,21
2026-06-02 22:20:00,1.12100000,1.12400000,1.12100000,1.12400000,3893.84000000,2026-06-02 22:24:59,4369.35514000,24
2026-06-02 22:25:00,1.12200000,1.12600000,1.12200000,1.12500000,4312.65000000,2026-06-02 22:29:59,4853.24353000,25
2026-06-02 22:30:00,1.12600000,1.12700000,1.12400000,1.12500000,1614.33000000,2026-06-02 22:34:59,1818.64620000,25
2026-06-02 22:35:00,1.12400000,1.12400000,1.12100000,1.12100000,352.18000000,2026-06-02 22:39:59,394.94759000,15
2026-06-02 22:40:00,1.12000000,1.12200000,1.11800000,1.11800000,2340.92000000,2026-06-02 22:44:59,2619.17564000,35
2026-06-02 22:45:00,1.11700000,1.11900000,1.11700000,1.11900000,4308.29000000,2026-06-02 22:49:59,4817.25421000,28
2026-06-02 22:50:00,1.11900000,1.12700000,1.11900000,1.12600000,1460.09000000,2026-06-02 22:54:59,1640.60334000,33
2026-06-02 22:55:00,1.12700000,1.12900000,1.12600000,1.12800000,465.83000000,2026-06-02 22:59:59,525.06637000,16
2026-06-02 23:00:00,1.12800000,1.13000000,1.12600000,1.13000000,6147.34000000,2026-06-02 23:04:59,6932.79573000,72
2026-06-02 23:05:00,1.13100000,1.13200000,1.12900000,1.13200000,3427.00000000,2026-06-02 23:09:59,3873.96179000,30
2026-06-02 23:10:00,1.13200000,1.13300000,1.13000000,1.13000000,2418.21000000,2026-06-02 23:14:59,2738.19233000,31
2026-06-02 23:15:00,1.12900000,1.12900000,1.12700000,1.12800000,1001.51000000,2026-06-02 23:19:59,1130.21367000,23
2026-06-02 23:20:00,1.12800000,1.12800000,1.12300000,1.12300000,782.27000000,2026-06-02 23:24:59,880.70793000,22
2026-06-02 23:25:00,1.12300000,1.12400000,1.12300000,1.12300000,1168.42000000,2026-06-02 23:29:59,1313.04302000,15
2026-06-02 23:30:00,1.12300000,1.12400000,1.12200000,1.12400000,10633.87000000,2026-06-02 23:34:59,11950.35584000,50
2026-06-02 23:35:00,1.12300000,1.12700000,1.12300000,1.12700000,1849.08000000,2026-06-02 23:39:59,2077.72278000,24
2026-06-02 23:40:00,1.12600000,1.12600000,1.12200000,1.12200000,7959.07000000,2026-06-02 23:44:59,8941.96560000,53
2026-06-02 23:45:00,1.12100000,1.12200000,1.12000000,1.12200000,3348.87000000,2026-06-02 23:49:59,3753.83681000,39
2026-06-02 23:50:00,1.12300000,1.12400000,1.12300000,1.12300000,1639.56000000,2026-06-02 23:54:59,1841.90901000,17
2026-06-02 23:55:00,1.12300000,1.12400000,1.12200000,1.12400000,2699.66000000,2026-06-02 23:59:59,3031.04019000,33
2026-06-03 00:00:00,1.12500000,1.12500000,1.12400000,1.12500000,8458.94000000,2026-06-03 00:04:59,9507.89772000,50
2026-06-03 00:05:00,1.12300000,1.12500000,1.12000000,1.12000000,15116.00000000,2026-06-03 00:09:59,16953.07877000,57
2026-06-03 00:10:00,1.12100000,1.12300000,1.12000000,1.12300000,6767.08000000,2026-06-03 00:14:59,7587.00289000,56
2026-06-03 00:15:00,1.12300000,1.12400000,1.11900000,1.12000000,1749.05000000,2026-06-03 00:19:59,1959.65016000,33
2026-06-03 00:20:00,1.12100000,1.12400000,1.11900000,1.12200000,2929.60000000,2026-06-03 00:24:59,3285.53575000,45
2026-06-03 00:25:00,1.12100000,1.12100000,1.11700000,1.11700000,6820.52000000,2026-06-03 00:29:59,7624.55142000,56
2026-06-03 00:30:00,1.11800000,1.12100000,1.11700000,1.11700000,9645.60000000,2026-06-03 00:34:59,10790.71436000,95
2026-06-03 00:35:00,1.11600000,1.11600000,1.10900000,1.10900000,18003.59000000,2026-06-03 00:39:59,20010.36638000,105
2026-06-03 00:40:00,1.11100000,1.11200000,1.10600000,1.10600000,4912.85000000,2026-06-03 00:44:59,5448.77155000,69
2026-06-03 00:45:00,1.10700000,1.10900000,1.10100000,1.10200000,2737.83000000,2026-06-03 00:49:59,3028.73559000,73
2026-06-03 00:50:00,1.10200000,1.10600000,1.09900000,1.10600000,11633.70000000,2026-06-03 00:54:59,12804.54603000,96
2026-06-03 00:55:00,1.10600000,1.10900000,1.10300000,1.10300000,5558.88000000,2026-06-03 00:59:59,6161.14708000,50
2026-06-03 01:00:00,1.10300000,1.11300000,1.10000000,1.11300000,22881.79000000,2026-06-03 01:04:59,25238.03700000,177
2026-06-03 01:05:00,1.11300000,1.11400000,1.11000000,1.11000000,3333.69000000,2026-06-03 01:09:59,3706.92624000,33
2026-06-03 01:10:00,1.10900000,1.11000000,1.10700000,1.11000000,5941.82000000,2026-06-03 01:14:59,6589.00643000,50
2026-06-03 01:15:00,1.10900000,1.11200000,1.10800000,1.11000000,8507.08000000,2026-06-03 01:19:59,9449.45798000,63
2026-06-03 01:20:00,1.11100000,1.11300000,1.11100000,1.11300000,1832.12000000,2026-06-03 01:24:59,2038.31215000,30
2026-06-03 01:25:00,1.11300000,1.11800000,1.11300000,1.11600000,872.93000000,2026-06-03 01:29:59,974.40523000,31
2026-06-03 01:30:00,1.11500000,1.11700000,1.11200000,1.11700000,2688.95000000,2026-06-03 01:34:59,2995.96637000,38
2026-06-03 01:35:00,1.11700000,1.11700000,1.11400000,1.11500000,564.23000000,2026-06-03 01:39:59,629.17230000,15
2026-06-03 01:40:00,1.11600000,1.11900000,1.11600000,1.11900000,736.10000000,2026-06-03 01:44:59,823.03916000,16
2026-06-03 01:45:00,1.11800000,1.12000000,1.11700000,1.12000000,1676.40000000,2026-06-03 01:49:59,1875.12303000,23
2026-06-03 01:50:00,1.12000000,1.12000000,1.11700000,1.11800000,1096.94000000,2026-06-03 01:54:59,1226.68025000,17
2026-06-03 01:55:00,1.11800000,1.12400000,1.11800000,1.12300000,5930.77000000,2026-06-03 01:59:59,6659.48074000,48
2026-06-03 02:00:00,1.12400000,1.13300000,1.12400000,1.13300000,11273.07000000,2026-06-03 02:04:59,12707.19939000,113
2026-06-03 02:05:00,1.13300000,1.14100000,1.13200000,1.14100000,4767.52000000,2026-06-03 02:09:59,5414.50931000,118
2026-06-03 02:10:00,1.14200000,1.14200000,1.14000000,1.14000000,9953.44000000,2026-06-03 02:14:59,11359.47804000,71
2026-06-03 02:15:00,1.14100000,1.14100000,1.13300000,1.13500000,71493.06000000,2026-06-03 02:19:59,81239.88278000,265
2026-06-03 02:20:00,1.13500000,1.13500000,1.13200000,1.13200000,893.92000000,2026-06-03 02:24:59,1013.14252000,16
2026-06-03 02:25:00,1.13200000,1.13300000,1.13000000,1.13300000,1137.38000000,2026-06-03 02:29:59,1287.55153000,23
2026-06-03 02:30:00,1.13200000,1.13300000,1.12900000,1.13300000,1746.93000000,2026-06-03 02:34:59,1975.67135000,41
2026-06-03 02:35:00,1.13400000,1.13800000,1.13400000,1.13800000,5172.42000000,2026-06-03 02:39:59,5873.31978000,42
2026-06-03 02:40:00,1.13900000,1.14000000,1.13700000,1.13800000,2393.74000000,2026-06-03 02:44:59,2725.76486000,28
2026-06-03 02:45:00,1.13700000,1.13900000,1.13700000,1.13900000,1027.94000000,2026-06-03 02:49:59,1169.89392000,19
2026-06-03 02:50:00,1.13800000,1.14100000,1.13800000,1.13900000,6003.45000000,2026-06-03 02:54:59,6843.19433000,66
2026-06-03 02:55:00,1.14100000,1.14500000,1.14100000,1.14500000,10635.42000000,2026-06-03 02:59:59,12159.21782000,90
2026-06-03 03:00:00,1.14500000,1.14800000,1.14500000,1.14800000,7564.83000000,2026-06-03 03:04:59,8683.18057000,46
2026-06-03 03:05:00,1.14700000,1.14700000,1.14300000,1.14300000,2639.44000000,2026-06-03 03:09:59,3024.53990000,29
2026-06-03 03:10:00,1.14400000,1.14600000,1.14400000,1.14600000,2556.88000000,2026-06-03 03:14:59,2927.91706000,19
2026-06-03 03:15:00,1.14500000,1.14600000,1.14400000,1.14500000,1055.44000000,2026-06-03 03:19:59,1207.70450000,14
2026-06-03 03:20:00,1.14500000,1.14700000,1.14400000,1.14700000,3680.57000000,2026-06-03 03:24:59,4214.56442000,29
2026-06-03 03:25:00,1.14700000,1.14700000,1.14700000,1.14700000,360.38000000,2026-06-03 03:29:59,413.35586000,4
2026-06-03 03:30:00,1.14700000,1.15300000,1.14700000,1.15300000,2414.27000000,2026-06-03 03:34:59,2774.99899000,40
2026-06-03 03:35:00,1.15200000,1.15300000,1.15000000,1.15000000,8743.59000000,2026-06-03 03:39:59,10064.62364000,55
2026-06-03 03:40:00,1.15100000,1.15200000,1.15000000,1.15100000,3416.99000000,2026-06-03 03:44:59,3930.91476000,38
2026-06-03 03:45:00,1.15100000,1.15100000,1.14800000,1.14800000,3465.70000000,2026-06-03 03:49:59,3983.70771000,49
2026-06-03 03:50:00,1.14700000,1.14800000,1.14700000,1.14700000,2244.98000000,2026-06-03 03:54:59,2575.02360000,16
2026-06-03 03:55:00,1.14600000,1.14700000,1.14500000,1.14600000,692.93000000,2026-06-03 03:59:59,794.06759000,9
2026-06-03 04:00:00,1.14600000,1.14600000,1.14400000,1.14400000,396.31000000,2026-06-03 04:04:59,453.42559000,13
2026-06-03 04:05:00,1.14500000,1.14600000,1.14500000,1.14500000,433.18000000,2026-06-03 04:09:59,496.04222000,7
2026-06-03 04:10:00,1.14600000,1.14800000,1.14600000,1.14700000,4735.67000000,2026-06-03 04:14:59,5432.27785000,20
2026-06-03 04:15:00,1.14700000,1.15200000,1.14700000,1.15100000,2017.48000000,2026-06-03 04:19:59,2320.16926000,41
2026-06-03 04:20:00,1.15100000,1.15100000,1.14700000,1.14700000,5247.36000000,2026-06-03 04:24:59,6030.59112000,30
2026-06-03 04:25:00,1.14900000,1.15100000,1.14900000,1.14900000,1817.61000000,2026-06-03 04:29:59,2091.18639000,17
2026-06-03 04:30:00,1.14900000,1.14900000,1.14700000,1.14800000,7348.51000000,2026-06-03 04:34:59,8430.75872000,30
2026-06-03 04:35:00,1.14900000,1.15100000,1.14700000,1.15100000,4896.79000000,2026-06-03 04:39:59,5628.56274000,41
2026-06-03 04:40:00,1.14900000,1.14900000,1.14600000,1.14900000,686.80000000,2026-06-03 04:44:59,788.68662000,20
2026-06-03 04:45:00,1.14900000,1.15500000,1.14900000,1.15500000,7493.57000000,2026-06-03 04:49:59,8631.31694000,85
2026-06-03 04:50:00,1.15500000,1.15500000,1.15400000,1.15500000,1256.79000000,2026-06-03 04:54:59,1450.62110000,15
2026-06-03 04:55:00,1.15400000,1.15400000,1.15200000,1.15200000,2436.56000000,2026-06-03 04:59:59,2810.76781000,40
2026-06-03 05:00:00,1.15200000,1.15200000,1.15000000,1.15000000,1391.74000000,2026-06-03 05:04:59,1601.93023000,18
2026-06-03 05:05:00,1.15000000,1.15000000,1.14900000,1.15000000,1671.58000000,2026-06-03 05:09:59,1922.25099000,29
2026-06-03 05:10:00,1.15000000,1.15100000,1.14800000,1.14900000,3587.98000000,2026-06-03 05:14:59,4123.43302000,56
2026-06-03 05:15:00,1.14900000,1.15500000,1.14900000,1.15500000,7681.86000000,2026-06-03 05:19:59,8864.99546000,74
2026-06-03 05:20:00,1.15400000,1.15400000,1.15100000,1.15100000,2742.94000000,2026-06-03 05:24:59,3164.48526000,28
2026-06-03 05:25:00,1.15200000,1.15500000,1.15200000,1.15400000,2789.78000000,2026-06-03 05:29:59,3219.24987000,39
2026-06-03 05:30:00,1.15600000,1.15900000,1.15500000,1.15600000,5235.97000000,2026-06-03 05:34:59,6059.58295000,91
2026-06-03 05:35:00,1.15700000,1.15700000,1.15400000,1.15500000,2184.46000000,2026-06-03 05:39:59,2524.53720000,28
2026-06-03 05:40:00,1.15600000,1.15800000,1.15300000,1.15700000,14867.05000000,2026-06-03 05:44:59,17182.65268000,74
2026-06-03 05:45:00,1.15700000,1.15900000,1.15600000,1.15900000,3857.97000000,2026-06-03 05:49:59,4466.94245000,24
2026-06-03 05:50:00,1.15900000,1.15900000,1.15600000,1.15700000,4107.58000000,2026-06-03 05:54:59,4758.83223000,33
2026-06-03 05:55:00,1.15800000,1.15900000,1.15800000,1.15900000,284.97000000,2026-06-03 05:59:59,330.22624000,8
2026-06-03 06:00:00,1.15800000,1.15800000,1.15500000,1.15500000,3098.80000000,2026-06-03 06:04:59,3581.90297000,30
2026-06-03 06:05:00,1.15500000,1.15700000,1.15500000,1.15600000,1333.74000000,2026-06-03 06:09:59,1541.66137000,19
2026-06-03 06:10:00,1.15600000,1.15700000,1.15400000,1.15400000,3879.55000000,2026-06-03 06:14:59,4479.96210000,52
2026-06-03 06:15:00,1.15400000,1.15400000,1.15100000,1.15100000,2991.36000000,2026-06-03 06:19:59,3448.30779000,28
2026-06-03 06:20:00,1.15100000,1.15100000,1.15000000,1.15000000,2411.88000000,2026-06-03 06:24:59,2774.49243000,20
2026-06-03 06:25:00,1.14900000,1.15200000,1.14900000,1.15100000,6907.28000000,2026-06-03 06:29:59,7942.38255000,58
2026-06-03 06:30:00,1.15000000,1.15200000,1.15000000,1.15200000,2283.48000000,2026-06-03 06:34:59,2629.73906000,15
2026-06-03 06:35:00,1.15300000,1.15400000,1.15100000,1.15200000,6917.32000000,2026-06-03 06:39:59,7966.04697000,36
2026-06-03 06:40:00,1.15200000,1.15400000,1.15100000,1.15100000,2468.05000000,2026-06-03 06:44:59,2844.92882000,32
2026-06-03 06:45:00,1.15000000,1.15400000,1.14900000,1.15400000,12646.58000000,2026-06-03 06:49:59,14557.20454000,78
2026-06-03 06:50:00,1.15400000,1.15700000,1.15000000,1.15000000,15418.34000000,2026-06-03 06:54:59,17801.39000000,108
2026-06-03 06:55:00,1.15100000,1.15400000,1.15100000,1.15200000,3132.18000000,2026-06-03 06:59:59,3610.86255000,31
2026-06-03 07:00:00,1.15300000,1.15500000,1.15200000,1.15300000,1166.06000000,2026-06-03 07:04:59,1345.16476000,24
2026-06-03 07:05:00,1.15400000,1.15700000,1.15400000,1.15700000,2352.49000000,2026-06-03 07:09:59,2720.95795000,34
2026-06-03 07:10:00,1.15700000,1.15900000,1.15600000,1.15700000,7321.19000000,2026-06-03 07:14:59,8478.25644000,55
2026-06-03 07:15:00,1.15700000,1.15700000,1.15600000,1.15600000,1007.96000000,2026-06-03 07:19:59,1165.94436000,10
2026-06-03 07:20:00,1.15600000,1.15700000,1.15600000,1.15700000,679.94000000,2026-06-03 07:24:59,786.07408000,4
2026-06-03 07:25:00,1.15700000,1.16000000,1.15700000,1.16000000,1157.17000000,2026-06-03 07:29:59,1342.23724000,11
2026-06-03 07:30:00,1.16100000,1.16200000,1.15900000,1.16000000,3897.24000000,2026-06-03 07:34:59,4525.62317000,35
2026-06-03 07:35:00,1.15800000,1.16400000,1.15800000,1.16200000,2599.81000000,2026-06-03 07:39:59,3016.56804000,56
2026-06-03 07:40:00,1.16100000,1.16100000,1.15700000,1.15800000,2512.73000000,2026-06-03 07:44:59,2914.85141000,35
2026-06-03 07:45:00,1.15800000,1.15900000,1.15700000,1.15800000,1858.97000000,2026-06-03 07:49:59,2153.78939000,13
2026-06-03 07:50:00,1.15800000,1.15800000,1.15700000,1.15700000,2463.64000000,2026-06-03 07:54:59,2851.49512000,14
2026-06-03 07:55:00,1.15700000,1.15900000,1.15700000,1.15900000,1349.16000000,2026-06-03 07:59:59,1562.45561000,20
2026-06-03 08:00:00,1.15900000,1.18000000,1.15900000,1.17700000,56738.75000000,2026-06-03 08:04:59,66400.90736000,464
2026-06-03 08:05:00,1.17800000,1.18400000,1.17700000,1.18000000,19604.73000000,2026-06-03 08:09:59,23155.49706000,220
2026-06-03 08:10:00,1.17900000,1.18200000,1.17900000,1.18100000,9418.94000000,2026-06-03 08:14:59,11119.90737000,66
2026-06-03 08:15:00,1.18200000,1.18300000,1.17900000,1.18100000,6245.81000000,2026-06-03 08:19:59,7379.29615000,51
2026-06-03 08:20:00,1.18200000,1.18300000,1.17900000,1.18000000,2362.38000000,2026-06-03 08:24:59,2792.22729000,38
2026-06-03 08:25:00,1.18000000,1.18000000,1.17800000,1.17800000,9595.00000000,2026-06-03 08:29:59,11309.65627000,53
2026-06-03 08:30:00,1.17800000,1.17800000,1.17100000,1.17100000,6246.94000000,2026-06-03 08:34:59,7343.50301000,57
2026-06-03 08:35:00,1.17000000,1.17000000,1.16600000,1.16700000,5508.49000000,2026-06-03 08:39:59,6431.22142000,110
2026-06-03 08:40:00,1.16500000,1.16600000,1.16400000,1.16600000,16356.36000000,2026-06-03 08:44:59,19049.58943000,153
2026-06-03 08:45:00,1.16600000,1.16700000,1.16300000,1.16300000,6349.42000000,2026-06-03 08:49:59,7392.66989000,56
2026-06-03 08:50:00,1.16400000,1.16400000,1.16100000,1.16300000,15744.44000000,2026-06-03 08:54:59,18300.22987000,89
2026-06-03 08:55:00,1.16300000,1.16700000,1.16300000,1.16500000,10044.27000000,2026-06-03 08:59:59,11696.52895000,63
2026-06-03 09:00:00,1.16600000,1.16700000,1.16400000,1.16700000,2223.71000000,2026-06-03 09:04:59,2592.81257000,37
2026-06-03 09:05:00,1.16800000,1.17200000,1.16800000,1.17100000,13506.85000000,2026-06-03 09:09:59,15795.42297000,91
2026-06-03 09:10:00,1.17100000,1.17100000,1.16400000,1.16500000,5837.85000000,2026-06-03 09:14:59,6804.88427000,59
2026-06-03 09:15:00,1.16500000,1.16600000,1.16000000,1.16400000,7184.63000000,2026-06-03 09:19:59,8349.92867000,112
2026-06-03 09:20:00,1.16400000,1.16600000,1.16200000,1.16400000,2738.36000000,2026-06-03 09:24:59,3187.86460000,26
2026-06-03 09:25:00,1.16600000,1.17000000,1.16600000,1.16700000,7945.24000000,2026-06-03 09:29:59,9280.96163000,63
2026-06-03 09:30:00,1.16700000,1.17000000,1.16700000,1.16900000,7660.53000000,2026-06-03 09:34:59,8955.00195000,103
2026-06-03 09:35:00,1.16900000,1.17000000,1.16600000,1.16600000,5116.08000000,2026-06-03 09:39:59,5977.84082000,55
2026-06-03 09:40:00,1.16600000,1.16900000,1.16500000,1.16900000,1034.66000000,2026-06-03 09:44:59,1207.30858000,39
2026-06-03 09:45:00,1.16800000,1.16800000,1.16600000,1.16700000,14980.26000000,2026-06-03 09:49:59,17482.09982000,32
2026-06-03 09:50:00,1.16700000,1.16900000,1.16700000,1.16700000,2712.02000000,2026-06-03 09:54:59,3166.73019000,44
2026-06-03 09:55:00,1.16700000,1.17000000,1.16700000,1.17000000,2083.57000000,2026-06-03 09:59:59,2434.39040000,28
2026-06-03 10:00:00,1.17100000,1.17300000,1.16700000,1.16700000,10285.60000000,2026-06-03 10:04:59,12041.97230000,125
2026-06-03 10:05:00,1.16700000,1.16800000,1.16600000,1.16600000,3483.10000000,2026-06-03 10:09:59,4062.22646000,64
2026-06-03 10:10:00,1.16700000,1.17000000,1.16700000,1.16900000,4937.34000000,2026-06-03 10:14:59,5769.14401000,161
2026-06-03 10:15:00,1.17000000,1.17200000,1.17000000,1.17200000,3338.78000000,2026-06-03 10:19:59,3909.16860000,75
2026-06-03 10:20:00,1.17200000,1.17200000,1.16700000,1.16700000,2552.28000000,2026-06-03 10:24:59,2982.07594000,37
2026-06-03 10:25:00,1.16700000,1.16700000,1.16400000,1.16400000,2862.67000000,2026-06-03 10:29:59,3336.37879000,35
2026-06-03 10:30:00,1.16500000,1.16700000,1.16400000,1.16400000,2122.18000000,2026-06-03 10:34:59,2473.25698000,27
2026-06-03 10:35:00,1.16400000,1.16700000,1.16300000,1.16600000,3977.06000000,2026-06-03 10:39:59,4629.16865000,39
2026-06-03 10:40:00,1.16700000,1.16700000,1.16100000,1.16100000,2124.49000000,2026-06-03 10:44:59,2476.41608000,46
2026-06-03 10:45:00,1.16000000,1.16100000,1.15900000,1.15900000,4092.45000000,2026-06-03 10:49:59,4744.56462000,41
2026-06-03 10:50:00,1.16000000,1.16300000,1.16000000,1.16300000,5681.11000000,2026-06-03 10:54:59,6600.88134000,37
2026-06-03 10:55:00,1.16300000,1.16500000,1.16100000,1.16200000,1041.14000000,2026-06-03 10:59:59,1211.64908000,23
2026-06-03 11:00:00,1.16200000,1.16200000,1.15900000,1.15900000,3235.27000000,2026-06-03 11:04:59,3752.88876000,29
2026-06-03 11:05:00,1.15800000,1.16100000,1.15800000,1.16000000,5689.68000000,2026-06-03 11:09:59,6601.43895000,51
2026-06-03 11:10:00,1.16100000,1.16200000,1.15900000,1.16100000,3601.02000000,2026-06-03 11:14:59,4180.79166000,56
2026-06-03 11:15:00,1.16100000,1.16200000,1.15700000,1.15800000,6388.37000000,2026-06-03 11:19:59,7401.76017000,85
2026-06-03 11:20:00,1.15700000,1.15700000,1.15500000,1.15500000,3721.79000000,2026-06-03 11:24:59,4305.41690000,44
2026-06-03 11:25:00,1.15400000,1.15600000,1.15400000,1.15500000,2064.76000000,2026-06-03 11:29:59,2382.96914000,21
2026-06-03 11:30:00,1.15600000,1.15600000,1.15400000,1.15500000,2859.09000000,2026-06-03 11:34:59,3301.90073000,24
2026-06-03 11:35:00,1.15500000,1.16400000,1.15500000,1.16400000,2093.18000000,2026-06-03 11:39:59,2429.98608000,47
2026-06-03 11:40:00,1.16300000,1.16400000,1.16100000,1.16300000,4096.80000000,2026-06-03 11:44:59,4764.19068000,51
2026-06-03 11:45:00,1.16200000,1.16500000,1.16200000,1.16500000,803.40000000,2026-06-03 11:49:59,934.99569000,25
2026-06-03 11:50:00,1.16400000,1.16700000,1.16400000,1.16600000,3101.81000000,2026-06-03 11:54:59,3614.31385000,33
2026-06-03 11:55:00,1.16500000,1.16600000,1.16300000,1.16500000,958.52000000,2026-06-03 11:59:59,1116.60050000,18
2026-06-03 12:00:00,1.16400000,1.16500000,1.16300000,1.16500000,1745.59000000,2026-06-03 12:04:59,2031.65198000,29
2026-06-03 12:05:00,1.16500000,1.16500000,1.16200000,1.16400000,2673.24000000,2026-06-03 12:09:59,3109.59571000,29
2026-06-03 12:10:00,1.16400000,1.16500000,1.16200000,1.16500000,699.40000000,2026-06-03 12:14:59,813.34314000,17
2026-06-03 12:15:00,1.16300000,1.16400000,1.15800000,1.15800000,1463.42000000,2026-06-03 12:19:59,1700.86233000,31
2026-06-03 12:20:00,1.15800000,1.15800000,1.15600000,1.15600000,2414.11000000,2026-06-03 12:24:59,2792.33835000,24
2026-06-03 12:25:00,1.15500000,1.16100000,1.15500000,1.16000000,5039.89000000,2026-06-03 12:29:59,5828.90051000,31
2026-06-03 12:30:00,1.16000000,1.16000000,1.15100000,1.15100000,6120.97000000,2026-06-03 12:34:59,7069.96481000,65
2026-06-03 12:35:00,1.15100000,1.15300000,1.14900000,1.14900000,12853.52000000,2026-06-03 12:39:59,14778.47685000,67
2026-06-03 12:40:00,1.15100000,1.15300000,1.15100000,1.15200000,2444.00000000,2026-06-03 12:44:59,2815.77885000,22
2026-06-03 12:45:00,1.15100000,1.15300000,1.14800000,1.15300000,4863.89000000,2026-06-03 12:49:59,5593.87798000,53
2026-06-03 12:50:00,1.15200000,1.15200000,1.15000000,1.15000000,1374.52000000,2026-06-03 12:54:59,1582.16997000,11
2026-06-03 12:55:00,1.14900000,1.15100000,1.14700000,1.14700000,1025.60000000,2026-06-03 12:59:59,1177.00295000,25
2026-06-03 13:00:00,1.14800000,1.14800000,1.14200000,1.14600000,6664.39000000,2026-06-03 13:04:59,7632.41343000,78
2026-06-03 13:05:00,1.14700000,1.14800000,1.13800000,1.14400000,4120.98000000,2026-06-03 13:09:59,4713.77149000,66
2026-06-03 13:10:00,1.14200000,1.14500000,1.14100000,1.14400000,1363.54000000,2026-06-03 13:14:59,1559.57538000,32
2026-06-03 13:15:00,1.14200000,1.14700000,1.14100000,1.14200000,2979.15000000,2026-06-03 13:19:59,3404.61805000,55
2026-06-03 13:20:00,1.14100000,1.14100000,1.13200000,1.13200000,5441.21000000,2026-06-03 13:24:59,6180.20619000,95
2026-06-03 13:25:00,1.13200000,1.13600000,1.13100000,1.13600000,7238.04000000,2026-06-03 13:29:59,8193.11540000,45
2026-06-03 13:30:00,1.13600000,1.13900000,1.13300000,1.13700000,18252.39000000,2026-06-03 13:34:59,20782.30940000,55
2026-06-03 13:35:00,1.13700000,1.14500000,1.13700000,1.14500000,2083.62000000,2026-06-03 13:39:59,2379.49914000,44
2026-06-03 13:40:00,1.14500000,1.14600000,1.14500000,1.14600000,622.41000000,2026-06-03 13:44:59,712.87480000,23
2026-06-03 13:45:00,1.14500000,1.14600000,1.14000000,1.14000000,1094.51000000,2026-06-03 13:49:59,1251.79209000,29
2026-06-03 13:50:00,1.14100000,1.14500000,1.13900000,1.14400000,11891.98000000,2026-06-03 13:54:59,13591.51176000,68
2026-06-03 13:55:00,1.14500000,1.14600000,1.14500000,1.14600000,120.50000000,2026-06-03 13:59:59,137.98721000,5
2026-06-03 14:00:00,1.14700000,1.14800000,1.14000000,1.14000000,1188.99000000,2026-06-03 14:04:59,1358.95143000,37
2026-06-03 14:05:00,1.13900000,1.13900000,1.13500000,1.13700000,6208.91000000,2026-06-03 14:09:59,7057.59170000,59
2026-06-03 14:10:00,1.13600000,1.13800000,1.13600000,1.13600000,3737.41000000,2026-06-03 14:14:59,4247.23697000,24
2026-06-03 14:15:00,1.13700000,1.14300000,1.13700000,1.14300000,384.45000000,2026-06-03 14:19:59,438.32770000,23
2026-06-03 14:20:00,1.14300000,1.14300000,1.14100000,1.14300000,1477.39000000,2026-06-03 14:24:59,1687.37882000,25
2026-06-03 14:25:00,1.14100000,1.14500000,1.14100000,1.14500000,182.27000000,2026-06-03 14:29:59,208.10309000,9
2026-06-03 14:30:00,1.14600000,1.15300000,1.14500000,1.15200000,2573.08000000,2026-06-03 14:34:59,2960.70830000,48
2026-06-03 14:35:00,1.15100000,1.15400000,1.15000000,1.15400000,3261.30000000,2026-06-03 14:39:59,3758.88240000,49
2026-06-03 14:40:00,1.15300000,1.15300000,1.15200000,1.15200000,127.60000000,2026-06-03 14:44:59,147.09987000,6
2026-06-03 14:45:00,1.15100000,1.15100000,1.14700000,1.14700000,1889.70000000,2026-06-03 14:49:59,2171.81750000,18
2026-06-03 14:50:00,1.14800000,1.14900000,1.14500000,1.14600000,1563.65000000,2026-06-03 14:54:59,1792.03583000,15
2026-06-03 14:55:00,1.14700000,1.14800000,1.14700000,1.14800000,44.00000000,2026-06-03 14:59:59,50.48581000,6
2026-06-03 15:00:00,1.14800000,1.15100000,1.14800000,1.15000000,943.45000000,2026-06-03 15:04:59,1085.03887000,22
2026-06-03 15:05:00,1.14900000,1.14900000,1.14900000,1.14900000,373.45000000,2026-06-03 15:09:59,429.09405000,8
2026-06-03 15:10:00,1.14800000,1.14800000,1.14300000,1.14400000,1195.02000000,2026-06-03 15:14:59,1367.32886000,25
2026-06-03 15:15:00,1.14200000,1.14200000,1.13900000,1.13900000,962.61000000,2026-06-03 15:19:59,1096.79244000,15
2026-06-03 15:20:00,1.13900000,1.13900000,1.13600000,1.13800000,4380.03000000,2026-06-03 15:24:59,4980.82648000,44
2026-06-03 15:25:00,1.13800000,1.13800000,1.13800000,1.13800000,54.74000000,2026-06-03 15:29:59,62.29412000,5
2026-06-03 15:30:00,1.13700000,1.13900000,1.13600000,1.13600000,3821.39000000,2026-06-03 15:34:59,4350.69577000,41
2026-06-03 15:35:00,1.13600000,1.14000000,1.13500000,1.14000000,1788.25000000,2026-06-03 15:39:59,2034.06888000,34
2026-06-03 15:40:00,1.14000000,1.14200000,1.14000000,1.14000000,932.96000000,2026-06-03 15:44:59,1064.56241000,21
2026-06-03 15:45:00,1.13900000,1.14200000,1.13900000,1.14200000,1102.01000000,2026-06-03 15:49:59,1256.58527000,12
2026-06-03 15:50:00,1.14100000,1.14200000,1.14100000,1.14200000,1594.65000000,2026-06-03 15:54:59,1819.50819000,7
2026-06-03 15:55:00,1.14200000,1.14300000,1.14200000,1.14200000,135.83000000,2026-06-03 15:59:59,155.22258000,6
2026-06-03 16:00:00,1.14200000,1.14300000,1.14200000,1.14300000,427.35000000,2026-06-03 16:04:59,488.16565000,11
2026-06-03 16:05:00,1.14300000,1.14300000,1.13100000,1.13100000,115031.49000000,2026-06-03 16:09:59,130717.98106000,361
2026-06-03 16:10:00,1.13100000,1.13600000,1.13100000,1.13600000,14042.25000000,2026-06-03 16:14:59,15940.30044000,54
2026-06-03 16:15:00,1.13600000,1.13600000,1.13200000,1.13300000,2853.67000000,2026-06-03 16:19:59,3233.81938000,36
2026-06-03 16:20:00,1.13200000,1.13200000,1.13000000,1.13000000,3307.38000000,2026-06-03 16:24:59,3739.77941000,55
2026-06-03 16:25:00,1.13100000,1.13100000,1.12500000,1.12800000,12336.00000000,2026-06-03 16:29:59,13901.11304000,84
2026-06-03 16:30:00,1.12900000,1.13400000,1.12700000,1.13300000,30689.25000000,2026-06-03 16:34:59,34751.84094000,97
2026-06-03 16:35:00,1.13300000,1.13600000,1.13300000,1.13600000,207.11000000,2026-06-03 16:39:59,234.83101000,8
2026-06-03 16:40:00,1.13600000,1.13800000,1.13600000,1.13800000,410.09000000,2026-06-03 16:44:59,466.40416000,14
2026-06-03 16:45:00,1.13700000,1.14000000,1.13700000,1.14000000,1599.74000000,2026-06-03 16:49:59,1823.14093000,38
2026-06-03 16:50:00,1.13900000,1.13900000,1.12900000,1.12900000,3535.26000000,2026-06-03 16:54:59,4007.55254000,54
2026-06-03 16:55:00,1.12800000,1.12900000,1.12500000,1.12700000,2194.29000000,2026-06-03 16:59:59,2473.45386000,42
2026-06-03 17:00:00,1.12600000,1.12600000,1.12100000,1.12500000,1715.02000000,2026-06-03 17:04:59,1926.80940000,56
2026-06-03 17:05:00,1.12600000,1.13000000,1.12600000,1.12900000,1759.08000000,2026-06-03 17:09:59,1984.58190000,28
2026-06-03 17:10:00,1.13000000,1.13700000,1.13000000,1.13700000,2541.62000000,2026-06-03 17:14:59,2883.33541000,41
2026-06-03 17:15:00,1.13600000,1.13600000,1.12600000,1.12800000,9812.86000000,2026-06-03 17:19:59,11115.09575000,80
2026-06-03 17:20:00,1.12900000,1.13200000,1.12900000,1.13200000,2241.17000000,2026-06-03 17:24:59,2534.32092000,29
2026-06-03 17:25:00,1.13300000,1.13600000,1.13300000,1.13500000,1650.61000000,2026-06-03 17:29:59,1872.87041000,34
2026-06-03 17:30:00,1.13500000,1.13500000,1.13000000,1.13000000,3366.15000000,2026-06-03 17:34:59,3815.30325000,33
2026-06-03 17:35:00,1.13100000,1.13300000,1.12800000,1.13000000,519.15000000,2026-06-03 17:39:59,586.76280000,27
2026-06-03 17:40:00,1.12900000,1.13000000,1.12500000,1.12500000,2973.94000000,2026-06-03 17:44:59,3348.18716000,36
2026-06-03 17:45:00,1.12500000,1.12600000,1.12100000,1.12300000,2836.23000000,2026-06-03 17:49:59,3188.94977000,45
2026-06-03 17:50:00,1.12400000,1.12400000,1.11700000,1.11800000,14300.55000000,2026-06-03 17:54:59,16027.56255000,110
2026-06-03 17:55:00,1.11800000,1.11800000,1.11100000,1.11500000,8566.96000000,2026-06-03 17:59:59,9544.48203000,144
2026-06-03 18:00:00,1.11400000,1.12500000,1.11300000,1.12400000,9870.80000000,2026-06-03 18:04:59,11037.54656000,82
2026-06-03 18:05:00,1.12500000,1.12900000,1.12500000,1.12900000,1825.61000000,2026-06-03 18:09:59,2060.75238000,23
2026-06-03 18:10:00,1.12800000,1.12800000,1.12500000,1.12500000,4409.71000000,2026-06-03 18:14:59,4968.45351000,26
2026-06-03 18:15:00,1.12400000,1.12900000,1.12300000,1.12900000,2263.52000000,2026-06-03 18:19:59,2550.97670000,19
2026-06-03 18:20:00,1.12800000,1.12900000,1.12600000,1.12600000,577.66000000,2026-06-03 18:24:59,651.55918000,8
2026-06-03 18:25:00,1.12600000,1.12800000,1.12600000,1.12800000,1040.66000000,2026-06-03 18:29:59,1172.52298000,12
2026-06-03 18:30:00,1.12800000,1.13400000,1.12800000,1.13100000,1910.38000000,2026-06-03 18:34:59,2161.23561000,36
2026-06-03 18:35:00,1.13400000,1.13400000,1.12800000,1.12800000,7817.95000000,2026-06-03 18:39:59,8842.28796000,53
2026-06-03 18:40:00,1.12700000,1.13600000,1.12600000,1.13300000,2735.27000000,2026-06-03 18:44:59,3093.62377000,68
2026-06-03 18:45:00,1.13300000,1.14400000,1.13300000,1.13900000,9086.30000000,2026-06-03 18:49:59,10344.09097000,103
2026-06-03 18:50:00,1.14000000,1.14200000,1.13900000,1.14200000,5830.39000000,2026-06-03 18:54:59,6647.21162000,42
2026-06-03 18:55:00,1.14200000,1.14700000,1.14200000,1.14600000,3615.19000000,2026-06-03 18:59:59,4134.25780000,66
2026-06-03 19:00:00,1.14700000,1.14700000,1.14400000,1.14500000,6280.72000000,2026-06-03 19:04:59,7199.01422000,63
2026-06-03 19:05:00,1.14500000,1.14700000,1.14000000,1.14000000,3831.07000000,2026-06-03 19:09:59,4375.75156000,27
2026-06-03 19:10:00,1.14300000,1.14300000,1.14000000,1.14000000,352.42000000,2026-06-03 19:14:59,402.08969000,8
2026-06-03 19:15:00,1.14000000,1.14000000,1.13800000,1.14000000,834.11000000,2026-06-03 19:19:59,950.22476000,22
2026-06-03 19:20:00,1.14000000,1.14000000,1.13600000,1.13800000,277.69000000,2026-06-03 19:24:59,315.94038000,13
2026-06-03 19:25:00,1.13900000,1.13900000,1.13800000,1.13800000,913.67000000,2026-06-03 19:29:59,1039.87516000,15
2026-06-03 19:30:00,1.13800000,1.13900000,1.13800000,1.13800000,225.76000000,2026-06-03 19:34:59,256.91962000,9
2026-06-03 19:35:00,1.13700000,1.13700000,1.13100000,1.13200000,4549.52000000,2026-06-03 19:39:59,5155.68280000,57
2026-06-03 19:40:00,1.13300000,1.13600000,1.13300000,1.13600000,769.78000000,2026-06-03 19:44:59,873.83754000,15
2026-06-03 19:45:00,1.13400000,1.13400000,1.13300000,1.13400000,424.34000000,2026-06-03 19:49:59,480.84340000,8
2026-06-03 19:50:00,1.13200000,1.13300000,1.13000000,1.13100000,3079.65000000,2026-06-03 19:54:59,3483.32328000,46
2026-06-03 19:55:00,1.13100000,1.13400000,1.13000000,1.13100000,785.54000000,2026-06-03 19:59:59,888.94862000,16
2026-06-03 20:00:00,1.13000000,1.13000000,1.12300000,1.12600000,19768.85000000,2026-06-03 20:04:59,22255.34079000,117
2026-06-03 20:05:00,1.12400000,1.12800000,1.12200000,1.12400000,624.31000000,2026-06-03 20:09:59,701.65384000,27
2026-06-03 20:10:00,1.12300000,1.12600000,1.12300000,1.12500000,643.78000000,2026-06-03 20:14:59,723.93458000,10
2026-06-03 20:15:00,1.12400000,1.12600000,1.12200000,1.12300000,3064.45000000,2026-06-03 20:19:59,3445.35769000,41
2026-06-03 20:20:00,1.12400000,1.12500000,1.12200000,1.12200000,1032.16000000,2026-06-03 20:24:59,1159.54000000,26
2026-06-03 20:25:00,1.12300000,1.12600000,1.12300000,1.12600000,292.74000000,2026-06-03 20:29:59,329.54810000,12
2026-06-03 20:30:00,1.12600000,1.13100000,1.12600000,1.12800000,1650.67000000,2026-06-03 20:34:59,1863.60034000,31
2026-06-03 20:35:00,1.12600000,1.12600000,1.12300000,1.12300000,343.02000000,2026-06-03 20:39:59,385.32272000,10
2026-06-03 20:40:00,1.12500000,1.12600000,1.12300000,1.12400000,420.72000000,2026-06-03 20:44:59,473.29005000,13
2026-06-03 20:45:00,1.12300000,1.12500000,1.12300000,1.12500000,376.57000000,2026-06-03 20:49:59,423.17221000,12
2026-06-03 20:50:00,1.12500000,1.12500000,1.12400000,1.12400000,203.99000000,2026-06-03 20:54:59,229.47796000,7
2026-06-03 20:55:00,1.12300000,1.12300000,1.12100000,1.12200000,1901.23000000,2026-06-03 20:59:59,2133.21025000,19
2026-06-03 21:00:00,1.12200000,1.13000000,1.12200000,1.12900000,6622.42000000,2026-06-03 21:04:59,7469.74457000,65
2026-06-03 21:05:00,1.12900000,1.12900000,1.12700000,1.12900000,1837.02000000,2026-06-03 21:09:59,2073.69452000,24
2026-06-03 21:10:00,1.12800000,1.12900000,1.12700000,1.12900000,3293.94000000,2026-06-03 21:14:59,3716.24176000,23
2026-06-03 21:15:00,1.13000000,1.13100000,1.12800000,1.13100000,2062.92000000,2026-06-03 21:19:59,2331.77014000,29
2026-06-03 21:20:00,1.13100000,1.13200000,1.12800000,1.12800000,3440.08000000,2026-06-03 21:24:59,3884.70587000,51
2026-06-03 21:25:00,1.12800000,1.12800000,1.11100000,1.11100000,8346.44000000,2026-06-03 21:29:59,9335.21498000,142
2026-06-03 21:30:00,1.11100000,1.11900000,1.11000000,1.11600000,12779.76000000,2026-06-03 21:34:59,14225.15466000,143
2026-06-03 21:35:00,1.11700000,1.11800000,1.10300000,1.10500000,12988.87000000,2026-06-03 21:39:59,14385.64747000,173
2026-06-03 21:40:00,1.10600000,1.11800000,1.10600000,1.11700000,3287.67000000,2026-06-03 21:44:59,3662.23844000,75
2026-06-03 21:45:00,1.11600000,1.11600000,1.10600000,1.10700000,1853.47000000,2026-06-03 21:49:59,2056.54696000,39
2026-06-03 21:50:00,1.10800000,1.10900000,1.10400000,1.10600000,907.15000000,2026-06-03 21:54:59,1003.41138000,50
2026-06-03 21:55:00,1.10600000,1.10700000,1.10200000,1.10700000,11166.69000000,2026-06-03 21:59:59,12335.33309000,113
2026-06-03 22:00:00,1.10600000,1.11000000,1.10400000,1.10900000,6955.45000000,2026-06-03 22:04:59,7709.12078000,65
2026-06-03 22:05:00,1.11100000,1.11100000,1.09800000,1.10000000,8613.95000000,2026-06-03 22:09:59,9482.47592000,119
2026-06-03 22:10:00,1.10100000,1.10100000,1.09600000,1.09800000,5416.63000000,2026-06-03 22:14:59,5948.19621000,91
2026-06-03 22:15:00,1.09600000,1.09800000,1.08500000,1.08600000,26125.68000000,2026-06-03 22:19:59,28521.05544000,355
2026-06-03 22:20:00,1.08700000,1.08900000,1.07200000,1.07400000,175570.27000000,2026-06-03 22:24:59,189549.65302000,851
2026-06-03 22:25:00,1.07400000,1.08400000,1.07100000,1.07400000,14606.40000000,2026-06-03 22:29:59,15724.61384000,181
2026-06-03 22:30:00,1.07500000,1.08200000,1.07500000,1.08100000,8545.12000000,2026-06-03 22:34:59,9221.83230000,85
2026-06-03 22:35:00,1.08200000,1.08800000,1.08100000,1.08200000,2330.75000000,2026-06-03 22:39:59,2526.01441000,61
2026-06-03 22:40:00,1.08200000,1.08600000,1.08100000,1.08300000,12359.20000000,2026-06-03 22:44:59,13391.62710000,97
2026-06-03 22:45:00,1.08200000,1.08200000,1.07600000,1.07600000,16148.88000000,2026-06-03 22:49:59,17433.59289000,120
2026-06-03 22:50:00,1.07500000,1.07600000,1.06000000,1.06400000,33023.09000000,2026-06-03 22:54:59,35222.15788000,348
2026-06-03 22:55:00,1.06200000,1.06200000,1.05600000,1.05600000,20732.46000000,2026-06-03 22:59:59,21947.73484000,205
2026-06-03 23:00:00,1.05800000,1.06000000,0.98800000,0.99600000,348491.63000000,2026-06-03 23:04:59,355986.72735000,2708
2026-06-03 23:05:00,0.99700000,1.03300000,0.99600000,1.02300000,139923.18000000,2026-06-03 23:09:59,141871.61044000,1074
2026-06-03 23:10:00,1.02200000,1.03400000,1.02200000,1.03000000,12893.10000000,2026-06-03 23:14:59,13273.17290000,149
2026-06-03 23:15:00,1.03000000,1.03500000,1.02400000,1.03100000,83031.97000000,2026-06-03 23:19:59,85533.80558000,366
2026-06-03 23:20:00,1.03100000,1.04100000,1.03000000,1.04100000,9321.80000000,2026-06-03 23:24:59,9635.17448000,148
2026-06-03 23:25:00,1.04200000,1.04200000,1.03600000,1.03600000,12291.70000000,2026-06-03 23:29:59,12770.40260000,109
2026-06-03 23:30:00,1.03700000,1.04200000,1.03400000,1.04100000,20922.70000000,2026-06-03 23:34:59,21706.12745000,154
2026-06-03 23:35:00,1.03900000,1.04300000,1.03700000,1.04300000,13557.03000000,2026-06-03 23:39:59,14087.36152000,108
2026-06-03 23:40:00,1.04300000,1.05000000,1.04200000,1.04900000,21690.62000000,2026-06-03 23:44:59,22663.02671000,139
2026-06-03 23:45:00,1.05000000,1.05000000,1.04400000,1.04800000,5755.97000000,2026-06-03 23:49:59,6023.03597000,73
2026-06-03 23:50:00,1.04900000,1.05000000,1.04400000,1.04600000,21984.03000000,2026-06-03 23:54:59,22987.56527000,94
2026-06-03 23:55:00,1.04500000,1.04600000,1.04300000,1.04500000,16482.21000000,2026-06-03 23:59:59,17211.36724000,120
2026-06-04 00:00:00,1.04500000,1.05600000,1.04500000,1.05600000,34708.62000000,2026-06-04 00:04:59,36560.12596000,170
2026-06-04 00:05:00,1.05600000,1.06300000,1.05500000,1.05900000,33708.61000000,2026-06-04 00:09:59,35719.97197000,139
2026-06-04 00:10:00,1.05900000,1.06100000,1.05300000,1.05600000,36739.79000000,2026-06-04 00:14:59,38775.78084000,147
2026-06-04 00:15:00,1.05600000,1.06000000,1.05600000,1.05900000,4513.24000000,2026-06-04 00:19:59,4777.65911000,45
2026-06-04 00:20:00,1.05900000,1.06300000,1.05900000,1.06000000,12204.93000000,2026-06-04 00:24:59,12937.19790000,79
2026-06-04 00:25:00,1.06000000,1.06300000,1.05800000,1.05800000,4959.70000000,2026-06-04 00:29:59,5260.15947000,54
2026-06-04 00:30:00,1.05800000,1.06500000,1.05700000,1.06300000,22657.41000000,2026-06-04 00:34:59,24091.02671000,119
2026-06-04 00:35:00,1.06400000,1.06800000,1.06100000,1.06700000,55695.05000000,2026-06-04 00:39:59,59282.97581000,156
2026-06-04 00:40:00,1.06700000,1.07100000,1.06600000,1.06800000,8814.55000000,2026-06-04 00:44:59,9404.78781000,79
2026-06-04 00:45:00,1.06900000,1.06900000,1.06500000,1.06500000,8935.45000000,2026-06-04 00:49:59,9529.10882000,40
2026-06-04 00:50:00,1.06600000,1.06600000,1.06400000,1.06500000,6094.58000000,2026-06-04 00:54:59,6491.57461000,51
2026-06-04 00:55:00,1.06400000,1.06500000,1.06200000,1.06500000,1976.44000000,2026-06-04 00:59:59,2100.44509000,31
2026-06-04 01:00:00,1.06500000,1.06800000,1.06400000,1.06800000,4837.52000000,2026-06-04 01:04:59,5162.60817000,58
2026-06-04 01:05:00,1.06800000,1.06900000,1.06400000,1.06500000,7483.94000000,2026-06-04 01:09:59,7985.34024000,68
2026-06-04 01:10:00,1.06600000,1.07100000,1.06600000,1.06800000,3932.08000000,2026-06-04 01:14:59,4206.55758000,65
2026-06-04 01:15:00,1.07000000,1.07000000,1.06500000,1.06500000,4268.19000000,2026-06-04 01:19:59,4551.88005000,42
2026-06-04 01:20:00,1.06500000,1.06600000,1.06300000,1.06400000,5269.89000000,2026-06-04 01:24:59,5612.94616000,44
2026-06-04 01:25:00,1.06400000,1.06400000,1.05900000,1.05900000,14922.47000000,2026-06-04 01:29:59,15825.59129000,87
2026-06-04 01:30:00,1.05900000,1.06000000,1.05400000,1.05400000,6470.59000000,2026-06-04 01:34:59,6846.29699000,68
2026-06-04 01:35:00,1.05500000,1.05500000,1.05100000,1.05400000,7663.39000000,2026-06-04 01:39:59,8074.60128000,84
2026-06-04 01:40:00,1.05400000,1.05600000,1.05300000,1.05500000,6413.49000000,2026-06-04 01:44:59,6757.77999000,48
2026-06-04 01:45:00,1.05500000,1.05500000,1.05300000,1.05400000,1976.65000000,2026-06-04 01:49:59,2082.40316000,19
2026-06-04 01:50:00,1.05300000,1.05300000,1.05100000,1.05200000,2720.56000000,2026-06-04 01:54:59,2861.35037000,40
2026-06-04 01:55:00,1.05200000,1.05300000,1.05000000,1.05000000,15876.62000000,2026-06-04 01:59:59,16677.36377000,64
2026-06-04 02:00:00,1.05000000,1.05000000,1.04100000,1.04100000,2939.46000000,2026-06-04 02:04:59,3069.93025000,54
2026-06-04 02:05:00,1.04100000,1.04200000,1.03700000,1.04000000,9108.21000000,2026-06-04 02:09:59,9465.80986000,54
2026-06-04 02:10:00,1.03700000,1.03900000,1.03300000,1.03900000,2833.32000000,2026-06-04 02:14:59,2935.49612000,36
2026-06-04 02:15:00,1.03900000,1.03900000,1.03300000,1.03400000,11769.22000000,2026-06-04 02:19:59,12192.38449000,64
2026-06-04 02:20:00,1.03500000,1.03600000,1.03200000,1.03600000,7752.59000000,2026-06-04 02:24:59,8020.78682000,38
2026-06-04 02:25:00,1.03700000,1.03700000,1.03000000,1.03300000,2881.78000000,2026-06-04 02:29:59,2979.16524000,34
2026-06-04 02:30:00,1.03200000,1.03800000,1.03100000,1.03800000,14121.79000000,2026-06-04 02:34:59,14583.21518000,58
2026-06-04 02:35:00,1.04000000,1.04200000,1.03700000,1.04100000,5083.74000000,2026-06-04 02:39:59,5284.68798000,58
2026-06-04 02:40:00,1.04000000,1.04500000,1.04000000,1.04400000,5031.86000000,2026-06-04 02:44:59,5253.57622000,31
2026-06-04 02:45:00,1.04300000,1.04300000,1.03900000,1.03900000,2951.68000000,2026-06-04 02:49:59,3075.82570000,25
2026-06-04 02:50:00,1.03900000,1.03900000,1.03700000,1.03900000,7501.04000000,2026-06-04 02:54:59,7780.51204000,26
2026-06-04 02:55:00,1.03900000,1.04100000,1.03800000,1.03900000,722.44000000,2026-06-04 02:59:59,750.77080000,18
2026-06-04 03:00:00,1.03800000,1.04000000,1.03600000,1.04000000,8237.76000000,2026-06-04 03:04:59,8554.26046000,63
2026-06-04 03:05:00,1.04100000,1.04100000,1.04000000,1.04100000,1281.09000000,2026-06-04 03:09:59,1332.71252000,18
2026-06-04 03:10:00,1.04100000,1.04200000,1.04100000,1.04200000,506.43000000,2026-06-04 03:14:59,527.41188000,13
2026-06-04 03:15:00,1.04200000,1.05000000,1.04100000,1.04700000,19606.89000000,2026-06-04 03:19:59,20531.34967000,116
2026-06-04 03:20:00,1.04600000,1.04600000,1.04300000,1.04300000,22324.38000000,2026-06-04 03:24:59,23287.41864000,40
2026-06-04 03:25:00,1.04400000,1.04500000,1.04200000,1.04300000,1040.36000000,2026-06-04 03:29:59,1086.05245000,18
2026-06-04 03:30:00,1.04200000,1.04200000,1.03600000,1.03800000,11954.41000000,2026-06-04 03:34:59,12419.99872000,77
2026-06-04 03:35:00,1.03800000,1.04300000,1.03800000,1.04100000,1853.32000000,2026-06-04 03:39:59,1929.30082000,40
2026-06-04 03:40:00,1.04200000,1.04200000,1.04100000,1.04100000,2143.07000000,2026-06-04 03:44:59,2232.01147000,19
2026-06-04 03:45:00,1.04100000,1.04100000,1.03600000,1.03600000,6032.09000000,2026-06-04 03:49:59,6262.42094000,35
2026-06-04 03:50:00,1.03700000,1.04200000,1.03700000,1.03800000,5814.23000000,2026-06-04 03:54:59,6042.43433000,72
2026-06-04 03:55:00,1.03700000,1.03800000,1.03300000,1.03400000,4921.26000000,2026-06-04 03:59:59,5096.76325000,39
2026-06-04 04:00:00,1.03400000,1.03500000,1.02900000,1.02900000,8118.30000000,2026-06-04 04:04:59,8369.07026000,69
2026-06-04 04:05:00,1.03000000,1.03100000,1.02600000,1.02700000,28755.73000000,2026-06-04 04:09:59,29579.12194000,96
2026-06-04 04:10:00,1.02700000,1.02900000,1.02500000,1.02900000,27132.41000000,2026-06-04 04:14:59,27852.74229000,154
2026-06-04 04:15:00,1.03000000,1.03000000,1.02000000,1.02200000,55853.63000000,2026-06-04 04:19:59,57156.31600000,265
2026-06-04 04:20:00,1.02200000,1.02200000,1.01700000,1.02000000,19601.69000000,2026-06-04 04:24:59,19986.35206000,103
2026-06-04 04:25:00,1.02100000,1.02400000,1.02000000,1.02200000,6011.71000000,2026-06-04 04:29:59,6141.87652000,51
2026-06-04 04:30:00,1.02100000,1.03000000,1.02000000,1.02000000,44204.37000000,2026-06-04 04:34:59,45304.92603000,143
2026-06-04 04:35:00,1.02200000,1.02600000,1.02200000,1.02500000,5737.36000000,2026-06-04 04:39:59,5875.56169000,47
2026-06-04 04:40:00,1.02500000,1.02700000,1.02300000,1.02400000,3449.80000000,2026-06-04 04:44:59,3534.58313000,30
2026-06-04 04:45:00,1.02300000,1.02300000,1.02100000,1.02300000,2071.02000000,2026-06-04 04:49:59,2116.40640000,40
2026-06-04 04:50:00,1.02200000,1.02200000,1.02000000,1.02000000,4412.13000000,2026-06-04 04:54:59,4504.91144000,50
2026-06-04 04:55:00,1.02100000,1.02100000,1.01400000,1.01500000,8336.27000000,2026-06-04 04:59:59,8479.40641000,95
2026-06-04 05:00:00,1.01500000,1.01900000,1.01200000,1.01900000,11420.32000000,2026-06-04 05:04:59,11604.85057000,78
2026-06-04 05:05:00,1.01900000,1.02000000,1.01100000,1.01200000,13785.59000000,2026-06-04 05:09:59,13973.61373000,78
2026-06-04 05:10:00,1.01300000,1.01400000,1.00600000,1.00700000,16849.12000000,2026-06-04 05:14:59,17021.17391000,136
2026-06-04 05:15:00,1.00700000,1.01600000,1.00400000,1.01600000,17115.80000000,2026-06-04 05:19:59,17252.34181000,120
2026-06-04 05:20:00,1.01700000,1.01900000,1.01300000,1.01700000,13256.79000000,2026-06-04 05:24:59,13474.20800000,100
2026-06-04 05:25:00,1.01700000,1.01800000,1.01500000,1.01800000,5119.17000000,2026-06-04 05:29:59,5199.78782000,43
2026-06-04 05:30:00,1.01900000,1.02300000,1.01300000,1.01500000,5596.14000000,2026-06-04 05:34:59,5697.79905000,66
2026-06-04 05:35:00,1.01500000,1.01600000,1.01300000,1.01600000,4590.59000000,2026-06-04 05:39:59,4657.84107000,27
2026-06-04 05:40:00,1.01600000,1.01600000,1.01100000,1.01300000,2571.47000000,2026-06-04 05:44:59,2601.10784000,29
2026-06-04 05:45:00,1.01400000,1.01800000,1.01400000,1.01800000,9330.08000000,2026-06-04 05:49:59,9478.87869000,62
2026-06-04 05:50:00,1.01800000,1.02100000,1.01600000,1.02100000,3054.73000000,2026-06-04 05:54:59,3113.05374000,23
2026-06-04 05:55:00,1.02200000,1.02400000,1.01800000,1.01800000,12658.45000000,2026-06-04 05:59:59,12928.10248000,86
2026-06-04 06:00:00,1.01800000,1.01800000,1.00800000,1.01000000,13929.49000000,2026-06-04 06:04:59,14079.00240000,116
2026-06-04 06:05:00,1.01000000,1.01100000,1.00800000,1.00900000,9274.75000000,2026-06-04 06:09:59,9362.47685000,86
2026-06-04 06:10:00,1.00900000,1.00900000,1.00300000,1.00300000,8069.28000000,2026-06-04 06:14:59,8111.98956000,97
2026-06-04 06:15:00,1.00400000,1.00400000,0.99900000,0.99900000,11872.58000000,2026-06-04 06:19:59,11883.80604000,93
2026-06-04 06:20:00,1.00000000,1.00200000,0.99700000,0.99700000,17091.20000000,2026-06-04 06:24:59,17081.23620000,105
2026-06-04 06:25:00,0.99700000,0.99700000,0.99000000,0.99200000,19699.46000000,2026-06-04 06:29:59,19575.76133000,148
2026-06-04 06:30:00,0.99300000,0.99400000,0.98900000,0.99400000,14177.65000000,2026-06-04 06:34:59,14053.94760000,133
2026-06-04 06:35:00,0.99300000,0.99600000,0.99000000,0.99400000,5722.12000000,2026-06-04 06:39:59,5694.30351000,54
2026-06-04 06:40:00,0.99600000,1.00000000,0.99600000,0.99800000,40865.90000000,2026-06-04 06:44:59,40808.91395000,128
2026-06-04 06:45:00,0.99900000,1.00500000,0.99800000,0.99900000,16153.67000000,2026-06-04 06:49:59,16188.30762000,107
2026-06-04 06:50:00,0.99800000,1.00000000,0.99700000,1.00000000,6894.02000000,2026-06-04 06:54:59,6877.06861000,64
2026-06-04 06:55:00,1.00000000,1.00400000,0.99900000,1.00400000,4608.70000000,2026-06-04 06:59:59,4614.96962000,28
2026-06-04 07:00:00,1.00400000,1.00600000,0.99900000,0.99900000,13564.28000000,2026-06-04 07:04:59,13605.99810000,83
2026-06-04 07:05:00,0.99900000,1.00000000,0.99500000,0.99600000,9477.41000000,2026-06-04 07:09:59,9441.78748000,60
2026-06-04 07:10:00,0.99600000,1.00000000,0.99600000,0.99700000,17302.44000000,2026-06-04 07:14:59,17273.04873000,121
2026-06-04 07:15:00,0.99700000,1.00300000,0.99500000,1.00300000,11343.21000000,2026-06-04 07:19:59,11313.45226000,78
2026-06-04 07:20:00,1.00100000,1.00200000,1.00000000,1.00100000,3495.16000000,2026-06-04 07:24:59,3498.43533000,31
2026-06-04 07:25:00,1.00200000,1.00200000,0.99700000,0.99700000,22597.45000000,2026-06-04 07:29:59,22603.72013000,108
2026-06-04 07:30:00,0.99600000,1.00200000,0.99600000,1.00200000,6335.57000000,2026-06-04 07:34:59,6333.64230000,44
2026-06-04 07:35:00,1.00200000,1.00200000,0.99900000,1.00100000,4104.75000000,2026-06-04 07:39:59,4107.32542000,26
2026-06-04 07:40:00,1.00200000,1.00300000,0.99900000,1.00000000,11538.26000000,2026-06-04 07:44:59,11558.52482000,54
2026-06-04 07:45:00,1.00100000,1.00100000,0.99400000,0.99600000,31478.10000000,2026-06-04 07:49:59,31374.66313000,157
2026-06-04 07:50:00,0.99600000,0.99700000,0.98700000,0.98800000,59911.30000000,2026-06-04 07:54:59,59494.31621000,262
2026-06-04 07:55:00,0.98800000,0.99500000,0.98700000,0.99400000,52053.33000000,2026-06-04 07:59:59,51560.01127000,193
2026-06-04 08:00:00,0.99400000,0.99700000,0.99100000,0.99700000,30003.14000000,2026-06-04 08:04:59,29809.20325000,139
2026-06-04 08:05:00,0.99700000,0.99800000,0.99200000,0.99200000,29540.19000000,2026-06-04 08:09:59,29439.65381000,132
2026-06-04 08:10:00,0.99200000,0.99300000,0.98700000,0.98800000,10354.21000000,2026-06-04 08:14:59,10241.55809000,69
2026-06-04 08:15:00,0.98800000,0.99700000,0.98600000,0.99700000,8817.49000000,2026-06-04 08:19:59,8731.72245000,84
2026-06-04 08:20:00,0.99600000,1.00100000,0.99500000,1.00100000,17473.48000000,2026-06-04 08:24:59,17430.90948000,64
2026-06-04 08:25:00,1.00100000,1.00400000,1.00000000,1.00200000,36633.16000000,2026-06-04 08:29:59,36714.91802000,101
2026-06-04 08:30:00,1.00200000,1.00600000,1.00100000,1.00100000,30055.69000000,2026-06-04 08:34:59,30152.87170000,106
2026-06-04 08:35:00,1.00100000,1.00100000,0.99600000,1.00000000,19715.62000000,2026-06-04 08:39:59,19692.74523000,121
2026-06-04 08:40:00,0.99900000,1.00100000,0.99700000,1.00100000,10521.26000000,2026-06-04 08:44:59,10506.53742000,55
2026-06-04 08:45:00,1.00100000,1.01100000,1.00100000,1.01100000,18905.72000000,2026-06-04 08:49:59,19034.29828000,78
2026-06-04 08:50:00,1.01100000,1.01200000,1.00900000,1.01200000,1100.03000000,2026-06-04 08:54:59,1111.71546000,22
2026-06-04 08:55:00,1.01100000,1.01500000,1.01100000,1.01400000,5439.31000000,2026-06-04 08:59:59,5506.00409000,39
2026-06-04 09:00:00,1.01600000,1.01600000,1.01200000,1.01600000,6571.94000000,2026-06-04 09:04:59,6674.73853000,59
2026-06-04 09:05:00,1.01600000,1.01600000,1.00800000,1.00900000,9167.08000000,2026-06-04 09:09:59,9259.58443000,72
2026-06-04 09:10:00,1.00900000,1.01000000,1.00800000,1.00900000,1626.76000000,2026-06-04 09:14:59,1640.55572000,17
2026-06-04 09:15:00,1.01000000,1.01000000,1.00700000,1.00700000,1541.10000000,2026-06-04 09:19:59,1555.94937000,16
2026-06-04 09:20:00,1.00900000,1.02300000,1.00900000,1.02300000,10938.18000000,2026-06-04 09:24:59,11114.89518000,112
2026-06-04 09:25:00,1.02200000,1.02500000,1.02100000,1.02500000,4823.68000000,2026-06-04 09:29:59,4937.37916000,48
2026-06-04 09:30:00,1.02600000,1.03500000,1.02500000,1.03200000,2004.01000000,2026-06-04 09:34:59,2064.03231000,49
2026-06-04 09:35:00,1.03100000,1.03500000,1.02900000,1.03100000,25064.62000000,2026-06-04 09:39:59,25859.12933000,159
2026-06-04 09:40:00,1.03200000,1.03500000,1.03200000,1.03400000,5375.69000000,2026-06-04 09:44:59,5554.55241000,31
2026-06-04 09:45:00,1.03300000,1.03900000,1.03200000,1.03800000,5191.99000000,2026-06-04 09:49:59,5371.54719000,63
2026-06-04 09:50:00,1.03900000,1.04000000,1.03700000,1.03800000,4864.09000000,2026-06-04 09:54:59,5050.83376000,41
2026-06-04 09:55:00,1.03700000,1.03700000,1.03400000,1.03600000,5800.40000000,2026-06-04 09:59:59,6005.87332000,33
2026-06-04 10:00:00,1.03700000,1.03700000,1.03300000,1.03400000,9034.98000000,2026-06-04 10:04:59,9351.56977000,56
2026-06-04 10:05:00,1.03500000,1.03600000,1.03000000,1.03200000,4266.55000000,2026-06-04 10:09:59,4403.66444000,53
2026-06-04 10:10:00,1.03300000,1.03300000,1.02900000,1.03000000,5115.06000000,2026-06-04 10:14:59,5271.04004000,48
2026-06-04 10:15:00,1.02900000,1.03100000,1.02600000,1.02600000,12541.91000000,2026-06-04 10:19:59,12914.75522000,61
2026-06-04 10:20:00,1.02600000,1.02700000,1.02200000,1.02200000,1900.08000000,2026-06-04 10:24:59,1948.31353000,31
2026-06-04 10:25:00,1.02100000,1.02700000,1.02000000,1.02600000,6711.82000000,2026-06-04 10:29:59,6856.35801000,46
2026-06-04 10:30:00,1.02500000,1.03900000,1.02500000,1.03600000,14613.87000000,2026-06-04 10:34:59,15154.61575000,85
2026-06-04 10:35:00,1.03700000,1.04000000,1.03300000,1.03900000,7829.24000000,2026-06-04 10:39:59,8119.23475000,90
2026-06-04 10:40:00,1.03800000,1.03900000,1.03300000,1.03300000,2154.64000000,2026-06-04 10:44:59,2230.18192000,41
2026-06-04 10:45:00,1.03200000,1.03600000,1.03100000,1.03300000,4252.65000000,2026-06-04 10:49:59,4389.03517000,37
2026-06-04 10:50:00,1.03200000,1.03400000,1.03000000,1.03200000,801.00000000,2026-06-04 10:54:59,827.10665000,26
2026-06-04 10:55:00,1.03100000,1.03900000,1.03100000,1.03900000,5422.81000000,2026-06-04 10:59:59,5619.95594000,40
2026-06-04 11:00:00,1.03800000,1.04200000,1.03600000,1.03600000,1996.40000000,2026-06-04 11:04:59,2073.66796000,34
2026-06-04 11:05:00,1.03500000,1.03900000,1.03300000,1.03600000,6704.58000000,2026-06-04 11:09:59,6950.05229000,58
2026-06-04 11:10:00,1.03600000,1.04100000,1.03600000,1.03800000,5812.55000000,2026-06-04 11:14:59,6033.14080000,44
2026-06-04 11:15:00,1.03700000,1.03900000,1.03500000,1.03500000,4295.06000000,2026-06-04 11:19:59,4448.94286000,33
2026-06-04 11:20:00,1.03500000,1.03500000,1.03400000,1.03500000,892.48000000,2026-06-04 11:24:59,923.60380000,13
2026-06-04 11:25:00,1.03500000,1.03500000,1.03500000,1.03500000,434.15000000,2026-06-04 11:29:59,449.34525000,7
2026-06-04 11:30:00,1.03400000,1.03400000,1.03000000,1.03400000,13174.93000000,2026-06-04 11:34:59,13593.64141000,58
2026-06-04 11:35:00,1.03300000,1.03300000,1.02700000,1.02900000,6534.11000000,2026-06-04 11:39:59,6724.55615000,50
2026-06-04 11:40:00,1.03000000,1.03200000,1.02900000,1.02900000,6690.09000000,2026-06-04 11:44:59,6892.02087000,33
2026-06-04 11:45:00,1.02900000,1.03200000,1.02900000,1.03100000,4921.03000000,2026-06-04 11:49:59,5074.25553000,34
2026-06-04 11:50:00,1.03200000,1.03500000,1.03000000,1.03200000,18128.59000000,2026-06-04 11:54:59,18693.68834000,97
2026-06-04 11:55:00,1.03300000,1.03400000,1.03200000,1.03400000,1655.03000000,2026-06-04 11:59:59,1710.90679000,13
2026-06-04 12:00:00,1.03500000,1.03600000,1.03200000,1.03400000,2565.63000000,2026-06-04 12:04:59,2654.15958000,28
2026-06-04 12:05:00,1.03500000,1.04500000,1.03500000,1.04500000,5491.15000000,2026-06-04 12:09:59,5717.41027000,76
2026-06-04 12:10:00,1.04600000,1.04800000,1.04300000,1.04700000,5611.96000000,2026-06-04 12:14:59,5872.09460000,68
2026-06-04 12:15:00,1.04600000,1.04900000,1.04200000,1.04400000,6921.18000000,2026-06-04 12:19:59,7232.84913000,61
2026-06-04 12:20:00,1.04400000,1.04400000,1.03800000,1.04100000,6691.89000000,2026-06-04 12:24:59,6954.33112000,40
2026-06-04 12:25:00,1.04200000,1.04500000,1.03600000,1.04000000,18222.79000000,2026-06-04 12:29:59,18938.44610000,114
2026-06-04 12:30:00,1.04000000,1.04000000,1.03500000,1.03700000,6235.44000000,2026-06-04 12:34:59,6466.48937000,38
2026-06-04 12:35:00,1.03700000,1.03800000,1.03600000,1.03600000,1301.33000000,2026-06-04 12:39:59,1348.47266000,9
2026-06-04 12:40:00,1.03600000,1.03900000,1.03400000,1.03600000,6832.17000000,2026-06-04 12:44:59,7078.77523000,67
2026-06-04 12:45:00,1.03500000,1.03500000,1.03200000,1.03200000,3239.15000000,2026-06-04 12:49:59,3345.01071000,35
2026-06-04 12:50:00,1.03300000,1.03500000,1.03300000,1.03400000,2457.43000000,2026-06-04 12:54:59,2539.62052000,20
2026-06-04 12:55:00,1.03300000,1.03800000,1.03200000,1.03600000,4183.23000000,2026-06-04 12:59:59,4334.42690000,41
2026-06-04 13:00:00,1.03500000,1.03600000,1.03300000,1.03300000,4305.31000000,2026-06-04 13:04:59,4455.84906000,45
2026-06-04 13:05:00,1.03200000,1.03400000,1.03000000,1.03200000,6012.69000000,2026-06-04 13:09:59,6200.70393000,54
2026-06-04 13:10:00,1.03300000,1.03400000,1.03300000,1.03300000,1172.62000000,2026-06-04 13:14:59,1211.68065000,16
2026-06-04 13:15:00,1.03500000,1.03500000,1.03400000,1.03500000,1248.77000000,2026-06-04 13:19:59,1292.31767000,14
2026-06-04 13:20:00,1.03600000,1.04200000,1.03600000,1.04100000,10891.84000000,2026-06-04 13:24:59,11322.60931000,83
2026-06-04 13:25:00,1.04100000,1.04200000,1.03700000,1.03700000,3174.82000000,2026-06-04 13:29:59,3298.91344000,25
2026-06-04 13:30:00,1.03700000,1.03700000,1.03300000,1.03600000,2018.21000000,2026-06-04 13:34:59,2088.67056000,32
2026-06-04 13:35:00,1.03600000,1.04200000,1.03500000,1.04200000,1246.19000000,2026-06-04 13:39:59,1294.29190000,19
2026-06-04 13:40:00,1.04100000,1.04300000,1.04000000,1.04200000,3210.79000000,2026-06-04 13:44:59,3344.09013000,19
2026-06-04 13:45:00,1.04100000,1.04400000,1.04000000,1.04200000,3575.98000000,2026-06-04 13:49:59,3726.22392000,31
2026-06-04 13:50:00,1.04100000,1.04300000,1.04100000,1.04200000,5771.09000000,2026-06-04 13:54:59,6011.04462000,27
2026-06-04 13:55:00,1.04100000,1.04200000,1.03800000,1.04100000,583.81000000,2026-06-04 13:59:59,607.48542000,22
2026-06-04 14:00:00,1.04200000,1.04300000,1.04000000,1.04300000,1027.13000000,2026-06-04 14:04:59,1070.51533000,27
2026-06-04 14:05:00,1.04200000,1.04500000,1.04200000,1.04400000,2001.05000000,2026-06-04 14:09:59,2089.61771000,27
2026-06-04 14:10:00,1.04300000,1.04600000,1.04200000,1.04300000,10789.42000000,2026-06-04 14:14:59,11265.71907000,75
2026-06-04 14:15:00,1.04300000,1.04300000,1.03800000,1.03900000,9841.27000000,2026-06-04 14:19:59,10226.95393000,54
2026-06-04 14:20:00,1.03900000,1.04000000,1.03800000,1.03800000,991.31000000,2026-06-04 14:24:59,1029.98167000,16
2026-06-04 14:25:00,1.04000000,1.04100000,1.04000000,1.04100000,1044.94000000,2026-06-04 14:29:59,1087.30329000,12
2026-06-04 14:30:00,1.04000000,1.04200000,1.03500000,1.03500000,4313.24000000,2026-06-04 14:34:59,4470.17099000,42
2026-06-04 14:35:00,1.03600000,1.03700000,1.03200000,1.03200000,2360.03000000,2026-06-04 14:39:59,2442.43600000,26
2026-06-04 14:40:00,1.03200000,1.03200000,1.03100000,1.03200000,438.02000000,2026-06-04 14:44:59,451.93439000,10
2026-06-04 14:45:00,1.03200000,1.03500000,1.03000000,1.03100000,8847.46000000,2026-06-04 14:49:59,9139.47074000,64
2026-06-04 14:50:00,1.03100000,1.04200000,1.03100000,1.04000000,17675.05000000,2026-06-04 14:54:59,18289.14786000,115
2026-06-04 14:55:00,1.03900000,1.04000000,1.03800000,1.03800000,623.71000000,2026-06-04 14:59:59,647.57894000,12
2026-06-04 15:00:00,1.03900000,1.03900000,1.03400000,1.03400000,5088.35000000,2026-06-04 15:04:59,5281.64570000,38
2026-06-04 15:05:00,1.03300000,1.03400000,1.03100000,1.03200000,2950.74000000,2026-06-04 15:09:59,3045.61698000,22
2026-06-04 15:10:00,1.03100000,1.03100000,1.02700000,1.02700000,3231.61000000,2026-06-04 15:14:59,3327.84366000,40
2026-06-04 15:15:00,1.02700000,1.03700000,1.02700000,1.03400000,10200.20000000,2026-06-04 15:19:59,10551.14096000,63
2026-06-04 15:20:00,1.03300000,1.04000000,1.03300000,1.03900000,2180.45000000,2026-06-04 15:24:59,2260.33349000,22
2026-06-04 15:25:00,1.04000000,1.04500000,1.03800000,1.04500000,12565.23000000,2026-06-04 15:29:59,13079.39608000,82
2026-06-04 15:30:00,1.04500000,1.04900000,1.04300000,1.04500000,8895.27000000,2026-06-04 15:34:59,9297.90027000,73
2026-06-04 15:35:00,1.04500000,1.04600000,1.04400000,1.04500000,4194.46000000,2026-06-04 15:39:59,4383.28899000,29
2026-06-04 15:40:00,1.04500000,1.04700000,1.04300000,1.04500000,3322.65000000,2026-06-04 15:44:59,3472.30840000,28
2026-06-04 15:45:00,1.04400000,1.04900000,1.04400000,1.04900000,3558.75000000,2026-06-04 15:49:59,3723.04268000,41
2026-06-04 15:50:00,1.04900000,1.04900000,1.04800000,1.04900000,1255.36000000,2026-06-04 15:54:59,1316.16508000,19
2026-06-04 15:55:00,1.05000000,1.05100000,1.04700000,1.04800000,7858.29000000,2026-06-04 15:59:59,8236.88215000,40
2026-06-04 16:00:00,1.04800000,1.05200000,1.04600000,1.04600000,1630.68000000,2026-06-04 16:04:59,1710.21806000,38
2026-06-04 16:05:00,1.04600000,1.04600000,1.04500000,1.04500000,404.06000000,2026-06-04 16:09:59,422.41770000,5
2026-06-04 16:10:00,1.04400000,1.04900000,1.04400000,1.04900000,3171.92000000,2026-06-04 16:14:59,3315.94381000,32
2026-06-04 16:15:00,1.05000000,1.05200000,1.04900000,1.05200000,6248.35000000,2026-06-04 16:19:59,6565.20960000,48
2026-06-04 16:20:00,1.05200000,1.05500000,1.05100000,1.05500000,3319.17000000,2026-06-04 16:24:59,3499.71538000,26
2026-06-04 16:25:00,1.05500000,1.06000000,1.05400000,1.05900000,5460.51000000,2026-06-04 16:29:59,5781.98145000,47
2026-06-04 16:30:00,1.05800000,1.06100000,1.05500000,1.06100000,6385.50000000,2026-06-04 16:34:59,6756.68073000,57
2026-06-04 16:35:00,1.06100000,1.06200000,1.05800000,1.06100000,6042.50000000,2026-06-04 16:39:59,6406.63669000,60
2026-06-04 16:40:00,1.06100000,1.06100000,1.06000000,1.06000000,3118.62000000,2026-06-04 16:44:59,3305.74301000,21
2026-06-04 16:45:00,1.05900000,1.05900000,1.05800000,1.05900000,6243.92000000,2026-06-04 16:49:59,6606.41554000,22
2026-06-04 16:50:00,1.06000000,1.06100000,1.05600000,1.05800000,1422.94000000,2026-06-04 16:54:59,1505.66943000,23
2026-06-04 16:55:00,1.05700000,1.05800000,1.05600000,1.05800000,882.03000000,2026-06-04 16:59:59,932.16959000,16
2026-06-04 17:00:00,1.05600000,1.05600000,1.04600000,1.04600000,4141.36000000,2026-06-04 17:04:59,4349.12039000,44
2026-06-04 17:05:00,1.04800000,1.04800000,1.04300000,1.04500000,4147.86000000,2026-06-04 17:09:59,4328.87968000,43
2026-06-04 17:10:00,1.04600000,1.04800000,1.04500000,1.04700000,2605.67000000,2026-06-04 17:14:59,2725.81925000,22
2026-06-04 17:15:00,1.04700000,1.04800000,1.04500000,1.04500000,1010.64000000,2026-06-04 17:19:59,1057.47492000,20
2026-06-04 17:20:00,1.04500000,1.04500000,1.04000000,1.04100000,6072.85000000,2026-06-04 17:24:59,6335.90499000,53
2026-06-04 17:25:00,1.04100000,1.04100000,1.03900000,1.04100000,8031.01000000,2026-06-04 17:29:59,8349.14447000,35
2026-06-04 17:30:00,1.04200000,1.04400000,1.04200000,1.04300000,680.80000000,2026-06-04 17:34:59,710.28372000,11
2026-06-04 17:35:00,1.04200000,1.04300000,1.03900000,1.03900000,1541.23000000,2026-06-04 17:39:59,1603.69650000,26
2026-06-04 17:40:00,1.03900000,1.04300000,1.03900000,1.04100000,3978.08000000,2026-06-04 17:44:59,4144.82829000,30
2026-06-04 17:45:00,1.04000000,1.04200000,1.03700000,1.03900000,2124.06000000,2026-06-04 17:49:59,2209.76430000,27
2026-06-04 17:50:00,1.03900000,1.04000000,1.03800000,1.03900000,1402.46000000,2026-06-04 17:54:59,1457.02458000,22
2026-06-04 17:55:00,1.04000000,1.04200000,1.03900000,1.03900000,10822.60000000,2026-06-04 17:59:59,11257.92915000,76
2026-06-04 18:00:00,1.03900000,1.04100000,1.03800000,1.04100000,1445.07000000,2026-06-04 18:04:59,1502.39940000,27
2026-06-04 18:05:00,1.04100000,1.04400000,1.04100000,1.04300000,3165.21000000,2026-06-04 18:09:59,3300.45502000,24
2026-06-04 18:10:00,1.04300000,1.04300000,1.03900000,1.04000000,10312.25000000,2026-06-04 18:14:59,10725.74995000,56
2026-06-04 18:15:00,1.04000000,1.04000000,1.03300000,1.03300000,9211.11000000,2026-06-04 18:19:59,9553.27693000,60
2026-06-04 18:20:00,1.03400000,1.03400000,1.03000000,1.03000000,5280.78000000,2026-06-04 18:24:59,5445.34947000,42
2026-06-04 18:25:00,1.03100000,1.03200000,1.02600000,1.02700000,6534.31000000,2026-06-04 18:29:59,6724.38900000,38
2026-06-04 18:30:00,1.02700000,1.02700000,1.02100000,1.02200000,7852.02000000,2026-06-04 18:34:59,8049.10729000,53
2026-06-04 18:35:00,1.02200000,1.02200000,1.01700000,1.01700000,15620.67000000,2026-06-04 18:39:59,15912.08841000,83
2026-06-04 18:40:00,1.01600000,1.02300000,1.01400000,1.02300000,10594.82000000,2026-06-04 18:44:59,10795.40150000,62
2026-06-04 18:45:00,1.02300000,1.02500000,1.02000000,1.02200000,3311.87000000,2026-06-04 18:49:59,3384.57972000,27
2026-06-04 18:50:00,1.02100000,1.02100000,1.01800000,1.02000000,10835.52000000,2026-06-04 18:54:59,11037.12706000,52
2026-06-04 18:55:00,1.01900000,1.02000000,1.01400000,1.01400000,10450.89000000,2026-06-04 18:59:59,10604.90320000,55
2026-06-04 19:00:00,1.01300000,1.01600000,1.01100000,1.01100000,14345.42000000,2026-06-04 19:04:59,14528.10459000,98
2026-06-04 19:05:00,1.01000000,1.01100000,1.00700000,1.01000000,14919.06000000,2026-06-04 19:09:59,15050.09859000,88
2026-06-04 19:10:00,1.01000000,1.01300000,1.00900000,1.01100000,8957.99000000,2026-06-04 19:14:59,9055.76090000,60
2026-06-04 19:15:00,1.01200000,1.01600000,1.01200000,1.01500000,8392.27000000,2026-06-04 19:19:59,8512.01628000,73
2026-06-04 19:20:00,1.01500000,1.01600000,1.01300000,1.01400000,4659.84000000,2026-06-04 19:24:59,4728.63790000,35
2026-06-04 19:25:00,1.01300000,1.01400000,1.01200000,1.01400000,3446.00000000,2026-06-04 19:29:59,3490.67904000,35
2026-06-04 19:30:00,1.01200000,1.01200000,1.00400000,1.00400000,16629.46000000,2026-06-04 19:34:59,16747.75524000,121
2026-06-04 19:35:00,1.00600000,1.01000000,1.00600000,1.00900000,8314.18000000,2026-06-04 19:39:59,8373.57277000,64
2026-06-04 19:40:00,1.00900000,1.01100000,1.00600000,1.00900000,5613.67000000,2026-06-04 19:44:59,5657.80160000,57
2026-06-04 19:45:00,1.00900000,1.01300000,1.00700000,1.01100000,5433.12000000,2026-06-04 19:49:59,5489.51129000,49
2026-06-04 19:50:00,1.01200000,1.01300000,1.01100000,1.01200000,2455.33000000,2026-06-04 19:54:59,2484.99620000,19
2026-06-04 19:55:00,1.01300000,1.02400000,1.01300000,1.02300000,23129.43000000,2026-06-04 19:59:59,23599.85743000,122
2026-06-04 20:00:00,1.02200000,1.02500000,1.02100000,1.02500000,3178.66000000,2026-06-04 20:04:59,3246.66553000,23
2026-06-04 20:05:00,1.02400000,1.02500000,1.02100000,1.02300000,361.37000000,2026-06-04 20:09:59,369.67747000,15
2026-06-04 20:10:00,1.02200000,1.02300000,1.01900000,1.02300000,2223.88000000,2026-06-04 20:14:59,2269.80697000,19
2026-06-04 20:15:00,1.02200000,1.02200000,1.01100000,1.01100000,2314.46000000,2026-06-04 20:19:59,2350.57787000,35
2026-06-04 20:20:00,1.01200000,1.01400000,1.01200000,1.01300000,2889.06000000,2026-06-04 20:24:59,2928.08436000,20
2026-06-04 20:25:00,1.01300000,1.01800000,1.01300000,1.01400000,5453.25000000,2026-06-04 20:29:59,5539.27694000,50
2026-06-04 20:30:00,1.01500000,1.01700000,1.01300000,1.01600000,7088.32000000,2026-06-04 20:34:59,7197.25397000,38
2026-06-04 20:35:00,1.01500000,1.01700000,1.01500000,1.01700000,3693.44000000,2026-06-04 20:39:59,3752.88772000,25
2026-06-04 20:40:00,1.01800000,1.02300000,1.01800000,1.02200000,5033.17000000,2026-06-04 20:44:59,5135.40871000,28
2026-06-04 20:45:00,1.02100000,1.02100000,1.01800000,1.01900000,5268.73000000,2026-06-04 20:49:59,5366.89311000,27
2026-06-04 20:50:00,1.01900000,1.02400000,1.01900000,1.02300000,4700.98000000,2026-06-04 20:54:59,4805.76462000,30
2026-06-04 20:55:00,1.02300000,1.02400000,1.02200000,1.02400000,2978.41000000,2026-06-04 20:59:59,3047.12708000,22
2026-06-04 21:00:00,1.02300000,1.02300000,1.01800000,1.02000000,4075.32000000,2026-06-04 21:04:59,4156.82440000,51
2026-06-04 21:05:00,1.02200000,1.02300000,1.02000000,1.02000000,3584.49000000,2026-06-04 21:09:59,3657.66965000,24
2026-06-04 21:10:00,1.01900000,1.01900000,1.01500000,1.01500000,1325.30000000,2026-06-04 21:14:59,1347.90487000,23
2026-06-04 21:15:00,1.01500000,1.01600000,1.01300000,1.01500000,2832.85000000,2026-06-04 21:19:59,2874.68017000,25
2026-06-04 21:20:00,1.01600000,1.02200000,1.01600000,1.02100000,4441.89000000,2026-06-04 21:24:59,4526.79999000,45
2026-06-04 21:25:00,1.02000000,1.02300000,1.01800000,1.02300000,2517.02000000,2026-06-04 21:29:59,2570.23787000,28
2026-06-04 21:30:00,1.02300000,1.02300000,1.02100000,1.02100000,932.05000000,2026-06-04 21:34:59,952.29505000,14
2026-06-04 21:35:00,1.02000000,1.02200000,1.01700000,1.02200000,2933.54000000,2026-06-04 21:39:59,2988.55609000,26
2026-06-04 21:40:00,1.02200000,1.02200000,1.02000000,1.02100000,877.53000000,2026-06-04 21:44:59,895.45669000,14
2026-06-04 21:45:00,1.02100000,1.02400000,1.02100000,1.02400000,825.33000000,2026-06-04 21:49:59,843.87432000,12
2026-06-04 21:50:00,1.02100000,1.02100000,1.01800000,1.01800000,64.89000000,2026-06-04 21:54:59,66.08995000,6
2026-06-04 21:55:00,1.01800000,1.01800000,1.01200000,1.01200000,2632.38000000,2026-06-04 21:59:59,2666.94384000,23
2026-06-04 22:00:00,1.01200000,1.01200000,0.99500000,0.99500000,44544.06000000,2026-06-04 22:04:59,44622.18028000,342
2026-06-04 22:05:00,0.99600000,1.00300000,0.99600000,0.99900000,24279.12000000,2026-06-04 22:09:59,24267.19904000,98
2026-06-04 22:10:00,1.00000000,1.00300000,0.99700000,1.00300000,19066.90000000,2026-06-04 22:14:59,19064.46075000,92
2026-06-04 22:15:00,1.00200000,1.00900000,1.00200000,1.00700000,6294.57000000,2026-06-04 22:19:59,6329.23985000,53
2026-06-04 22:20:00,1.00700000,1.00700000,1.00300000,1.00700000,4665.96000000,2026-06-04 22:24:59,4686.39257000,44
2026-06-04 22:25:00,1.00800000,1.01000000,1.00500000,1.00900000,3604.32000000,2026-06-04 22:29:59,3632.39964000,46
2026-06-04 22:30:00,1.01000000,1.01400000,1.01000000,1.01000000,5167.01000000,2026-06-04 22:34:59,5232.18053000,54
2026-06-04 22:35:00,1.01000000,1.01200000,1.00600000,1.00700000,3674.87000000,2026-06-04 22:39:59,3708.00405000,54
2026-06-04 22:40:00,1.00800000,1.01000000,1.00500000,1.01000000,783.65000000,2026-06-04 22:44:59,789.63676000,19
2026-06-04 22:45:00,1.00900000,1.01000000,1.00800000,1.00900000,6255.03000000,2026-06-04 22:49:59,6307.64473000,37
2026-06-04 22:50:00,1.00900000,1.00900000,1.00700000,1.00900000,5228.23000000,2026-06-04 22:54:59,5268.44040000,35
2026-06-04 22:55:00,1.00700000,1.00900000,1.00700000,1.00700000,2253.73000000,2026-06-04 22:59:59,2272.38503000,33
2026-06-04 23:00:00,1.00800000,1.00800000,1.00300000,1.00400000,924.45000000,2026-06-04 23:04:59,928.57330000,26
2026-06-04 23:05:00,1.00300000,1.00600000,1.00200000,1.00500000,2697.24000000,2026-06-04 23:09:59,2708.91131000,24
2026-06-04 23:10:00,1.00300000,1.00500000,1.00300000,1.00400000,2204.13000000,2026-06-04 23:14:59,2212.76342000,26
2026-06-04 23:15:00,1.00400000,1.00600000,0.99900000,1.00100000,7461.17000000,2026-06-04 23:19:59,7472.66764000,61
2026-06-04 23:20:00,1.00100000,1.00100000,0.99600000,1.00100000,6156.72000000,2026-06-04 23:24:59,6145.49962000,50
2026-06-04 23:25:00,1.00200000,1.00200000,0.99300000,0.99400000,3402.98000000,2026-06-04 23:29:59,3387.01416000,34
2026-06-04 23:30:00,0.99300000,0.99900000,0.99300000,0.99900000,9109.43000000,2026-06-04 23:34:59,9073.02566000,71
2026-06-04 23:35:00,0.99900000,1.00000000,0.99800000,0.99800000,5497.55000000,2026-06-04 23:39:59,5490.65210000,44
2026-06-04 23:40:00,0.99800000,1.00000000,0.98700000,0.99200000,12927.85000000,2026-06-04 23:44:59,12826.84044000,93
2026-06-04 23:45:00,0.99200000,0.99300000,0.98700000,0.98700000,26376.96000000,2026-06-04 23:49:59,26129.00579000,102
2026-06-04 23:50:00,0.98900000,0.99200000,0.98700000,0.98700000,2465.50000000,2026-06-04 23:54:59,2439.08230000,32
2026-06-04 23:55:00,0.98600000,0.98800000,0.98200000,0.98600000,13804.02000000,2026-06-04 23:59:59,13591.82177000,94