open_time_brasilia,open,high,low,close,volume,close_time_brasilia,quote_volume,trades
2026-06-04 00:00:00,1.04500000,1.05600000,1.04500000,1.05600000,34708.62000000,2026-06-04 00:04:59,36560.12596000,170
2026-06-04 00:05:00,1.05600000,1.06300000,1.05500000,1.05900000,33708.61000000,2026-06-04 00:09:59,35719.97197000,139
2026-06-04 00:10:00,1.05900000,1.06100000,1.05300000,1.05600000,36739.79000000,2026-06-04 00:14:59,38775.78084000,147
2026-06-04 00:15:00,1.05600000,1.06000000,1.05600000,1.05900000,4513.24000000,2026-06-04 00:19:59,4777.65911000,45
2026-06-04 00:20:00,1.05900000,1.06300000,1.05900000,1.06000000,12204.93000000,2026-06-04 00:24:59,12937.19790000,79
2026-06-04 00:25:00,1.06000000,1.06300000,1.05800000,1.05800000,4959.70000000,2026-06-04 00:29:59,5260.15947000,54
2026-06-04 00:30:00,1.05800000,1.06500000,1.05700000,1.06300000,22657.41000000,2026-06-04 00:34:59,24091.02671000,119
2026-06-04 00:35:00,1.06400000,1.06800000,1.06100000,1.06700000,55695.05000000,2026-06-04 00:39:59,59282.97581000,156
2026-06-04 00:40:00,1.06700000,1.07100000,1.06600000,1.06800000,8814.55000000,2026-06-04 00:44:59,9404.78781000,79
2026-06-04 00:45:00,1.06900000,1.06900000,1.06500000,1.06500000,8935.45000000,2026-06-04 00:49:59,9529.10882000,40
2026-06-04 00:50:00,1.06600000,1.06600000,1.06400000,1.06500000,6094.58000000,2026-06-04 00:54:59,6491.57461000,51
2026-06-04 00:55:00,1.06400000,1.06500000,1.06200000,1.06500000,1976.44000000,2026-06-04 00:59:59,2100.44509000,31
2026-06-04 01:00:00,1.06500000,1.06800000,1.06400000,1.06800000,4837.52000000,2026-06-04 01:04:59,5162.60817000,58
2026-06-04 01:05:00,1.06800000,1.06900000,1.06400000,1.06500000,7483.94000000,2026-06-04 01:09:59,7985.34024000,68
2026-06-04 01:10:00,1.06600000,1.07100000,1.06600000,1.06800000,3932.08000000,2026-06-04 01:14:59,4206.55758000,65
2026-06-04 01:15:00,1.07000000,1.07000000,1.06500000,1.06500000,4268.19000000,2026-06-04 01:19:59,4551.88005000,42
2026-06-04 01:20:00,1.06500000,1.06600000,1.06300000,1.06400000,5269.89000000,2026-06-04 01:24:59,5612.94616000,44
2026-06-04 01:25:00,1.06400000,1.06400000,1.05900000,1.05900000,14922.47000000,2026-06-04 01:29:59,15825.59129000,87
2026-06-04 01:30:00,1.05900000,1.06000000,1.05400000,1.05400000,6470.59000000,2026-06-04 01:34:59,6846.29699000,68
2026-06-04 01:35:00,1.05500000,1.05500000,1.05100000,1.05400000,7663.39000000,2026-06-04 01:39:59,8074.60128000,84
2026-06-04 01:40:00,1.05400000,1.05600000,1.05300000,1.05500000,6413.49000000,2026-06-04 01:44:59,6757.77999000,48
2026-06-04 01:45:00,1.05500000,1.05500000,1.05300000,1.05400000,1976.65000000,2026-06-04 01:49:59,2082.40316000,19
2026-06-04 01:50:00,1.05300000,1.05300000,1.05100000,1.05200000,2720.56000000,2026-06-04 01:54:59,2861.35037000,40
2026-06-04 01:55:00,1.05200000,1.05300000,1.05000000,1.05000000,15876.62000000,2026-06-04 01:59:59,16677.36377000,64
2026-06-04 02:00:00,1.05000000,1.05000000,1.04100000,1.04100000,2939.46000000,2026-06-04 02:04:59,3069.93025000,54
2026-06-04 02:05:00,1.04100000,1.04200000,1.03700000,1.04000000,9108.21000000,2026-06-04 02:09:59,9465.80986000,54
2026-06-04 02:10:00,1.03700000,1.03900000,1.03300000,1.03900000,2833.32000000,2026-06-04 02:14:59,2935.49612000,36
2026-06-04 02:15:00,1.03900000,1.03900000,1.03300000,1.03400000,11769.22000000,2026-06-04 02:19:59,12192.38449000,64
2026-06-04 02:20:00,1.03500000,1.03600000,1.03200000,1.03600000,7752.59000000,2026-06-04 02:24:59,8020.78682000,38
2026-06-04 02:25:00,1.03700000,1.03700000,1.03000000,1.03300000,2881.78000000,2026-06-04 02:29:59,2979.16524000,34
2026-06-04 02:30:00,1.03200000,1.03800000,1.03100000,1.03800000,14121.79000000,2026-06-04 02:34:59,14583.21518000,58
2026-06-04 02:35:00,1.04000000,1.04200000,1.03700000,1.04100000,5083.74000000,2026-06-04 02:39:59,5284.68798000,58
2026-06-04 02:40:00,1.04000000,1.04500000,1.04000000,1.04400000,5031.86000000,2026-06-04 02:44:59,5253.57622000,31
2026-06-04 02:45:00,1.04300000,1.04300000,1.03900000,1.03900000,2951.68000000,2026-06-04 02:49:59,3075.82570000,25
2026-06-04 02:50:00,1.03900000,1.03900000,1.03700000,1.03900000,7501.04000000,2026-06-04 02:54:59,7780.51204000,26
2026-06-04 02:55:00,1.03900000,1.04100000,1.03800000,1.03900000,722.44000000,2026-06-04 02:59:59,750.77080000,18
2026-06-04 03:00:00,1.03800000,1.04000000,1.03600000,1.04000000,8237.76000000,2026-06-04 03:04:59,8554.26046000,63
2026-06-04 03:05:00,1.04100000,1.04100000,1.04000000,1.04100000,1281.09000000,2026-06-04 03:09:59,1332.71252000,18
2026-06-04 03:10:00,1.04100000,1.04200000,1.04100000,1.04200000,506.43000000,2026-06-04 03:14:59,527.41188000,13
2026-06-04 03:15:00,1.04200000,1.05000000,1.04100000,1.04700000,19606.89000000,2026-06-04 03:19:59,20531.34967000,116
2026-06-04 03:20:00,1.04600000,1.04600000,1.04300000,1.04300000,22324.38000000,2026-06-04 03:24:59,23287.41864000,40
2026-06-04 03:25:00,1.04400000,1.04500000,1.04200000,1.04300000,1040.36000000,2026-06-04 03:29:59,1086.05245000,18
2026-06-04 03:30:00,1.04200000,1.04200000,1.03600000,1.03800000,11954.41000000,2026-06-04 03:34:59,12419.99872000,77
2026-06-04 03:35:00,1.03800000,1.04300000,1.03800000,1.04100000,1853.32000000,2026-06-04 03:39:59,1929.30082000,40
2026-06-04 03:40:00,1.04200000,1.04200000,1.04100000,1.04100000,2143.07000000,2026-06-04 03:44:59,2232.01147000,19
2026-06-04 03:45:00,1.04100000,1.04100000,1.03600000,1.03600000,6032.09000000,2026-06-04 03:49:59,6262.42094000,35
2026-06-04 03:50:00,1.03700000,1.04200000,1.03700000,1.03800000,5814.23000000,2026-06-04 03:54:59,6042.43433000,72
2026-06-04 03:55:00,1.03700000,1.03800000,1.03300000,1.03400000,4921.26000000,2026-06-04 03:59:59,5096.76325000,39
2026-06-04 04:00:00,1.03400000,1.03500000,1.02900000,1.02900000,8118.30000000,2026-06-04 04:04:59,8369.07026000,69
2026-06-04 04:05:00,1.03000000,1.03100000,1.02600000,1.02700000,28755.73000000,2026-06-04 04:09:59,29579.12194000,96
2026-06-04 04:10:00,1.02700000,1.02900000,1.02500000,1.02900000,27132.41000000,2026-06-04 04:14:59,27852.74229000,154
2026-06-04 04:15:00,1.03000000,1.03000000,1.02000000,1.02200000,55853.63000000,2026-06-04 04:19:59,57156.31600000,265
2026-06-04 04:20:00,1.02200000,1.02200000,1.01700000,1.02000000,19601.69000000,2026-06-04 04:24:59,19986.35206000,103
2026-06-04 04:25:00,1.02100000,1.02400000,1.02000000,1.02200000,6011.71000000,2026-06-04 04:29:59,6141.87652000,51
2026-06-04 04:30:00,1.02100000,1.03000000,1.02000000,1.02000000,44204.37000000,2026-06-04 04:34:59,45304.92603000,143
2026-06-04 04:35:00,1.02200000,1.02600000,1.02200000,1.02500000,5737.36000000,2026-06-04 04:39:59,5875.56169000,47
2026-06-04 04:40:00,1.02500000,1.02700000,1.02300000,1.02400000,3449.80000000,2026-06-04 04:44:59,3534.58313000,30
2026-06-04 04:45:00,1.02300000,1.02300000,1.02100000,1.02300000,2071.02000000,2026-06-04 04:49:59,2116.40640000,40
2026-06-04 04:50:00,1.02200000,1.02200000,1.02000000,1.02000000,4412.13000000,2026-06-04 04:54:59,4504.91144000,50
2026-06-04 04:55:00,1.02100000,1.02100000,1.01400000,1.01500000,8336.27000000,2026-06-04 04:59:59,8479.40641000,95
2026-06-04 05:00:00,1.01500000,1.01900000,1.01200000,1.01900000,11420.32000000,2026-06-04 05:04:59,11604.85057000,78
2026-06-04 05:05:00,1.01900000,1.02000000,1.01100000,1.01200000,13785.59000000,2026-06-04 05:09:59,13973.61373000,78
2026-06-04 05:10:00,1.01300000,1.01400000,1.00600000,1.00700000,16849.12000000,2026-06-04 05:14:59,17021.17391000,136
2026-06-04 05:15:00,1.00700000,1.01600000,1.00400000,1.01600000,17115.80000000,2026-06-04 05:19:59,17252.34181000,120
2026-06-04 05:20:00,1.01700000,1.01900000,1.01300000,1.01700000,13256.79000000,2026-06-04 05:24:59,13474.20800000,100
2026-06-04 05:25:00,1.01700000,1.01800000,1.01500000,1.01800000,5119.17000000,2026-06-04 05:29:59,5199.78782000,43
2026-06-04 05:30:00,1.01900000,1.02300000,1.01300000,1.01500000,5596.14000000,2026-06-04 05:34:59,5697.79905000,66
2026-06-04 05:35:00,1.01500000,1.01600000,1.01300000,1.01600000,4590.59000000,2026-06-04 05:39:59,4657.84107000,27
2026-06-04 05:40:00,1.01600000,1.01600000,1.01100000,1.01300000,2571.47000000,2026-06-04 05:44:59,2601.10784000,29
2026-06-04 05:45:00,1.01400000,1.01800000,1.01400000,1.01800000,9330.08000000,2026-06-04 05:49:59,9478.87869000,62
2026-06-04 05:50:00,1.01800000,1.02100000,1.01600000,1.02100000,3054.73000000,2026-06-04 05:54:59,3113.05374000,23
2026-06-04 05:55:00,1.02200000,1.02400000,1.01800000,1.01800000,12658.45000000,2026-06-04 05:59:59,12928.10248000,86
2026-06-04 06:00:00,1.01800000,1.01800000,1.00800000,1.01000000,13929.49000000,2026-06-04 06:04:59,14079.00240000,116
2026-06-04 06:05:00,1.01000000,1.01100000,1.00800000,1.00900000,9274.75000000,2026-06-04 06:09:59,9362.47685000,86
2026-06-04 06:10:00,1.00900000,1.00900000,1.00300000,1.00300000,8069.28000000,2026-06-04 06:14:59,8111.98956000,97
2026-06-04 06:15:00,1.00400000,1.00400000,0.99900000,0.99900000,11872.58000000,2026-06-04 06:19:59,11883.80604000,93
2026-06-04 06:20:00,1.00000000,1.00200000,0.99700000,0.99700000,17091.20000000,2026-06-04 06:24:59,17081.23620000,105
2026-06-04 06:25:00,0.99700000,0.99700000,0.99000000,0.99200000,19699.46000000,2026-06-04 06:29:59,19575.76133000,148
2026-06-04 06:30:00,0.99300000,0.99400000,0.98900000,0.99400000,14177.65000000,2026-06-04 06:34:59,14053.94760000,133
2026-06-04 06:35:00,0.99300000,0.99600000,0.99000000,0.99400000,5722.12000000,2026-06-04 06:39:59,5694.30351000,54
2026-06-04 06:40:00,0.99600000,1.00000000,0.99600000,0.99800000,40865.90000000,2026-06-04 06:44:59,40808.91395000,128
2026-06-04 06:45:00,0.99900000,1.00500000,0.99800000,0.99900000,16153.67000000,2026-06-04 06:49:59,16188.30762000,107
2026-06-04 06:50:00,0.99800000,1.00000000,0.99700000,1.00000000,6894.02000000,2026-06-04 06:54:59,6877.06861000,64
2026-06-04 06:55:00,1.00000000,1.00400000,0.99900000,1.00400000,4608.70000000,2026-06-04 06:59:59,4614.96962000,28
2026-06-04 07:00:00,1.00400000,1.00600000,0.99900000,0.99900000,13564.28000000,2026-06-04 07:04:59,13605.99810000,83
2026-06-04 07:05:00,0.99900000,1.00000000,0.99500000,0.99600000,9477.41000000,2026-06-04 07:09:59,9441.78748000,60
2026-06-04 07:10:00,0.99600000,1.00000000,0.99600000,0.99700000,17302.44000000,2026-06-04 07:14:59,17273.04873000,121
2026-06-04 07:15:00,0.99700000,1.00300000,0.99500000,1.00300000,11343.21000000,2026-06-04 07:19:59,11313.45226000,78
2026-06-04 07:20:00,1.00100000,1.00200000,1.00000000,1.00100000,3495.16000000,2026-06-04 07:24:59,3498.43533000,31
2026-06-04 07:25:00,1.00200000,1.00200000,0.99700000,0.99700000,22597.45000000,2026-06-04 07:29:59,22603.72013000,108
2026-06-04 07:30:00,0.99600000,1.00200000,0.99600000,1.00200000,6335.57000000,2026-06-04 07:34:59,6333.64230000,44
2026-06-04 07:35:00,1.00200000,1.00200000,0.99900000,1.00100000,4104.75000000,2026-06-04 07:39:59,4107.32542000,26
2026-06-04 07:40:00,1.00200000,1.00300000,0.99900000,1.00000000,11538.26000000,2026-06-04 07:44:59,11558.52482000,54
2026-06-04 07:45:00,1.00100000,1.00100000,0.99400000,0.99600000,31478.10000000,2026-06-04 07:49:59,31374.66313000,157
2026-06-04 07:50:00,0.99600000,0.99700000,0.98700000,0.98800000,59911.30000000,2026-06-04 07:54:59,59494.31621000,262
2026-06-04 07:55:00,0.98800000,0.99500000,0.98700000,0.99400000,52053.33000000,2026-06-04 07:59:59,51560.01127000,193
2026-06-04 08:00:00,0.99400000,0.99700000,0.99100000,0.99700000,30003.14000000,2026-06-04 08:04:59,29809.20325000,139
2026-06-04 08:05:00,0.99700000,0.99800000,0.99200000,0.99200000,29540.19000000,2026-06-04 08:09:59,29439.65381000,132
2026-06-04 08:10:00,0.99200000,0.99300000,0.98700000,0.98800000,10354.21000000,2026-06-04 08:14:59,10241.55809000,69
2026-06-04 08:15:00,0.98800000,0.99700000,0.98600000,0.99700000,8817.49000000,2026-06-04 08:19:59,8731.72245000,84
2026-06-04 08:20:00,0.99600000,1.00100000,0.99500000,1.00100000,17473.48000000,2026-06-04 08:24:59,17430.90948000,64
2026-06-04 08:25:00,1.00100000,1.00400000,1.00000000,1.00200000,36633.16000000,2026-06-04 08:29:59,36714.91802000,101
2026-06-04 08:30:00,1.00200000,1.00600000,1.00100000,1.00100000,30055.69000000,2026-06-04 08:34:59,30152.87170000,106
2026-06-04 08:35:00,1.00100000,1.00100000,0.99600000,1.00000000,19715.62000000,2026-06-04 08:39:59,19692.74523000,121
2026-06-04 08:40:00,0.99900000,1.00100000,0.99700000,1.00100000,10521.26000000,2026-06-04 08:44:59,10506.53742000,55
2026-06-04 08:45:00,1.00100000,1.01100000,1.00100000,1.01100000,18905.72000000,2026-06-04 08:49:59,19034.29828000,78
2026-06-04 08:50:00,1.01100000,1.01200000,1.00900000,1.01200000,1100.03000000,2026-06-04 08:54:59,1111.71546000,22
2026-06-04 08:55:00,1.01100000,1.01500000,1.01100000,1.01400000,5439.31000000,2026-06-04 08:59:59,5506.00409000,39
2026-06-04 09:00:00,1.01600000,1.01600000,1.01200000,1.01600000,6571.94000000,2026-06-04 09:04:59,6674.73853000,59
2026-06-04 09:05:00,1.01600000,1.01600000,1.00800000,1.00900000,9167.08000000,2026-06-04 09:09:59,9259.58443000,72
2026-06-04 09:10:00,1.00900000,1.01000000,1.00800000,1.00900000,1626.76000000,2026-06-04 09:14:59,1640.55572000,17
2026-06-04 09:15:00,1.01000000,1.01000000,1.00700000,1.00700000,1541.10000000,2026-06-04 09:19:59,1555.94937000,16
2026-06-04 09:20:00,1.00900000,1.02300000,1.00900000,1.02300000,10938.18000000,2026-06-04 09:24:59,11114.89518000,112
2026-06-04 09:25:00,1.02200000,1.02500000,1.02100000,1.02500000,4823.68000000,2026-06-04 09:29:59,4937.37916000,48
2026-06-04 09:30:00,1.02600000,1.03500000,1.02500000,1.03200000,2004.01000000,2026-06-04 09:34:59,2064.03231000,49
2026-06-04 09:35:00,1.03100000,1.03500000,1.02900000,1.03100000,25064.62000000,2026-06-04 09:39:59,25859.12933000,159
2026-06-04 09:40:00,1.03200000,1.03500000,1.03200000,1.03400000,5375.69000000,2026-06-04 09:44:59,5554.55241000,31
2026-06-04 09:45:00,1.03300000,1.03900000,1.03200000,1.03800000,5191.99000000,2026-06-04 09:49:59,5371.54719000,63
2026-06-04 09:50:00,1.03900000,1.04000000,1.03700000,1.03800000,4864.09000000,2026-06-04 09:54:59,5050.83376000,41
2026-06-04 09:55:00,1.03700000,1.03700000,1.03400000,1.03600000,5800.40000000,2026-06-04 09:59:59,6005.87332000,33
2026-06-04 10:00:00,1.03700000,1.03700000,1.03300000,1.03400000,9034.98000000,2026-06-04 10:04:59,9351.56977000,56
2026-06-04 10:05:00,1.03500000,1.03600000,1.03000000,1.03200000,4266.55000000,2026-06-04 10:09:59,4403.66444000,53
2026-06-04 10:10:00,1.03300000,1.03300000,1.02900000,1.03000000,5115.06000000,2026-06-04 10:14:59,5271.04004000,48
2026-06-04 10:15:00,1.02900000,1.03100000,1.02600000,1.02600000,12541.91000000,2026-06-04 10:19:59,12914.75522000,61
2026-06-04 10:20:00,1.02600000,1.02700000,1.02200000,1.02200000,1900.08000000,2026-06-04 10:24:59,1948.31353000,31
2026-06-04 10:25:00,1.02100000,1.02700000,1.02000000,1.02600000,6711.82000000,2026-06-04 10:29:59,6856.35801000,46
2026-06-04 10:30:00,1.02500000,1.03900000,1.02500000,1.03600000,14613.87000000,2026-06-04 10:34:59,15154.61575000,85
2026-06-04 10:35:00,1.03700000,1.04000000,1.03300000,1.03900000,7829.24000000,2026-06-04 10:39:59,8119.23475000,90
2026-06-04 10:40:00,1.03800000,1.03900000,1.03300000,1.03300000,2154.64000000,2026-06-04 10:44:59,2230.18192000,41
2026-06-04 10:45:00,1.03200000,1.03600000,1.03100000,1.03300000,4252.65000000,2026-06-04 10:49:59,4389.03517000,37
2026-06-04 10:50:00,1.03200000,1.03400000,1.03000000,1.03200000,801.00000000,2026-06-04 10:54:59,827.10665000,26
2026-06-04 10:55:00,1.03100000,1.03900000,1.03100000,1.03900000,5422.81000000,2026-06-04 10:59:59,5619.95594000,40
2026-06-04 11:00:00,1.03800000,1.04200000,1.03600000,1.03600000,1996.40000000,2026-06-04 11:04:59,2073.66796000,34
2026-06-04 11:05:00,1.03500000,1.03900000,1.03300000,1.03600000,6704.58000000,2026-06-04 11:09:59,6950.05229000,58
2026-06-04 11:10:00,1.03600000,1.04100000,1.03600000,1.03800000,5812.55000000,2026-06-04 11:14:59,6033.14080000,44
2026-06-04 11:15:00,1.03700000,1.03900000,1.03500000,1.03500000,4295.06000000,2026-06-04 11:19:59,4448.94286000,33
2026-06-04 11:20:00,1.03500000,1.03500000,1.03400000,1.03500000,892.48000000,2026-06-04 11:24:59,923.60380000,13
2026-06-04 11:25:00,1.03500000,1.03500000,1.03500000,1.03500000,434.15000000,2026-06-04 11:29:59,449.34525000,7
2026-06-04 11:30:00,1.03400000,1.03400000,1.03000000,1.03400000,13174.93000000,2026-06-04 11:34:59,13593.64141000,58
2026-06-04 11:35:00,1.03300000,1.03300000,1.02700000,1.02900000,6534.11000000,2026-06-04 11:39:59,6724.55615000,50
2026-06-04 11:40:00,1.03000000,1.03200000,1.02900000,1.02900000,6690.09000000,2026-06-04 11:44:59,6892.02087000,33
2026-06-04 11:45:00,1.02900000,1.03200000,1.02900000,1.03100000,4921.03000000,2026-06-04 11:49:59,5074.25553000,34
2026-06-04 11:50:00,1.03200000,1.03500000,1.03000000,1.03200000,18128.59000000,2026-06-04 11:54:59,18693.68834000,97
2026-06-04 11:55:00,1.03300000,1.03400000,1.03200000,1.03400000,1655.03000000,2026-06-04 11:59:59,1710.90679000,13
2026-06-04 12:00:00,1.03500000,1.03600000,1.03200000,1.03400000,2565.63000000,2026-06-04 12:04:59,2654.15958000,28
2026-06-04 12:05:00,1.03500000,1.04500000,1.03500000,1.04500000,5491.15000000,2026-06-04 12:09:59,5717.41027000,76
2026-06-04 12:10:00,1.04600000,1.04800000,1.04300000,1.04700000,5611.96000000,2026-06-04 12:14:59,5872.09460000,68
2026-06-04 12:15:00,1.04600000,1.04900000,1.04200000,1.04400000,6921.18000000,2026-06-04 12:19:59,7232.84913000,61
2026-06-04 12:20:00,1.04400000,1.04400000,1.03800000,1.04100000,6691.89000000,2026-06-04 12:24:59,6954.33112000,40
2026-06-04 12:25:00,1.04200000,1.04500000,1.03600000,1.04000000,18222.79000000,2026-06-04 12:29:59,18938.44610000,114
2026-06-04 12:30:00,1.04000000,1.04000000,1.03500000,1.03700000,6235.44000000,2026-06-04 12:34:59,6466.48937000,38
2026-06-04 12:35:00,1.03700000,1.03800000,1.03600000,1.03600000,1301.33000000,2026-06-04 12:39:59,1348.47266000,9
2026-06-04 12:40:00,1.03600000,1.03900000,1.03400000,1.03600000,6832.17000000,2026-06-04 12:44:59,7078.77523000,67
2026-06-04 12:45:00,1.03500000,1.03500000,1.03200000,1.03200000,3239.15000000,2026-06-04 12:49:59,3345.01071000,35
2026-06-04 12:50:00,1.03300000,1.03500000,1.03300000,1.03400000,2457.43000000,2026-06-04 12:54:59,2539.62052000,20
2026-06-04 12:55:00,1.03300000,1.03800000,1.03200000,1.03600000,4183.23000000,2026-06-04 12:59:59,4334.42690000,41
2026-06-04 13:00:00,1.03500000,1.03600000,1.03300000,1.03300000,4305.31000000,2026-06-04 13:04:59,4455.84906000,45
2026-06-04 13:05:00,1.03200000,1.03400000,1.03000000,1.03200000,6012.69000000,2026-06-04 13:09:59,6200.70393000,54
2026-06-04 13:10:00,1.03300000,1.03400000,1.03300000,1.03300000,1172.62000000,2026-06-04 13:14:59,1211.68065000,16
2026-06-04 13:15:00,1.03500000,1.03500000,1.03400000,1.03500000,1248.77000000,2026-06-04 13:19:59,1292.31767000,14
2026-06-04 13:20:00,1.03600000,1.04200000,1.03600000,1.04100000,10891.84000000,2026-06-04 13:24:59,11322.60931000,83
2026-06-04 13:25:00,1.04100000,1.04200000,1.03700000,1.03700000,3174.82000000,2026-06-04 13:29:59,3298.91344000,25
2026-06-04 13:30:00,1.03700000,1.03700000,1.03300000,1.03600000,2018.21000000,2026-06-04 13:34:59,2088.67056000,32
2026-06-04 13:35:00,1.03600000,1.04200000,1.03500000,1.04200000,1246.19000000,2026-06-04 13:39:59,1294.29190000,19
2026-06-04 13:40:00,1.04100000,1.04300000,1.04000000,1.04200000,3210.79000000,2026-06-04 13:44:59,3344.09013000,19
2026-06-04 13:45:00,1.04100000,1.04400000,1.04000000,1.04200000,3575.98000000,2026-06-04 13:49:59,3726.22392000,31
2026-06-04 13:50:00,1.04100000,1.04300000,1.04100000,1.04200000,5771.09000000,2026-06-04 13:54:59,6011.04462000,27
2026-06-04 13:55:00,1.04100000,1.04200000,1.03800000,1.04100000,583.81000000,2026-06-04 13:59:59,607.48542000,22
2026-06-04 14:00:00,1.04200000,1.04300000,1.04000000,1.04300000,1027.13000000,2026-06-04 14:04:59,1070.51533000,27
2026-06-04 14:05:00,1.04200000,1.04500000,1.04200000,1.04400000,2001.05000000,2026-06-04 14:09:59,2089.61771000,27
2026-06-04 14:10:00,1.04300000,1.04600000,1.04200000,1.04300000,10789.42000000,2026-06-04 14:14:59,11265.71907000,75
2026-06-04 14:15:00,1.04300000,1.04300000,1.03800000,1.03900000,9841.27000000,2026-06-04 14:19:59,10226.95393000,54
2026-06-04 14:20:00,1.03900000,1.04000000,1.03800000,1.03800000,991.31000000,2026-06-04 14:24:59,1029.98167000,16
2026-06-04 14:25:00,1.04000000,1.04100000,1.04000000,1.04100000,1044.94000000,2026-06-04 14:29:59,1087.30329000,12
2026-06-04 14:30:00,1.04000000,1.04200000,1.03500000,1.03500000,4313.24000000,2026-06-04 14:34:59,4470.17099000,42
2026-06-04 14:35:00,1.03600000,1.03700000,1.03200000,1.03200000,2360.03000000,2026-06-04 14:39:59,2442.43600000,26
2026-06-04 14:40:00,1.03200000,1.03200000,1.03100000,1.03200000,438.02000000,2026-06-04 14:44:59,451.93439000,10
2026-06-04 14:45:00,1.03200000,1.03500000,1.03000000,1.03100000,8847.46000000,2026-06-04 14:49:59,9139.47074000,64
2026-06-04 14:50:00,1.03100000,1.04200000,1.03100000,1.04000000,17675.05000000,2026-06-04 14:54:59,18289.14786000,115
2026-06-04 14:55:00,1.03900000,1.04000000,1.03800000,1.03800000,623.71000000,2026-06-04 14:59:59,647.57894000,12
2026-06-04 15:00:00,1.03900000,1.03900000,1.03400000,1.03400000,5088.35000000,2026-06-04 15:04:59,5281.64570000,38
2026-06-04 15:05:00,1.03300000,1.03400000,1.03100000,1.03200000,2950.74000000,2026-06-04 15:09:59,3045.61698000,22
2026-06-04 15:10:00,1.03100000,1.03100000,1.02700000,1.02700000,3231.61000000,2026-06-04 15:14:59,3327.84366000,40
2026-06-04 15:15:00,1.02700000,1.03700000,1.02700000,1.03400000,10200.20000000,2026-06-04 15:19:59,10551.14096000,63
2026-06-04 15:20:00,1.03300000,1.04000000,1.03300000,1.03900000,2180.45000000,2026-06-04 15:24:59,2260.33349000,22
2026-06-04 15:25:00,1.04000000,1.04500000,1.03800000,1.04500000,12565.23000000,2026-06-04 15:29:59,13079.39608000,82
2026-06-04 15:30:00,1.04500000,1.04900000,1.04300000,1.04500000,8895.27000000,2026-06-04 15:34:59,9297.90027000,73
2026-06-04 15:35:00,1.04500000,1.04600000,1.04400000,1.04500000,4194.46000000,2026-06-04 15:39:59,4383.28899000,29
2026-06-04 15:40:00,1.04500000,1.04700000,1.04300000,1.04500000,3322.65000000,2026-06-04 15:44:59,3472.30840000,28
2026-06-04 15:45:00,1.04400000,1.04900000,1.04400000,1.04900000,3558.75000000,2026-06-04 15:49:59,3723.04268000,41
2026-06-04 15:50:00,1.04900000,1.04900000,1.04800000,1.04900000,1255.36000000,2026-06-04 15:54:59,1316.16508000,19
2026-06-04 15:55:00,1.05000000,1.05100000,1.04700000,1.04800000,7858.29000000,2026-06-04 15:59:59,8236.88215000,40
2026-06-04 16:00:00,1.04800000,1.05200000,1.04600000,1.04600000,1630.68000000,2026-06-04 16:04:59,1710.21806000,38
2026-06-04 16:05:00,1.04600000,1.04600000,1.04500000,1.04500000,404.06000000,2026-06-04 16:09:59,422.41770000,5
2026-06-04 16:10:00,1.04400000,1.04900000,1.04400000,1.04900000,3171.92000000,2026-06-04 16:14:59,3315.94381000,32
2026-06-04 16:15:00,1.05000000,1.05200000,1.04900000,1.05200000,6248.35000000,2026-06-04 16:19:59,6565.20960000,48
2026-06-04 16:20:00,1.05200000,1.05500000,1.05100000,1.05500000,3319.17000000,2026-06-04 16:24:59,3499.71538000,26
2026-06-04 16:25:00,1.05500000,1.06000000,1.05400000,1.05900000,5460.51000000,2026-06-04 16:29:59,5781.98145000,47
2026-06-04 16:30:00,1.05800000,1.06100000,1.05500000,1.06100000,6385.50000000,2026-06-04 16:34:59,6756.68073000,57
2026-06-04 16:35:00,1.06100000,1.06200000,1.05800000,1.06100000,6042.50000000,2026-06-04 16:39:59,6406.63669000,60
2026-06-04 16:40:00,1.06100000,1.06100000,1.06000000,1.06000000,3118.62000000,2026-06-04 16:44:59,3305.74301000,21
2026-06-04 16:45:00,1.05900000,1.05900000,1.05800000,1.05900000,6243.92000000,2026-06-04 16:49:59,6606.41554000,22
2026-06-04 16:50:00,1.06000000,1.06100000,1.05600000,1.05800000,1422.94000000,2026-06-04 16:54:59,1505.66943000,23
2026-06-04 16:55:00,1.05700000,1.05800000,1.05600000,1.05800000,882.03000000,2026-06-04 16:59:59,932.16959000,16
2026-06-04 17:00:00,1.05600000,1.05600000,1.04600000,1.04600000,4141.36000000,2026-06-04 17:04:59,4349.12039000,44
2026-06-04 17:05:00,1.04800000,1.04800000,1.04300000,1.04500000,4147.86000000,2026-06-04 17:09:59,4328.87968000,43
2026-06-04 17:10:00,1.04600000,1.04800000,1.04500000,1.04700000,2605.67000000,2026-06-04 17:14:59,2725.81925000,22
2026-06-04 17:15:00,1.04700000,1.04800000,1.04500000,1.04500000,1010.64000000,2026-06-04 17:19:59,1057.47492000,20
2026-06-04 17:20:00,1.04500000,1.04500000,1.04000000,1.04100000,6072.85000000,2026-06-04 17:24:59,6335.90499000,53
2026-06-04 17:25:00,1.04100000,1.04100000,1.03900000,1.04100000,8031.01000000,2026-06-04 17:29:59,8349.14447000,35
2026-06-04 17:30:00,1.04200000,1.04400000,1.04200000,1.04300000,680.80000000,2026-06-04 17:34:59,710.28372000,11
2026-06-04 17:35:00,1.04200000,1.04300000,1.03900000,1.03900000,1541.23000000,2026-06-04 17:39:59,1603.69650000,26
2026-06-04 17:40:00,1.03900000,1.04300000,1.03900000,1.04100000,3978.08000000,2026-06-04 17:44:59,4144.82829000,30
2026-06-04 17:45:00,1.04000000,1.04200000,1.03700000,1.03900000,2124.06000000,2026-06-04 17:49:59,2209.76430000,27
2026-06-04 17:50:00,1.03900000,1.04000000,1.03800000,1.03900000,1402.46000000,2026-06-04 17:54:59,1457.02458000,22
2026-06-04 17:55:00,1.04000000,1.04200000,1.03900000,1.03900000,10822.60000000,2026-06-04 17:59:59,11257.92915000,76
2026-06-04 18:00:00,1.03900000,1.04100000,1.03800000,1.04100000,1445.07000000,2026-06-04 18:04:59,1502.39940000,27
2026-06-04 18:05:00,1.04100000,1.04400000,1.04100000,1.04300000,3165.21000000,2026-06-04 18:09:59,3300.45502000,24
2026-06-04 18:10:00,1.04300000,1.04300000,1.03900000,1.04000000,10312.25000000,2026-06-04 18:14:59,10725.74995000,56
2026-06-04 18:15:00,1.04000000,1.04000000,1.03300000,1.03300000,9211.11000000,2026-06-04 18:19:59,9553.27693000,60
2026-06-04 18:20:00,1.03400000,1.03400000,1.03000000,1.03000000,5280.78000000,2026-06-04 18:24:59,5445.34947000,42
2026-06-04 18:25:00,1.03100000,1.03200000,1.02600000,1.02700000,6534.31000000,2026-06-04 18:29:59,6724.38900000,38
2026-06-04 18:30:00,1.02700000,1.02700000,1.02100000,1.02200000,7852.02000000,2026-06-04 18:34:59,8049.10729000,53
2026-06-04 18:35:00,1.02200000,1.02200000,1.01700000,1.01700000,15620.67000000,2026-06-04 18:39:59,15912.08841000,83
2026-06-04 18:40:00,1.01600000,1.02300000,1.01400000,1.02300000,10594.82000000,2026-06-04 18:44:59,10795.40150000,62
2026-06-04 18:45:00,1.02300000,1.02500000,1.02000000,1.02200000,3311.87000000,2026-06-04 18:49:59,3384.57972000,27
2026-06-04 18:50:00,1.02100000,1.02100000,1.01800000,1.02000000,10835.52000000,2026-06-04 18:54:59,11037.12706000,52
2026-06-04 18:55:00,1.01900000,1.02000000,1.01400000,1.01400000,10450.89000000,2026-06-04 18:59:59,10604.90320000,55
2026-06-04 19:00:00,1.01300000,1.01600000,1.01100000,1.01100000,14345.42000000,2026-06-04 19:04:59,14528.10459000,98
2026-06-04 19:05:00,1.01000000,1.01100000,1.00700000,1.01000000,14919.06000000,2026-06-04 19:09:59,15050.09859000,88
2026-06-04 19:10:00,1.01000000,1.01300000,1.00900000,1.01100000,8957.99000000,2026-06-04 19:14:59,9055.76090000,60
2026-06-04 19:15:00,1.01200000,1.01600000,1.01200000,1.01500000,8392.27000000,2026-06-04 19:19:59,8512.01628000,73
2026-06-04 19:20:00,1.01500000,1.01600000,1.01300000,1.01400000,4659.84000000,2026-06-04 19:24:59,4728.63790000,35
2026-06-04 19:25:00,1.01300000,1.01400000,1.01200000,1.01400000,3446.00000000,2026-06-04 19:29:59,3490.67904000,35
2026-06-04 19:30:00,1.01200000,1.01200000,1.00400000,1.00400000,16629.46000000,2026-06-04 19:34:59,16747.75524000,121
2026-06-04 19:35:00,1.00600000,1.01000000,1.00600000,1.00900000,8314.18000000,2026-06-04 19:39:59,8373.57277000,64
2026-06-04 19:40:00,1.00900000,1.01100000,1.00600000,1.00900000,5613.67000000,2026-06-04 19:44:59,5657.80160000,57
2026-06-04 19:45:00,1.00900000,1.01300000,1.00700000,1.01100000,5433.12000000,2026-06-04 19:49:59,5489.51129000,49
2026-06-04 19:50:00,1.01200000,1.01300000,1.01100000,1.01200000,2455.33000000,2026-06-04 19:54:59,2484.99620000,19
2026-06-04 19:55:00,1.01300000,1.02400000,1.01300000,1.02300000,23129.43000000,2026-06-04 19:59:59,23599.85743000,122
2026-06-04 20:00:00,1.02200000,1.02500000,1.02100000,1.02500000,3178.66000000,2026-06-04 20:04:59,3246.66553000,23
2026-06-04 20:05:00,1.02400000,1.02500000,1.02100000,1.02300000,361.37000000,2026-06-04 20:09:59,369.67747000,15
2026-06-04 20:10:00,1.02200000,1.02300000,1.01900000,1.02300000,2223.88000000,2026-06-04 20:14:59,2269.80697000,19
2026-06-04 20:15:00,1.02200000,1.02200000,1.01100000,1.01100000,2314.46000000,2026-06-04 20:19:59,2350.57787000,35
2026-06-04 20:20:00,1.01200000,1.01400000,1.01200000,1.01300000,2889.06000000,2026-06-04 20:24:59,2928.08436000,20
2026-06-04 20:25:00,1.01300000,1.01800000,1.01300000,1.01400000,5453.25000000,2026-06-04 20:29:59,5539.27694000,50
2026-06-04 20:30:00,1.01500000,1.01700000,1.01300000,1.01600000,7088.32000000,2026-06-04 20:34:59,7197.25397000,38
2026-06-04 20:35:00,1.01500000,1.01700000,1.01500000,1.01700000,3693.44000000,2026-06-04 20:39:59,3752.88772000,25
2026-06-04 20:40:00,1.01800000,1.02300000,1.01800000,1.02200000,5033.17000000,2026-06-04 20:44:59,5135.40871000,28
2026-06-04 20:45:00,1.02100000,1.02100000,1.01800000,1.01900000,5268.73000000,2026-06-04 20:49:59,5366.89311000,27
2026-06-04 20:50:00,1.01900000,1.02400000,1.01900000,1.02300000,4700.98000000,2026-06-04 20:54:59,4805.76462000,30
2026-06-04 20:55:00,1.02300000,1.02400000,1.02200000,1.02400000,2978.41000000,2026-06-04 20:59:59,3047.12708000,22
2026-06-04 21:00:00,1.02300000,1.02300000,1.01800000,1.02000000,4075.32000000,2026-06-04 21:04:59,4156.82440000,51
2026-06-04 21:05:00,1.02200000,1.02300000,1.02000000,1.02000000,3584.49000000,2026-06-04 21:09:59,3657.66965000,24
2026-06-04 21:10:00,1.01900000,1.01900000,1.01500000,1.01500000,1325.30000000,2026-06-04 21:14:59,1347.90487000,23
2026-06-04 21:15:00,1.01500000,1.01600000,1.01300000,1.01500000,2832.85000000,2026-06-04 21:19:59,2874.68017000,25
2026-06-04 21:20:00,1.01600000,1.02200000,1.01600000,1.02100000,4441.89000000,2026-06-04 21:24:59,4526.79999000,45
2026-06-04 21:25:00,1.02000000,1.02300000,1.01800000,1.02300000,2517.02000000,2026-06-04 21:29:59,2570.23787000,28
2026-06-04 21:30:00,1.02300000,1.02300000,1.02100000,1.02100000,932.05000000,2026-06-04 21:34:59,952.29505000,14
2026-06-04 21:35:00,1.02000000,1.02200000,1.01700000,1.02200000,2933.54000000,2026-06-04 21:39:59,2988.55609000,26
2026-06-04 21:40:00,1.02200000,1.02200000,1.02000000,1.02100000,877.53000000,2026-06-04 21:44:59,895.45669000,14
2026-06-04 21:45:00,1.02100000,1.02400000,1.02100000,1.02400000,825.33000000,2026-06-04 21:49:59,843.87432000,12
2026-06-04 21:50:00,1.02100000,1.02100000,1.01800000,1.01800000,64.89000000,2026-06-04 21:54:59,66.08995000,6
2026-06-04 21:55:00,1.01800000,1.01800000,1.01200000,1.01200000,2632.38000000,2026-06-04 21:59:59,2666.94384000,23
2026-06-04 22:00:00,1.01200000,1.01200000,0.99500000,0.99500000,44544.06000000,2026-06-04 22:04:59,44622.18028000,342
2026-06-04 22:05:00,0.99600000,1.00300000,0.99600000,0.99900000,24279.12000000,2026-06-04 22:09:59,24267.19904000,98
2026-06-04 22:10:00,1.00000000,1.00300000,0.99700000,1.00300000,19066.90000000,2026-06-04 22:14:59,19064.46075000,92
2026-06-04 22:15:00,1.00200000,1.00900000,1.00200000,1.00700000,6294.57000000,2026-06-04 22:19:59,6329.23985000,53
2026-06-04 22:20:00,1.00700000,1.00700000,1.00300000,1.00700000,4665.96000000,2026-06-04 22:24:59,4686.39257000,44
2026-06-04 22:25:00,1.00800000,1.01000000,1.00500000,1.00900000,3604.32000000,2026-06-04 22:29:59,3632.39964000,46
2026-06-04 22:30:00,1.01000000,1.01400000,1.01000000,1.01000000,5167.01000000,2026-06-04 22:34:59,5232.18053000,54
2026-06-04 22:35:00,1.01000000,1.01200000,1.00600000,1.00700000,3674.87000000,2026-06-04 22:39:59,3708.00405000,54
2026-06-04 22:40:00,1.00800000,1.01000000,1.00500000,1.01000000,783.65000000,2026-06-04 22:44:59,789.63676000,19
2026-06-04 22:45:00,1.00900000,1.01000000,1.00800000,1.00900000,6255.03000000,2026-06-04 22:49:59,6307.64473000,37
2026-06-04 22:50:00,1.00900000,1.00900000,1.00700000,1.00900000,5228.23000000,2026-06-04 22:54:59,5268.44040000,35
2026-06-04 22:55:00,1.00700000,1.00900000,1.00700000,1.00700000,2253.73000000,2026-06-04 22:59:59,2272.38503000,33
2026-06-04 23:00:00,1.00800000,1.00800000,1.00300000,1.00400000,924.45000000,2026-06-04 23:04:59,928.57330000,26
2026-06-04 23:05:00,1.00300000,1.00600000,1.00200000,1.00500000,2697.24000000,2026-06-04 23:09:59,2708.91131000,24
2026-06-04 23:10:00,1.00300000,1.00500000,1.00300000,1.00400000,2204.13000000,2026-06-04 23:14:59,2212.76342000,26
2026-06-04 23:15:00,1.00400000,1.00600000,0.99900000,1.00100000,7461.17000000,2026-06-04 23:19:59,7472.66764000,61
2026-06-04 23:20:00,1.00100000,1.00100000,0.99600000,1.00100000,6156.72000000,2026-06-04 23:24:59,6145.49962000,50
2026-06-04 23:25:00,1.00200000,1.00200000,0.99300000,0.99400000,3402.98000000,2026-06-04 23:29:59,3387.01416000,34
2026-06-04 23:30:00,0.99300000,0.99900000,0.99300000,0.99900000,9109.43000000,2026-06-04 23:34:59,9073.02566000,71
2026-06-04 23:35:00,0.99900000,1.00000000,0.99800000,0.99800000,5497.55000000,2026-06-04 23:39:59,5490.65210000,44
2026-06-04 23:40:00,0.99800000,1.00000000,0.98700000,0.99200000,12927.85000000,2026-06-04 23:44:59,12826.84044000,93
2026-06-04 23:45:00,0.99200000,0.99300000,0.98700000,0.98700000,26376.96000000,2026-06-04 23:49:59,26129.00579000,102
2026-06-04 23:50:00,0.98900000,0.99200000,0.98700000,0.98700000,2465.50000000,2026-06-04 23:54:59,2439.08230000,32
2026-06-04 23:55:00,0.98600000,0.98800000,0.98200000,0.98600000,13804.02000000,2026-06-04 23:59:59,13591.82177000,94
2026-06-05 00:00:00,0.98500000,0.98700000,0.98100000,0.98700000,5308.24000000,2026-06-05 00:04:59,5220.03449000,62
2026-06-05 00:05:00,0.98500000,0.98500000,0.97900000,0.98300000,18693.58000000,2026-06-05 00:09:59,18351.44110000,97
2026-06-05 00:10:00,0.98400000,0.98400000,0.98000000,0.98200000,7557.71000000,2026-06-05 00:14:59,7421.62855000,62
2026-06-05 00:15:00,0.98100000,0.99400000,0.98100000,0.99300000,11960.33000000,2026-06-05 00:19:59,11780.35512000,109
2026-06-05 00:20:00,0.99200000,0.99200000,0.98600000,0.98700000,5176.34000000,2026-06-05 00:24:59,5111.22732000,33
2026-06-05 00:25:00,0.98600000,0.98700000,0.98400000,0.98600000,1171.64000000,2026-06-05 00:29:59,1154.56871000,21
2026-06-05 00:30:00,0.98700000,0.99300000,0.98700000,0.99200000,5764.75000000,2026-06-05 00:34:59,5715.78568000,57
2026-06-05 00:35:00,0.99200000,0.99200000,0.98700000,0.98700000,1013.69000000,2026-06-05 00:39:59,1002.14093000,21
2026-06-05 00:40:00,0.98800000,0.98900000,0.98400000,0.98400000,4220.20000000,2026-06-05 00:44:59,4157.92304000,37
2026-06-05 00:45:00,0.98500000,0.98800000,0.98500000,0.98600000,4805.63000000,2026-06-05 00:49:59,4739.97489000,34
2026-06-05 00:50:00,0.98500000,0.98700000,0.98300000,0.98300000,3982.59000000,2026-06-05 00:54:59,3920.86798000,37
2026-06-05 00:55:00,0.98300000,0.98400000,0.98000000,0.98100000,3737.45000000,2026-06-05 00:59:59,3671.67325000,45
2026-06-05 01:00:00,0.98200000,0.98200000,0.97600000,0.98100000,24092.08000000,2026-06-05 01:04:59,23582.88901000,158
2026-06-05 01:05:00,0.97900000,0.99200000,0.97900000,0.99100000,9670.50000000,2026-06-05 01:09:59,9549.73861000,100
2026-06-05 01:10:00,0.99200000,0.99200000,0.98900000,0.99100000,5911.48000000,2026-06-05 01:14:59,5855.54427000,56
2026-06-05 01:15:00,0.99100000,0.99200000,0.98700000,0.98900000,6025.38000000,2026-06-05 01:19:59,5957.86423000,60
2026-06-05 01:20:00,0.98800000,0.99200000,0.98800000,0.99200000,3006.82000000,2026-06-05 01:24:59,2976.69668000,41
2026-06-05 01:25:00,0.99200000,1.00000000,0.99200000,0.99700000,13921.51000000,2026-06-05 01:29:59,13863.26306000,112
2026-06-05 01:30:00,0.99600000,0.99600000,0.99300000,0.99400000,1990.51000000,2026-06-05 01:34:59,1979.87708000,20
2026-06-05 01:35:00,0.99300000,0.99400000,0.99200000,0.99200000,3753.75000000,2026-06-05 01:39:59,3727.61141000,20
2026-06-05 01:40:00,0.99100000,0.99100000,0.98700000,0.98800000,5125.36000000,2026-06-05 01:44:59,5061.80076000,35
2026-06-05 01:45:00,0.98700000,0.98900000,0.98600000,0.98800000,3220.31000000,2026-06-05 01:49:59,3177.67206000,35
2026-06-05 01:50:00,0.98800000,0.99700000,0.98800000,0.99700000,3714.96000000,2026-06-05 01:54:59,3683.77503000,41
2026-06-05 01:55:00,0.99600000,1.00400000,0.99600000,1.00300000,15696.99000000,2026-06-05 01:59:59,15719.57352000,113
2026-06-05 02:00:00,1.00200000,1.00500000,0.99900000,0.99900000,10604.37000000,2026-06-05 02:04:59,10630.77316000,77
2026-06-05 02:05:00,0.99800000,1.00000000,0.99600000,0.99600000,7901.02000000,2026-06-05 02:09:59,7880.75058000,51
2026-06-05 02:10:00,0.99600000,0.99600000,0.99500000,0.99600000,4069.48000000,2026-06-05 02:14:59,4050.92815000,22
2026-06-05 02:15:00,0.99500000,0.99500000,0.99300000,0.99400000,2210.27000000,2026-06-05 02:19:59,2196.93864000,23
2026-06-05 02:20:00,0.99500000,0.99800000,0.99500000,0.99600000,2752.06000000,2026-06-05 02:24:59,2744.46870000,33
2026-06-05 02:25:00,0.99700000,1.00100000,0.99700000,1.00000000,3521.87000000,2026-06-05 02:29:59,3522.90954000,30
2026-06-05 02:30:00,1.00100000,1.00100000,0.99700000,0.99700000,5197.45000000,2026-06-05 02:34:59,5198.29530000,32
2026-06-05 02:35:00,0.99600000,0.99600000,0.98900000,0.99000000,8601.24000000,2026-06-05 02:39:59,8522.27068000,82
2026-06-05 02:40:00,0.98900000,0.98900000,0.98200000,0.98200000,6728.23000000,2026-06-05 02:44:59,6635.45376000,59
2026-06-05 02:45:00,0.98300000,0.98300000,0.97600000,0.97900000,17660.20000000,2026-06-05 02:49:59,17260.66231000,87
2026-06-05 02:50:00,0.97800000,0.98400000,0.97700000,0.97700000,4943.72000000,2026-06-05 02:54:59,4843.01668000,66
2026-06-05 02:55:00,0.97800000,0.97800000,0.96800000,0.96900000,24259.80000000,2026-06-05 02:59:59,23561.54937000,191
2026-06-05 03:00:00,0.97100000,0.97300000,0.96300000,0.96400000,21024.00000000,2026-06-05 03:04:59,20327.43257000,187
2026-06-05 03:05:00,0.96500000,0.97500000,0.96500000,0.97000000,9155.48000000,2026-06-05 03:09:59,8890.05890000,82
2026-06-05 03:10:00,0.96900000,0.96900000,0.96000000,0.96100000,12894.09000000,2026-06-05 03:14:59,12418.94147000,113
2026-06-05 03:15:00,0.96200000,0.96300000,0.94200000,0.94300000,70241.44000000,2026-06-05 03:19:59,66803.35700000,443
2026-06-05 03:20:00,0.94300000,0.94600000,0.92300000,0.93100000,78181.54000000,2026-06-05 03:24:59,73024.79764000,661
2026-06-05 03:25:00,0.93200000,0.94500000,0.93000000,0.93800000,49844.38000000,2026-06-05 03:29:59,46724.12087000,386
2026-06-05 03:30:00,0.93800000,0.94600000,0.93600000,0.93800000,28305.56000000,2026-06-05 03:34:59,26639.46633000,241
2026-06-05 03:35:00,0.93700000,0.94500000,0.93400000,0.94300000,28277.36000000,2026-06-05 03:39:59,26589.45784000,162
2026-06-05 03:40:00,0.94200000,0.95500000,0.94100000,0.95100000,15994.08000000,2026-06-05 03:44:59,15170.51752000,121
2026-06-05 03:45:00,0.95200000,0.95300000,0.94300000,0.94300000,5983.15000000,2026-06-05 03:49:59,5672.18033000,83
2026-06-05 03:50:00,0.94300000,0.94400000,0.94000000,0.94400000,27191.10000000,2026-06-05 03:54:59,25594.10806000,131
2026-06-05 03:55:00,0.94300000,0.94600000,0.94300000,0.94400000,16691.03000000,2026-06-05 03:59:59,15767.20875000,57
2026-06-05 04:00:00,0.94300000,0.94500000,0.93300000,0.93500000,21568.01000000,2026-06-05 04:04:59,20209.07232000,139
2026-06-05 04:05:00,0.93300000,0.93400000,0.92900000,0.92900000,28316.64000000,2026-06-05 04:09:59,26346.30921000,126
2026-06-05 04:10:00,0.92900000,0.93500000,0.92300000,0.92500000,26367.95000000,2026-06-05 04:14:59,24502.80301000,202
2026-06-05 04:15:00,0.92600000,0.93400000,0.92600000,0.93300000,9067.79000000,2026-06-05 04:19:59,8439.17953000,88
2026-06-05 04:20:00,0.93200000,0.94300000,0.93100000,0.93900000,9337.70000000,2026-06-05 04:24:59,8749.61242000,83
2026-06-05 04:25:00,0.93900000,0.95200000,0.93900000,0.95000000,10903.73000000,2026-06-05 04:29:59,10336.35602000,107
2026-06-05 04:30:00,0.95000000,0.95800000,0.94900000,0.95600000,9053.06000000,2026-06-05 04:34:59,8621.96306000,131
2026-06-05 04:35:00,0.95500000,0.95900000,0.95500000,0.95600000,9782.84000000,2026-06-05 04:39:59,9364.04779000,77
2026-06-05 04:40:00,0.95500000,0.96000000,0.95300000,0.96000000,4056.83000000,2026-06-05 04:44:59,3878.26867000,43
2026-06-05 04:45:00,0.95900000,0.96200000,0.95500000,0.96000000,7403.94000000,2026-06-05 04:49:59,7090.44807000,82
2026-06-05 04:50:00,0.95800000,0.96200000,0.95300000,0.95700000,38142.38000000,2026-06-05 04:54:59,36468.48613000,142
2026-06-05 04:55:00,0.95600000,0.96100000,0.95600000,0.96100000,15779.57000000,2026-06-05 04:59:59,15108.94520000,70
2026-06-05 05:00:00,0.96100000,0.96200000,0.96000000,0.96100000,7880.63000000,2026-06-05 05:04:59,7575.51715000,40
2026-06-05 05:05:00,0.96000000,0.96300000,0.95600000,0.95800000,9558.88000000,2026-06-05 05:09:59,9175.66894000,53
2026-06-05 05:10:00,0.95700000,0.95900000,0.95500000,0.95500000,6689.48000000,2026-06-05 05:14:59,6398.31467000,49
2026-06-05 05:15:00,0.95600000,0.95700000,0.95400000,0.95600000,3297.83000000,2026-06-05 05:19:59,3149.51935000,26
2026-06-05 05:20:00,0.95500000,0.95700000,0.95500000,0.95600000,1732.71000000,2026-06-05 05:24:59,1657.02047000,15
2026-06-05 05:25:00,0.95500000,0.95800000,0.95500000,0.95700000,1398.99000000,2026-06-05 05:29:59,1339.16739000,12
2026-06-05 05:30:00,0.95800000,0.95900000,0.95400000,0.95500000,7216.22000000,2026-06-05 05:34:59,6904.97311000,33
2026-06-05 05:35:00,0.95400000,0.95500000,0.94900000,0.95000000,4853.71000000,2026-06-05 05:39:59,4615.78875000,54
2026-06-05 05:40:00,0.94900000,0.95200000,0.94900000,0.94900000,2779.31000000,2026-06-05 05:44:59,2639.80811000,32
2026-06-05 05:45:00,0.94800000,0.95200000,0.94800000,0.95200000,2986.76000000,2026-06-05 05:49:59,2838.66724000,20
2026-06-05 05:50:00,0.95100000,0.95100000,0.94700000,0.94800000,2491.47000000,2026-06-05 05:54:59,2366.53508000,25
2026-06-05 05:55:00,0.94800000,0.95000000,0.94800000,0.95000000,518.89000000,2026-06-05 05:59:59,492.59808000,10
2026-06-05 06:00:00,0.95100000,0.95700000,0.95100000,0.95400000,26068.76000000,2026-06-05 06:04:59,24854.83889000,110
2026-06-05 06:05:00,0.95400000,0.95900000,0.95400000,0.95900000,977.75000000,2026-06-05 06:09:59,934.18883000,16
2026-06-05 06:10:00,0.96000000,0.97000000,0.95800000,0.97000000,15267.60000000,2026-06-05 06:14:59,14708.16609000,121
2026-06-05 06:15:00,0.97100000,0.97300000,0.96300000,0.96300000,6652.77000000,2026-06-05 06:19:59,6451.90389000,69
2026-06-05 06:20:00,0.96200000,0.96700000,0.96200000,0.96700000,1669.01000000,2026-06-05 06:24:59,1612.55651000,15
2026-06-05 06:25:00,0.96800000,0.97000000,0.96600000,0.97000000,2256.26000000,2026-06-05 06:29:59,2183.69358000,27
2026-06-05 06:30:00,0.97000000,0.97200000,0.96600000,0.96800000,6977.78000000,2026-06-05 06:34:59,6760.63988000,69
2026-06-05 06:35:00,0.96900000,0.96900000,0.96500000,0.96500000,2762.63000000,2026-06-05 06:39:59,2669.17385000,21
2026-06-05 06:40:00,0.96500000,0.96600000,0.96500000,0.96500000,684.61000000,2026-06-05 06:44:59,660.86479000,11
2026-06-05 06:45:00,0.96600000,0.96800000,0.96600000,0.96700000,1491.90000000,2026-06-05 06:49:59,1442.22440000,23
2026-06-05 06:50:00,0.96600000,0.97100000,0.96600000,0.97100000,3512.86000000,2026-06-05 06:54:59,3404.59184000,27
2026-06-05 06:55:00,0.97000000,0.97300000,0.97000000,0.97300000,1598.22000000,2026-06-05 06:59:59,1552.22482000,22
2026-06-05 07:00:00,0.97300000,0.97500000,0.97000000,0.97000000,3398.80000000,2026-06-05 07:04:59,3304.14581000,33
2026-06-05 07:05:00,0.97000000,0.97200000,0.96900000,0.97000000,4366.34000000,2026-06-05 07:09:59,4237.81152000,36
2026-06-05 07:10:00,0.96900000,0.96900000,0.96500000,0.96700000,7843.57000000,2026-06-05 07:14:59,7582.19388000,52
2026-06-05 07:15:00,0.96700000,0.96700000,0.96000000,0.96000000,5225.00000000,2026-06-05 07:19:59,5019.32222000,32
2026-06-05 07:20:00,0.96100000,0.96300000,0.96000000,0.96200000,3706.43000000,2026-06-05 07:24:59,3565.77553000,28
2026-06-05 07:25:00,0.96200000,0.96500000,0.96200000,0.96500000,3364.75000000,2026-06-05 07:29:59,3241.38867000,22
2026-06-05 07:30:00,0.96500000,0.96900000,0.96400000,0.96800000,2151.45000000,2026-06-05 07:34:59,2080.07359000,22
2026-06-05 07:35:00,0.96800000,0.96800000,0.96300000,0.96400000,3962.41000000,2026-06-05 07:39:59,3821.37904000,27
2026-06-05 07:40:00,0.96400000,0.96900000,0.96400000,0.96900000,6626.99000000,2026-06-05 07:44:59,6393.00141000,30
2026-06-05 07:45:00,0.96800000,0.96800000,0.96200000,0.96500000,1382.81000000,2026-06-05 07:49:59,1333.88848000,36
2026-06-05 07:50:00,0.96500000,0.96500000,0.96000000,0.96200000,3861.19000000,2026-06-05 07:54:59,3711.94524000,31
2026-06-05 07:55:00,0.96100000,0.96500000,0.96100000,0.96500000,315.96000000,2026-06-05 07:59:59,304.15635000,8
2026-06-05 08:00:00,0.96500000,0.96500000,0.95900000,0.95900000,1618.31000000,2026-06-05 08:04:59,1556.79366000,18
2026-06-05 08:05:00,0.96000000,0.96100000,0.95700000,0.95800000,6834.50000000,2026-06-05 08:09:59,6549.57563000,42
2026-06-05 08:10:00,0.95700000,0.96000000,0.95600000,0.96000000,6844.01000000,2026-06-05 08:14:59,6552.31906000,49
2026-06-05 08:15:00,0.95900000,0.96700000,0.95900000,0.96700000,8559.44000000,2026-06-05 08:19:59,8220.45192000,47
2026-06-05 08:20:00,0.96600000,0.96700000,0.95900000,0.96000000,10453.53000000,2026-06-05 08:24:59,10070.43832000,78
2026-06-05 08:25:00,0.96000000,0.96500000,0.96000000,0.96500000,1873.55000000,2026-06-05 08:29:59,1800.39322000,12
2026-06-05 08:30:00,0.96400000,0.96500000,0.96100000,0.96100000,1467.51000000,2026-06-05 08:34:59,1413.23540000,18
2026-06-05 08:35:00,0.96100000,0.96100000,0.95800000,0.95900000,1101.76000000,2026-06-05 08:39:59,1056.37310000,20
2026-06-05 08:40:00,0.95900000,0.95900000,0.95600000,0.95700000,4849.18000000,2026-06-05 08:44:59,4641.66447000,28
2026-06-05 08:45:00,0.95600000,0.95900000,0.95500000,0.95700000,6011.09000000,2026-06-05 08:49:59,5746.14889000,24
2026-06-05 08:50:00,0.95900000,0.96100000,0.95800000,0.95800000,327.79000000,2026-06-05 08:54:59,314.78552000,11
2026-06-05 08:55:00,0.95700000,0.95800000,0.95600000,0.95700000,2708.26000000,2026-06-05 08:59:59,2591.78687000,32
2026-06-05 09:00:00,0.95700000,0.95700000,0.94600000,0.94600000,7149.84000000,2026-06-05 09:04:59,6801.89453000,90
2026-06-05 09:05:00,0.94600000,0.95600000,0.94500000,0.95000000,7265.64000000,2026-06-05 09:09:59,6928.63579000,56
2026-06-05 09:10:00,0.95100000,0.95400000,0.95000000,0.95100000,1156.13000000,2026-06-05 09:14:59,1099.24398000,23
2026-06-05 09:15:00,0.95200000,0.95600000,0.95200000,0.95600000,3494.05000000,2026-06-05 09:19:59,3334.61809000,33
2026-06-05 09:20:00,0.95500000,0.95900000,0.95300000,0.95800000,2863.72000000,2026-06-05 09:24:59,2740.32709000,33
2026-06-05 09:25:00,0.95700000,0.95700000,0.94900000,0.95000000,4340.50000000,2026-06-05 09:29:59,4132.59128000,56
2026-06-05 09:30:00,0.95100000,0.95500000,0.94200000,0.94200000,20340.50000000,2026-06-05 09:34:59,19350.60500000,151
2026-06-05 09:35:00,0.94300000,0.94900000,0.94000000,0.94700000,14158.22000000,2026-06-05 09:39:59,13348.21770000,84
2026-06-05 09:40:00,0.94600000,0.95100000,0.94500000,0.94900000,6626.74000000,2026-06-05 09:44:59,6278.91835000,42
2026-06-05 09:45:00,0.95000000,0.95100000,0.94800000,0.94900000,3053.42000000,2026-06-05 09:49:59,2900.60322000,25
2026-06-05 09:50:00,0.94800000,0.94800000,0.94400000,0.94600000,2646.55000000,2026-06-05 09:54:59,2504.25439000,32
2026-06-05 09:55:00,0.94600000,0.94800000,0.94600000,0.94800000,6615.84000000,2026-06-05 09:59:59,6261.78052000,50
2026-06-05 10:00:00,0.94900000,0.95300000,0.94900000,0.95300000,7562.74000000,2026-06-05 10:04:59,7182.47603000,44
2026-06-05 10:05:00,0.95300000,0.95400000,0.94900000,0.94900000,4213.85000000,2026-06-05 10:09:59,4005.86398000,47
2026-06-05 10:10:00,0.95000000,0.95200000,0.94800000,0.95200000,1875.67000000,2026-06-05 10:14:59,1780.19618000,25
2026-06-05 10:15:00,0.95200000,0.95600000,0.95200000,0.95600000,1301.37000000,2026-06-05 10:19:59,1240.23850000,14
2026-06-05 10:20:00,0.95400000,0.95800000,0.95400000,0.95600000,8333.13000000,2026-06-05 10:24:59,7959.77782000,60
2026-06-05 10:25:00,0.95700000,0.96100000,0.95600000,0.95600000,8675.08000000,2026-06-05 10:29:59,8311.60422000,66
2026-06-05 10:30:00,0.95600000,0.96300000,0.95300000,0.96200000,5187.48000000,2026-06-05 10:34:59,4961.89283000,71
2026-06-05 10:35:00,0.96100000,0.96200000,0.95600000,0.95600000,13676.26000000,2026-06-05 10:39:59,13121.89914000,68
2026-06-05 10:40:00,0.95700000,0.95700000,0.95300000,0.95300000,3624.61000000,2026-06-05 10:44:59,3457.94523000,41
2026-06-05 10:45:00,0.95400000,0.95400000,0.94400000,0.94400000,5483.21000000,2026-06-05 10:49:59,5190.72546000,50
2026-06-05 10:50:00,0.94600000,0.94800000,0.94200000,0.94200000,12589.42000000,2026-06-05 10:54:59,11911.56906000,120
2026-06-05 10:55:00,0.94300000,0.94300000,0.92800000,0.92800000,20342.58000000,2026-06-05 10:59:59,18961.59256000,124
2026-06-05 11:00:00,0.92900000,0.93400000,0.92300000,0.92400000,22443.64000000,2026-06-05 11:04:59,20834.62018000,182
2026-06-05 11:05:00,0.92400000,0.94400000,0.91800000,0.94400000,40198.18000000,2026-06-05 11:09:59,37415.34942000,375
2026-06-05 11:10:00,0.94300000,0.94400000,0.93600000,0.93700000,5788.77000000,2026-06-05 11:14:59,5437.13561000,74
2026-06-05 11:15:00,0.93900000,0.94500000,0.93900000,0.94400000,9401.81000000,2026-06-05 11:19:59,8864.21080000,96
2026-06-05 11:20:00,0.94400000,0.94600000,0.93500000,0.93600000,5007.09000000,2026-06-05 11:24:59,4700.51873000,58
2026-06-05 11:25:00,0.93700000,0.93700000,0.93300000,0.93600000,10783.66000000,2026-06-05 11:29:59,10081.06856000,75
2026-06-05 11:30:00,0.93700000,0.93800000,0.92800000,0.93600000,60456.53000000,2026-06-05 11:34:59,56251.19081000,288
2026-06-05 11:35:00,0.93500000,0.94200000,0.93300000,0.93500000,8852.03000000,2026-06-05 11:39:59,8299.69073000,108
2026-06-05 11:40:00,0.93400000,0.93800000,0.93400000,0.93600000,9236.36000000,2026-06-05 11:44:59,8638.45468000,69
2026-06-05 11:45:00,0.93700000,0.94300000,0.93400000,0.93400000,5310.85000000,2026-06-05 11:49:59,4982.19343000,62
2026-06-05 11:50:00,0.93300000,0.93900000,0.93000000,0.93000000,4982.97000000,2026-06-05 11:54:59,4642.67515000,43
2026-06-05 11:55:00,0.92900000,0.93700000,0.92800000,0.93400000,4843.43000000,2026-06-05 11:59:59,4502.15324000,39
2026-06-05 12:00:00,0.93300000,0.93400000,0.92600000,0.93200000,15065.12000000,2026-06-05 12:04:59,14003.37690000,135
2026-06-05 12:05:00,0.93100000,0.93200000,0.92700000,0.93000000,21915.09000000,2026-06-05 12:09:59,20380.79202000,108
2026-06-05 12:10:00,0.93000000,0.93100000,0.92100000,0.92400000,27885.19000000,2026-06-05 12:14:59,25779.00493000,200
2026-06-05 12:15:00,0.92400000,0.92900000,0.92200000,0.92900000,22829.80000000,2026-06-05 12:19:59,21119.54018000,159
2026-06-05 12:20:00,0.92900000,0.92900000,0.92200000,0.92700000,19587.38000000,2026-06-05 12:24:59,18151.97261000,96
2026-06-05 12:25:00,0.92600000,0.93200000,0.92100000,0.92300000,12201.00000000,2026-06-05 12:29:59,11275.59274000,100
2026-06-05 12:30:00,0.92400000,0.92700000,0.92000000,0.92300000,12391.11000000,2026-06-05 12:34:59,11433.80403000,88
2026-06-05 12:35:00,0.92400000,0.92500000,0.91300000,0.91500000,23358.35000000,2026-06-05 12:39:59,21414.99352000,190
2026-06-05 12:40:00,0.91400000,0.92400000,0.91300000,0.92100000,11235.16000000,2026-06-05 12:44:59,10331.93226000,103
2026-06-05 12:45:00,0.92000000,0.92400000,0.91000000,0.92300000,26814.41000000,2026-06-05 12:49:59,24608.59377000,177
2026-06-05 12:50:00,0.92200000,0.92200000,0.91900000,0.92100000,21034.69000000,2026-06-05 12:54:59,19370.60588000,121
2026-06-05 12:55:00,0.92200000,0.92400000,0.92100000,0.92200000,4444.60000000,2026-06-05 12:59:59,4100.88213000,42
2026-06-05 13:00:00,0.92100000,0.92100000,0.90900000,0.91200000,20666.60000000,2026-06-05 13:04:59,18878.85595000,150
2026-06-05 13:05:00,0.91000000,0.91800000,0.90800000,0.91300000,18418.18000000,2026-06-05 13:09:59,16800.42982000,163
2026-06-05 13:10:00,0.91200000,0.92500000,0.89900000,0.92300000,57822.23000000,2026-06-05 13:14:59,52675.09224000,467
2026-06-05 13:15:00,0.92200000,0.93200000,0.92200000,0.92700000,32958.23000000,2026-06-05 13:19:59,30547.56644000,205
2026-06-05 13:20:00,0.92600000,0.93700000,0.92500000,0.93500000,12774.95000000,2026-06-05 13:24:59,11920.50624000,113
2026-06-05 13:25:00,0.93400000,0.93500000,0.92700000,0.92900000,6030.72000000,2026-06-05 13:29:59,5627.60232000,65
2026-06-05 13:30:00,0.92700000,0.93000000,0.92500000,0.92600000,2693.50000000,2026-06-05 13:34:59,2497.89033000,48
2026-06-05 13:35:00,0.92600000,0.93000000,0.92500000,0.92600000,4794.00000000,2026-06-05 13:39:59,4447.30907000,121
2026-06-05 13:40:00,0.92600000,0.92700000,0.92200000,0.92600000,2615.69000000,2026-06-05 13:44:59,2419.16442000,68
2026-06-05 13:45:00,0.92700000,0.94000000,0.92700000,0.94000000,5997.59000000,2026-06-05 13:49:59,5606.22987000,80
2026-06-05 13:50:00,0.94000000,0.94700000,0.93900000,0.94700000,19108.82000000,2026-06-05 13:54:59,18013.00982000,135
2026-06-05 13:55:00,0.94800000,0.95100000,0.94600000,0.95000000,8160.78000000,2026-06-05 13:59:59,7744.76264000,73
2026-06-05 14:00:00,0.95000000,0.95200000,0.94500000,0.95000000,7899.09000000,2026-06-05 14:04:59,7488.58034000,65
2026-06-05 14:05:00,0.95000000,0.95200000,0.94700000,0.95100000,1688.82000000,2026-06-05 14:09:59,1605.96392000,33
2026-06-05 14:10:00,0.95000000,0.95000000,0.94400000,0.94700000,5723.54000000,2026-06-05 14:14:59,5427.39775000,59
2026-06-05 14:15:00,0.94700000,0.94700000,0.94200000,0.94200000,2701.07000000,2026-06-05 14:19:59,2549.23298000,31
2026-06-05 14:20:00,0.94100000,0.94500000,0.94100000,0.94200000,5969.36000000,2026-06-05 14:24:59,5627.43423000,39
2026-06-05 14:25:00,0.94300000,0.94300000,0.93900000,0.94100000,1225.87000000,2026-06-05 14:29:59,1153.39122000,34
2026-06-05 14:30:00,0.94100000,0.94300000,0.94000000,0.94200000,856.51000000,2026-06-05 14:34:59,807.00904000,24
2026-06-05 14:35:00,0.94100000,0.94300000,0.94000000,0.94300000,2836.74000000,2026-06-05 14:39:59,2670.92960000,33
2026-06-05 14:40:00,0.94400000,0.94700000,0.94100000,0.94100000,1121.67000000,2026-06-05 14:44:59,1059.44498000,26
2026-06-05 14:45:00,0.94200000,0.94300000,0.93800000,0.93800000,863.67000000,2026-06-05 14:49:59,812.26031000,19
2026-06-05 14:50:00,0.93900000,0.94000000,0.93800000,0.93900000,1082.72000000,2026-06-05 14:54:59,1017.07463000,20
2026-06-05 14:55:00,0.93800000,0.93900000,0.93500000,0.93900000,11261.80000000,2026-06-05 14:59:59,10557.42922000,50
2026-06-05 15:00:00,0.94000000,0.94200000,0.93700000,0.93800000,9423.11000000,2026-06-05 15:04:59,8847.06456000,55
2026-06-05 15:05:00,0.93900000,0.94200000,0.93800000,0.93900000,5850.97000000,2026-06-05 15:09:59,5498.80783000,49
2026-06-05 15:10:00,0.93800000,0.93800000,0.93300000,0.93400000,2160.80000000,2026-06-05 15:14:59,2021.47604000,50
2026-06-05 15:15:00,0.93500000,0.93500000,0.93100000,0.93200000,3909.02000000,2026-06-05 15:19:59,3645.06935000,72
2026-06-05 15:20:00,0.93000000,0.93200000,0.92500000,0.92500000,12792.99000000,2026-06-05 15:24:59,11884.13260000,126
2026-06-05 15:25:00,0.92500000,0.92600000,0.92200000,0.92400000,14821.37000000,2026-06-05 15:29:59,13698.73990000,103
2026-06-05 15:30:00,0.92200000,0.92300000,0.91900000,0.92100000,9915.59000000,2026-06-05 15:34:59,9131.46579000,124
2026-06-05 15:35:00,0.92100000,0.92300000,0.91500000,0.92300000,5225.79000000,2026-06-05 15:39:59,4791.87573000,83
2026-06-05 15:40:00,0.92400000,0.92500000,0.91200000,0.91700000,15231.63000000,2026-06-05 15:44:59,13968.82269000,96
2026-06-05 15:45:00,0.91800000,0.91800000,0.91100000,0.91500000,3088.75000000,2026-06-05 15:49:59,2822.04659000,46
2026-06-05 15:50:00,0.91500000,0.91500000,0.89800000,0.90000000,26852.40000000,2026-06-05 15:54:59,24291.32064000,189
2026-06-05 15:55:00,0.90000000,0.91100000,0.89700000,0.90000000,26950.92000000,2026-06-05 15:59:59,24367.22785000,170
2026-06-05 16:00:00,0.89900000,0.90300000,0.89100000,0.89600000,32071.23000000,2026-06-05 16:04:59,28777.35890000,249
2026-06-05 16:05:00,0.89700000,0.90000000,0.89400000,0.90000000,32814.86000000,2026-06-05 16:09:59,29454.85108000,217
2026-06-05 16:10:00,0.90100000,0.90300000,0.89800000,0.90000000,9053.82000000,2026-06-05 16:14:59,8148.52070000,111
2026-06-05 16:15:00,0.90100000,0.90100000,0.89200000,0.89700000,20716.17000000,2026-06-05 16:19:59,18555.51195000,141
2026-06-05 16:20:00,0.89800000,0.90600000,0.89600000,0.90600000,12357.99000000,2026-06-05 16:24:59,11157.35553000,111
2026-06-05 16:25:00,0.90700000,0.90900000,0.90500000,0.90900000,4695.75000000,2026-06-05 16:29:59,4260.02676000,44
2026-06-05 16:30:00,0.91000000,0.91000000,0.90100000,0.90600000,7164.80000000,2026-06-05 16:34:59,6491.48833000,65
2026-06-05 16:35:00,0.90700000,0.91000000,0.90600000,0.91000000,5039.09000000,2026-06-05 16:39:59,4573.04287000,63
2026-06-05 16:40:00,0.91100000,0.91300000,0.90700000,0.91100000,6821.32000000,2026-06-05 16:44:59,6207.36777000,78
2026-06-05 16:45:00,0.91200000,0.92700000,0.91200000,0.92600000,7426.01000000,2026-06-05 16:49:59,6835.65037000,110
2026-06-05 16:50:00,0.92400000,0.92800000,0.92200000,0.92500000,7516.51000000,2026-06-05 16:54:59,6942.78239000,73
2026-06-05 16:55:00,0.92400000,0.92600000,0.92200000,0.92300000,6378.07000000,2026-06-05 16:59:59,5895.15082000,61
2026-06-05 17:00:00,0.92400000,0.92700000,0.91500000,0.91700000,4304.19000000,2026-06-05 17:04:59,3959.78918000,61
2026-06-05 17:05:00,0.91700000,0.93300000,0.91300000,0.93200000,17704.33000000,2026-06-05 17:09:59,16412.38041000,123
2026-06-05 17:10:00,0.93200000,0.93200000,0.92700000,0.93100000,4515.48000000,2026-06-05 17:14:59,4193.75616000,52
2026-06-05 17:15:00,0.93200000,0.93500000,0.93000000,0.93500000,3719.87000000,2026-06-05 17:19:59,3469.05431000,53
2026-06-05 17:20:00,0.93500000,0.93600000,0.93200000,0.93600000,3553.96000000,2026-06-05 17:24:59,3320.34660000,41
2026-06-05 17:25:00,0.93700000,0.94000000,0.93600000,0.93600000,10353.89000000,2026-06-05 17:29:59,9716.05481000,49
2026-06-05 17:30:00,0.93500000,0.93900000,0.93300000,0.93400000,4674.12000000,2026-06-05 17:34:59,4377.70631000,46
2026-06-05 17:35:00,0.93500000,0.93800000,0.93500000,0.93800000,628.70000000,2026-06-05 17:39:59,588.50494000,15
2026-06-05 17:40:00,0.93800000,0.93800000,0.93600000,0.93600000,3408.89000000,2026-06-05 17:44:59,3193.62293000,22
2026-06-05 17:45:00,0.93600000,0.93900000,0.93400000,0.93900000,2965.66000000,2026-06-05 17:49:59,2776.88096000,40
2026-06-05 17:50:00,0.94000000,0.94300000,0.93900000,0.94000000,4206.75000000,2026-06-05 17:54:59,3953.04310000,39
2026-06-05 17:55:00,0.94100000,0.94500000,0.94100000,0.94300000,14475.67000000,2026-06-05 17:59:59,13650.67789000,66
2026-06-05 18:00:00,0.94300000,0.94900000,0.94200000,0.94700000,2940.35000000,2026-06-05 18:04:59,2779.16750000,42
2026-06-05 18:05:00,0.94800000,0.94800000,0.94200000,0.94700000,3482.89000000,2026-06-05 18:09:59,3294.42612000,36
2026-06-05 18:10:00,0.94700000,0.94800000,0.94400000,0.94600000,7328.39000000,2026-06-05 18:14:59,6931.03211000,46
2026-06-05 18:15:00,0.94700000,0.94900000,0.94600000,0.94600000,3127.81000000,2026-06-05 18:19:59,2963.69837000,16
2026-06-05 18:20:00,0.94600000,0.94700000,0.94600000,0.94700000,1221.08000000,2026-06-05 18:24:59,1156.26876000,2
2026-06-05 18:25:00,0.94900000,0.94900000,0.94900000,0.94900000,44.13000000,2026-06-05 18:29:59,41.87937000,3
2026-06-05 18:30:00,0.94700000,0.94900000,0.94700000,0.94900000,917.66000000,2026-06-05 18:34:59,869.05734000,5
2026-06-05 18:35:00,0.94900000,0.95300000,0.94900000,0.95300000,1619.49000000,2026-06-05 18:39:59,1539.65662000,21
2026-06-05 18:40:00,0.95200000,0.95300000,0.95200000,0.95200000,962.29000000,2026-06-05 18:44:59,916.11058000,10
2026-06-05 18:45:00,0.95200000,0.95300000,0.95200000,0.95300000,1347.48000000,2026-06-05 18:49:59,1282.81886000,10
2026-06-05 18:50:00,0.95200000,0.95200000,0.95000000,0.95000000,10371.06000000,2026-06-05 18:54:59,9861.86822000,29
2026-06-05 18:55:00,0.95000000,0.95000000,0.94800000,0.94800000,6389.38000000,2026-06-05 18:59:59,6067.05994000,21
2026-06-05 19:00:00,0.94900000,0.94900000,0.94100000,0.94100000,3074.48000000,2026-06-05 19:04:59,2900.61001000,55
2026-06-05 19:05:00,0.94000000,0.94100000,0.93600000,0.93800000,6134.92000000,2026-06-05 19:09:59,5752.55988000,61
2026-06-05 19:10:00,0.93800000,0.94000000,0.93700000,0.93800000,4259.56000000,2026-06-05 19:14:59,3995.77680000,49
2026-06-05 19:15:00,0.93700000,0.94100000,0.93600000,0.94100000,7743.06000000,2026-06-05 19:19:59,7261.92761000,74
2026-06-05 19:20:00,0.94100000,0.94100000,0.93700000,0.93700000,6371.31000000,2026-06-05 19:24:59,5985.95649000,53
2026-06-05 19:25:00,0.93700000,0.93700000,0.93400000,0.93400000,2095.69000000,2026-06-05 19:29:59,1961.59233000,22
2026-06-05 19:30:00,0.93500000,0.93600000,0.93300000,0.93500000,1481.80000000,2026-06-05 19:34:59,1386.59770000,19
2026-06-05 19:35:00,0.93600000,0.94000000,0.93600000,0.94000000,817.68000000,2026-06-05 19:39:59,767.41010000,19
2026-06-05 19:40:00,0.93900000,0.94000000,0.93800000,0.94000000,1485.81000000,2026-06-05 19:44:59,1396.44428000,14
2026-06-05 19:45:00,0.93900000,0.94300000,0.93600000,0.94200000,2382.13000000,2026-06-05 19:49:59,2235.59110000,34
2026-06-05 19:50:00,0.94100000,0.94200000,0.93800000,0.94200000,5521.19000000,2026-06-05 19:54:59,5191.04859000,41
2026-06-05 19:55:00,0.94100000,0.94100000,0.93700000,0.93700000,1010.55000000,2026-06-05 19:59:59,948.59749000,18
2026-06-05 20:00:00,0.93800000,0.94100000,0.93700000,0.93700000,772.99000000,2026-06-05 20:04:59,725.46358000,16
2026-06-05 20:05:00,0.93800000,0.94000000,0.93400000,0.93400000,6171.34000000,2026-06-05 20:09:59,5772.73828000,53
2026-06-05 20:10:00,0.93400000,0.93400000,0.93000000,0.93000000,2495.27000000,2026-06-05 20:14:59,2324.68659000,40
2026-06-05 20:15:00,0.93000000,0.93000000,0.92600000,0.92800000,5079.39000000,2026-06-05 20:19:59,4713.71262000,48
2026-06-05 20:20:00,0.92800000,0.93000000,0.92400000,0.92400000,11352.40000000,2026-06-05 20:24:59,10507.33040000,72
2026-06-05 20:25:00,0.92500000,0.92500000,0.92200000,0.92400000,3324.55000000,2026-06-05 20:29:59,3069.64920000,23
2026-06-05 20:30:00,0.92300000,0.92300000,0.91500000,0.91500000,6637.14000000,2026-06-05 20:34:59,6096.35368000,68
2026-06-05 20:35:00,0.91600000,0.92200000,0.91600000,0.92000000,3799.68000000,2026-06-05 20:39:59,3495.05352000,38
2026-06-05 20:40:00,0.91900000,0.92400000,0.91800000,0.92400000,3327.26000000,2026-06-05 20:44:59,3066.07367000,30
2026-06-05 20:45:00,0.92300000,0.92600000,0.92200000,0.92600000,5785.41000000,2026-06-05 20:49:59,5341.82583000,47
2026-06-05 20:50:00,0.92700000,0.93200000,0.92700000,0.93000000,10578.15000000,2026-06-05 20:54:59,9832.58989000,56
2026-06-05 20:55:00,0.92900000,0.93300000,0.92900000,0.93300000,8261.52000000,2026-06-05 20:59:59,7692.50463000,39
2026-06-05 21:00:00,0.93300000,0.93900000,0.93300000,0.93900000,5674.47000000,2026-06-05 21:04:59,5304.49820000,53
2026-06-05 21:05:00,0.93900000,0.94100000,0.93700000,0.94100000,1723.59000000,2026-06-05 21:09:59,1620.63394000,21
2026-06-05 21:10:00,0.94000000,0.94000000,0.93900000,0.93900000,2553.74000000,2026-06-05 21:14:59,2399.33114000,10
2026-06-05 21:15:00,0.93900000,0.94000000,0.93500000,0.93700000,8659.47000000,2026-06-05 21:19:59,8122.73466000,57
2026-06-05 21:20:00,0.93700000,0.93900000,0.93700000,0.93700000,3050.79000000,2026-06-05 21:24:59,2860.71009000,18
2026-06-05 21:25:00,0.93600000,0.94000000,0.93600000,0.93900000,4131.30000000,2026-06-05 21:29:59,3873.94422000,25
2026-06-05 21:30:00,0.94000000,0.94200000,0.93900000,0.94100000,3253.04000000,2026-06-05 21:34:59,3062.23199000,35
2026-06-05 21:35:00,0.94100000,0.94100000,0.93900000,0.94000000,3555.53000000,2026-06-05 21:39:59,3340.73193000,22
2026-06-05 21:40:00,0.94100000,0.94100000,0.93900000,0.94000000,1596.46000000,2026-06-05 21:44:59,1500.52959000,19
2026-06-05 21:45:00,0.94000000,0.94400000,0.94000000,0.94200000,3200.80000000,2026-06-05 21:49:59,3012.73332000,32
2026-06-05 21:50:00,0.94200000,0.94300000,0.94200000,0.94300000,11658.04000000,2026-06-05 21:54:59,10982.18834000,34
2026-06-05 21:55:00,0.94300000,0.94500000,0.94300000,0.94300000,1697.03000000,2026-06-05 21:59:59,1601.84587000,25
2026-06-05 22:00:00,0.94300000,0.94500000,0.94300000,0.94500000,5802.85000000,2026-06-05 22:04:59,5482.37720000,39
2026-06-05 22:05:00,0.94600000,0.94700000,0.94500000,0.94600000,6644.94000000,2026-06-05 22:09:59,6287.16066000,62
2026-06-05 22:10:00,0.94600000,0.94600000,0.94100000,0.94200000,3482.47000000,2026-06-05 22:14:59,3284.77138000,32
2026-06-05 22:15:00,0.94100000,0.94100000,0.93500000,0.93700000,27698.92000000,2026-06-05 22:19:59,25945.24292000,83
2026-06-05 22:20:00,0.93600000,0.93600000,0.93300000,0.93400000,2677.01000000,2026-06-05 22:24:59,2500.26355000,27
2026-06-05 22:25:00,0.93500000,0.93800000,0.93500000,0.93800000,577.16000000,2026-06-05 22:29:59,539.67971000,8
2026-06-05 22:30:00,0.93800000,0.94200000,0.93800000,0.94000000,3190.83000000,2026-06-05 22:34:59,2997.11223000,22
2026-06-05 22:35:00,0.93900000,0.93900000,0.93600000,0.93700000,5046.57000000,2026-06-05 22:39:59,4733.42906000,39
2026-06-05 22:40:00,0.93600000,0.93600000,0.93300000,0.93500000,5707.11000000,2026-06-05 22:44:59,5335.29905000,32
2026-06-05 22:45:00,0.93500000,0.93600000,0.93200000,0.93200000,8112.92000000,2026-06-05 22:49:59,7584.80444000,37
2026-06-05 22:50:00,0.93200000,0.93400000,0.93000000,0.93400000,7281.38000000,2026-06-05 22:54:59,6783.00767000,43
2026-06-05 22:55:00,0.93300000,0.93400000,0.93000000,0.93100000,2851.96000000,2026-06-05 22:59:59,2655.86141000,24
2026-06-05 23:00:00,0.93000000,0.93000000,0.92700000,0.92700000,4660.43000000,2026-06-05 23:04:59,4323.35681000,33
2026-06-05 23:05:00,0.92700000,0.92800000,0.92400000,0.92800000,7603.11000000,2026-06-05 23:09:59,7036.53704000,37
2026-06-05 23:10:00,0.92900000,0.93000000,0.92600000,0.92700000,1438.51000000,2026-06-05 23:14:59,1333.90107000,20
2026-06-05 23:15:00,0.92700000,0.92800000,0.92400000,0.92400000,6538.71000000,2026-06-05 23:19:59,6054.61844000,37
2026-06-05 23:20:00,0.92300000,0.92700000,0.92300000,0.92500000,7675.24000000,2026-06-05 23:24:59,7099.85121000,55
2026-06-05 23:25:00,0.92400000,0.92600000,0.92300000,0.92400000,6585.94000000,2026-06-05 23:29:59,6090.25510000,48
2026-06-05 23:30:00,0.92300000,0.92500000,0.92100000,0.92400000,1508.68000000,2026-06-05 23:34:59,1393.03356000,24
2026-06-05 23:35:00,0.92500000,0.92600000,0.92100000,0.92400000,2364.18000000,2026-06-05 23:39:59,2180.35141000,42
2026-06-05 23:40:00,0.92500000,0.92500000,0.92200000,0.92200000,1350.96000000,2026-06-05 23:44:59,1246.86980000,22
2026-06-05 23:45:00,0.92100000,0.92700000,0.92100000,0.92700000,4526.09000000,2026-06-05 23:49:59,4184.77652000,30
2026-06-05 23:50:00,0.92700000,0.92800000,0.92600000,0.92600000,4272.25000000,2026-06-05 23:54:59,3961.17720000,16
2026-06-05 23:55:00,0.92500000,0.92500000,0.91800000,0.91900000,4802.18000000,2026-06-05 23:59:59,4416.16119000,57
2026-06-06 00:00:00,0.91800000,0.91800000,0.91500000,0.91600000,6783.62000000,2026-06-06 00:04:59,6212.97954000,57
2026-06-06 00:05:00,0.91500000,0.91800000,0.91500000,0.91600000,3797.92000000,2026-06-06 00:09:59,3479.53251000,29
2026-06-06 00:10:00,0.91600000,0.91800000,0.91600000,0.91700000,2992.04000000,2026-06-06 00:14:59,2743.57664000,26
2026-06-06 00:15:00,0.91800000,0.91900000,0.91600000,0.91900000,1235.92000000,2026-06-06 00:19:59,1134.98667000,14
2026-06-06 00:20:00,0.91900000,0.91900000,0.91100000,0.91300000,12415.75000000,2026-06-06 00:24:59,11343.03246000,63
2026-06-06 00:25:00,0.91300000,0.91500000,0.91300000,0.91400000,3990.62000000,2026-06-06 00:29:59,3645.82918000,23
2026-06-06 00:30:00,0.91400000,0.91500000,0.91100000,0.91100000,9447.10000000,2026-06-06 00:34:59,8616.30675000,47
2026-06-06 00:35:00,0.91200000,0.91600000,0.91000000,0.91300000,1725.23000000,2026-06-06 00:39:59,1576.56021000,38
2026-06-06 00:40:00,0.91200000,0.91400000,0.91000000,0.91200000,8494.01000000,2026-06-06 00:44:59,7744.08435000,41
2026-06-06 00:45:00,0.91300000,0.91400000,0.91100000,0.91300000,6822.57000000,2026-06-06 00:49:59,6225.36974000,45
2026-06-06 00:50:00,0.91300000,0.91600000,0.91100000,0.91100000,3853.62000000,2026-06-06 00:54:59,3518.48639000,23
2026-06-06 00:55:00,0.91200000,0.91500000,0.91200000,0.91300000,4238.54000000,2026-06-06 00:59:59,3875.96794000,27
2026-06-06 01:00:00,0.91200000,0.91700000,0.91100000,0.91200000,7156.27000000,2026-06-06 01:04:59,6537.55311000,46
2026-06-06 01:05:00,0.91100000,0.91100000,0.89800000,0.89800000,26757.61000000,2026-06-06 01:09:59,24154.07950000,155
2026-06-06 01:10:00,0.89800000,0.90000000,0.89400000,0.89600000,3983.86000000,2026-06-06 01:14:59,3574.88346000,54
2026-06-06 01:15:00,0.89400000,0.90000000,0.88800000,0.88800000,16616.81000000,2026-06-06 01:19:59,14879.42636000,146
2026-06-06 01:20:00,0.88800000,0.89200000,0.88600000,0.89100000,10221.95000000,2026-06-06 01:24:59,9082.42100000,83
2026-06-06 01:25:00,0.89300000,0.89400000,0.88400000,0.88500000,9427.99000000,2026-06-06 01:29:59,8369.66131000,116
2026-06-06 01:30:00,0.88500000,0.88700000,0.87400000,0.87400000,20807.86000000,2026-06-06 01:34:59,18253.30096000,194
2026-06-06 01:35:00,0.87400000,0.88000000,0.86900000,0.87400000,31752.28000000,2026-06-06 01:39:59,27745.13143000,237
2026-06-06 01:40:00,0.87300000,0.87700000,0.87200000,0.87500000,28125.70000000,2026-06-06 01:44:59,24600.55086000,188
2026-06-06 01:45:00,0.87400000,0.88200000,0.87100000,0.87500000,25464.56000000,2026-06-06 01:49:59,22365.83394000,168
2026-06-06 01:50:00,0.87600000,0.88300000,0.87500000,0.88200000,10185.92000000,2026-06-06 01:54:59,8974.75753000,82
2026-06-06 01:55:00,0.88100000,0.88100000,0.87000000,0.87400000,7056.54000000,2026-06-06 01:59:59,6167.99631000,67
2026-06-06 02:00:00,0.87400000,0.87400000,0.86100000,0.86900000,17774.64000000,2026-06-06 02:04:59,15405.04124000,189
2026-06-06 02:05:00,0.87000000,0.87500000,0.86900000,0.87500000,3758.79000000,2026-06-06 02:09:59,3274.01972000,62
2026-06-06 02:10:00,0.87600000,0.88000000,0.87300000,0.87300000,4726.78000000,2026-06-06 02:14:59,4145.86164000,55
2026-06-06 02:15:00,0.87400000,0.88000000,0.87400000,0.88000000,4178.39000000,2026-06-06 02:19:59,3662.26084000,49
2026-06-06 02:20:00,0.87900000,0.90000000,0.87900000,0.89800000,27183.84000000,2026-06-06 02:24:59,24234.21620000,268
2026-06-06 02:25:00,0.89800000,0.90200000,0.89400000,0.89400000,6430.41000000,2026-06-06 02:29:59,5775.66079000,57
2026-06-06 02:30:00,0.89300000,0.89400000,0.89000000,0.89100000,6722.93000000,2026-06-06 02:34:59,5996.02333000,57
2026-06-06 02:35:00,0.89100000,0.90100000,0.89100000,0.89800000,7573.91000000,2026-06-06 02:39:59,6797.36702000,95
2026-06-06 02:40:00,0.89800000,0.90000000,0.89800000,0.90000000,4813.16000000,2026-06-06 02:44:59,4329.43553000,33
2026-06-06 02:45:00,0.89900000,0.90400000,0.89800000,0.90100000,6786.36000000,2026-06-06 02:49:59,6118.93509000,46
2026-06-06 02:50:00,0.90300000,0.90400000,0.90300000,0.90300000,1529.59000000,2026-06-06 02:54:59,1381.40235000,14
2026-06-06 02:55:00,0.90300000,0.90700000,0.90300000,0.90600000,6575.29000000,2026-06-06 02:59:59,5947.68253000,30
2026-06-06 03:00:00,0.90700000,0.91200000,0.90700000,0.91100000,4940.39000000,2026-06-06 03:04:59,4491.18535000,63
2026-06-06 03:05:00,0.91000000,0.91200000,0.90700000,0.90900000,4192.85000000,2026-06-06 03:09:59,3811.91962000,30
2026-06-06 03:10:00,0.90900000,0.90900000,0.90600000,0.90900000,3343.68000000,2026-06-06 03:14:59,3037.25809000,31
2026-06-06 03:15:00,0.90800000,0.90800000,0.90500000,0.90600000,7306.92000000,2026-06-06 03:19:59,6620.44555000,31
2026-06-06 03:20:00,0.90700000,0.91200000,0.90700000,0.91000000,6828.32000000,2026-06-06 03:24:59,6214.86310000,43
2026-06-06 03:25:00,0.91100000,0.91100000,0.90800000,0.91000000,3461.51000000,2026-06-06 03:29:59,3147.68780000,37
2026-06-06 03:30:00,0.91000000,0.91000000,0.90800000,0.90900000,2627.93000000,2026-06-06 03:34:59,2390.59437000,30
2026-06-06 03:35:00,0.91000000,0.91500000,0.91000000,0.91000000,947.35000000,2026-06-06 03:39:59,864.01421000,35
2026-06-06 03:40:00,0.91100000,0.91100000,0.90700000,0.90700000,595.55000000,2026-06-06 03:44:59,541.24296000,20
2026-06-06 03:45:00,0.90700000,0.90700000,0.90400000,0.90400000,6468.28000000,2026-06-06 03:49:59,5861.70719000,22
2026-06-06 03:50:00,0.90300000,0.90500000,0.90100000,0.90200000,6124.43000000,2026-06-06 03:54:59,5529.66973000,41
2026-06-06 03:55:00,0.90100000,0.90200000,0.89900000,0.90200000,5851.11000000,2026-06-06 03:59:59,5268.44522000,34
2026-06-06 04:00:00,0.90100000,0.90300000,0.90000000,0.90300000,3787.88000000,2026-06-06 04:04:59,3412.03229000,20
2026-06-06 04:05:00,0.90200000,0.91000000,0.90200000,0.90900000,8048.17000000,2026-06-06 04:09:59,7294.08568000,52
2026-06-06 04:10:00,0.90900000,0.91300000,0.90800000,0.91300000,5754.30000000,2026-06-06 04:14:59,5234.37079000,50
2026-06-06 04:15:00,0.91300000,0.91600000,0.91100000,0.91200000,8731.76000000,2026-06-06 04:19:59,7967.45576000,61
2026-06-06 04:20:00,0.91100000,0.91100000,0.90900000,0.90900000,3246.50000000,2026-06-06 04:24:59,2952.06797000,31
2026-06-06 04:25:00,0.90800000,0.91100000,0.90800000,0.91000000,3333.90000000,2026-06-06 04:29:59,3031.06750000,20
2026-06-06 04:30:00,0.91100000,0.91300000,0.91100000,0.91300000,552.95000000,2026-06-06 04:34:59,504.19242000,8
2026-06-06 04:35:00,0.91400000,0.91400000,0.91100000,0.91300000,2171.34000000,2026-06-06 04:39:59,1982.00493000,25
2026-06-06 04:40:00,0.91300000,0.91500000,0.91300000,0.91500000,2472.41000000,2026-06-06 04:44:59,2261.42041000,22
2026-06-06 04:45:00,0.91500000,0.91500000,0.91400000,0.91500000,859.10000000,2026-06-06 04:49:59,785.97572000,12
2026-06-06 04:50:00,0.91400000,0.91400000,0.91400000,0.91400000,3324.31000000,2026-06-06 04:54:59,3038.41934000,6
2026-06-06 04:55:00,0.91300000,0.91400000,0.91300000,0.91300000,1243.06000000,2026-06-06 04:59:59,1134.93733000,15
2026-06-06 05:00:00,0.91400000,0.91500000,0.91300000,0.91400000,3916.93000000,2026-06-06 05:04:59,3577.55576000,23
2026-06-06 05:05:00,0.91400000,0.91700000,0.91400000,0.91700000,3147.52000000,2026-06-06 05:09:59,2880.42177000,30
2026-06-06 05:10:00,0.91700000,0.91800000,0.91700000,0.91800000,195.99000000,2026-06-06 05:14:59,179.88001000,9
2026-06-06 05:15:00,0.91800000,0.91800000,0.91500000,0.91600000,2068.70000000,2026-06-06 05:19:59,1895.17089000,19
2026-06-06 05:20:00,0.91700000,0.92000000,0.91700000,0.91800000,1588.65000000,2026-06-06 05:24:59,1459.64510000,19
2026-06-06 05:25:00,0.91900000,0.92600000,0.91900000,0.92600000,8839.34000000,2026-06-06 05:29:59,8159.98082000,78
2026-06-06 05:30:00,0.92600000,0.92800000,0.92400000,0.92400000,7138.98000000,2026-06-06 05:34:59,6606.75606000,53
2026-06-06 05:35:00,0.92300000,0.92500000,0.92300000,0.92500000,551.09000000,2026-06-06 05:39:59,509.51108000,10
2026-06-06 05:40:00,0.92400000,0.92400000,0.92400000,0.92400000,13.41000000,2026-06-06 05:44:59,12.39084000,2
2026-06-06 05:45:00,0.92400000,0.92400000,0.92000000,0.92200000,4757.57000000,2026-06-06 05:49:59,4386.59905000,31
2026-06-06 05:50:00,0.92200000,0.92400000,0.92200000,0.92400000,1247.88000000,2026-06-06 05:54:59,1151.79918000,12
2026-06-06 05:55:00,0.92400000,0.92500000,0.92300000,0.92300000,1889.83000000,2026-06-06 05:59:59,1746.22289000,19
2026-06-06 06:00:00,0.92400000,0.92600000,0.92200000,0.92300000,4863.61000000,2026-06-06 06:04:59,4494.87900000,33
2026-06-06 06:05:00,0.92100000,0.92300000,0.92000000,0.92200000,2147.67000000,2026-06-06 06:09:59,1979.47565000,25
2026-06-06 06:10:00,0.92200000,0.92300000,0.92000000,0.92100000,3022.73000000,2026-06-06 06:14:59,2783.65396000,29
2026-06-06 06:15:00,0.92000000,0.92100000,0.92000000,0.92000000,2621.32000000,2026-06-06 06:19:59,2412.58840000,18
2026-06-06 06:20:00,0.92000000,0.92000000,0.91800000,0.91900000,1015.41000000,2026-06-06 06:24:59,933.15797000,11
2026-06-06 06:25:00,0.91900000,0.92200000,0.91900000,0.92100000,2742.43000000,2026-06-06 06:29:59,2523.08158000,19
2026-06-06 06:30:00,0.92000000,0.92000000,0.91900000,0.91900000,5361.59000000,2026-06-06 06:34:59,4930.94938000,40
2026-06-06 06:35:00,0.91900000,0.92100000,0.91900000,0.92000000,1278.46000000,2026-06-06 06:39:59,1175.97902000,13
2026-06-06 06:40:00,0.91900000,0.91900000,0.91500000,0.91500000,2668.34000000,2026-06-06 06:44:59,2447.95921000,27
2026-06-06 06:45:00,0.91500000,0.91700000,0.90900000,0.91000000,20076.91000000,2026-06-06 06:49:59,18329.63099000,134
2026-06-06 06:50:00,0.91100000,0.91300000,0.91100000,0.91100000,3351.07000000,2026-06-06 06:54:59,3054.98243000,23
2026-06-06 06:55:00,0.91200000,0.91400000,0.91200000,0.91200000,1023.10000000,2026-06-06 06:59:59,933.67252000,17
2026-06-06 07:00:00,0.91200000,0.91300000,0.90400000,0.90700000,4164.97000000,2026-06-06 07:04:59,3774.40779000,48
2026-06-06 07:05:00,0.90800000,0.90800000,0.90400000,0.90500000,1185.74000000,2026-06-06 07:09:59,1074.46103000,23
2026-06-06 07:10:00,0.90500000,0.90500000,0.90300000,0.90300000,3146.26000000,2026-06-06 07:14:59,2842.64052000,37
2026-06-06 07:15:00,0.90500000,0.90500000,0.90100000,0.90200000,5878.66000000,2026-06-06 07:19:59,5305.37479000,47
2026-06-06 07:20:00,0.90200000,0.90600000,0.90000000,0.90300000,14867.17000000,2026-06-06 07:24:59,13415.83106000,77
2026-06-06 07:25:00,0.90400000,0.90400000,0.90100000,0.90100000,2769.67000000,2026-06-06 07:29:59,2502.21431000,19
2026-06-06 07:30:00,0.90200000,0.90200000,0.89200000,0.89400000,24035.49000000,2026-06-06 07:34:59,21544.28360000,161
2026-06-06 07:35:00,0.89400000,0.89500000,0.89100000,0.89400000,5298.25000000,2026-06-06 07:39:59,4729.19190000,35
2026-06-06 07:40:00,0.89400000,0.89900000,0.89400000,0.89900000,2946.14000000,2026-06-06 07:44:59,2644.24486000,26
2026-06-06 07:45:00,0.89800000,0.89800000,0.89400000,0.89500000,1117.87000000,2026-06-06 07:49:59,1001.64203000,26
2026-06-06 07:50:00,0.89600000,0.90200000,0.89600000,0.90100000,1796.84000000,2026-06-06 07:54:59,1615.44847000,26
2026-06-06 07:55:00,0.90000000,0.90200000,0.90000000,0.90200000,1227.06000000,2026-06-06 07:59:59,1106.58998000,19
2026-06-06 08:00:00,0.90200000,0.90800000,0.90200000,0.90700000,2598.07000000,2026-06-06 08:04:59,2354.71051000,31
2026-06-06 08:05:00,0.90700000,0.90800000,0.90600000,0.90700000,860.76000000,2026-06-06 08:09:59,780.56357000,14
2026-06-06 08:10:00,0.90600000,0.90700000,0.90200000,0.90300000,3052.14000000,2026-06-06 08:14:59,2763.24279000,30
2026-06-06 08:15:00,0.90300000,0.90700000,0.90100000,0.90200000,5854.27000000,2026-06-06 08:19:59,5287.37346000,62
2026-06-06 08:20:00,0.90200000,0.90300000,0.90200000,0.90300000,2334.43000000,2026-06-06 08:24:59,2106.69576000,12
2026-06-06 08:25:00,0.90300000,0.90600000,0.90300000,0.90600000,11626.92000000,2026-06-06 08:29:59,10514.93591000,79
2026-06-06 08:30:00,0.90500000,0.91100000,0.90400000,0.91000000,9537.18000000,2026-06-06 08:34:59,8652.54655000,53
2026-06-06 08:35:00,0.91000000,0.91100000,0.91000000,0.91100000,5765.87000000,2026-06-06 08:39:59,5250.67325000,35
2026-06-06 08:40:00,0.91200000,0.91200000,0.91000000,0.91100000,7470.80000000,2026-06-06 08:44:59,6808.15053000,51
2026-06-06 08:45:00,0.91200000,0.91500000,0.91100000,0.91300000,2443.25000000,2026-06-06 08:49:59,2229.55904000,29
2026-06-06 08:50:00,0.91400000,0.91500000,0.91400000,0.91400000,2190.09000000,2026-06-06 08:54:59,2001.90656000,23
2026-06-06 08:55:00,0.91400000,0.91400000,0.91100000,0.91100000,1640.44000000,2026-06-06 08:59:59,1494.98471000,15
2026-06-06 09:00:00,0.91100000,0.91500000,0.91100000,0.91300000,7095.83000000,2026-06-06 09:04:59,6478.17484000,49
2026-06-06 09:05:00,0.91200000,0.91300000,0.90900000,0.90900000,7375.09000000,2026-06-06 09:09:59,6720.66096000,44
2026-06-06 09:10:00,0.91000000,0.91000000,0.90700000,0.90900000,8696.30000000,2026-06-06 09:14:59,7899.68846000,62
2026-06-06 09:15:00,0.90900000,0.91000000,0.90700000,0.90800000,9875.10000000,2026-06-06 09:19:59,8973.85166000,59
2026-06-06 09:20:00,0.90900000,0.90900000,0.90500000,0.90600000,2713.43000000,2026-06-06 09:24:59,2461.64123000,34
2026-06-06 09:25:00,0.90600000,0.90800000,0.90500000,0.90600000,7406.34000000,2026-06-06 09:29:59,6712.73999000,56
2026-06-06 09:30:00,0.90600000,0.90900000,0.90500000,0.90900000,1451.57000000,2026-06-06 09:34:59,1316.22791000,24
2026-06-06 09:35:00,0.91000000,0.91000000,0.90700000,0.90700000,2293.56000000,2026-06-06 09:39:59,2084.50097000,19
2026-06-06 09:40:00,0.90800000,0.91200000,0.90800000,0.91000000,7328.38000000,2026-06-06 09:44:59,6672.94230000,45
2026-06-06 09:45:00,0.91100000,0.91600000,0.91000000,0.91600000,1708.13000000,2026-06-06 09:49:59,1561.02118000,25
2026-06-06 09:50:00,0.91600000,0.91800000,0.91500000,0.91800000,4607.59000000,2026-06-06 09:54:59,4222.78992000,43
2026-06-06 09:55:00,0.91900000,0.92000000,0.91600000,0.91700000,3109.93000000,2026-06-06 09:59:59,2858.63957000,25
2026-06-06 10:00:00,0.91600000,0.91900000,0.91500000,0.91900000,2751.27000000,2026-06-06 10:04:59,2523.89523000,25
2026-06-06 10:05:00,0.91800000,0.91900000,0.91700000,0.91800000,615.41000000,2026-06-06 10:09:59,565.08052000,17
2026-06-06 10:10:00,0.91700000,0.91900000,0.91700000,0.91800000,1517.62000000,2026-06-06 10:14:59,1393.43969000,20
2026-06-06 10:15:00,0.91800000,0.91800000,0.91600000,0.91600000,1267.86000000,2026-06-06 10:19:59,1162.01184000,14
2026-06-06 10:20:00,0.91600000,0.92000000,0.91600000,0.91800000,3305.84000000,2026-06-06 10:24:59,3037.01564000,29
2026-06-06 10:25:00,0.91700000,0.91800000,0.91700000,0.91700000,2155.94000000,2026-06-06 10:29:59,1977.44499000,23
2026-06-06 10:30:00,0.91600000,0.91700000,0.91300000,0.91700000,1314.82000000,2026-06-06 10:34:59,1202.79060000,29
2026-06-06 10:35:00,0.91700000,0.92000000,0.91700000,0.91800000,3657.37000000,2026-06-06 10:39:59,3358.31525000,30
2026-06-06 10:40:00,0.91900000,0.91900000,0.91800000,0.91900000,2669.62000000,2026-06-06 10:44:59,2451.63312000,32
2026-06-06 10:45:00,0.92000000,0.92200000,0.91700000,0.91700000,2494.06000000,2026-06-06 10:49:59,2292.44497000,31
2026-06-06 10:50:00,0.91700000,0.91800000,0.91600000,0.91700000,5389.88000000,2026-06-06 10:54:59,4940.47164000,48
2026-06-06 10:55:00,0.91700000,0.91800000,0.91700000,0.91800000,591.35000000,2026-06-06 10:59:59,542.56832000,11
2026-06-06 11:00:00,0.91800000,0.92100000,0.91800000,0.92100000,416.28000000,2026-06-06 11:04:59,383.08995000,13
2026-06-06 11:05:00,0.92200000,0.92500000,0.92200000,0.92400000,4194.56000000,2026-06-06 11:09:59,3877.98691000,33
2026-06-06 11:10:00,0.92300000,0.92600000,0.92300000,0.92400000,4760.80000000,2026-06-06 11:14:59,4400.74988000,39
2026-06-06 11:15:00,0.92400000,0.92600000,0.92400000,0.92600000,2045.09000000,2026-06-06 11:19:59,1890.68628000,21
2026-06-06 11:20:00,0.92600000,0.92600000,0.92100000,0.92100000,749.00000000,2026-06-06 11:24:59,692.92840000,20
2026-06-06 11:25:00,0.92100000,0.92200000,0.92000000,0.92200000,4653.83000000,2026-06-06 11:29:59,4285.63520000,35
2026-06-06 11:30:00,0.92200000,0.92500000,0.92100000,0.92400000,1318.13000000,2026-06-06 11:34:59,1216.35797000,23
2026-06-06 11:35:00,0.92500000,0.92700000,0.92500000,0.92700000,2998.78000000,2026-06-06 11:39:59,2778.11908000,26
2026-06-06 11:40:00,0.92700000,0.92700000,0.92600000,0.92600000,1706.15000000,2026-06-06 11:44:59,1580.84235000,21
2026-06-06 11:45:00,0.92600000,0.92600000,0.92400000,0.92600000,676.95000000,2026-06-06 11:49:59,626.78704000,14
2026-06-06 11:50:00,0.92600000,0.92700000,0.92500000,0.92600000,1364.09000000,2026-06-06 11:54:59,1263.67043000,19
2026-06-06 11:55:00,0.92500000,0.92500000,0.92200000,0.92200000,1881.81000000,2026-06-06 11:59:59,1739.73864000,21
2026-06-06 12:00:00,0.92200000,0.92400000,0.91800000,0.92000000,4734.64000000,2026-06-06 12:04:59,4356.19157000,45
2026-06-06 12:05:00,0.91800000,0.91800000,0.91500000,0.91700000,3421.94000000,2026-06-06 12:09:59,3138.05878000,30
2026-06-06 12:10:00,0.91700000,0.91700000,0.91300000,0.91300000,961.97000000,2026-06-06 12:14:59,879.51969000,22
2026-06-06 12:15:00,0.91200000,0.91300000,0.90600000,0.90800000,11321.99000000,2026-06-06 12:19:59,10300.04226000,70
2026-06-06 12:20:00,0.90900000,0.91300000,0.90700000,0.90700000,5423.33000000,2026-06-06 12:24:59,4932.91477000,40
2026-06-06 12:25:00,0.90800000,0.91300000,0.90800000,0.91300000,2232.66000000,2026-06-06 12:29:59,2030.81461000,19
2026-06-06 12:30:00,0.91200000,0.91700000,0.91200000,0.91700000,1948.05000000,2026-06-06 12:34:59,1777.55324000,24
2026-06-06 12:35:00,0.91600000,0.92000000,0.91500000,0.92000000,4550.65000000,2026-06-06 12:39:59,4178.88930000,37
2026-06-06 12:40:00,0.91800000,0.91800000,0.91600000,0.91700000,700.25000000,2026-06-06 12:44:59,642.46850000,9
2026-06-06 12:45:00,0.91800000,0.91800000,0.91300000,0.91600000,5186.12000000,2026-06-06 12:49:59,4747.00911000,43
2026-06-06 12:50:00,0.91500000,0.91500000,0.91400000,0.91400000,481.86000000,2026-06-06 12:54:59,440.86899000,8
2026-06-06 12:55:00,0.91400000,0.91600000,0.91400000,0.91600000,1050.87000000,2026-06-06 12:59:59,960.75913000,9
2026-06-06 13:00:00,0.91500000,0.91900000,0.91400000,0.91900000,2416.82000000,2026-06-06 13:04:59,2212.10538000,24
2026-06-06 13:05:00,0.92000000,0.92200000,0.91800000,0.91900000,1426.51000000,2026-06-06 13:09:59,1313.23556000,26
2026-06-06 13:10:00,0.91800000,0.91900000,0.91600000,0.91700000,1070.86000000,2026-06-06 13:14:59,982.88754000,18
2026-06-06 13:15:00,0.91600000,0.91800000,0.91600000,0.91600000,365.30000000,2026-06-06 13:19:59,334.86133000,13
2026-06-06 13:20:00,0.91500000,0.91500000,0.91300000,0.91400000,1437.36000000,2026-06-06 13:24:59,1313.82487000,17
2026-06-06 13:25:00,0.91500000,0.91600000,0.91100000,0.91100000,7595.25000000,2026-06-06 13:29:59,6935.76766000,48
2026-06-06 13:30:00,0.91000000,0.91200000,0.90600000,0.90600000,10406.44000000,2026-06-06 13:34:59,9468.90274000,94
2026-06-06 13:35:00,0.90800000,0.91000000,0.90700000,0.90900000,2324.96000000,2026-06-06 13:39:59,2112.07587000,15
2026-06-06 13:40:00,0.91000000,0.91300000,0.91000000,0.91300000,2671.06000000,2026-06-06 13:44:59,2436.06627000,20
2026-06-06 13:45:00,0.91400000,0.91800000,0.91400000,0.91700000,9020.88000000,2026-06-06 13:49:59,8265.19508000,50
2026-06-06 13:50:00,0.91700000,0.91700000,0.91500000,0.91500000,425.12000000,2026-06-06 13:54:59,389.26719000,7
2026-06-06 13:55:00,0.91400000,0.91500000,0.91200000,0.91500000,1575.01000000,2026-06-06 13:59:59,1437.84710000,23
2026-06-06 14:00:00,0.91500000,0.91500000,0.91200000,0.91400000,3889.28000000,2026-06-06 14:04:59,3554.14997000,33
2026-06-06 14:05:00,0.91300000,0.91300000,0.91000000,0.91000000,2368.24000000,2026-06-06 14:09:59,2158.44283000,26
2026-06-06 14:10:00,0.91000000,0.91200000,0.91000000,0.91200000,1105.46000000,2026-06-06 14:14:59,1006.31650000,7
2026-06-06 14:15:00,0.91100000,0.91100000,0.91000000,0.91000000,2513.53000000,2026-06-06 14:19:59,2288.38342000,18
2026-06-06 14:20:00,0.91100000,0.91100000,0.90500000,0.90600000,6094.75000000,2026-06-06 14:24:59,5526.44881000,57
2026-06-06 14:25:00,0.90600000,0.90800000,0.90500000,0.90700000,5775.49000000,2026-06-06 14:29:59,5235.73626000,38
2026-06-06 14:30:00,0.90800000,0.91000000,0.90800000,0.91000000,546.04000000,2026-06-06 14:34:59,496.24786000,14
2026-06-06 14:35:00,0.91000000,0.91100000,0.90300000,0.90400000,15455.82000000,2026-06-06 14:39:59,13971.51016000,98
2026-06-06 14:40:00,0.90200000,0.90500000,0.90200000,0.90500000,3150.17000000,2026-06-06 14:44:59,2842.62823000,29
2026-06-06 14:45:00,0.90400000,0.90500000,0.90000000,0.90200000,12717.32000000,2026-06-06 14:49:59,11476.25618000,67
2026-06-06 14:50:00,0.90200000,0.90400000,0.90100000,0.90100000,7239.09000000,2026-06-06 14:54:59,6535.56675000,50
2026-06-06 14:55:00,0.90200000,0.90400000,0.90100000,0.90400000,2431.87000000,2026-06-06 14:59:59,2192.23095000,23
2026-06-06 15:00:00,0.90300000,0.90400000,0.90200000,0.90300000,2188.70000000,2026-06-06 15:04:59,1976.40609000,15
2026-06-06 15:05:00,0.90200000,0.90300000,0.90200000,0.90200000,159.00000000,2026-06-06 15:09:59,143.42410000,7
2026-06-06 15:10:00,0.90200000,0.90600000,0.90200000,0.90300000,5626.59000000,2026-06-06 15:14:59,5082.61912000,36
2026-06-06 15:15:00,0.90400000,0.90400000,0.90400000,0.90400000,61.46000000,2026-06-06 15:19:59,55.55984000,2
2026-06-06 15:20:00,0.90500000,0.90700000,0.90500000,0.90700000,2083.22000000,2026-06-06 15:24:59,1888.55717000,23
2026-06-06 15:25:00,0.90800000,0.91400000,0.90800000,0.91300000,5218.38000000,2026-06-06 15:29:59,4764.39999000,37
2026-06-06 15:30:00,0.91300000,0.91300000,0.90900000,0.91100000,2533.25000000,2026-06-06 15:34:59,2308.20231000,24
2026-06-06 15:35:00,0.91000000,0.91300000,0.91000000,0.91300000,172.91000000,2026-06-06 15:39:59,157.72854000,10
2026-06-06 15:40:00,0.91300000,0.91300000,0.91200000,0.91200000,2740.17000000,2026-06-06 15:44:59,2499.07143000,20
2026-06-06 15:45:00,0.91300000,0.91300000,0.90800000,0.90900000,5907.91000000,2026-06-06 15:49:59,5366.73047000,32
2026-06-06 15:50:00,0.90800000,0.90900000,0.90800000,0.90900000,333.10000000,2026-06-06 15:54:59,302.75771000,8
2026-06-06 15:55:00,0.90900000,0.91200000,0.90900000,0.91100000,2042.70000000,2026-06-06 15:59:59,1860.81616000,13
2026-06-06 16:00:00,0.91000000,0.91100000,0.90900000,0.91100000,3093.66000000,2026-06-06 16:04:59,2814.81701000,17
2026-06-06 16:05:00,0.91200000,0.91500000,0.91200000,0.91400000,514.63000000,2026-06-06 16:09:59,470.42470000,13
2026-06-06 16:10:00,0.91500000,0.91500000,0.91400000,0.91400000,2155.73000000,2026-06-06 16:14:59,1970.55532000,10
2026-06-06 16:15:00,0.91300000,0.91300000,0.91100000,0.91100000,418.54000000,2026-06-06 16:19:59,381.78272000,10
2026-06-06 16:20:00,0.91000000,0.91000000,0.90900000,0.91000000,988.89000000,2026-06-06 16:24:59,899.84341000,14
2026-06-06 16:25:00,0.90900000,0.90900000,0.90900000,0.90900000,89.36000000,2026-06-06 16:29:59,81.22824000,2
2026-06-06 16:30:00,0.90800000,0.90800000,0.90600000,0.90700000,3801.73000000,2026-06-06 16:34:59,3448.66026000,28
2026-06-06 16:35:00,0.90700000,0.90700000,0.90500000,0.90500000,1552.87000000,2026-06-06 16:39:59,1405.57833000,18
2026-06-06 16:40:00,0.90500000,0.90600000,0.90500000,0.90600000,243.94000000,2026-06-06 16:44:59,221.00247000,5
2026-06-06 16:45:00,0.90700000,0.90700000,0.90500000,0.90500000,2560.26000000,2026-06-06 16:49:59,2320.74613000,15
2026-06-06 16:50:00,0.90600000,0.90600000,0.90400000,0.90500000,1091.93000000,2026-06-06 16:54:59,987.80123000,14
2026-06-06 16:55:00,0.90600000,0.90600000,0.90400000,0.90400000,380.27000000,2026-06-06 16:59:59,344.25828000,9
2026-06-06 17:00:00,0.90300000,0.90400000,0.90100000,0.90200000,5128.49000000,2026-06-06 17:04:59,4627.09088000,53
2026-06-06 17:05:00,0.90300000,0.90300000,0.90300000,0.90300000,1338.53000000,2026-06-06 17:09:59,1208.69259000,7
2026-06-06 17:10:00,0.90400000,0.90500000,0.90300000,0.90500000,1536.25000000,2026-06-06 17:14:59,1388.83363000,19
2026-06-06 17:15:00,0.90400000,0.90700000,0.90400000,0.90500000,1638.90000000,2026-06-06 17:19:59,1483.38810000,20
2026-06-06 17:20:00,0.90500000,0.90500000,0.90400000,0.90500000,675.43000000,2026-06-06 17:24:59,611.02615000,9
2026-06-06 17:25:00,0.90400000,0.90400000,0.90400000,0.90400000,1901.07000000,2026-06-06 17:29:59,1718.56728000,6
2026-06-06 17:30:00,0.90300000,0.90700000,0.90200000,0.90700000,3192.89000000,2026-06-06 17:34:59,2888.23886000,37
2026-06-06 17:35:00,0.90700000,0.90800000,0.90700000,0.90800000,2068.59000000,2026-06-06 17:39:59,1877.46336000,24
2026-06-06 17:40:00,0.90800000,0.90900000,0.90700000,0.90900000,5652.11000000,2026-06-06 17:44:59,5128.92195000,31
2026-06-06 17:45:00,0.90800000,0.90800000,0.90700000,0.90800000,4830.82000000,2026-06-06 17:49:59,4383.59643000,38
2026-06-06 17:50:00,0.90900000,0.91000000,0.90800000,0.90800000,1980.19000000,2026-06-06 17:54:59,1800.52716000,16
2026-06-06 17:55:00,0.90800000,0.90900000,0.90700000,0.90900000,2621.62000000,2026-06-06 17:59:59,2381.23673000,20
2026-06-06 18:00:00,0.90900000,0.91100000,0.90900000,0.91100000,3149.25000000,2026-06-06 18:04:59,2868.24251000,34
2026-06-06 18:05:00,0.91100000,0.91200000,0.91100000,0.91200000,1747.46000000,2026-06-06 18:09:59,1593.47380000,11
2026-06-06 18:10:00,0.91200000,0.91600000,0.91200000,0.91500000,9170.76000000,2026-06-06 18:14:59,8384.71068000,53
2026-06-06 18:15:00,0.91600000,0.91600000,0.91400000,0.91400000,1643.00000000,2026-06-06 18:19:59,1502.23332000,14
2026-06-06 18:20:00,0.91500000,0.91600000,0.91500000,0.91600000,2387.21000000,2026-06-06 18:24:59,2186.35764000,12
2026-06-06 18:25:00,0.91500000,0.91500000,0.91400000,0.91400000,87.89000000,2026-06-06 18:29:59,80.40837000,3
2026-06-06 18:30:00,0.91500000,0.91900000,0.91500000,0.91900000,168.24000000,2026-06-06 18:34:59,154.34257000,6
2026-06-06 18:35:00,0.91900000,0.91900000,0.91800000,0.91800000,1284.44000000,2026-06-06 18:39:59,1179.48664000,7
2026-06-06 18:40:00,0.91800000,0.91900000,0.91800000,0.91800000,704.56000000,2026-06-06 18:44:59,646.85923000,9
2026-06-06 18:45:00,0.91700000,0.91700000,0.91600000,0.91600000,1606.91000000,2026-06-06 18:49:59,1473.53050000,7
2026-06-06 18:50:00,0.91600000,0.91700000,0.91600000,0.91700000,1691.19000000,2026-06-06 18:54:59,1549.13603000,7
2026-06-06 18:55:00,0.91700000,0.91700000,0.91400000,0.91400000,1203.91000000,2026-06-06 18:59:59,1103.02280000,7
2026-06-06 19:00:00,0.91500000,0.91900000,0.91400000,0.91400000,7797.83000000,2026-06-06 19:04:59,7135.60615000,35
2026-06-06 19:05:00,0.91400000,0.91500000,0.91400000,0.91500000,248.80000000,2026-06-06 19:09:59,227.57722000,6
2026-06-06 19:10:00,0.91400000,0.91500000,0.91400000,0.91400000,662.96000000,2026-06-06 19:14:59,606.07972000,11
2026-06-06 19:15:00,0.91500000,0.91800000,0.91500000,0.91800000,613.80000000,2026-06-06 19:19:59,562.37534000,8
2026-06-06 19:20:00,0.91700000,0.91700000,0.91400000,0.91400000,351.61000000,2026-06-06 19:24:59,322.30605000,8
2026-06-06 19:25:00,0.91300000,0.91300000,0.91300000,0.91300000,5.97000000,2026-06-06 19:29:59,5.45061000,1
2026-06-06 19:30:00,0.91300000,0.91500000,0.91300000,0.91300000,438.28000000,2026-06-06 19:34:59,400.17367000,8
2026-06-06 19:35:00,0.91500000,0.91500000,0.91500000,0.91500000,6.01000000,2026-06-06 19:39:59,5.49915000,1
2026-06-06 19:40:00,0.91500000,0.91500000,0.91400000,0.91500000,646.35000000,2026-06-06 19:44:59,591.40173000,9
2026-06-06 19:45:00,0.91600000,0.91700000,0.91400000,0.91400000,546.11000000,2026-06-06 19:49:59,500.13094000,9
2026-06-06 19:50:00,0.91600000,0.91600000,0.91600000,0.91600000,6.00000000,2026-06-06 19:54:59,5.49600000,1
2026-06-06 19:55:00,0.91500000,0.91500000,0.91400000,0.91400000,585.43000000,2026-06-06 19:59:59,535.10305000,8
2026-06-06 20:00:00,0.91300000,0.91700000,0.91300000,0.91700000,1213.73000000,2026-06-06 20:04:59,1112.94595000,8
2026-06-06 20:05:00,0.91700000,0.91900000,0.91700000,0.91900000,3198.70000000,2026-06-06 20:09:59,2938.78258000,15
2026-06-06 20:10:00,0.91900000,0.91900000,0.91900000,0.91900000,1723.65000000,2026-06-06 20:14:59,1584.03435000,9
2026-06-06 20:15:00,0.91900000,0.91900000,0.91700000,0.91700000,439.56000000,2026-06-06 20:19:59,403.73298000,5
2026-06-06 20:20:00,0.91700000,0.91800000,0.91700000,0.91700000,2214.79000000,2026-06-06 20:24:59,2033.04435000,22
2026-06-06 20:25:00,0.91600000,0.91800000,0.91600000,0.91800000,61.59000000,2026-06-06 20:29:59,56.52167000,4
2026-06-06 20:30:00,0.91900000,0.92100000,0.91800000,0.92100000,5708.64000000,2026-06-06 20:34:59,5247.91811000,46
2026-06-06 20:35:00,0.92200000,0.92300000,0.92200000,0.92200000,5012.74000000,2026-06-06 20:39:59,4625.08995000,27
2026-06-06 20:40:00,0.92200000,0.92500000,0.92100000,0.92200000,4319.87000000,2026-06-06 20:44:59,3985.99691000,45
2026-06-06 20:45:00,0.92300000,0.92400000,0.92300000,0.92300000,2840.25000000,2026-06-06 20:49:59,2622.77005000,13
2026-06-06 20:50:00,0.92400000,0.92400000,0.92300000,0.92400000,99.30000000,2026-06-06 20:54:59,91.73152000,5
2026-06-06 20:55:00,0.92500000,0.92500000,0.92400000,0.92400000,197.42000000,2026-06-06 20:59:59,182.46240000,8
2026-06-06 21:00:00,0.92300000,0.92500000,0.92300000,0.92400000,1435.14000000,2026-06-06 21:04:59,1326.23700000,7
2026-06-06 21:05:00,0.92400000,0.92400000,0.92200000,0.92400000,7688.75000000,2026-06-06 21:09:59,7099.13287000,31
2026-06-06 21:10:00,0.92300000,0.92300000,0.92100000,0.92200000,260.13000000,2026-06-06 21:14:59,239.83276000,6
2026-06-06 21:15:00,0.92100000,0.92300000,0.92100000,0.92300000,2321.31000000,2026-06-06 21:19:59,2140.59053000,22
2026-06-06 21:20:00,0.92200000,0.92300000,0.92200000,0.92300000,1724.25000000,2026-06-06 21:24:59,1590.21412000,8
2026-06-06 21:25:00,0.92200000,0.92300000,0.92100000,0.92300000,462.08000000,2026-06-06 21:29:59,426.03777000,7
2026-06-06 21:30:00,0.92400000,0.92700000,0.92400000,0.92600000,4667.59000000,2026-06-06 21:34:59,4320.91086000,29
2026-06-06 21:35:00,0.92700000,0.92700000,0.92600000,0.92600000,2170.55000000,2026-06-06 21:39:59,2011.87072000,16
2026-06-06 21:40:00,0.92600000,0.92600000,0.92500000,0.92500000,1351.98000000,2026-06-06 21:44:59,1250.92882000,13
2026-06-06 21:45:00,0.92400000,0.92500000,0.92400000,0.92400000,965.67000000,2026-06-06 21:49:59,892.76909000,19
2026-06-06 21:50:00,0.92500000,0.92600000,0.92500000,0.92600000,3843.03000000,2026-06-06 21:54:59,3555.53548000,19
2026-06-06 21:55:00,0.92400000,0.92500000,0.92300000,0.92300000,944.73000000,2026-06-06 21:59:59,873.56516000,12
2026-06-06 22:00:00,0.92200000,0.92700000,0.92200000,0.92700000,3059.25000000,2026-06-06 22:04:59,2824.08642000,24
2026-06-06 22:05:00,0.92800000,0.93800000,0.92700000,0.93600000,7072.46000000,2026-06-06 22:09:59,6603.04816000,71
2026-06-06 22:10:00,0.93500000,0.93900000,0.93400000,0.93700000,2302.20000000,2026-06-06 22:14:59,2155.04367000,33
2026-06-06 22:15:00,0.93800000,0.94200000,0.93800000,0.94200000,3340.44000000,2026-06-06 22:19:59,3136.98111000,42
2026-06-06 22:20:00,0.94100000,0.94200000,0.93800000,0.94200000,3559.55000000,2026-06-06 22:24:59,3348.03176000,24
2026-06-06 22:25:00,0.94200000,0.94400000,0.94200000,0.94300000,2203.15000000,2026-06-06 22:29:59,2079.15416000,25
2026-06-06 22:30:00,0.94400000,0.94500000,0.94300000,0.94500000,2424.27000000,2026-06-06 22:34:59,2286.92149000,26
2026-06-06 22:35:00,0.94500000,0.94700000,0.94200000,0.94200000,12873.69000000,2026-06-06 22:39:59,12148.58018000,90
2026-06-06 22:40:00,0.94200000,0.94200000,0.94100000,0.94100000,1892.71000000,2026-06-06 22:44:59,1781.62995000,21
2026-06-06 22:45:00,0.94200000,0.94400000,0.94100000,0.94100000,4499.00000000,2026-06-06 22:49:59,4238.17248000,47
2026-06-06 22:50:00,0.94200000,0.94200000,0.94000000,0.94000000,1136.67000000,2026-06-06 22:54:59,1070.09248000,9
2026-06-06 22:55:00,0.94200000,0.94300000,0.94200000,0.94200000,352.37000000,2026-06-06 22:59:59,332.26904000,7
2026-06-06 23:00:00,0.94300000,0.94400000,0.94000000,0.94000000,4954.00000000,2026-06-06 23:04:59,4663.92838000,40
2026-06-06 23:05:00,0.94000000,0.94100000,0.93900000,0.94100000,643.25000000,2026-06-06 23:09:59,604.54874000,12
2026-06-06 23:10:00,0.94100000,0.94100000,0.94000000,0.94000000,224.59000000,2026-06-06 23:14:59,211.16146000,6
2026-06-06 23:15:00,0.94000000,0.94000000,0.93600000,0.93800000,5590.85000000,2026-06-06 23:19:59,5239.53726000,32
2026-06-06 23:20:00,0.93600000,0.93600000,0.93500000,0.93600000,1759.00000000,2026-06-06 23:24:59,1644.79834000,10
2026-06-06 23:25:00,0.93500000,0.93500000,0.93300000,0.93300000,2055.38000000,2026-06-06 23:29:59,1920.64923000,13
2026-06-06 23:30:00,0.93200000,0.93300000,0.93100000,0.93300000,2557.94000000,2026-06-06 23:34:59,2382.21155000,20
2026-06-06 23:35:00,0.93300000,0.93300000,0.93000000,0.93300000,455.39000000,2026-06-06 23:39:59,424.41782000,14
2026-06-06 23:40:00,0.93200000,0.93400000,0.93200000,0.93400000,514.17000000,2026-06-06 23:44:59,479.36762000,10
2026-06-06 23:45:00,0.93500000,0.93700000,0.93500000,0.93700000,1639.47000000,2026-06-06 23:49:59,1534.98425000,17
2026-06-06 23:50:00,0.93700000,0.93700000,0.93400000,0.93500000,199.85000000,2026-06-06 23:54:59,186.88214000,7
2026-06-06 23:55:00,0.93500000,0.93500000,0.93500000,0.93500000,982.89000000,2026-06-06 23:59:59,919.00215000,5
2026-06-07 00:00:00,0.93400000,0.93400000,0.93200000,0.93200000,1196.64000000,2026-06-07 00:04:59,1116.09713000,16
2026-06-07 00:05:00,0.93300000,0.93400000,0.93300000,0.93400000,275.91000000,2026-06-07 00:09:59,257.57387000,4
2026-06-07 00:10:00,0.93500000,0.93600000,0.93500000,0.93500000,3748.21000000,2026-06-07 00:14:59,3504.71005000,22
2026-06-07 00:15:00,0.93500000,0.93800000,0.93500000,0.93800000,1669.84000000,2026-06-07 00:19:59,1562.98620000,20
2026-06-07 00:20:00,0.93800000,0.93800000,0.93600000,0.93600000,2071.57000000,2026-06-07 00:24:59,1943.10932000,14
2026-06-07 00:25:00,0.93700000,0.93900000,0.93700000,0.93900000,652.01000000,2026-06-07 00:29:59,612.21984000,10
2026-06-07 00:30:00,0.93800000,0.93900000,0.93700000,0.93700000,1846.27000000,2026-06-07 00:34:59,1732.09759000,19
2026-06-07 00:35:00,0.93600000,0.93600000,0.93400000,0.93400000,1510.80000000,2026-06-07 00:39:59,1411.24307000,9
2026-06-07 00:40:00,0.93500000,0.93500000,0.93400000,0.93500000,631.73000000,2026-06-07 00:44:59,590.66170000,10
2026-06-07 00:45:00,0.93500000,0.93500000,0.93500000,0.93500000,190.90000000,2026-06-07 00:49:59,178.49150000,1
2026-06-07 00:50:00,0.93400000,0.93400000,0.93400000,0.93400000,387.26000000,2026-06-07 00:54:59,361.70084000,5
2026-06-07 00:55:00,0.93400000,0.93600000,0.93400000,0.93600000,1850.43000000,2026-06-07 00:59:59,1730.53341000,13
2026-06-07 01:00:00,0.93500000,0.93600000,0.93400000,0.93500000,536.81000000,2026-06-07 01:04:59,501.93500000,11
2026-06-07 01:05:00,0.93600000,0.93700000,0.93300000,0.93300000,2053.53000000,2026-06-07 01:09:59,1917.34753000,17
2026-06-07 01:10:00,0.93200000,0.93200000,0.93100000,0.93200000,1697.93000000,2026-06-07 01:14:59,1580.89621000,18
2026-06-07 01:15:00,0.93200000,0.93300000,0.93200000,0.93200000,2376.95000000,2026-06-07 01:19:59,2215.44620000,8
2026-06-07 01:20:00,0.93100000,0.93100000,0.92900000,0.93000000,2520.68000000,2026-06-07 01:24:59,2343.42979000,23
2026-06-07 01:25:00,0.93000000,0.93000000,0.92800000,0.92900000,5924.01000000,2026-06-07 01:29:59,5498.61762000,18
2026-06-07 01:30:00,0.93000000,0.93200000,0.93000000,0.93200000,977.83000000,2026-06-07 01:34:59,910.31547000,16
2026-06-07 01:35:00,0.93300000,0.93600000,0.93300000,0.93600000,885.75000000,2026-06-07 01:39:59,826.85108000,8
2026-06-07 01:40:00,0.93600000,0.93600000,0.93400000,0.93400000,627.26000000,2026-06-07 01:44:59,586.27293000,13
2026-06-07 01:45:00,0.93300000,0.93400000,0.93300000,0.93400000,661.53000000,2026-06-07 01:49:59,617.55394000,21
2026-06-07 01:50:00,0.93500000,0.93600000,0.93400000,0.93400000,2200.21000000,2026-06-07 01:54:59,2058.07196000,17
2026-06-07 01:55:00,0.93400000,0.93600000,0.93400000,0.93600000,487.25000000,2026-06-07 01:59:59,455.69565000,7
2026-06-07 02:00:00,0.93600000,0.93600000,0.93400000,0.93400000,1787.42000000,2026-06-07 02:04:59,1671.37382000,18
2026-06-07 02:05:00,0.93400000,0.93500000,0.93400000,0.93500000,1327.26000000,2026-06-07 02:09:59,1239.89910000,10
2026-06-07 02:10:00,0.93400000,0.93900000,0.93300000,0.93600000,3076.64000000,2026-06-07 02:14:59,2878.83258000,52
2026-06-07 02:15:00,0.93600000,0.94000000,0.93500000,0.93800000,6356.49000000,2026-06-07 02:19:59,5961.67495000,53
2026-06-07 02:20:00,0.93700000,0.93900000,0.93500000,0.93900000,3187.59000000,2026-06-07 02:24:59,2984.38238000,37
2026-06-07 02:25:00,0.94000000,0.94200000,0.94000000,0.94000000,2933.41000000,2026-06-07 02:29:59,2760.30675000,36
2026-06-07 02:30:00,0.94100000,0.94200000,0.94000000,0.94200000,5302.46000000,2026-06-07 02:34:59,4993.63399000,30
2026-06-07 02:35:00,0.94300000,0.94400000,0.94300000,0.94300000,82.96000000,2026-06-07 02:39:59,78.29728000,4
2026-06-07 02:40:00,0.94300000,0.94300000,0.94100000,0.94300000,1907.07000000,2026-06-07 02:44:59,1796.37495000,14
2026-06-07 02:45:00,0.94300000,0.94300000,0.94100000,0.94100000,475.55000000,2026-06-07 02:49:59,447.82900000,13
2026-06-07 02:50:00,0.94000000,0.94100000,0.93900000,0.93900000,2164.85000000,2026-06-07 02:54:59,2035.66866000,14
2026-06-07 02:55:00,0.93900000,0.93900000,0.93800000,0.93800000,1239.97000000,2026-06-07 02:59:59,1164.02030000,15
2026-06-07 03:00:00,0.93900000,0.93900000,0.93500000,0.93500000,971.93000000,2026-06-07 03:04:59,911.10327000,17
2026-06-07 03:05:00,0.93400000,0.93500000,0.93400000,0.93500000,296.85000000,2026-06-07 03:09:59,277.34583000,6
2026-06-07 03:10:00,0.93600000,0.93800000,0.93600000,0.93700000,1257.60000000,2026-06-07 03:14:59,1178.18879000,14
2026-06-07 03:15:00,0.93700000,0.94100000,0.93700000,0.94100000,3127.92000000,2026-06-07 03:19:59,2938.42518000,31
2026-06-07 03:20:00,0.94100000,0.94100000,0.94000000,0.94100000,4198.24000000,2026-06-07 03:24:59,3948.85589000,25
2026-06-07 03:25:00,0.94000000,0.94400000,0.93800000,0.94400000,6690.00000000,2026-06-07 03:29:59,6300.28539000,45
2026-06-07 03:30:00,0.94400000,0.94400000,0.94300000,0.94300000,2041.49000000,2026-06-07 03:34:59,1925.85533000,15
2026-06-07 03:35:00,0.94400000,0.94700000,0.94400000,0.94600000,3349.68000000,2026-06-07 03:39:59,3164.61669000,29
2026-06-07 03:40:00,0.94700000,0.94700000,0.94600000,0.94600000,2052.95000000,2026-06-07 03:44:59,1942.36864000,13
2026-06-07 03:45:00,0.94500000,0.94600000,0.94500000,0.94600000,1223.17000000,2026-06-07 03:49:59,1156.21193000,12
2026-06-07 03:50:00,0.94500000,0.94600000,0.94300000,0.94300000,6153.38000000,2026-06-07 03:54:59,5810.37860000,32
2026-06-07 03:55:00,0.94300000,0.94400000,0.94200000,0.94200000,792.22000000,2026-06-07 03:59:59,746.40690000,9
2026-06-07 04:00:00,0.94100000,0.94300000,0.94000000,0.94300000,3534.40000000,2026-06-07 04:04:59,3330.98852000,25
2026-06-07 04:05:00,0.94300000,0.94500000,0.94200000,0.94400000,5551.51000000,2026-06-07 04:09:59,5245.45503000,26
2026-06-07 04:10:00,0.94400000,0.94400000,0.94300000,0.94300000,944.51000000,2026-06-07 04:14:59,890.67872000,11
2026-06-07 04:15:00,0.94300000,0.94400000,0.94100000,0.94200000,316.27000000,2026-06-07 04:19:59,298.04418000,8
2026-06-07 04:20:00,0.94200000,0.94400000,0.94200000,0.94400000,1303.21000000,2026-06-07 04:24:59,1228.62954000,20
2026-06-07 04:25:00,0.94400000,0.94500000,0.94400000,0.94500000,4064.32000000,2026-06-07 04:29:59,3838.34334000,19
2026-06-07 04:30:00,0.94500000,0.94500000,0.94300000,0.94400000,5327.72000000,2026-06-07 04:34:59,5027.80289000,22
2026-06-07 04:35:00,0.94400000,0.94600000,0.94300000,0.94500000,5709.04000000,2026-06-07 04:39:59,5394.83852000,31
2026-06-07 04:40:00,0.94400000,0.94400000,0.94300000,0.94400000,6022.42000000,2026-06-07 04:44:59,5680.34391000,19
2026-06-07 04:45:00,0.94400000,0.94500000,0.94400000,0.94400000,1553.46000000,2026-06-07 04:49:59,1466.64949000,14
2026-06-07 04:50:00,0.94400000,0.94700000,0.94400000,0.94700000,4348.64000000,2026-06-07 04:54:59,4107.49733000,23
2026-06-07 04:55:00,0.94600000,0.94800000,0.94600000,0.94800000,2563.80000000,2026-06-07 04:59:59,2428.32662000,34
2026-06-07 05:00:00,0.94800000,0.94800000,0.94700000,0.94700000,1910.19000000,2026-06-07 05:04:59,1810.85435000,9
2026-06-07 05:05:00,0.94600000,0.94600000,0.94400000,0.94500000,2810.64000000,2026-06-07 05:09:59,2654.65130000,19
2026-06-07 05:10:00,0.94500000,0.94600000,0.94400000,0.94600000,4023.18000000,2026-06-07 05:14:59,3805.69031000,16
2026-06-07 05:15:00,0.94600000,0.94700000,0.94500000,0.94500000,2189.75000000,2026-06-07 05:19:59,2070.54382000,11
2026-06-07 05:20:00,0.94500000,0.94500000,0.94400000,0.94500000,1277.36000000,2026-06-07 05:24:59,1206.44429000,10
2026-06-07 05:25:00,0.94500000,0.94600000,0.94500000,0.94600000,1644.60000000,2026-06-07 05:29:59,1555.56364000,19
2026-06-07 05:30:00,0.94600000,0.94700000,0.94500000,0.94600000,2178.08000000,2026-06-07 05:34:59,2059.09138000,18
2026-06-07 05:35:00,0.94600000,0.95100000,0.94600000,0.95100000,3788.66000000,2026-06-07 05:39:59,3593.08433000,32
2026-06-07 05:40:00,0.95000000,0.95400000,0.94900000,0.95400000,4029.31000000,2026-06-07 05:44:59,3831.63263000,45
2026-06-07 05:45:00,0.95400000,0.95800000,0.95400000,0.95700000,9354.19000000,2026-06-07 05:49:59,8939.92294000,71
2026-06-07 05:50:00,0.95500000,0.95700000,0.95500000,0.95700000,5529.05000000,2026-06-07 05:54:59,5285.58526000,31
2026-06-07 05:55:00,0.95700000,0.95900000,0.95700000,0.95800000,3620.67000000,2026-06-07 05:59:59,3467.53801000,33
2026-06-07 06:00:00,0.95800000,0.96200000,0.95700000,0.96200000,8788.34000000,2026-06-07 06:04:59,8433.61406000,63
2026-06-07 06:05:00,0.96200000,0.96300000,0.96100000,0.96200000,5931.60000000,2026-06-07 06:09:59,5704.99768000,32
2026-06-07 06:10:00,0.96200000,0.96200000,0.96000000,0.96200000,1789.80000000,2026-06-07 06:14:59,1718.45516000,19
2026-06-07 06:15:00,0.96100000,0.96300000,0.96100000,0.96200000,2412.83000000,2026-06-07 06:19:59,2321.31772000,23
2026-06-07 06:20:00,0.96000000,0.96100000,0.95700000,0.95900000,1197.42000000,2026-06-07 06:24:59,1149.44141000,23
2026-06-07 06:25:00,0.95800000,0.95900000,0.95800000,0.95900000,191.03000000,2026-06-07 06:29:59,183.03304000,5
2026-06-07 06:30:00,0.95900000,0.95900000,0.95600000,0.95600000,1285.27000000,2026-06-07 06:34:59,1231.34706000,18
2026-06-07 06:35:00,0.95500000,0.95600000,0.95400000,0.95600000,2713.57000000,2026-06-07 06:39:59,2593.72809000,23
2026-06-07 06:40:00,0.95700000,0.95800000,0.95400000,0.95700000,9434.00000000,2026-06-07 06:44:59,9014.87245000,53
2026-06-07 06:45:00,0.95700000,0.95700000,0.95300000,0.95300000,3413.22000000,2026-06-07 06:49:59,3261.61761000,25
2026-06-07 06:50:00,0.95400000,0.95700000,0.95400000,0.95500000,1079.39000000,2026-06-07 06:54:59,1030.94982000,14
2026-06-07 06:55:00,0.95500000,0.95500000,0.95400000,0.95400000,224.10000000,2026-06-07 06:59:59,213.96760000,9
2026-06-07 07:00:00,0.95400000,0.95400000,0.94800000,0.95000000,13137.44000000,2026-06-07 07:04:59,12485.24750000,35
2026-06-07 07:05:00,0.94900000,0.94900000,0.94700000,0.94900000,2879.22000000,2026-06-07 07:09:59,2729.75605000,26
2026-06-07 07:10:00,0.94900000,0.95000000,0.94800000,0.94800000,1557.29000000,2026-06-07 07:14:59,1477.98118000,12
2026-06-07 07:15:00,0.94900000,0.94900000,0.94900000,0.94900000,1287.33000000,2026-06-07 07:19:59,1221.67617000,9
2026-06-07 07:20:00,0.94800000,0.95000000,0.94800000,0.94900000,719.85000000,2026-06-07 07:24:59,683.59298000,8
2026-06-07 07:25:00,0.95100000,0.95100000,0.94900000,0.95000000,1474.07000000,2026-06-07 07:29:59,1400.37622000,16
2026-06-07 07:30:00,0.95100000,0.95100000,0.94700000,0.94700000,125.65000000,2026-06-07 07:34:59,119.15210000,8
2026-06-07 07:35:00,0.94800000,0.94900000,0.94500000,0.94500000,1650.15000000,2026-06-07 07:39:59,1562.65899000,33
2026-06-07 07:40:00,0.94400000,0.94400000,0.94300000,0.94400000,3026.33000000,2026-06-07 07:44:59,2855.73552000,14
2026-06-07 07:45:00,0.94400000,0.94400000,0.94100000,0.94300000,2511.78000000,2026-06-07 07:49:59,2366.85875000,30
2026-06-07 07:50:00,0.94200000,0.94200000,0.94100000,0.94200000,2448.64000000,2026-06-07 07:54:59,2305.87818000,19
2026-06-07 07:55:00,0.94100000,0.94300000,0.94100000,0.94200000,1717.13000000,2026-06-07 07:59:59,1616.94724000,21
2026-06-07 08:00:00,0.94200000,0.94200000,0.93000000,0.93300000,203153.76000000,2026-06-07 08:04:59,189608.26440000,468
2026-06-07 08:05:00,0.93200000,0.93700000,0.93200000,0.93600000,8180.44000000,2026-06-07 08:09:59,7642.58265000,52
2026-06-07 08:10:00,0.93600000,0.93700000,0.93600000,0.93600000,3594.15000000,2026-06-07 08:14:59,3366.62063000,17
2026-06-07 08:15:00,0.93700000,0.93800000,0.93700000,0.93700000,1026.14000000,2026-06-07 08:19:59,961.70138000,12
2026-06-07 08:20:00,0.93700000,0.93800000,0.93700000,0.93800000,2797.31000000,2026-06-07 08:24:59,2623.06780000,14
2026-06-07 08:25:00,0.93800000,0.93900000,0.93700000,0.93900000,2150.85000000,2026-06-07 08:29:59,2017.94295000,17
2026-06-07 08:30:00,0.93800000,0.94000000,0.93800000,0.94000000,2214.98000000,2026-06-07 08:34:59,2081.84087000,18
2026-06-07 08:35:00,0.94100000,0.94400000,0.94100000,0.94300000,3848.09000000,2026-06-07 08:39:59,3630.49502000,40
2026-06-07 08:40:00,0.94200000,0.94200000,0.94100000,0.94100000,445.83000000,2026-06-07 08:44:59,419.70637000,9
2026-06-07 08:45:00,0.94100000,0.94200000,0.94100000,0.94200000,1727.60000000,2026-06-07 08:49:59,1625.67742000,9
2026-06-07 08:50:00,0.94200000,0.94200000,0.94000000,0.94000000,3678.32000000,2026-06-07 08:54:59,3460.41227000,24
2026-06-07 08:55:00,0.94000000,0.94000000,0.93900000,0.93900000,3154.36000000,2026-06-07 08:59:59,2964.75561000,14
2026-06-07 09:00:00,0.93800000,0.93800000,0.93800000,0.93800000,801.44000000,2026-06-07 09:04:59,751.75072000,11
2026-06-07 09:05:00,0.93700000,0.93700000,0.93100000,0.93200000,1514.61000000,2026-06-07 09:09:59,1412.51935000,33
2026-06-07 09:10:00,0.93300000,0.93300000,0.92500000,0.92500000,9313.87000000,2026-06-07 09:14:59,8647.49727000,75
2026-06-07 09:15:00,0.92600000,0.92900000,0.92100000,0.92400000,9361.68000000,2026-06-07 09:19:59,8659.55475000,80
2026-06-07 09:20:00,0.92500000,0.92600000,0.92200000,0.92300000,1197.93000000,2026-06-07 09:24:59,1107.33299000,21
2026-06-07 09:25:00,0.92300000,0.92400000,0.92300000,0.92400000,1737.34000000,2026-06-07 09:29:59,1603.58760000,8
2026-06-07 09:30:00,0.92300000,0.92500000,0.92100000,0.92200000,6458.48000000,2026-06-07 09:34:59,5962.70791000,46
2026-06-07 09:35:00,0.92300000,0.92500000,0.92200000,0.92300000,4305.56000000,2026-06-07 09:39:59,3974.15236000,42
2026-06-07 09:40:00,0.92200000,0.92300000,0.91800000,0.92300000,8526.38000000,2026-06-07 09:44:59,7848.50357000,97
2026-06-07 09:45:00,0.92200000,0.92600000,0.92200000,0.92600000,2621.94000000,2026-06-07 09:49:59,2422.36345000,29
2026-06-07 09:50:00,0.92700000,0.92700000,0.92500000,0.92600000,1756.21000000,2026-06-07 09:54:59,1626.16868000,12
2026-06-07 09:55:00,0.92700000,0.92800000,0.92700000,0.92700000,2830.55000000,2026-06-07 09:59:59,2625.54796000,14
2026-06-07 10:00:00,0.92600000,0.92700000,0.92500000,0.92700000,1741.38000000,2026-06-07 10:04:59,1611.64908000,14
2026-06-07 10:05:00,0.92600000,0.93000000,0.92600000,0.92900000,1617.60000000,2026-06-07 10:09:59,1502.14765000,15
2026-06-07 10:10:00,0.92900000,0.92900000,0.92600000,0.92800000,2554.60000000,2026-06-07 10:14:59,2369.50955000,22
2026-06-07 10:15:00,0.92900000,0.93000000,0.92600000,0.92600000,5548.60000000,2026-06-07 10:19:59,5147.27471000,41
2026-06-07 10:20:00,0.92700000,0.92700000,0.92500000,0.92600000,10300.33000000,2026-06-07 10:24:59,9536.35960000,42
2026-06-07 10:25:00,0.92700000,0.92900000,0.92700000,0.92900000,2881.80000000,2026-06-07 10:29:59,2671.63877000,26
2026-06-07 10:30:00,0.92800000,0.92800000,0.92800000,0.92800000,1110.90000000,2026-06-07 10:34:59,1030.91520000,10
2026-06-07 10:35:00,0.92800000,0.92900000,0.92700000,0.92900000,514.11000000,2026-06-07 10:39:59,477.09990000,14
2026-06-07 10:40:00,0.92900000,0.93000000,0.92800000,0.93000000,2769.40000000,2026-06-07 10:44:59,2573.09974000,25
2026-06-07 10:45:00,0.93000000,0.93000000,0.92900000,0.92900000,2401.74000000,2026-06-07 10:49:59,2233.34641000,16
2026-06-07 10:50:00,0.92900000,0.93000000,0.92900000,0.92900000,852.72000000,2026-06-07 10:54:59,792.70099000,11
2026-06-07 10:55:00,0.92900000,0.92900000,0.92800000,0.92900000,2329.05000000,2026-06-07 10:59:59,2163.67340000,18
2026-06-07 11:00:00,0.92900000,0.93100000,0.92900000,0.93100000,1789.82000000,2026-06-07 11:04:59,1665.40355000,21
2026-06-07 11:05:00,0.93000000,0.93100000,0.93000000,0.93000000,1997.84000000,2026-06-07 11:09:59,1858.24898000,14
2026-06-07 11:10:00,0.93000000,0.93100000,0.92900000,0.93100000,933.28000000,2026-06-07 11:14:59,867.80559000,16
2026-06-07 11:15:00,0.93100000,0.93500000,0.93100000,0.93500000,2267.36000000,2026-06-07 11:19:59,2117.46818000,23
2026-06-07 11:20:00,0.93500000,0.93800000,0.93500000,0.93700000,3819.29000000,2026-06-07 11:24:59,3576.25557000,34
2026-06-07 11:25:00,0.93700000,0.93800000,0.93700000,0.93800000,996.76000000,2026-06-07 11:29:59,934.43454000,14
2026-06-07 11:30:00,0.93800000,0.94100000,0.93800000,0.94100000,1916.26000000,2026-06-07 11:34:59,1801.59232000,25
2026-06-07 11:35:00,0.94100000,0.94300000,0.94000000,0.94000000,2024.86000000,2026-06-07 11:39:59,1905.80810000,14
2026-06-07 11:40:00,0.93900000,0.93900000,0.93500000,0.93700000,5538.18000000,2026-06-07 11:44:59,5186.35594000,57
2026-06-07 11:45:00,0.93600000,0.93600000,0.93500000,0.93600000,3203.32000000,2026-06-07 11:49:59,2996.64893000,28
2026-06-07 11:50:00,0.93500000,0.93800000,0.93500000,0.93800000,1404.92000000,2026-06-07 11:54:59,1316.78284000,22
2026-06-07 11:55:00,0.93800000,0.93900000,0.93800000,0.93900000,96.34000000,2026-06-07 11:59:59,90.38144000,5
2026-06-07 12:00:00,0.93800000,0.93800000,0.93600000,0.93600000,2311.87000000,2026-06-07 12:04:59,2166.71199000,19
2026-06-07 12:05:00,0.93600000,0.93900000,0.93500000,0.93800000,1639.15000000,2026-06-07 12:09:59,1536.62076000,26
2026-06-07 12:10:00,0.93700000,0.93700000,0.93300000,0.93500000,15193.91000000,2026-06-07 12:14:59,14202.73901000,87
2026-06-07 12:15:00,0.93600000,0.93600000,0.93100000,0.93200000,5015.45000000,2026-06-07 12:19:59,4680.96839000,36
2026-06-07 12:20:00,0.93100000,0.93200000,0.93100000,0.93200000,2378.08000000,2026-06-07 12:24:59,2214.91845000,25
2026-06-07 12:25:00,0.93300000,0.93600000,0.93300000,0.93500000,4316.36000000,2026-06-07 12:29:59,4031.61656000,39
2026-06-07 12:30:00,0.93500000,0.93700000,0.93400000,0.93500000,1028.53000000,2026-06-07 12:34:59,961.30067000,17
2026-06-07 12:35:00,0.93500000,0.93500000,0.93400000,0.93500000,1936.61000000,2026-06-07 12:39:59,1810.72495000,5
2026-06-07 12:40:00,0.93500000,0.93600000,0.93500000,0.93600000,3057.83000000,2026-06-07 12:44:59,2861.85664000,26
2026-06-07 12:45:00,0.93600000,0.93600000,0.93200000,0.93200000,5864.23000000,2026-06-07 12:49:59,5481.51812000,63
2026-06-07 12:50:00,0.93300000,0.93300000,0.93000000,0.93000000,4951.94000000,2026-06-07 12:54:59,4615.66932000,34
2026-06-07 12:55:00,0.93100000,0.93300000,0.93000000,0.93300000,3491.38000000,2026-06-07 12:59:59,3253.43142000,26
2026-06-07 13:00:00,0.93300000,0.93300000,0.93200000,0.93300000,1797.10000000,2026-06-07 13:04:59,1676.22839000,15
2026-06-07 13:05:00,0.93200000,0.93300000,0.93000000,0.93000000,803.51000000,2026-06-07 13:09:59,748.14817000,14
2026-06-07 13:10:00,0.93100000,0.93200000,0.92900000,0.93200000,4756.68000000,2026-06-07 13:14:59,4428.74366000,34
2026-06-07 13:15:00,0.93300000,0.93300000,0.93100000,0.93100000,673.61000000,2026-06-07 13:19:59,627.37849000,7
2026-06-07 13:20:00,0.93200000,0.93200000,0.93100000,0.93100000,521.07000000,2026-06-07 13:24:59,485.55481000,12
2026-06-07 13:25:00,0.93200000,0.93200000,0.93100000,0.93100000,312.54000000,2026-06-07 13:29:59,290.97527000,7
2026-06-07 13:30:00,0.93000000,0.93500000,0.93000000,0.93500000,2825.39000000,2026-06-07 13:34:59,2637.25108000,27
2026-06-07 13:35:00,0.93400000,0.93600000,0.93400000,0.93500000,3117.20000000,2026-06-07 13:39:59,2914.23513000,33
2026-06-07 13:40:00,0.93500000,0.93500000,0.93300000,0.93300000,442.72000000,2026-06-07 13:44:59,413.78627000,9
2026-06-07 13:45:00,0.93400000,0.93400000,0.93300000,0.93300000,2309.53000000,2026-06-07 13:49:59,2156.40192000,31
2026-06-07 13:50:00,0.93300000,0.93400000,0.93200000,0.93200000,106.04000000,2026-06-07 13:54:59,98.98850000,6
2026-06-07 13:55:00,0.93200000,0.93200000,0.92800000,0.93200000,4004.14000000,2026-06-07 13:59:59,3723.22552000,44
2026-06-07 14:00:00,0.93200000,0.93500000,0.93100000,0.93500000,2058.62000000,2026-06-07 14:04:59,1921.71428000,28
2026-06-07 14:05:00,0.93500000,0.93700000,0.93500000,0.93700000,2355.63000000,2026-06-07 14:09:59,2204.10959000,28
2026-06-07 14:10:00,0.93700000,0.93700000,0.93500000,0.93600000,2184.70000000,2026-06-07 14:14:59,2046.24099000,19
2026-06-07 14:15:00,0.93700000,0.93700000,0.93500000,0.93500000,533.60000000,2026-06-07 14:19:59,499.49240000,9
2026-06-07 14:20:00,0.93500000,0.93700000,0.93500000,0.93600000,2455.75000000,2026-06-07 14:24:59,2299.45124000,14
2026-06-07 14:25:00,0.93700000,0.93700000,0.93500000,0.93600000,154.07000000,2026-06-07 14:29:59,144.18823000,4
2026-06-07 14:30:00,0.93600000,0.93700000,0.93600000,0.93700000,234.45000000,2026-06-07 14:34:59,219.49373000,10
2026-06-07 14:35:00,0.93600000,0.93800000,0.93600000,0.93700000,2513.78000000,2026-06-07 14:39:59,2356.85590000,15
2026-06-07 14:40:00,0.93700000,0.93800000,0.93600000,0.93600000,1059.91000000,2026-06-07 14:44:59,993.09988000,13
2026-06-07 14:45:00,0.93500000,0.93600000,0.93400000,0.93400000,574.30000000,2026-06-07 14:49:59,536.58691000,12
2026-06-07 14:50:00,0.93500000,0.93500000,0.93200000,0.93300000,3271.26000000,2026-06-07 14:54:59,3052.25921000,36
2026-06-07 14:55:00,0.93400000,0.93600000,0.93400000,0.93500000,886.41000000,2026-06-07 14:59:59,828.22145000,15
2026-06-07 15:00:00,0.93600000,0.93700000,0.93600000,0.93600000,1433.12000000,2026-06-07 15:04:59,1341.41217000,13
2026-06-07 15:05:00,0.93600000,0.93700000,0.93600000,0.93700000,1017.66000000,2026-06-07 15:09:59,953.01909000,13
2026-06-07 15:10:00,0.93700000,0.93800000,0.93700000,0.93800000,1099.87000000,2026-06-07 15:14:59,1031.20429000,12
2026-06-07 15:15:00,0.93800000,0.93800000,0.93600000,0.93600000,2978.80000000,2026-06-07 15:19:59,2790.79400000,20
2026-06-07 15:20:00,0.93600000,0.93600000,0.93600000,0.93600000,431.86000000,2026-06-07 15:24:59,404.22096000,4
2026-06-07 15:25:00,0.93600000,0.93700000,0.93500000,0.93600000,1333.79000000,2026-06-07 15:29:59,1248.53288000,11
2026-06-07 15:30:00,0.93500000,0.93700000,0.93500000,0.93500000,2045.34000000,2026-06-07 15:34:59,1912.87426000,18
2026-06-07 15:35:00,0.93400000,0.93400000,0.93300000,0.93300000,428.09000000,2026-06-07 15:39:59,399.59632000,10
2026-06-07 15:40:00,0.93300000,0.93400000,0.93200000,0.93300000,1662.58000000,2026-06-07 15:44:59,1550.96425000,16
2026-06-07 15:45:00,0.93300000,0.93500000,0.93100000,0.93100000,525.82000000,2026-06-07 15:49:59,490.88505000,15
2026-06-07 15:50:00,0.93100000,0.93200000,0.93000000,0.93200000,1588.57000000,2026-06-07 15:54:59,1478.96841000,21
2026-06-07 15:55:00,0.93200000,0.93200000,0.92900000,0.92900000,3355.25000000,2026-06-07 15:59:59,3122.12700000,17
2026-06-07 16:00:00,0.92900000,0.92900000,0.92100000,0.92600000,17240.16000000,2026-06-07 16:04:59,15932.99382000,110
2026-06-07 16:05:00,0.92400000,0.92400000,0.91900000,0.92000000,9371.09000000,2026-06-07 16:09:59,8632.45909000,93
2026-06-07 16:10:00,0.91900000,0.92400000,0.91900000,0.92000000,6124.55000000,2026-06-07 16:14:59,5645.76239000,53
2026-06-07 16:15:00,0.91900000,0.91900000,0.91300000,0.91500000,8087.04000000,2026-06-07 16:19:59,7408.49151000,90
2026-06-07 16:20:00,0.91500000,0.91800000,0.91500000,0.91700000,837.13000000,2026-06-07 16:24:59,766.94571000,20
2026-06-07 16:25:00,0.91700000,0.91700000,0.91400000,0.91600000,14845.40000000,2026-06-07 16:29:59,13594.61079000,70
2026-06-07 16:30:00,0.91700000,0.91700000,0.91300000,0.91500000,10229.58000000,2026-06-07 16:34:59,9373.09561000,47
2026-06-07 16:35:00,0.91400000,0.91600000,0.91300000,0.91500000,9093.20000000,2026-06-07 16:39:59,8313.27300000,41
2026-06-07 16:40:00,0.91500000,0.91600000,0.91400000,0.91400000,6233.63000000,2026-06-07 16:44:59,5701.56056000,43
2026-06-07 16:45:00,0.91500000,0.91700000,0.91000000,0.91700000,6428.04000000,2026-06-07 16:49:59,5867.08737000,71
2026-06-07 16:50:00,0.91600000,0.91800000,0.91500000,0.91700000,8031.85000000,2026-06-07 16:54:59,7366.38479000,42
2026-06-07 16:55:00,0.91700000,0.91700000,0.91500000,0.91700000,1399.06000000,2026-06-07 16:59:59,1281.47781000,15
2026-06-07 17:00:00,0.91600000,0.92100000,0.91400000,0.92100000,899.88000000,2026-06-07 17:04:59,825.87273000,21
2026-06-07 17:05:00,0.92200000,0.92300000,0.92200000,0.92300000,665.70000000,2026-06-07 17:09:59,614.08232000,10
2026-06-07 17:10:00,0.92400000,0.92600000,0.92400000,0.92500000,5106.57000000,2026-06-07 17:14:59,4724.14861000,23
2026-06-07 17:15:00,0.92400000,0.92500000,0.92300000,0.92500000,2911.93000000,2026-06-07 17:19:59,2689.30343000,20
2026-06-07 17:20:00,0.92500000,0.93000000,0.92500000,0.92900000,3195.75000000,2026-06-07 17:24:59,2965.35436000,37
2026-06-07 17:25:00,0.92900000,0.92900000,0.92900000,0.92900000,711.49000000,2026-06-07 17:29:59,660.97421000,4
2026-06-07 17:30:00,0.92900000,0.93000000,0.92800000,0.93000000,4619.50000000,2026-06-07 17:34:59,4293.72962000,48
2026-06-07 17:35:00,0.92900000,0.92900000,0.92800000,0.92800000,4172.86000000,2026-06-07 17:39:59,3874.23348000,29
2026-06-07 17:40:00,0.92700000,0.92800000,0.92700000,0.92800000,322.81000000,2026-06-07 17:44:59,299.48583000,5
2026-06-07 17:45:00,0.92800000,0.92900000,0.92800000,0.92900000,1668.92000000,2026-06-07 17:49:59,1548.97697000,8
2026-06-07 17:50:00,0.92900000,0.93100000,0.92900000,0.93000000,2470.27000000,2026-06-07 17:54:59,2298.46336000,23
2026-06-07 17:55:00,0.93000000,0.93000000,0.93000000,0.93000000,1837.37000000,2026-06-07 17:59:59,1708.75410000,12
2026-06-07 18:00:00,0.92900000,0.93000000,0.92700000,0.92700000,3871.28000000,2026-06-07 18:04:59,3596.25391000,41
2026-06-07 18:05:00,0.92700000,0.92700000,0.92700000,0.92700000,20.44000000,2026-06-07 18:09:59,18.94788000,1
2026-06-07 18:10:00,0.92600000,0.93000000,0.92600000,0.93000000,9599.23000000,2026-06-07 18:14:59,8907.65365000,60
2026-06-07 18:15:00,0.92900000,0.92900000,0.92800000,0.92900000,188.69000000,2026-06-07 18:19:59,175.22333000,4
2026-06-07 18:20:00,0.92800000,0.92800000,0.92800000,0.92800000,19.00000000,2026-06-07 18:24:59,17.63200000,1
2026-06-07 18:25:00,0.92700000,0.92800000,0.92700000,0.92800000,405.57000000,2026-06-07 18:29:59,376.05252000,7
2026-06-07 18:30:00,0.92800000,0.92800000,0.92500000,0.92500000,4719.42000000,2026-06-07 18:34:59,4370.04114000,22
2026-06-07 18:35:00,0.92500000,0.92500000,0.92300000,0.92400000,228.06000000,2026-06-07 18:39:59,210.84635000,6
2026-06-07 18:40:00,0.92300000,0.92400000,0.92300000,0.92400000,490.89000000,2026-06-07 18:44:59,453.09889000,3
2026-06-07 18:45:00,0.92300000,0.92300000,0.92300000,0.92300000,1001.28000000,2026-06-07 18:49:59,924.18144000,4
2026-06-07 18:50:00,0.92400000,0.92500000,0.92400000,0.92500000,134.44000000,2026-06-07 18:54:59,124.29205000,5
2026-06-07 18:55:00,0.92500000,0.92900000,0.92500000,0.92900000,2202.29000000,2026-06-07 18:59:59,2039.18932000,24
2026-06-07 19:00:00,0.93000000,0.93000000,0.92800000,0.93000000,1591.76000000,2026-06-07 19:04:59,1479.61192000,23
2026-06-07 19:05:00,0.92900000,0.93100000,0.92900000,0.93000000,9747.17000000,2026-06-07 19:09:59,9070.11555000,38
2026-06-07 19:10:00,0.93100000,0.96600000,0.93000000,0.96300000,42701.52000000,2026-06-07 19:14:59,40595.84221000,377
2026-06-07 19:15:00,0.96300000,0.97200000,0.95800000,0.95900000,64569.77000000,2026-06-07 19:19:59,62377.81184000,709
2026-06-07 19:20:00,0.95800000,0.96000000,0.95300000,0.95400000,7735.30000000,2026-06-07 19:24:59,7383.64246000,71
2026-06-07 19:25:00,0.95500000,0.95700000,0.95200000,0.95500000,8902.30000000,2026-06-07 19:29:59,8500.61165000,70
2026-06-07 19:30:00,0.95600000,0.95700000,0.95000000,0.95300000,2620.58000000,2026-06-07 19:34:59,2496.47741000,42
2026-06-07 19:35:00,0.95300000,0.95900000,0.95200000,0.95400000,25173.40000000,2026-06-07 19:39:59,24018.12969000,109
2026-06-07 19:40:00,0.95400000,0.95500000,0.95300000,0.95500000,1903.96000000,2026-06-07 19:44:59,1816.06614000,18
2026-06-07 19:45:00,0.95500000,0.95700000,0.95400000,0.95600000,8764.84000000,2026-06-07 19:49:59,8377.82150000,50
2026-06-07 19:50:00,0.95500000,0.95500000,0.95200000,0.95200000,6858.44000000,2026-06-07 19:54:59,6536.34510000,21
2026-06-07 19:55:00,0.95100000,0.95100000,0.94500000,0.94500000,10826.08000000,2026-06-07 19:59:59,10258.76772000,63
2026-06-07 20:00:00,0.94700000,0.94900000,0.94400000,0.94400000,3548.33000000,2026-06-07 20:04:59,3361.14877000,54
2026-06-07 20:05:00,0.94500000,0.94500000,0.94400000,0.94400000,1235.36000000,2026-06-07 20:09:59,1166.89507000,15
2026-06-07 20:10:00,0.94500000,0.94800000,0.94400000,0.94500000,8381.43000000,2026-06-07 20:14:59,7927.21848000,54
2026-06-07 20:15:00,0.94500000,0.94500000,0.94300000,0.94400000,5957.03000000,2026-06-07 20:19:59,5619.79673000,32
2026-06-07 20:20:00,0.94400000,0.94500000,0.94300000,0.94400000,888.24000000,2026-06-07 20:24:59,838.65612000,16
2026-06-07 20:25:00,0.94500000,0.94800000,0.94500000,0.94700000,3360.62000000,2026-06-07 20:29:59,3183.26901000,30
2026-06-07 20:30:00,0.94800000,0.94800000,0.94700000,0.94700000,3324.34000000,2026-06-07 20:34:59,3149.96127000,30
2026-06-07 20:35:00,0.94600000,0.94600000,0.94400000,0.94500000,4644.66000000,2026-06-07 20:39:59,4387.78571000,29
2026-06-07 20:40:00,0.94600000,0.94700000,0.94500000,0.94700000,7644.50000000,2026-06-07 20:44:59,7227.21627000,37
2026-06-07 20:45:00,0.94700000,0.94900000,0.94600000,0.94600000,9582.23000000,2026-06-07 20:49:59,9070.15886000,31
2026-06-07 20:50:00,0.94600000,0.94600000,0.94300000,0.94400000,3880.19000000,2026-06-07 20:54:59,3662.41568000,40
2026-06-07 20:55:00,0.94500000,0.94700000,0.94500000,0.94700000,1261.94000000,2026-06-07 20:59:59,1192.55067000,9
2026-06-07 21:00:00,0.94700000,0.94900000,0.94600000,0.94600000,9224.47000000,2026-06-07 21:04:59,8738.37517000,37
2026-06-07 21:05:00,0.94500000,0.94500000,0.94100000,0.94100000,9019.19000000,2026-06-07 21:09:59,8495.59035000,69
2026-06-07 21:10:00,0.94000000,0.94200000,0.93900000,0.94100000,6625.32000000,2026-06-07 21:14:59,6228.13326000,45
2026-06-07 21:15:00,0.94000000,0.94200000,0.94000000,0.94200000,1317.43000000,2026-06-07 21:19:59,1239.76525000,10
2026-06-07 21:20:00,0.94200000,0.94300000,0.94100000,0.94200000,1009.99000000,2026-06-07 21:24:59,951.07113000,26
2026-06-07 21:25:00,0.94300000,0.94600000,0.94300000,0.94600000,1359.02000000,2026-06-07 21:29:59,1284.28299000,23
2026-06-07 21:30:00,0.94700000,0.94900000,0.94600000,0.94700000,401.79000000,2026-06-07 21:34:59,380.49309000,13
2026-06-07 21:35:00,0.94800000,0.95500000,0.94800000,0.95500000,6301.03000000,2026-06-07 21:39:59,5996.50761000,56
2026-06-07 21:40:00,0.95500000,0.95500000,0.95200000,0.95200000,7540.23000000,2026-06-07 21:44:59,7187.90533000,40
2026-06-07 21:45:00,0.95200000,0.95400000,0.95000000,0.95400000,411.33000000,2026-06-07 21:49:59,391.78020000,12
2026-06-07 21:50:00,0.95500000,0.95600000,0.95300000,0.95300000,22191.12000000,2026-06-07 21:54:59,21171.82141000,37
2026-06-07 21:55:00,0.95200000,0.95300000,0.95000000,0.95300000,4419.15000000,2026-06-07 21:59:59,4199.56485000,34
2026-06-07 22:00:00,0.95200000,0.95200000,0.94600000,0.94600000,7389.35000000,2026-06-07 22:04:59,7014.02320000,54
2026-06-07 22:05:00,0.94600000,0.94600000,0.94400000,0.94400000,6090.90000000,2026-06-07 22:09:59,5753.62002000,40
2026-06-07 22:10:00,0.94300000,0.94300000,0.93900000,0.93900000,2606.34000000,2026-06-07 22:14:59,2451.31564000,38
2026-06-07 22:15:00,0.93900000,0.93900000,0.93500000,0.93700000,7150.63000000,2026-06-07 22:19:59,6699.50434000,47
2026-06-07 22:20:00,0.93700000,0.93800000,0.93600000,0.93600000,1262.26000000,2026-06-07 22:24:59,1182.59067000,15
2026-06-07 22:25:00,0.93500000,0.93800000,0.93300000,0.93600000,5775.28000000,2026-06-07 22:29:59,5406.53052000,45
2026-06-07 22:30:00,0.93600000,0.94000000,0.93400000,0.93700000,3977.29000000,2026-06-07 22:34:59,3730.25369000,45
2026-06-07 22:35:00,0.93800000,0.94000000,0.93700000,0.93800000,2944.30000000,2026-06-07 22:39:59,2764.02576000,36
2026-06-07 22:40:00,0.93900000,0.94000000,0.93900000,0.94000000,5280.62000000,2026-06-07 22:44:59,4962.44339000,34
2026-06-07 22:45:00,0.94100000,0.94300000,0.94100000,0.94100000,1573.69000000,2026-06-07 22:49:59,1481.63381000,21
2026-06-07 22:50:00,0.94100000,0.94300000,0.94100000,0.94200000,2735.87000000,2026-06-07 22:54:59,2579.42864000,20
2026-06-07 22:55:00,0.94300000,0.94400000,0.94200000,0.94400000,637.87000000,2026-06-07 22:59:59,601.30596000,31
2026-06-07 23:00:00,0.94400000,0.94500000,0.94300000,0.94500000,1494.70000000,2026-06-07 23:04:59,1411.93325000,17
2026-06-07 23:05:00,0.94500000,0.94600000,0.94500000,0.94500000,422.09000000,2026-06-07 23:09:59,399.03390000,15
2026-06-07 23:10:00,0.94500000,0.94800000,0.94500000,0.94700000,1035.34000000,2026-06-07 23:14:59,980.49352000,16
2026-06-07 23:15:00,0.94700000,0.94700000,0.94500000,0.94600000,2885.04000000,2026-06-07 23:19:59,2730.96320000,24
2026-06-07 23:20:00,0.94400000,0.94700000,0.94400000,0.94700000,1593.22000000,2026-06-07 23:24:59,1507.50534000,15
2026-06-07 23:25:00,0.94800000,0.94800000,0.94400000,0.94500000,2358.51000000,2026-06-07 23:29:59,2234.44072000,25
2026-06-07 23:30:00,0.94600000,0.94600000,0.94300000,0.94400000,8215.31000000,2026-06-07 23:34:59,7755.80417000,37
2026-06-07 23:35:00,0.94400000,0.94400000,0.94300000,0.94400000,1946.66000000,2026-06-07 23:39:59,1836.18631000,19
2026-06-07 23:40:00,0.94400000,0.94500000,0.94400000,0.94500000,1646.53000000,2026-06-07 23:44:59,1555.45398000,16
2026-06-07 23:45:00,0.94500000,0.94500000,0.94300000,0.94500000,1018.02000000,2026-06-07 23:49:59,962.00572000,15
2026-06-07 23:50:00,0.94400000,0.94400000,0.94400000,0.94400000,1112.22000000,2026-06-07 23:54:59,1049.93568000,6
2026-06-07 23:55:00,0.94400000,0.94400000,0.94300000,0.94300000,8437.40000000,2026-06-07 23:59:59,7964.89981000,6
2026-06-08 00:00:00,0.94400000,0.94500000,0.94200000,0.94200000,379.54000000,2026-06-08 00:04:59,357.63877000,12
2026-06-08 00:05:00,0.94200000,0.94400000,0.94200000,0.94400000,2097.25000000,2026-06-08 00:09:59,1976.18053000,9
2026-06-08 00:10:00,0.94400000,0.94700000,0.94400000,0.94500000,2470.21000000,2026-06-08 00:14:59,2335.82426000,30
2026-06-08 00:15:00,0.94400000,0.94400000,0.94100000,0.94200000,3081.88000000,2026-06-08 00:19:59,2906.05488000,18
2026-06-08 00:20:00,0.94200000,0.94400000,0.94200000,0.94300000,7359.10000000,2026-06-08 00:24:59,6933.34193000,17
2026-06-08 00:25:00,0.94400000,0.94500000,0.94200000,0.94200000,3190.54000000,2026-06-08 00:29:59,3013.54181000,16
2026-06-08 00:30:00,0.94200000,0.94400000,0.94200000,0.94300000,8709.71000000,2026-06-08 00:34:59,8220.48990000,49
2026-06-08 00:35:00,0.94300000,0.94300000,0.94100000,0.94100000,2796.19000000,2026-06-08 00:39:59,2635.97213000,16
2026-06-08 00:40:00,0.94100000,0.94300000,0.94100000,0.94200000,1181.64000000,2026-06-08 00:44:59,1112.27690000,15
2026-06-08 00:45:00,0.94300000,0.94400000,0.94200000,0.94300000,1790.43000000,2026-06-08 00:49:59,1688.53062000,17
2026-06-08 00:50:00,0.94400000,0.94500000,0.94300000,0.94500000,564.31000000,2026-06-08 00:54:59,532.99914000,10
2026-06-08 00:55:00,0.94500000,0.94600000,0.94400000,0.94500000,898.42000000,2026-06-08 00:59:59,849.03769000,13
2026-06-08 01:00:00,0.94600000,0.94700000,0.94300000,0.94300000,1755.59000000,2026-06-08 01:04:59,1657.25833000,16
2026-06-08 01:05:00,0.94200000,0.94200000,0.93900000,0.94100000,1009.50000000,2026-06-08 01:09:59,949.01715000,19
2026-06-08 01:10:00,0.94100000,0.94200000,0.94000000,0.94100000,2009.14000000,2026-06-08 01:14:59,1890.33059000,18
2026-06-08 01:15:00,0.94000000,0.94100000,0.93900000,0.93900000,2026.78000000,2026-06-08 01:19:59,1904.97011000,18
2026-06-08 01:20:00,0.93900000,0.93900000,0.93800000,0.93800000,436.23000000,2026-06-08 01:24:59,409.41767000,9
2026-06-08 01:25:00,0.93900000,0.94000000,0.93900000,0.94000000,46.34000000,2026-06-08 01:29:59,43.53809000,5
2026-06-08 01:30:00,0.93900000,0.94000000,0.93600000,0.93600000,2240.05000000,2026-06-08 01:34:59,2101.85459000,25
2026-06-08 01:35:00,0.93600000,0.93600000,0.93400000,0.93500000,1488.44000000,2026-06-08 01:39:59,1391.64173000,17
2026-06-08 01:40:00,0.93600000,0.93600000,0.93500000,0.93500000,693.42000000,2026-06-08 01:44:59,649.03527000,10
2026-06-08 01:45:00,0.93500000,0.93700000,0.93500000,0.93700000,266.09000000,2026-06-08 01:49:59,249.07771000,8
2026-06-08 01:50:00,0.93600000,0.93700000,0.93600000,0.93700000,350.51000000,2026-06-08 01:54:59,328.42203000,5
2026-06-08 01:55:00,0.93800000,0.93800000,0.93500000,0.93500000,3158.22000000,2026-06-08 01:59:59,2956.34424000,25
2026-06-08 02:00:00,0.93500000,0.93700000,0.93500000,0.93600000,995.46000000,2026-06-08 02:04:59,931.66464000,15
2026-06-08 02:05:00,0.93600000,0.93600000,0.93400000,0.93500000,541.33000000,2026-06-08 02:09:59,506.51903000,15
2026-06-08 02:10:00,0.93500000,0.93500000,0.93200000,0.93300000,438.00000000,2026-06-08 02:14:59,409.07592000,16
2026-06-08 02:15:00,0.93300000,0.93500000,0.93300000,0.93500000,940.70000000,2026-06-08 02:19:59,878.63876000,10
2026-06-08 02:20:00,0.93500000,0.93700000,0.93500000,0.93500000,2947.15000000,2026-06-08 02:24:59,2758.35759000,24
2026-06-08 02:25:00,0.93600000,0.93800000,0.93400000,0.93700000,3411.52000000,2026-06-08 02:29:59,3192.30088000,27
2026-06-08 02:30:00,0.93700000,0.93700000,0.93400000,0.93400000,2188.67000000,2026-06-08 02:34:59,2044.60136000,13
2026-06-08 02:35:00,0.93300000,0.93300000,0.93100000,0.93200000,6020.64000000,2026-06-08 02:39:59,5612.97604000,46
2026-06-08 02:40:00,0.93100000,0.93200000,0.93100000,0.93100000,561.91000000,2026-06-08 02:44:59,523.14410000,7
2026-06-08 02:45:00,0.93000000,0.93300000,0.93000000,0.93300000,2568.75000000,2026-06-08 02:49:59,2394.56345000,23
2026-06-08 02:50:00,0.93300000,0.93400000,0.93300000,0.93300000,794.84000000,2026-06-08 02:54:59,741.62211000,8
2026-06-08 02:55:00,0.93400000,0.93500000,0.93400000,0.93500000,2388.20000000,2026-06-08 02:59:59,2230.61694000,23
2026-06-08 03:00:00,0.93600000,0.94000000,0.93600000,0.93700000,3298.89000000,2026-06-08 03:04:59,3095.29101000,41
2026-06-08 03:05:00,0.93700000,0.93900000,0.93700000,0.93900000,1033.08000000,2026-06-08 03:09:59,968.95660000,21
2026-06-08 03:10:00,0.93900000,0.94000000,0.93900000,0.94000000,276.67000000,2026-06-08 03:14:59,260.05858000,4
2026-06-08 03:15:00,0.94000000,0.94200000,0.94000000,0.94200000,1101.18000000,2026-06-08 03:19:59,1036.46002000,12
2026-06-08 03:20:00,0.94200000,0.94400000,0.94200000,0.94400000,769.34000000,2026-06-08 03:24:59,725.46981000,11
2026-06-08 03:25:00,0.94400000,0.94500000,0.94400000,0.94500000,737.48000000,2026-06-08 03:29:59,696.90878000,8
2026-06-08 03:30:00,0.94600000,0.94600000,0.94500000,0.94500000,1196.24000000,2026-06-08 03:34:59,1130.91679000,14
2026-06-08 03:35:00,0.94500000,0.94500000,0.94300000,0.94300000,2000.71000000,2026-06-08 03:39:59,1888.74495000,16
2026-06-08 03:40:00,0.94300000,0.94300000,0.94200000,0.94300000,840.85000000,2026-06-08 03:44:59,792.46165000,10
2026-06-08 03:45:00,0.94200000,0.94200000,0.94200000,0.94200000,543.31000000,2026-06-08 03:49:59,511.79802000,10
2026-06-08 03:50:00,0.94100000,0.94200000,0.94100000,0.94100000,1678.27000000,2026-06-08 03:54:59,1579.53921000,10
2026-06-08 03:55:00,0.94100000,0.94100000,0.94000000,0.94000000,420.80000000,2026-06-08 03:59:59,395.57890000,4
2026-06-08 04:00:00,0.93900000,0.93900000,0.93600000,0.93700000,2099.49000000,2026-06-08 04:04:59,1967.22479000,20
2026-06-08 04:05:00,0.93600000,0.93600000,0.93600000,0.93600000,68.20000000,2026-06-08 04:09:59,63.83520000,2
2026-06-08 04:10:00,0.93700000,0.94000000,0.93600000,0.93900000,1461.87000000,2026-06-08 04:14:59,1371.70012000,24
2026-06-08 04:15:00,0.93800000,0.94000000,0.93600000,0.93900000,1853.31000000,2026-06-08 04:19:59,1738.05618000,25
2026-06-08 04:20:00,0.94000000,0.94100000,0.93900000,0.94000000,488.50000000,2026-06-08 04:24:59,459.20162000,9
2026-06-08 04:25:00,0.94100000,0.94200000,0.94100000,0.94200000,486.31000000,2026-06-08 04:29:59,457.97791000,9
2026-06-08 04:30:00,0.94100000,0.94300000,0.94100000,0.94200000,867.02000000,2026-06-08 04:34:59,816.60263000,8
2026-06-08 04:35:00,0.94100000,0.94200000,0.94100000,0.94200000,1657.58000000,2026-06-08 04:39:59,1561.42313000,11
2026-06-08 04:40:00,0.94200000,0.94200000,0.94200000,0.94200000,530.78000000,2026-06-08 04:44:59,499.99476000,4
2026-06-08 04:45:00,0.94300000,0.94400000,0.94300000,0.94300000,4052.64000000,2026-06-08 04:49:59,3822.30170000,19
2026-06-08 04:50:00,0.94300000,0.94300000,0.94200000,0.94200000,1152.23000000,2026-06-08 04:54:59,1085.71953000,15
2026-06-08 04:55:00,0.94200000,0.94200000,0.94200000,0.94200000,122.06000000,2026-06-08 04:59:59,114.98052000,2
2026-06-08 05:00:00,0.94200000,0.94200000,0.93900000,0.94000000,1679.05000000,2026-06-08 05:04:59,1578.26625000,21
2026-06-08 05:05:00,0.94100000,0.94200000,0.94100000,0.94200000,1324.03000000,2026-06-08 05:09:59,1246.80236000,16
2026-06-08 05:10:00,0.94100000,0.94300000,0.94100000,0.94200000,489.90000000,2026-06-08 05:14:59,461.68038000,10
2026-06-08 05:15:00,0.94300000,0.94300000,0.94200000,0.94300000,1889.40000000,2026-06-08 05:19:59,1781.46310000,12
2026-06-08 05:20:00,0.94200000,0.94200000,0.94000000,0.94100000,672.54000000,2026-06-08 05:24:59,632.45673000,16
2026-06-08 05:25:00,0.94200000,0.94200000,0.94100000,0.94200000,2576.68000000,2026-06-08 05:29:59,2425.40765000,17
2026-06-08 05:30:00,0.94200000,0.94400000,0.94200000,0.94400000,1133.81000000,2026-06-08 05:34:59,1068.22157000,9
2026-06-08 05:35:00,0.94300000,0.94300000,0.94200000,0.94200000,80.38000000,2026-06-08 05:39:59,75.79254000,3
2026-06-08 05:40:00,0.94100000,0.94100000,0.93900000,0.93900000,409.12000000,2026-06-08 05:44:59,384.60964000,11
2026-06-08 05:45:00,0.93900000,0.93900000,0.93700000,0.93800000,3115.14000000,2026-06-08 05:49:59,2920.53474000,33
2026-06-08 05:50:00,0.93700000,0.93700000,0.93600000,0.93600000,407.71000000,2026-06-08 05:54:59,381.97760000,9
2026-06-08 05:55:00,0.93700000,0.93800000,0.93700000,0.93800000,2040.28000000,2026-06-08 05:59:59,1911.76917000,9
2026-06-08 06:00:00,0.93900000,0.94100000,0.93900000,0.94100000,1268.92000000,2026-06-08 06:04:59,1192.02157000,10
2026-06-08 06:05:00,0.94100000,0.94100000,0.94000000,0.94000000,1387.09000000,2026-06-08 06:09:59,1303.96829000,7
2026-06-08 06:10:00,0.93900000,0.94300000,0.93800000,0.94300000,2403.67000000,2026-06-08 06:14:59,2259.14455000,33
2026-06-08 06:15:00,0.94400000,0.94700000,0.94400000,0.94500000,830.65000000,2026-06-08 06:19:59,785.69103000,22
2026-06-08 06:20:00,0.94600000,0.94800000,0.94600000,0.94700000,3255.92000000,2026-06-08 06:24:59,3086.10748000,38
2026-06-08 06:25:00,0.94700000,0.94800000,0.94600000,0.94600000,2702.77000000,2026-06-08 06:29:59,2558.91658000,28
2026-06-08 06:30:00,0.94500000,0.94500000,0.94200000,0.94200000,523.42000000,2026-06-08 06:34:59,493.52000000,14
2026-06-08 06:35:00,0.94200000,0.94900000,0.94200000,0.94600000,29075.65000000,2026-06-08 06:39:59,27538.57148000,162
2026-06-08 06:40:00,0.94500000,0.95000000,0.94500000,0.95000000,2794.14000000,2026-06-08 06:44:59,2648.61431000,39
2026-06-08 06:45:00,0.95000000,0.95200000,0.95000000,0.95100000,1576.25000000,2026-06-08 06:49:59,1499.23523000,24
2026-06-08 06:50:00,0.95100000,0.95100000,0.94900000,0.95100000,4604.13000000,2026-06-08 06:54:59,4374.31805000,27
2026-06-08 06:55:00,0.95100000,0.95200000,0.95100000,0.95200000,1246.43000000,2026-06-08 06:59:59,1185.84726000,30
2026-06-08 07:00:00,0.95200000,0.95600000,0.95100000,0.95400000,55561.09000000,2026-06-08 07:04:59,52993.88596000,193
2026-06-08 07:05:00,0.95500000,0.95600000,0.95000000,0.95300000,17883.41000000,2026-06-08 07:09:59,17044.75859000,64
2026-06-08 07:10:00,0.95200000,0.95400000,0.95100000,0.95200000,9040.23000000,2026-06-08 07:14:59,8608.79692000,43
2026-06-08 07:15:00,0.95200000,0.95200000,0.94800000,0.94800000,1817.06000000,2026-06-08 07:19:59,1727.91613000,16
2026-06-08 07:20:00,0.94900000,0.95000000,0.94900000,0.94900000,5834.87000000,2026-06-08 07:24:59,5538.54337000,31
2026-06-08 07:25:00,0.95000000,0.95000000,0.94700000,0.94800000,3895.07000000,2026-06-08 07:29:59,3693.11348000,21
2026-06-08 07:30:00,0.94900000,0.95600000,0.94800000,0.95600000,10332.95000000,2026-06-08 07:34:59,9859.00409000,69
2026-06-08 07:35:00,0.95500000,0.95600000,0.95400000,0.95400000,3549.54000000,2026-06-08 07:39:59,3389.83815000,21
2026-06-08 07:40:00,0.95400000,0.95400000,0.95300000,0.95400000,586.62000000,2026-06-08 07:44:59,559.50753000,8
2026-06-08 07:45:00,0.95400000,0.95400000,0.95200000,0.95400000,3719.74000000,2026-06-08 07:49:59,3547.45698000,27
2026-06-08 07:50:00,0.95400000,0.95600000,0.95400000,0.95600000,1750.02000000,2026-06-08 07:54:59,1670.17951000,15
2026-06-08 07:55:00,0.95500000,0.95800000,0.95500000,0.95700000,2497.88000000,2026-06-08 07:59:59,2390.74410000,32
2026-06-08 08:00:00,0.95700000,0.95700000,0.95500000,0.95700000,2277.63000000,2026-06-08 08:04:59,2177.74882000,30
2026-06-08 08:05:00,0.95700000,0.95700000,0.95600000,0.95700000,3172.91000000,2026-06-08 08:09:59,3036.31175000,21
2026-06-08 08:10:00,0.95800000,0.96200000,0.95800000,0.96100000,5108.37000000,2026-06-08 08:14:59,4907.93096000,31
2026-06-08 08:15:00,0.96100000,0.96400000,0.95900000,0.96300000,2571.20000000,2026-06-08 08:19:59,2470.27566000,30
2026-06-08 08:20:00,0.96400000,0.96600000,0.96200000,0.96400000,1263.43000000,2026-06-08 08:24:59,1218.10367000,20
2026-06-08 08:25:00,0.96500000,0.96600000,0.96400000,0.96400000,4816.40000000,2026-06-08 08:29:59,4649.63771000,28
2026-06-08 08:30:00,0.96500000,0.96500000,0.96300000,0.96400000,368.14000000,2026-06-08 08:34:59,355.15028000,8
2026-06-08 08:35:00,0.96300000,0.96700000,0.96300000,0.96700000,3266.96000000,2026-06-08 08:39:59,3150.06472000,28
2026-06-08 08:40:00,0.96600000,0.96700000,0.96400000,0.96400000,1314.76000000,2026-06-08 08:44:59,1270.62784000,12
2026-06-08 08:45:00,0.96400000,0.96400000,0.96000000,0.96000000,6512.86000000,2026-06-08 08:49:59,6268.50804000,29
2026-06-08 08:50:00,0.96000000,0.96100000,0.95900000,0.95900000,4055.41000000,2026-06-08 08:54:59,3890.90585000,27
2026-06-08 08:55:00,0.95800000,0.96000000,0.95700000,0.95900000,3141.05000000,2026-06-08 08:59:59,3012.33076000,26
2026-06-08 09:00:00,0.96000000,0.96100000,0.95000000,0.95000000,5923.08000000,2026-06-08 09:04:59,5642.70818000,64
2026-06-08 09:05:00,0.95000000,0.95400000,0.95000000,0.95400000,5637.95000000,2026-06-08 09:09:59,5360.96490000,37
2026-06-08 09:10:00,0.95400000,0.95600000,0.95100000,0.95100000,5840.48000000,2026-06-08 09:14:59,5567.76719000,40
2026-06-08 09:15:00,0.95100000,0.95400000,0.95100000,0.95300000,3722.35000000,2026-06-08 09:19:59,3545.47190000,34
2026-06-08 09:20:00,0.95100000,0.95500000,0.95100000,0.95500000,3104.27000000,2026-06-08 09:24:59,2958.51735000,33
2026-06-08 09:25:00,0.95600000,0.95600000,0.95500000,0.95600000,386.40000000,2026-06-08 09:29:59,369.38303000,10
2026-06-08 09:30:00,0.95700000,0.95900000,0.95500000,0.95500000,7191.01000000,2026-06-08 09:34:59,6891.38105000,34
2026-06-08 09:35:00,0.95400000,0.95800000,0.95400000,0.95700000,3912.15000000,2026-06-08 09:39:59,3742.60929000,23
2026-06-08 09:40:00,0.95600000,0.96200000,0.95600000,0.96100000,5738.50000000,2026-06-08 09:44:59,5495.81927000,34
2026-06-08 09:45:00,0.96200000,0.96200000,0.95900000,0.95900000,526.04000000,2026-06-08 09:49:59,505.41257000,17
2026-06-08 09:50:00,0.95800000,0.95800000,0.95500000,0.95700000,1259.61000000,2026-06-08 09:54:59,1205.49889000,19
2026-06-08 09:55:00,0.95700000,0.96200000,0.95700000,0.96000000,1680.88000000,2026-06-08 09:59:59,1613.74154000,21
2026-06-08 10:00:00,0.96000000,0.96100000,0.95900000,0.95900000,1316.64000000,2026-06-08 10:04:59,1263.05873000,28
2026-06-08 10:05:00,0.95900000,0.96100000,0.95900000,0.96000000,703.96000000,2026-06-08 10:09:59,675.65647000,10
2026-06-08 10:10:00,0.95900000,0.95900000,0.95700000,0.95700000,1729.69000000,2026-06-08 10:14:59,1655.57144000,26
2026-06-08 10:15:00,0.95700000,0.95700000,0.95600000,0.95600000,366.22000000,2026-06-08 10:19:59,350.30432000,3
2026-06-08 10:20:00,0.95600000,0.96000000,0.95600000,0.95800000,2870.70000000,2026-06-08 10:24:59,2747.43241000,26
2026-06-08 10:25:00,0.95700000,0.95700000,0.95500000,0.95500000,6254.43000000,2026-06-08 10:29:59,5982.30859000,34
2026-06-08 10:30:00,0.95400000,0.95400000,0.95100000,0.95200000,2825.35000000,2026-06-08 10:34:59,2690.24047000,27
2026-06-08 10:35:00,0.95200000,0.95500000,0.95200000,0.95300000,5768.96000000,2026-06-08 10:39:59,5502.72929000,39
2026-06-08 10:40:00,0.95400000,0.95500000,0.95200000,0.95300000,2376.06000000,2026-06-08 10:44:59,2265.36428000,17
2026-06-08 10:45:00,0.95400000,0.95500000,0.95300000,0.95300000,534.76000000,2026-06-08 10:49:59,509.65454000,10
2026-06-08 10:50:00,0.95400000,0.95700000,0.95300000,0.95600000,3502.98000000,2026-06-08 10:54:59,3344.89500000,21
2026-06-08 10:55:00,0.95500000,0.95600000,0.95300000,0.95400000,1665.80000000,2026-06-08 10:59:59,1590.96010000,16
2026-06-08 11:00:00,0.95400000,0.95500000,0.95200000,0.95200000,608.53000000,2026-06-08 11:04:59,580.61916000,13
2026-06-08 11:05:00,0.95200000,0.95500000,0.95200000,0.95500000,1982.89000000,2026-06-08 11:09:59,1889.99575000,27
2026-06-08 11:10:00,0.95400000,0.95600000,0.95300000,0.95500000,3197.92000000,2026-06-08 11:14:59,3053.82649000,28
2026-06-08 11:15:00,0.95400000,0.95400000,0.95100000,0.95300000,4652.84000000,2026-06-08 11:19:59,4431.34640000,41
2026-06-08 11:20:00,0.95300000,0.95600000,0.95300000,0.95400000,2066.04000000,2026-06-08 11:24:59,1970.30420000,24
2026-06-08 11:25:00,0.95400000,0.95600000,0.95300000,0.95600000,6712.04000000,2026-06-08 11:29:59,6405.23816000,44
2026-06-08 11:30:00,0.95600000,0.95700000,0.95500000,0.95600000,1685.42000000,2026-06-08 11:34:59,1612.19043000,23
2026-06-08 11:35:00,0.95500000,0.95500000,0.95300000,0.95400000,7186.02000000,2026-06-08 11:39:59,6856.00027000,44
2026-06-08 11:40:00,0.95300000,0.95400000,0.95200000,0.95400000,533.33000000,2026-06-08 11:44:59,508.31207000,13
2026-06-08 11:45:00,0.95400000,0.95600000,0.95400000,0.95500000,4723.16000000,2026-06-08 11:49:59,4511.23935000,29
2026-06-08 11:50:00,0.95400000,0.95500000,0.95300000,0.95400000,2094.83000000,2026-06-08 11:54:59,1999.04934000,13
2026-06-08 11:55:00,0.95400000,0.95600000,0.95300000,0.95400000,2032.42000000,2026-06-08 11:59:59,1939.15519000,14
2026-06-08 12:00:00,0.95500000,0.95800000,0.95500000,0.95700000,1690.62000000,2026-06-08 12:04:59,1617.53955000,17
2026-06-08 12:05:00,0.95600000,0.96000000,0.95600000,0.96000000,3230.06000000,2026-06-08 12:09:59,3089.32031000,27
2026-06-08 12:10:00,0.95900000,0.96000000,0.95900000,0.96000000,7551.84000000,2026-06-08 12:14:59,7248.48691000,25
2026-06-08 12:15:00,0.96000000,0.96200000,0.95800000,0.96100000,3814.22000000,2026-06-08 12:19:59,3659.14434000,32
2026-06-08 12:20:00,0.96300000,0.96400000,0.96000000,0.96100000,1581.07000000,2026-06-08 12:24:59,1519.48742000,18
2026-06-08 12:25:00,0.96100000,0.96200000,0.95900000,0.95900000,2327.82000000,2026-06-08 12:29:59,2236.01820000,33
2026-06-08 12:30:00,0.95900000,0.95900000,0.95600000,0.95600000,1404.56000000,2026-06-08 12:34:59,1344.55885000,17
2026-06-08 12:35:00,0.95600000,0.95700000,0.95500000,0.95600000,151.73000000,2026-06-08 12:39:59,145.04696000,8
2026-06-08 12:40:00,0.95600000,0.95600000,0.95500000,0.95600000,1108.72000000,2026-06-08 12:44:59,1059.08594000,13
2026-06-08 12:45:00,0.95700000,0.95900000,0.95600000,0.95600000,1682.80000000,2026-06-08 12:49:59,1610.98589000,14
2026-06-08 12:50:00,0.95600000,0.95700000,0.95300000,0.95300000,1354.70000000,2026-06-08 12:54:59,1294.44712000,27
2026-06-08 12:55:00,0.95400000,0.95400000,0.95200000,0.95200000,1488.75000000,2026-06-08 12:59:59,1417.86870000,21
2026-06-08 13:00:00,0.95200000,0.95500000,0.95200000,0.95300000,1790.03000000,2026-06-08 13:04:59,1704.52468000,15
2026-06-08 13:05:00,0.95300000,0.95600000,0.95300000,0.95500000,1860.96000000,2026-06-08 13:09:59,1777.49288000,18
2026-06-08 13:10:00,0.95500000,0.95700000,0.95500000,0.95600000,322.70000000,2026-06-08 13:14:59,308.42510000,8
2026-06-08 13:15:00,0.95600000,0.95800000,0.95600000,0.95800000,1734.46000000,2026-06-08 13:19:59,1661.00675000,15
2026-06-08 13:20:00,0.95900000,0.96100000,0.95700000,0.96100000,2005.81000000,2026-06-08 13:24:59,1921.88658000,18
2026-06-08 13:25:00,0.96200000,0.96200000,0.95700000,0.95700000,2086.13000000,2026-06-08 13:29:59,2001.46198000,20
2026-06-08 13:30:00,0.95700000,0.95700000,0.95400000,0.95400000,352.18000000,2026-06-08 13:34:59,336.52089000,10
2026-06-08 13:35:00,0.95500000,0.95600000,0.95400000,0.95400000,1933.59000000,2026-06-08 13:39:59,1846.51356000,21
2026-06-08 13:40:00,0.95400000,0.95600000,0.95400000,0.95500000,392.45000000,2026-06-08 13:44:59,374.60982000,9
2026-06-08 13:45:00,0.95600000,0.95700000,0.95400000,0.95500000,357.06000000,2026-06-08 13:49:59,341.32121000,8
2026-06-08 13:50:00,0.95400000,0.95500000,0.95300000,0.95300000,3369.55000000,2026-06-08 13:54:59,3212.26278000,14
2026-06-08 13:55:00,0.95200000,0.95300000,0.95200000,0.95300000,1387.04000000,2026-06-08 13:59:59,1321.84339000,13
2026-06-08 14:00:00,0.95300000,0.95300000,0.94900000,0.95000000,5108.87000000,2026-06-08 14:04:59,4851.01794000,33
2026-06-08 14:05:00,0.95100000,0.95300000,0.94900000,0.95000000,1996.24000000,2026-06-08 14:09:59,1900.01384000,22
2026-06-08 14:10:00,0.95000000,0.95000000,0.94800000,0.94900000,4452.88000000,2026-06-08 14:14:59,4226.82058000,25
2026-06-08 14:15:00,0.94900000,0.95000000,0.94900000,0.95000000,816.12000000,2026-06-08 14:19:59,774.89143000,12
2026-06-08 14:20:00,0.95100000,0.95400000,0.95100000,0.95300000,2570.32000000,2026-06-08 14:24:59,2444.93078000,13
2026-06-08 14:25:00,0.95400000,0.95600000,0.95400000,0.95500000,4743.83000000,2026-06-08 14:29:59,4526.66632000,29
2026-06-08 14:30:00,0.95500000,0.95500000,0.95100000,0.95100000,1811.77000000,2026-06-08 14:34:59,1728.80637000,16
2026-06-08 14:35:00,0.95000000,0.95100000,0.95000000,0.95100000,1429.20000000,2026-06-08 14:39:59,1358.76910000,19
2026-06-08 14:40:00,0.95100000,0.95200000,0.95000000,0.95200000,1289.71000000,2026-06-08 14:44:59,1226.55573000,19
2026-06-08 14:45:00,0.95300000,0.95500000,0.95300000,0.95500000,1702.46000000,2026-06-08 14:49:59,1624.56341000,33
2026-06-08 14:50:00,0.95600000,0.95800000,0.95500000,0.95800000,585.89000000,2026-06-08 14:54:59,560.56426000,15
2026-06-08 14:55:00,0.95700000,0.95900000,0.95700000,0.95800000,571.03000000,2026-06-08 14:59:59,547.00012000,15
2026-06-08 15:00:00,0.95900000,0.96100000,0.95800000,0.95800000,2869.83000000,2026-06-08 15:04:59,2753.76331000,32
2026-06-08 15:05:00,0.96000000,0.96000000,0.95900000,0.95900000,81.28000000,2026-06-08 15:09:59,78.01120000,5
2026-06-08 15:10:00,0.95800000,0.95800000,0.95700000,0.95700000,2462.13000000,2026-06-08 15:14:59,2356.58783000,19
2026-06-08 15:15:00,0.95700000,0.95800000,0.95700000,0.95800000,429.34000000,2026-06-08 15:19:59,411.28014000,8
2026-06-08 15:20:00,0.95800000,0.95800000,0.95700000,0.95700000,1572.10000000,2026-06-08 15:24:59,1504.89789000,11
2026-06-08 15:25:00,0.95700000,0.95800000,0.95700000,0.95800000,248.49000000,2026-06-08 15:29:59,238.00738000,6
2026-06-08 15:30:00,0.95800000,0.95800000,0.95600000,0.95600000,1515.77000000,2026-06-08 15:34:59,1451.65437000,12
2026-06-08 15:35:00,0.95600000,0.95600000,0.95500000,0.95500000,3144.38000000,2026-06-08 15:39:59,3004.85624000,17
2026-06-08 15:40:00,0.95500000,0.95600000,0.95500000,0.95600000,355.52000000,2026-06-08 15:44:59,339.59379000,6
2026-06-08 15:45:00,0.95600000,0.95600000,0.95300000,0.95300000,1691.01000000,2026-06-08 15:49:59,1614.02536000,15
2026-06-08 15:50:00,0.95300000,0.95400000,0.95300000,0.95400000,1861.68000000,2026-06-08 15:54:59,1775.00676000,10
2026-06-08 15:55:00,0.95400000,0.95500000,0.95400000,0.95400000,2875.22000000,2026-06-08 15:59:59,2745.06942000,11
2026-06-08 16:00:00,0.95400000,0.95600000,0.95400000,0.95500000,1928.19000000,2026-06-08 16:04:59,1842.74534000,17
2026-06-08 16:05:00,0.95500000,0.95500000,0.95400000,0.95400000,1604.59000000,2026-06-08 16:09:59,1530.81386000,16
2026-06-08 16:10:00,0.95300000,0.95600000,0.95300000,0.95500000,1378.17000000,2026-06-08 16:14:59,1315.76259000,22
2026-06-08 16:15:00,0.95500000,0.95500000,0.95400000,0.95500000,292.87000000,2026-06-08 16:19:59,279.51699000,9
2026-06-08 16:20:00,0.95600000,0.95800000,0.95600000,0.95700000,8750.04000000,2026-06-08 16:24:59,8376.02268000,41
2026-06-08 16:25:00,0.95600000,0.95700000,0.95500000,0.95500000,4356.49000000,2026-06-08 16:29:59,4164.90190000,18
2026-06-08 16:30:00,0.95500000,0.95700000,0.95500000,0.95600000,2662.96000000,2026-06-08 16:34:59,2544.99813000,23
2026-06-08 16:35:00,0.95600000,0.95700000,0.95500000,0.95500000,1591.71000000,2026-06-08 16:39:59,1521.56967000,11
2026-06-08 16:40:00,0.95400000,0.95500000,0.95400000,0.95500000,301.47000000,2026-06-08 16:44:59,287.64311000,7
2026-06-08 16:45:00,0.95500000,0.95500000,0.95400000,0.95400000,185.39000000,2026-06-08 16:49:59,177.04173000,4
2026-06-08 16:50:00,0.95500000,0.95500000,0.95300000,0.95300000,5252.04000000,2026-06-08 16:54:59,5015.24656000,33
2026-06-08 16:55:00,0.95400000,0.95400000,0.95200000,0.95300000,2020.54000000,2026-06-08 16:59:59,1925.63225000,29
2026-06-08 17:00:00,0.95300000,0.95300000,0.95200000,0.95300000,2394.14000000,2026-06-08 17:04:59,2281.28248000,16
2026-06-08 17:05:00,0.95300000,0.95300000,0.95000000,0.95000000,2387.68000000,2026-06-08 17:09:59,2271.77625000,25
2026-06-08 17:10:00,0.94900000,0.95000000,0.94800000,0.94900000,2299.11000000,2026-06-08 17:14:59,2181.46897000,30
2026-06-08 17:15:00,0.94900000,0.94900000,0.94600000,0.94700000,3637.74000000,2026-06-08 17:19:59,3447.27763000,35
2026-06-08 17:20:00,0.94800000,0.95000000,0.94800000,0.95000000,790.09000000,2026-06-08 17:24:59,749.64294000,16
2026-06-08 17:25:00,0.95000000,0.95000000,0.95000000,0.95000000,2623.68000000,2026-06-08 17:29:59,2492.49600000,15
2026-06-08 17:30:00,0.94900000,0.95000000,0.94900000,0.95000000,1145.85000000,2026-06-08 17:34:59,1087.51691000,8
2026-06-08 17:35:00,0.94900000,0.95000000,0.94900000,0.95000000,113.25000000,2026-06-08 17:39:59,107.48224000,4
2026-06-08 17:40:00,0.95000000,0.95100000,0.95000000,0.95100000,4133.20000000,2026-06-08 17:44:59,3929.45249000,14
2026-06-08 17:45:00,0.95100000,0.95100000,0.95000000,0.95100000,351.36000000,2026-06-08 17:49:59,334.12598000,7
2026-06-08 17:50:00,0.95200000,0.95300000,0.95200000,0.95300000,1642.75000000,2026-06-08 17:54:59,1564.39241000,16
2026-06-08 17:55:00,0.95400000,0.95500000,0.95400000,0.95500000,33.54000000,2026-06-08 17:59:59,32.00885000,4
2026-06-08 18:00:00,0.95600000,0.95800000,0.95600000,0.95800000,1896.82000000,2026-06-08 18:04:59,1814.02874000,17
2026-06-08 18:05:00,0.95700000,0.96100000,0.95700000,0.96100000,5894.60000000,2026-06-08 18:09:59,5650.21756000,39
2026-06-08 18:10:00,0.96100000,0.96300000,0.96100000,0.96300000,1586.41000000,2026-06-08 18:14:59,1524.75559000,14
2026-06-08 18:15:00,0.96300000,0.96300000,0.95900000,0.95900000,3442.30000000,2026-06-08 18:19:59,3311.36511000,26
2026-06-08 18:20:00,0.95900000,0.96000000,0.95900000,0.96000000,577.91000000,2026-06-08 18:24:59,554.48377000,15
2026-06-08 18:25:00,0.96000000,0.96200000,0.96000000,0.96100000,691.99000000,2026-06-08 18:29:59,664.70682000,19
2026-06-08 18:30:00,0.96100000,0.96400000,0.96100000,0.96300000,1138.96000000,2026-06-08 18:34:59,1094.82990000,15
2026-06-08 18:35:00,0.96300000,0.96400000,0.96200000,0.96400000,1150.76000000,2026-06-08 18:39:59,1107.47457000,20
2026-06-08 18:40:00,0.96300000,0.96400000,0.96200000,0.96200000,2584.68000000,2026-06-08 18:44:59,2488.88904000,24
2026-06-08 18:45:00,0.96200000,0.96300000,0.96000000,0.96000000,2457.34000000,2026-06-08 18:49:59,2363.02220000,23
2026-06-08 18:50:00,0.96000000,0.96000000,0.95700000,0.95700000,669.47000000,2026-06-08 18:54:59,641.63197000,10
2026-06-08 18:55:00,0.95700000,0.95700000,0.95500000,0.95500000,3742.41000000,2026-06-08 18:59:59,3578.89827000,21
2026-06-08 19:00:00,0.95400000,0.95400000,0.95100000,0.95300000,1162.20000000,2026-06-08 19:04:59,1105.98273000,22
2026-06-08 19:05:00,0.95300000,0.95400000,0.95100000,0.95100000,3642.16000000,2026-06-08 19:09:59,3468.92118000,33
2026-06-08 19:10:00,0.95100000,0.95300000,0.95100000,0.95200000,2039.07000000,2026-06-08 19:14:59,1940.72034000,24
2026-06-08 19:15:00,0.95200000,0.95200000,0.95000000,0.95000000,4607.59000000,2026-06-08 19:19:59,4379.92931000,37
2026-06-08 19:20:00,0.95000000,0.95300000,0.95000000,0.95300000,3479.03000000,2026-06-08 19:24:59,3308.95751000,26
2026-06-08 19:25:00,0.95200000,0.95200000,0.95100000,0.95100000,2614.48000000,2026-06-08 19:29:59,2487.90033000,20
2026-06-08 19:30:00,0.94900000,0.95000000,0.94800000,0.94800000,2364.90000000,2026-06-08 19:34:59,2245.11029000,27
2026-06-08 19:35:00,0.94800000,0.94900000,0.94700000,0.94900000,3509.51000000,2026-06-08 19:39:59,3329.34973000,26
2026-06-08 19:40:00,0.94900000,0.95000000,0.94900000,0.95000000,7518.71000000,2026-06-08 19:44:59,7136.69098000,14
2026-06-08 19:45:00,0.95000000,0.95000000,0.94700000,0.94700000,7958.97000000,2026-06-08 19:49:59,7551.30399000,24
2026-06-08 19:50:00,0.94800000,0.94900000,0.94700000,0.94900000,2116.75000000,2026-06-08 19:54:59,2006.68786000,20
2026-06-08 19:55:00,0.94900000,0.95000000,0.94800000,0.95000000,17778.23000000,2026-06-08 19:59:59,16861.78168000,34
2026-06-08 20:00:00,0.94900000,0.95000000,0.94800000,0.94800000,2248.81000000,2026-06-08 20:04:59,2133.84276000,22
2026-06-08 20:05:00,0.94900000,0.95200000,0.94900000,0.95200000,1117.87000000,2026-06-08 20:09:59,1061.39390000,11
2026-06-08 20:10:00,0.95100000,0.95200000,0.95100000,0.95100000,1803.81000000,2026-06-08 20:14:59,1716.66403000,14
2026-06-08 20:15:00,0.95200000,0.95200000,0.94600000,0.94600000,1463.33000000,2026-06-08 20:19:59,1387.09169000,12
2026-06-08 20:20:00,0.94600000,0.94700000,0.94600000,0.94600000,3149.46000000,2026-06-08 20:24:59,2980.20206000,13
2026-06-08 20:25:00,0.94600000,0.94600000,0.94400000,0.94600000,1094.79000000,2026-06-08 20:29:59,1034.39412000,16
2026-06-08 20:30:00,0.94600000,0.94700000,0.94400000,0.94400000,2786.58000000,2026-06-08 20:34:59,2634.49868000,13
2026-06-08 20:35:00,0.94500000,0.94700000,0.94500000,0.94700000,124.39000000,2026-06-08 20:39:59,117.64695000,3
2026-06-08 20:40:00,0.94900000,0.94900000,0.94800000,0.94800000,1396.66000000,2026-06-08 20:44:59,1325.06228000,7
2026-06-08 20:45:00,0.94700000,0.94700000,0.94500000,0.94600000,2859.44000000,2026-06-08 20:49:59,2705.76915000,21
2026-06-08 20:50:00,0.94600000,0.94600000,0.94600000,0.94600000,0.00000000,2026-06-08 20:54:59,0.00000000,0
2026-06-08 20:55:00,0.94500000,0.94900000,0.94500000,0.94800000,1461.20000000,2026-06-08 20:59:59,1385.28461000,18
2026-06-08 21:00:00,0.94800000,0.94900000,0.94600000,0.94600000,1902.39000000,2026-06-08 21:04:59,1801.16622000,19
2026-06-08 21:05:00,0.94700000,0.94800000,0.94600000,0.94600000,1346.87000000,2026-06-08 21:09:59,1274.63684000,20
2026-06-08 21:10:00,0.94500000,0.94500000,0.94300000,0.94300000,3657.44000000,2026-06-08 21:14:59,3456.02264000,7
2026-06-08 21:15:00,0.94400000,0.94500000,0.94400000,0.94500000,436.31000000,2026-06-08 21:19:59,412.19863000,7
2026-06-08 21:20:00,0.94500000,0.94500000,0.93900000,0.94000000,6152.08000000,2026-06-08 21:24:59,5786.14364000,28
2026-06-08 21:25:00,0.93800000,0.93900000,0.93500000,0.93600000,2775.17000000,2026-06-08 21:29:59,2600.13839000,36
2026-06-08 21:30:00,0.93600000,0.93600000,0.93100000,0.93200000,5988.27000000,2026-06-08 21:34:59,5583.68553000,49
2026-06-08 21:35:00,0.93200000,0.93200000,0.92700000,0.92900000,13770.20000000,2026-06-08 21:39:59,12800.49046000,71
2026-06-08 21:40:00,0.92800000,0.93400000,0.92800000,0.93300000,9236.79000000,2026-06-08 21:44:59,8608.26041000,44
2026-06-08 21:45:00,0.93400000,0.93400000,0.92800000,0.92800000,8435.51000000,2026-06-08 21:49:59,7845.63542000,45
2026-06-08 21:50:00,0.92900000,0.93000000,0.92800000,0.93000000,4767.82000000,2026-06-08 21:54:59,4432.86779000,15
2026-06-08 21:55:00,0.93100000,0.93100000,0.92800000,0.93100000,12757.50000000,2026-06-08 21:59:59,11863.71366000,42
2026-06-08 22:00:00,0.93000000,0.93300000,0.93000000,0.93100000,3110.97000000,2026-06-08 22:04:59,2899.04423000,31
2026-06-08 22:05:00,0.93100000,0.93100000,0.92800000,0.93100000,2775.32000000,2026-06-08 22:09:59,2582.89708000,18
2026-06-08 22:10:00,0.93100000,0.93300000,0.93100000,0.93200000,365.67000000,2026-06-08 22:14:59,340.57933000,6
2026-06-08 22:15:00,0.93100000,0.93500000,0.93100000,0.93300000,1875.83000000,2026-06-08 22:19:59,1749.34752000,18
2026-06-08 22:20:00,0.93700000,0.93800000,0.93700000,0.93700000,1871.69000000,2026-06-08 22:24:59,1754.40366000,12
2026-06-08 22:25:00,0.93700000,0.93700000,0.93600000,0.93600000,694.36000000,2026-06-08 22:29:59,650.59202000,9
2026-06-08 22:30:00,0.93600000,0.93900000,0.93600000,0.93900000,2238.91000000,2026-06-08 22:34:59,2099.29837000,22
2026-06-08 22:35:00,0.93800000,0.93900000,0.93600000,0.93600000,1328.03000000,2026-06-08 22:39:59,1245.91448000,10
2026-06-08 22:40:00,0.93600000,0.93700000,0.93500000,0.93700000,1980.55000000,2026-06-08 22:44:59,1855.41602000,12
2026-06-08 22:45:00,0.93600000,0.93800000,0.93600000,0.93800000,1788.12000000,2026-06-08 22:49:59,1674.88836000,14
2026-06-08 22:50:00,0.93700000,0.93700000,0.93600000,0.93700000,415.15000000,2026-06-08 22:54:59,388.98990000,7
2026-06-08 22:55:00,0.93600000,0.93600000,0.93600000,0.93600000,129.27000000,2026-06-08 22:59:59,120.99672000,3
2026-06-08 23:00:00,0.93800000,0.93800000,0.93800000,0.93800000,46.11000000,2026-06-08 23:04:59,43.25118000,2
2026-06-08 23:05:00,0.93700000,0.93700000,0.93400000,0.93700000,1239.76000000,2026-06-08 23:09:59,1160.14580000,16
2026-06-08 23:10:00,0.93700000,0.93700000,0.93400000,0.93400000,400.08000000,2026-06-08 23:14:59,374.01435000,24
2026-06-08 23:15:00,0.93400000,0.93400000,0.93000000,0.93000000,2571.20000000,2026-06-08 23:19:59,2397.67902000,14
2026-06-08 23:20:00,0.92900000,0.92900000,0.92800000,0.92900000,1119.80000000,2026-06-08 23:24:59,1039.86909000,13
2026-06-08 23:25:00,0.92900000,0.93000000,0.92800000,0.93000000,745.21000000,2026-06-08 23:29:59,692.56149000,6
2026-06-08 23:30:00,0.93100000,0.93100000,0.92800000,0.92800000,2436.99000000,2026-06-08 23:34:59,2265.42183000,19
2026-06-08 23:35:00,0.92800000,0.92800000,0.92500000,0.92700000,3082.91000000,2026-06-08 23:39:59,2855.40066000,27
2026-06-08 23:40:00,0.92700000,0.92800000,0.92600000,0.92700000,3858.63000000,2026-06-08 23:44:59,3576.79078000,20
2026-06-08 23:45:00,0.92800000,0.92800000,0.92500000,0.92500000,2767.12000000,2026-06-08 23:49:59,2563.59143000,22
2026-06-08 23:50:00,0.92700000,0.92700000,0.92400000,0.92600000,3749.92000000,2026-06-08 23:54:59,3468.16681000,24
2026-06-08 23:55:00,0.92700000,0.92800000,0.92700000,0.92700000,2733.28000000,2026-06-08 23:59:59,2535.33419000,20
2026-06-09 00:00:00,0.92800000,0.92900000,0.92500000,0.92600000,3740.55000000,2026-06-09 00:04:59,3467.00956000,35
2026-06-09 00:05:00,0.92500000,0.92800000,0.92500000,0.92600000,4997.59000000,2026-06-09 00:09:59,4629.27715000,30
2026-06-09 00:10:00,0.92600000,0.92800000,0.92600000,0.92700000,3132.23000000,2026-06-09 00:14:59,2904.27320000,28
2026-06-09 00:15:00,0.92600000,0.92700000,0.92600000,0.92600000,633.33000000,2026-06-09 00:19:59,586.91987000,22
2026-06-09 00:20:00,0.92600000,0.92600000,0.92300000,0.92400000,862.97000000,2026-06-09 00:24:59,798.35757000,24
2026-06-09 00:25:00,0.92400000,0.92500000,0.92200000,0.92300000,1259.44000000,2026-06-09 00:29:59,1163.50943000,33
2026-06-09 00:30:00,0.92300000,0.92300000,0.92000000,0.92000000,3779.77000000,2026-06-09 00:34:59,3482.88590000,44
2026-06-09 00:35:00,0.92100000,0.92400000,0.92100000,0.92300000,2367.22000000,2026-06-09 00:39:59,2184.62026000,25
2026-06-09 00:40:00,0.92300000,0.92700000,0.92300000,0.92600000,4295.26000000,2026-06-09 00:44:59,3974.33731000,31
2026-06-09 00:45:00,0.92600000,0.92700000,0.92600000,0.92700000,3006.98000000,2026-06-09 00:49:59,2787.28367000,19
2026-06-09 00:50:00,0.92800000,0.92800000,0.92500000,0.92600000,2724.39000000,2026-06-09 00:54:59,2527.57408000,18
2026-06-09 00:55:00,0.92600000,0.92800000,0.92600000,0.92800000,2276.67000000,2026-06-09 00:59:59,2108.71324000,8
2026-06-09 01:00:00,0.92800000,0.92800000,0.92600000,0.92600000,2090.35000000,2026-06-09 01:04:59,1937.06032000,15
2026-06-09 01:05:00,0.92500000,0.92900000,0.92500000,0.92900000,3477.15000000,2026-06-09 01:09:59,3224.40803000,19
2026-06-09 01:10:00,0.93000000,0.93000000,0.92900000,0.92900000,647.20000000,2026-06-09 01:14:59,601.65648000,10
2026-06-09 01:15:00,0.92900000,0.92900000,0.92800000,0.92900000,63.42000000,2026-06-09 01:19:59,58.88438000,4
2026-06-09 01:20:00,0.92800000,0.92800000,0.92800000,0.92800000,65.17000000,2026-06-09 01:24:59,60.47776000,3
2026-06-09 01:25:00,0.92700000,0.92700000,0.92500000,0.92500000,8599.24000000,2026-06-09 01:29:59,7965.24875000,31
2026-06-09 01:30:00,0.92500000,0.93500000,0.92400000,0.93500000,6739.14000000,2026-06-09 01:34:59,6267.47864000,38
2026-06-09 01:35:00,0.93500000,0.93800000,0.93500000,0.93600000,1548.50000000,2026-06-09 01:39:59,1451.11655000,19
2026-06-09 01:40:00,0.93900000,0.94100000,0.93800000,0.93800000,2798.37000000,2026-06-09 01:44:59,2628.88397000,15
2026-06-09 01:45:00,0.93800000,0.94200000,0.93800000,0.94200000,9032.33000000,2026-06-09 01:49:59,8492.48383000,31
2026-06-09 01:50:00,0.94200000,0.94300000,0.93900000,0.94000000,3093.37000000,2026-06-09 01:54:59,2912.20338000,25
2026-06-09 01:55:00,0.94000000,0.94000000,0.93900000,0.94000000,454.81000000,2026-06-09 01:59:59,427.47669000,9
2026-06-09 02:00:00,0.94000000,0.94000000,0.93800000,0.94000000,521.07000000,2026-06-09 02:04:59,489.23366000,8
2026-06-09 02:05:00,0.93800000,0.93800000,0.93800000,0.93800000,68.69000000,2026-06-09 02:09:59,64.43122000,2
2026-06-09 02:10:00,0.93800000,0.93900000,0.93800000,0.93900000,240.66000000,2026-06-09 02:14:59,225.76218000,5
2026-06-09 02:15:00,0.94000000,0.94400000,0.94000000,0.94200000,2149.53000000,2026-06-09 02:19:59,2026.06176000,16
2026-06-09 02:20:00,0.94300000,0.94300000,0.94200000,0.94300000,553.36000000,2026-06-09 02:24:59,521.49248000,11
2026-06-09 02:25:00,0.94200000,0.94200000,0.94200000,0.94200000,682.18000000,2026-06-09 02:29:59,642.61356000,10
2026-06-09 02:30:00,0.94200000,0.94500000,0.94200000,0.94500000,2915.68000000,2026-06-09 02:34:59,2751.15267000,35
2026-06-09 02:35:00,0.94500000,0.94600000,0.94500000,0.94500000,2432.64000000,2026-06-09 02:39:59,2300.18341000,25
2026-06-09 02:40:00,0.94400000,0.94400000,0.94300000,0.94300000,2048.94000000,2026-06-09 02:44:59,1933.23947000,29
2026-06-09 02:45:00,0.94200000,0.94400000,0.94200000,0.94300000,3312.23000000,2026-06-09 02:49:59,3123.31524000,22
2026-06-09 02:50:00,0.94300000,0.94300000,0.94200000,0.94200000,782.84000000,2026-06-09 02:54:59,737.44275000,6
2026-06-09 02:55:00,0.94000000,0.94000000,0.93900000,0.93900000,857.88000000,2026-06-09 02:59:59,806.09320000,18
2026-06-09 03:00:00,0.94000000,0.94000000,0.93700000,0.93700000,5228.65000000,2026-06-09 03:04:59,4905.40860000,31
2026-06-09 03:05:00,0.93800000,0.93900000,0.93800000,0.93900000,1844.94000000,2026-06-09 03:09:59,1732.17831000,10
2026-06-09 03:10:00,0.94000000,0.94000000,0.93900000,0.93900000,1677.14000000,2026-06-09 03:14:59,1575.09467000,6
2026-06-09 03:15:00,0.93900000,0.94000000,0.93900000,0.94000000,448.53000000,2026-06-09 03:19:59,421.27543000,7
2026-06-09 03:20:00,0.94100000,0.94200000,0.94000000,0.94000000,1777.80000000,2026-06-09 03:24:59,1673.04746000,16
2026-06-09 03:25:00,0.94000000,0.94200000,0.94000000,0.94100000,807.85000000,2026-06-09 03:29:59,760.68495000,7
2026-06-09 03:30:00,0.94100000,0.94100000,0.93900000,0.93900000,131.89000000,2026-06-09 03:34:59,123.97660000,3
2026-06-09 03:35:00,0.94000000,0.94000000,0.94000000,0.94000000,1014.49000000,2026-06-09 03:39:59,953.62060000,3
2026-06-09 03:40:00,0.94000000,0.94100000,0.94000000,0.94100000,306.49000000,2026-06-09 03:44:59,288.23839000,5
2026-06-09 03:45:00,0.94100000,0.94100000,0.93900000,0.93900000,773.22000000,2026-06-09 03:49:59,726.91662000,11
2026-06-09 03:50:00,0.93900000,0.93900000,0.93800000,0.93800000,691.44000000,2026-06-09 03:54:59,648.61334000,7
2026-06-09 03:55:00,0.93800000,0.93800000,0.93800000,0.93800000,0.00000000,2026-06-09 03:59:59,0.00000000,0
2026-06-09 04:00:00,0.93700000,0.93900000,0.93700000,0.93900000,4739.18000000,2026-06-09 04:04:59,4446.43106000,28
2026-06-09 04:05:00,0.93900000,0.94000000,0.93900000,0.94000000,3424.80000000,2026-06-09 04:09:59,3216.38329000,18
2026-06-09 04:10:00,0.94300000,0.94300000,0.94000000,0.94000000,837.36000000,2026-06-09 04:14:59,788.67274000,11
2026-06-09 04:15:00,0.93800000,0.94100000,0.93800000,0.94100000,1403.70000000,2026-06-09 04:19:59,1318.32760000,6
2026-06-09 04:20:00,0.94000000,0.94100000,0.94000000,0.94100000,1254.33000000,2026-06-09 04:24:59,1180.20089000,7
2026-06-09 04:25:00,0.94000000,0.94000000,0.93600000,0.93600000,7987.55000000,2026-06-09 04:29:59,7485.09971000,44
2026-06-09 04:30:00,0.93600000,0.93800000,0.93500000,0.93800000,7252.74000000,2026-06-09 04:34:59,6797.95941000,22
2026-06-09 04:35:00,0.93800000,0.94000000,0.93800000,0.94000000,3890.13000000,2026-06-09 04:39:59,3652.63721000,14
2026-06-09 04:40:00,0.94100000,0.94300000,0.94000000,0.94300000,4513.40000000,2026-06-09 04:44:59,4252.57110000,24
2026-06-09 04:45:00,0.94300000,0.94300000,0.94200000,0.94200000,1143.67000000,2026-06-09 04:49:59,1078.35044000,6
2026-06-09 04:50:00,0.94200000,0.94200000,0.94100000,0.94100000,1195.74000000,2026-06-09 04:54:59,1126.28708000,4
2026-06-09 04:55:00,0.94200000,0.94200000,0.94100000,0.94100000,6863.50000000,2026-06-09 04:59:59,6462.04462000,12
2026-06-09 05:00:00,0.94000000,0.94000000,0.93900000,0.93900000,4356.33000000,2026-06-09 05:04:59,4093.95788000,16
2026-06-09 05:05:00,0.93800000,0.93800000,0.93400000,0.93500000,3250.46000000,2026-06-09 05:09:59,3042.78015000,25
2026-06-09 05:10:00,0.93500000,0.93600000,0.93200000,0.93600000,10240.91000000,2026-06-09 05:14:59,9561.53905000,46
2026-06-09 05:15:00,0.93600000,0.93600000,0.93400000,0.93400000,2336.32000000,2026-06-09 05:19:59,2183.29297000,21
2026-06-09 05:20:00,0.93500000,0.93500000,0.93500000,0.93500000,105.88000000,2026-06-09 05:24:59,98.99780000,1
2026-06-09 05:25:00,0.93700000,0.93800000,0.93600000,0.93600000,556.28000000,2026-06-09 05:29:59,521.60589000,9
2026-06-09 05:30:00,0.93600000,0.93700000,0.93500000,0.93700000,1995.26000000,2026-06-09 05:34:59,1867.96175000,19
2026-06-09 05:35:00,0.93600000,0.93700000,0.93600000,0.93700000,4799.24000000,2026-06-09 05:39:59,4494.87742000,11
2026-06-09 05:40:00,0.93800000,0.93900000,0.93800000,0.93800000,16368.46000000,2026-06-09 05:44:59,15353.66019000,14
2026-06-09 05:45:00,0.93700000,0.93800000,0.93700000,0.93800000,944.08000000,2026-06-09 05:49:59,885.53651000,11
2026-06-09 05:50:00,0.93800000,0.93800000,0.93800000,0.93800000,4075.36000000,2026-06-09 05:54:59,3822.68768000,9
2026-06-09 05:55:00,0.93700000,0.93700000,0.93600000,0.93600000,26893.88000000,2026-06-09 05:59:59,25195.85814000,30
2026-06-09 06:00:00,0.93600000,0.93700000,0.93600000,0.93600000,6077.87000000,2026-06-09 06:04:59,5691.65053000,25
2026-06-09 06:05:00,0.93700000,0.93700000,0.93500000,0.93500000,21826.63000000,2026-06-09 06:09:59,20431.05299000,42
2026-06-09 06:10:00,0.93500000,0.93700000,0.93500000,0.93700000,5795.78000000,2026-06-09 06:14:59,5425.35488000,20
2026-06-09 06:15:00,0.93800000,0.93900000,0.93800000,0.93900000,4041.59000000,2026-06-09 06:19:59,3794.96801000,21
2026-06-09 06:20:00,0.93900000,0.94000000,0.93800000,0.93800000,4191.26000000,2026-06-09 06:24:59,3933.17661000,15
2026-06-09 06:25:00,0.93700000,0.93800000,0.93400000,0.93400000,4179.63000000,2026-06-09 06:29:59,3911.24867000,26
2026-06-09 06:30:00,0.93400000,0.93400000,0.93100000,0.93200000,8768.00000000,2026-06-09 06:34:59,8181.83131000,36
2026-06-09 06:35:00,0.93200000,0.93400000,0.93100000,0.93100000,3425.23000000,2026-06-09 06:39:59,3193.48713000,21
2026-06-09 06:40:00,0.93200000,0.93400000,0.93200000,0.93300000,4291.46000000,2026-06-09 06:44:59,4003.69441000,13
2026-06-09 06:45:00,0.93400000,0.93500000,0.93400000,0.93500000,3041.68000000,2026-06-09 06:49:59,2843.78580000,22
2026-06-09 06:50:00,0.93500000,0.93500000,0.93400000,0.93400000,1538.14000000,2026-06-09 06:54:59,1438.09893000,6
2026-06-09 06:55:00,0.93400000,0.93400000,0.93300000,0.93400000,3201.99000000,2026-06-09 06:59:59,2988.26851000,23
2026-06-09 07:00:00,0.93400000,0.93500000,0.93400000,0.93400000,3740.81000000,2026-06-09 07:04:59,3493.92320000,18
2026-06-09 07:05:00,0.93500000,0.93500000,0.92900000,0.92900000,9629.92000000,2026-06-09 07:09:59,8972.45845000,40
2026-06-09 07:10:00,0.93000000,0.93100000,0.92800000,0.93100000,14918.12000000,2026-06-09 07:14:59,13873.80164000,59
2026-06-09 07:15:00,0.93000000,0.93000000,0.92700000,0.92700000,9015.17000000,2026-06-09 07:19:59,8365.70787000,27
2026-06-09 07:20:00,0.92800000,0.93100000,0.92700000,0.92900000,72734.00000000,2026-06-09 07:24:59,67526.13774000,103
2026-06-09 07:25:00,0.92900000,0.93100000,0.92900000,0.93100000,8407.91000000,2026-06-09 07:29:59,7827.56299000,30
2026-06-09 07:30:00,0.93200000,0.93500000,0.92900000,0.93000000,81708.83000000,2026-06-09 07:34:59,76097.59930000,233
2026-06-09 07:35:00,0.93200000,0.93300000,0.93100000,0.93200000,39245.00000000,2026-06-09 07:39:59,36577.81604000,57
2026-06-09 07:40:00,0.93300000,0.93300000,0.93300000,0.93300000,3233.20000000,2026-06-09 07:44:59,3016.57560000,15
2026-06-09 07:45:00,0.93300000,0.93500000,0.93300000,0.93300000,5773.82000000,2026-06-09 07:49:59,5392.06067000,23
2026-06-09 07:50:00,0.93300000,0.93800000,0.93300000,0.93600000,11345.39000000,2026-06-09 07:54:59,10616.74310000,56
2026-06-09 07:55:00,0.93700000,0.93700000,0.93700000,0.93700000,4471.06000000,2026-06-09 07:59:59,4189.38322000,20
2026-06-09 08:00:00,0.93600000,0.93700000,0.93300000,0.93300000,29596.24000000,2026-06-09 08:04:59,27698.60366000,61
2026-06-09 08:05:00,0.93300000,0.93400000,0.93200000,0.93400000,5071.65000000,2026-06-09 08:09:59,4733.91822000,33
2026-06-09 08:10:00,0.93300000,0.93300000,0.93000000,0.93000000,6358.17000000,2026-06-09 08:14:59,5925.25671000,48
2026-06-09 08:15:00,0.93100000,0.93100000,0.93000000,0.93000000,3140.33000000,2026-06-09 08:19:59,2922.69925000,26
2026-06-09 08:20:00,0.93000000,0.93100000,0.93000000,0.93100000,4111.69000000,2026-06-09 08:24:59,3823.90092000,23
2026-06-09 08:25:00,0.93100000,0.93100000,0.93000000,0.93000000,1956.35000000,2026-06-09 08:29:59,1820.51928000,10
2026-06-09 08:30:00,0.93100000,0.93200000,0.93000000,0.93000000,5696.98000000,2026-06-09 08:34:59,5303.71431000,22
2026-06-09 08:35:00,0.93000000,0.93000000,0.92900000,0.93000000,3646.33000000,2026-06-09 08:39:59,3389.71015000,12
2026-06-09 08:40:00,0.93000000,0.93100000,0.93000000,0.93100000,4225.27000000,2026-06-09 08:44:59,3933.07729000,7
2026-06-09 08:45:00,0.93200000,0.93200000,0.93200000,0.93200000,166.66000000,2026-06-09 08:49:59,155.32712000,1
2026-06-09 08:50:00,0.93400000,0.93400000,0.93300000,0.93300000,259.77000000,2026-06-09 08:54:59,242.59153000,6
2026-06-09 08:55:00,0.93300000,0.93500000,0.93300000,0.93500000,2351.84000000,2026-06-09 08:59:59,2195.93639000,13
2026-06-09 09:00:00,0.93500000,0.94200000,0.93500000,0.94100000,8128.20000000,2026-06-09 09:04:59,7630.03154000,38
2026-06-09 09:05:00,0.94000000,0.94100000,0.93900000,0.94100000,3029.91000000,2026-06-09 09:09:59,2849.33894000,21
2026-06-09 09:10:00,0.94100000,0.94100000,0.93800000,0.93900000,2288.17000000,2026-06-09 09:14:59,2150.39686000,20
2026-06-09 09:15:00,0.93800000,0.93800000,0.93700000,0.93700000,3699.19000000,2026-06-09 09:19:59,3469.21393000,29
2026-06-09 09:20:00,0.93700000,0.93700000,0.93500000,0.93600000,8214.06000000,2026-06-09 09:24:59,7682.76462000,24
2026-06-09 09:25:00,0.93600000,0.93700000,0.93600000,0.93700000,20314.89000000,2026-06-09 09:29:59,19015.61158000,10
2026-06-09 09:30:00,0.93700000,0.93700000,0.93600000,0.93600000,916.20000000,2026-06-09 09:34:59,858.36320000,5
2026-06-09 09:35:00,0.93600000,0.93800000,0.93600000,0.93700000,1352.85000000,2026-06-09 09:39:59,1267.10279000,11
2026-06-09 09:40:00,0.93800000,0.93800000,0.93700000,0.93700000,207.14000000,2026-06-09 09:44:59,194.15202000,3
2026-06-09 09:45:00,0.93400000,0.93500000,0.93400000,0.93500000,3250.75000000,2026-06-09 09:49:59,3037.33216000,23
2026-06-09 09:50:00,0.93500000,0.93500000,0.93500000,0.93500000,28.86000000,2026-06-09 09:54:59,26.98410000,2
2026-06-09 09:55:00,0.93600000,0.93700000,0.93500000,0.93700000,2313.05000000,2026-06-09 09:59:59,2166.40246000,14
2026-06-09 10:00:00,0.93900000,0.93900000,0.93800000,0.93800000,858.53000000,2026-06-09 10:04:59,805.42794000,7
2026-06-09 10:05:00,0.93900000,0.94000000,0.93900000,0.94000000,3892.19000000,2026-06-09 10:09:59,3658.34344000,12
2026-06-09 10:10:00,0.94100000,0.94100000,0.93900000,0.93900000,2491.25000000,2026-06-09 10:14:59,2341.75998000,12
2026-06-09 10:15:00,0.93900000,0.93900000,0.93500000,0.93500000,1680.36000000,2026-06-09 10:19:59,1573.90734000,16
2026-06-09 10:20:00,0.93600000,0.93600000,0.93500000,0.93500000,2142.09000000,2026-06-09 10:24:59,2004.86524000,6
2026-06-09 10:25:00,0.93400000,0.93500000,0.93400000,0.93500000,761.94000000,2026-06-09 10:29:59,711.88696000,10
2026-06-09 10:30:00,0.93400000,0.93500000,0.93300000,0.93300000,6079.02000000,2026-06-09 10:34:59,5674.44382000,51
2026-06-09 10:35:00,0.93300000,0.93400000,0.93100000,0.93400000,1907.40000000,2026-06-09 10:39:59,1778.51519000,21
2026-06-09 10:40:00,0.93200000,0.93500000,0.93200000,0.93500000,3974.52000000,2026-06-09 10:44:59,3706.42812000,23
2026-06-09 10:45:00,0.93500000,0.94100000,0.93500000,0.93900000,5252.14000000,2026-06-09 10:49:59,4934.84158000,31
2026-06-09 10:50:00,0.93900000,0.94000000,0.93600000,0.93600000,15312.15000000,2026-06-09 10:54:59,14362.77470000,37
2026-06-09 10:55:00,0.93600000,0.93700000,0.93600000,0.93600000,1206.66000000,2026-06-09 10:59:59,1129.87690000,11
2026-06-09 11:00:00,0.93600000,0.93600000,0.93200000,0.93200000,5687.48000000,2026-06-09 11:04:59,5317.05291000,45
2026-06-09 11:05:00,0.93300000,0.93600000,0.93200000,0.93300000,6291.86000000,2026-06-09 11:09:59,5876.11413000,41
2026-06-09 11:10:00,0.93300000,0.93300000,0.92800000,0.92800000,4378.21000000,2026-06-09 11:14:59,4074.77029000,33
2026-06-09 11:15:00,0.92900000,0.93000000,0.92400000,0.92400000,13596.88000000,2026-06-09 11:19:59,12599.51488000,44
2026-06-09 11:20:00,0.92300000,0.92500000,0.92000000,0.92400000,16498.80000000,2026-06-09 11:24:59,15218.62397000,84
2026-06-09 11:25:00,0.92400000,0.92400000,0.91800000,0.91900000,3600.47000000,2026-06-09 11:29:59,3319.48652000,26
2026-06-09 11:30:00,0.91700000,0.92100000,0.91500000,0.92000000,4475.08000000,2026-06-09 11:34:59,4109.63670000,37
2026-06-09 11:35:00,0.91900000,0.92000000,0.91500000,0.91900000,6813.07000000,2026-06-09 11:39:59,6241.45154000,43
2026-06-09 11:40:00,0.91900000,0.92100000,0.91600000,0.91600000,13866.71000000,2026-06-09 11:44:59,12713.38369000,41
2026-06-09 11:45:00,0.91600000,0.91700000,0.91300000,0.91400000,8637.40000000,2026-06-09 11:49:59,7894.36896000,46
2026-06-09 11:50:00,0.91500000,0.91900000,0.91500000,0.91900000,5617.08000000,2026-06-09 11:54:59,5151.24166000,37
2026-06-09 11:55:00,0.92000000,0.92500000,0.91900000,0.92500000,8194.08000000,2026-06-09 11:59:59,7548.82082000,44
2026-06-09 12:00:00,0.92500000,0.92600000,0.92300000,0.92600000,10507.92000000,2026-06-09 12:04:59,9714.22983000,49
2026-06-09 12:05:00,0.92600000,0.92800000,0.92600000,0.92800000,2206.28000000,2026-06-09 12:09:59,2046.79577000,13
2026-06-09 12:10:00,0.92900000,0.92900000,0.92600000,0.92900000,4157.39000000,2026-06-09 12:14:59,3860.47957000,41
2026-06-09 12:15:00,0.92800000,0.92900000,0.92400000,0.92500000,2670.43000000,2026-06-09 12:19:59,2474.11203000,21
2026-06-09 12:20:00,0.92600000,0.92600000,0.92000000,0.92000000,2673.93000000,2026-06-09 12:24:59,2470.27609000,23
2026-06-09 12:25:00,0.92100000,0.92200000,0.91700000,0.91700000,4383.39000000,2026-06-09 12:29:59,4037.70082000,30
2026-06-09 12:30:00,0.91800000,0.91900000,0.91600000,0.91700000,1014.86000000,2026-06-09 12:34:59,931.24541000,15
2026-06-09 12:35:00,0.91700000,0.91800000,0.91500000,0.91700000,6038.43000000,2026-06-09 12:39:59,5539.10713000,41
2026-06-09 12:40:00,0.91800000,0.91900000,0.91800000,0.91800000,524.88000000,2026-06-09 12:44:59,481.94826000,8
2026-06-09 12:45:00,0.91800000,0.91800000,0.91600000,0.91800000,1318.53000000,2026-06-09 12:49:59,1209.17261000,15
2026-06-09 12:50:00,0.91800000,0.92000000,0.91500000,0.91700000,15131.54000000,2026-06-09 12:54:59,13864.54807000,80
2026-06-09 12:55:00,0.91700000,0.91700000,0.91300000,0.91500000,4451.12000000,2026-06-09 12:59:59,4070.03693000,28
2026-06-09 13:00:00,0.91400000,0.91600000,0.91100000,0.91200000,8249.58000000,2026-06-09 13:04:59,7542.05796000,54
2026-06-09 13:05:00,0.91100000,0.91200000,0.90700000,0.91200000,6508.58000000,2026-06-09 13:09:59,5917.05641000,82
2026-06-09 13:10:00,0.91100000,0.91300000,0.90900000,0.90900000,5567.13000000,2026-06-09 13:14:59,5076.20433000,28
2026-06-09 13:15:00,0.90900000,0.91000000,0.90600000,0.90600000,2351.92000000,2026-06-09 13:19:59,2135.92673000,37
2026-06-09 13:20:00,0.90500000,0.90900000,0.90300000,0.90900000,3225.84000000,2026-06-09 13:24:59,2920.79631000,34
2026-06-09 13:25:00,0.90900000,0.91000000,0.90600000,0.91000000,1464.10000000,2026-06-09 13:29:59,1329.08216000,15
2026-06-09 13:30:00,0.91000000,0.91400000,0.91000000,0.91300000,1311.06000000,2026-06-09 13:34:59,1197.88209000,19
2026-06-09 13:35:00,0.91400000,0.91500000,0.90100000,0.90100000,31767.16000000,2026-06-09 13:39:59,28876.39339000,159
2026-06-09 13:40:00,0.90200000,0.91000000,0.90200000,0.90900000,3047.41000000,2026-06-09 13:44:59,2757.81184000,29
2026-06-09 13:45:00,0.91100000,0.91100000,0.90600000,0.90600000,4396.56000000,2026-06-09 13:49:59,3991.83352000,37
2026-06-09 13:50:00,0.90800000,0.90800000,0.90500000,0.90700000,1803.96000000,2026-06-09 13:54:59,1636.61483000,21
2026-06-09 13:55:00,0.90800000,0.91300000,0.90800000,0.91200000,4948.19000000,2026-06-09 13:59:59,4500.69923000,31
2026-06-09 14:00:00,0.91200000,0.91900000,0.91200000,0.91800000,4220.96000000,2026-06-09 14:04:59,3860.23969000,37
2026-06-09 14:05:00,0.91800000,0.91900000,0.91700000,0.91700000,3089.21000000,2026-06-09 14:09:59,2835.29858000,16
2026-06-09 14:10:00,0.91600000,0.92200000,0.91600000,0.92000000,2567.55000000,2026-06-09 14:14:59,2361.17112000,35
2026-06-09 14:15:00,0.92000000,0.92800000,0.92000000,0.92800000,2434.46000000,2026-06-09 14:19:59,2247.12525000,38
2026-06-09 14:20:00,0.92800000,0.92900000,0.92700000,0.92700000,2146.72000000,2026-06-09 14:24:59,1991.57445000,19
2026-06-09 14:25:00,0.92600000,0.93000000,0.92600000,0.92800000,672.70000000,2026-06-09 14:29:59,624.06434000,19
2026-06-09 14:30:00,0.92900000,0.92900000,0.92700000,0.92800000,1832.44000000,2026-06-09 14:34:59,1701.76496000,19
2026-06-09 14:35:00,0.92700000,0.92900000,0.92600000,0.92800000,5235.67000000,2026-06-09 14:39:59,4851.88980000,27
2026-06-09 14:40:00,0.92700000,0.92800000,0.92600000,0.92600000,771.77000000,2026-06-09 14:44:59,715.44707000,18
2026-06-09 14:45:00,0.92600000,0.92700000,0.92500000,0.92500000,3088.64000000,2026-06-09 14:49:59,2859.07990000,22
2026-06-09 14:50:00,0.92500000,0.92500000,0.92400000,0.92400000,728.14000000,2026-06-09 14:54:59,673.21370000,8
2026-06-09 14:55:00,0.92400000,0.92400000,0.92400000,0.92400000,89.48000000,2026-06-09 14:59:59,82.67952000,2
2026-06-09 15:00:00,0.92300000,0.92400000,0.92100000,0.92100000,258.49000000,2026-06-09 15:04:59,238.61991000,5
2026-06-09 15:05:00,0.92200000,0.92400000,0.92200000,0.92400000,602.81000000,2026-06-09 15:09:59,556.04089000,8
2026-06-09 15:10:00,0.92400000,0.92500000,0.92300000,0.92500000,2949.88000000,2026-06-09 15:14:59,2724.64388000,31
2026-06-09 15:15:00,0.92600000,0.93100000,0.92600000,0.93100000,3731.15000000,2026-06-09 15:19:59,3469.44627000,33
2026-06-09 15:20:00,0.93100000,0.93100000,0.92900000,0.93000000,4002.25000000,2026-06-09 15:24:59,3723.45017000,29
2026-06-09 15:25:00,0.93000000,0.93000000,0.92700000,0.92900000,2114.10000000,2026-06-09 15:29:59,1961.08295000,20
2026-06-09 15:30:00,0.92800000,0.92900000,0.92800000,0.92900000,610.86000000,2026-06-09 15:34:59,566.99536000,10
2026-06-09 15:35:00,0.93000000,0.93100000,0.92900000,0.93100000,2375.73000000,2026-06-09 15:39:59,2209.65466000,19
2026-06-09 15:40:00,0.93000000,0.93000000,0.92800000,0.92800000,393.39000000,2026-06-09 15:44:59,365.53090000,11
2026-06-09 15:45:00,0.92600000,0.92700000,0.92600000,0.92600000,1884.96000000,2026-06-09 15:49:59,1745.52487000,10
2026-06-09 15:50:00,0.92600000,0.92900000,0.92600000,0.92600000,3866.09000000,2026-06-09 15:54:59,3581.25917000,14
2026-06-09 15:55:00,0.92700000,0.92700000,0.92700000,0.92700000,50.00000000,2026-06-09 15:59:59,46.35000000,1
2026-06-09 16:00:00,0.92800000,0.93100000,0.92700000,0.93100000,3084.51000000,2026-06-09 16:04:59,2865.08270000,31
2026-06-09 16:05:00,0.93100000,0.93200000,0.92800000,0.92800000,1349.88000000,2026-06-09 16:09:59,1256.56800000,18
2026-06-09 16:10:00,0.92800000,0.92900000,0.92700000,0.92700000,804.25000000,2026-06-09 16:14:59,746.74831000,18
2026-06-09 16:15:00,0.92700000,0.92700000,0.92600000,0.92600000,460.63000000,2026-06-09 16:19:59,426.93793000,14
2026-06-09 16:20:00,0.92700000,0.92800000,0.92700000,0.92800000,825.76000000,2026-06-09 16:24:59,766.21676000,18
2026-06-09 16:25:00,0.92900000,0.92900000,0.92600000,0.92700000,2271.65000000,2026-06-09 16:29:59,2109.02971000,30
2026-06-09 16:30:00,0.92900000,0.93100000,0.92800000,0.92900000,2816.45000000,2026-06-09 16:34:59,2620.16141000,21
2026-06-09 16:35:00,0.93100000,0.93100000,0.92600000,0.92600000,1406.49000000,2026-06-09 16:39:59,1306.71587000,27
2026-06-09 16:40:00,0.92600000,0.92600000,0.92400000,0.92400000,1294.51000000,2026-06-09 16:44:59,1197.99247000,20
2026-06-09 16:45:00,0.92400000,0.92400000,0.92300000,0.92400000,488.68000000,2026-06-09 16:49:59,451.50688000,14
2026-06-09 16:50:00,0.92500000,0.92900000,0.92500000,0.92900000,7481.35000000,2026-06-09 16:54:59,6929.13567000,47
2026-06-09 16:55:00,0.93000000,0.93100000,0.92900000,0.93000000,1154.43000000,2026-06-09 16:59:59,1074.06765000,12
2026-06-09 17:00:00,0.93000000,0.93100000,0.93000000,0.93000000,466.08000000,2026-06-09 17:04:59,433.66478000,10
2026-06-09 17:05:00,0.93100000,0.93100000,0.92900000,0.93000000,211.94000000,2026-06-09 17:09:59,197.19610000,4
2026-06-09 17:10:00,0.93100000,0.93200000,0.93100000,0.93100000,1394.51000000,2026-06-09 17:14:59,1299.04172000,9
2026-06-09 17:15:00,0.93300000,0.93300000,0.93000000,0.93000000,2286.51000000,2026-06-09 17:19:59,2129.96712000,16
2026-06-09 17:20:00,0.92800000,0.92800000,0.92700000,0.92700000,22985.85000000,2026-06-09 17:24:59,21309.56835000,24
2026-06-09 17:25:00,0.92800000,0.93000000,0.92800000,0.93000000,2176.30000000,2026-06-09 17:29:59,2021.29115000,10
2026-06-09 17:30:00,0.93000000,0.93000000,0.93000000,0.93000000,257.11000000,2026-06-09 17:34:59,239.11230000,3
2026-06-09 17:35:00,0.93000000,0.93100000,0.93000000,0.93100000,264.14000000,2026-06-09 17:39:59,245.71203000,5
2026-06-09 17:40:00,0.93200000,0.93300000,0.93200000,0.93200000,1126.40000000,2026-06-09 17:44:59,1050.80426000,5
2026-06-09 17:45:00,0.93000000,0.93100000,0.93000000,0.93000000,629.44000000,2026-06-09 17:49:59,585.49350000,8
2026-06-09 17:50:00,0.92900000,0.92900000,0.92800000,0.92800000,443.12000000,2026-06-09 17:54:59,411.62153000,6
2026-06-09 17:55:00,0.92900000,0.93300000,0.92900000,0.93300000,1958.30000000,2026-06-09 17:59:59,1820.06229000,11
2026-06-09 18:00:00,0.93300000,0.93300000,0.93000000,0.93000000,721.56000000,2026-06-09 18:04:59,671.53004000,6
2026-06-09 18:05:00,0.93000000,0.93100000,0.93000000,0.93100000,279.90000000,2026-06-09 18:09:59,260.55436000,5
2026-06-09 18:10:00,0.93100000,0.93100000,0.93100000,0.93100000,1132.62000000,2026-06-09 18:14:59,1054.46922000,6
2026-06-09 18:15:00,0.93000000,0.93000000,0.92600000,0.92600000,1949.24000000,2026-06-09 18:19:59,1805.93851000,11
2026-06-09 18:20:00,0.92500000,0.92600000,0.92500000,0.92500000,3626.25000000,2026-06-09 18:24:59,3354.48825000,19
2026-06-09 18:25:00,0.92400000,0.92500000,0.92400000,0.92400000,494.15000000,2026-06-09 18:29:59,456.64637000,8
2026-06-09 18:30:00,0.92400000,0.92600000,0.92400000,0.92600000,356.80000000,2026-06-09 18:34:59,330.02705000,8
2026-06-09 18:35:00,0.92500000,0.92500000,0.92400000,0.92500000,1254.46000000,2026-06-09 18:39:59,1160.19605000,9
2026-06-09 18:40:00,0.92600000,0.92600000,0.92400000,0.92600000,12346.58000000,2026-06-09 18:44:59,11418.69163000,29
2026-06-09 18:45:00,0.92500000,0.92500000,0.92500000,0.92500000,207.08000000,2026-06-09 18:49:59,191.54900000,1
2026-06-09 18:50:00,0.92400000,0.92400000,0.92400000,0.92400000,51.91000000,2026-06-09 18:54:59,47.96484000,1
2026-06-09 18:55:00,0.92400000,0.92400000,0.92200000,0.92300000,2524.83000000,2026-06-09 18:59:59,2330.40091000,10
2026-06-09 19:00:00,0.92400000,0.92400000,0.92200000,0.92200000,138.66000000,2026-06-09 19:04:59,127.94221000,7
2026-06-09 19:05:00,0.92300000,0.92300000,0.92300000,0.92300000,162.02000000,2026-06-09 19:09:59,149.54446000,3
2026-06-09 19:10:00,0.92500000,0.92500000,0.92500000,0.92500000,980.59000000,2026-06-09 19:14:59,907.04575000,3
2026-06-09 19:15:00,0.92500000,0.92700000,0.92500000,0.92700000,2429.82000000,2026-06-09 19:19:59,2251.77324000,14
2026-06-09 19:20:00,0.92700000,0.92700000,0.92700000,0.92700000,134.32000000,2026-06-09 19:24:59,124.51464000,2
2026-06-09 19:25:00,0.92700000,0.92700000,0.92600000,0.92600000,1276.59000000,2026-06-09 19:29:59,1182.20567000,5
2026-06-09 19:30:00,0.92600000,0.92700000,0.92500000,0.92700000,1840.14000000,2026-06-09 19:34:59,1705.00580000,11
2026-06-09 19:35:00,0.92700000,0.92700000,0.92600000,0.92700000,1263.65000000,2026-06-09 19:39:59,1171.38550000,8
2026-06-09 19:40:00,0.92700000,0.92700000,0.92600000,0.92600000,407.37000000,2026-06-09 19:44:59,377.52757000,4
2026-06-09 19:45:00,0.92700000,0.92700000,0.92500000,0.92500000,253.18000000,2026-06-09 19:49:59,234.47201000,4
2026-06-09 19:50:00,0.92400000,0.92400000,0.92300000,0.92400000,4906.99000000,2026-06-09 19:54:59,4533.91590000,17
2026-06-09 19:55:00,0.92200000,0.92200000,0.92200000,0.92200000,204.75000000,2026-06-09 19:59:59,188.77950000,1
2026-06-09 20:00:00,0.92100000,0.92300000,0.92100000,0.92300000,3602.95000000,2026-06-09 20:04:59,3319.79839000,20
2026-06-09 20:05:00,0.92200000,0.92300000,0.92200000,0.92200000,524.31000000,2026-06-09 20:09:59,483.52216000,5
2026-06-09 20:10:00,0.92200000,0.92300000,0.92100000,0.92300000,6408.16000000,2026-06-09 20:14:59,5908.26938000,20
2026-06-09 20:15:00,0.92300000,0.92400000,0.92300000,0.92400000,7331.69000000,2026-06-09 20:19:59,6773.05856000,28
2026-06-09 20:20:00,0.92500000,0.92500000,0.92500000,0.92500000,2499.15000000,2026-06-09 20:24:59,2311.71375000,14
2026-06-09 20:25:00,0.92300000,0.92300000,0.92300000,0.92300000,138.20000000,2026-06-09 20:29:59,127.55860000,2
2026-06-09 20:30:00,0.92300000,0.92500000,0.92300000,0.92400000,1662.06000000,2026-06-09 20:34:59,1535.96046000,14
2026-06-09 20:35:00,0.92400000,0.92400000,0.92300000,0.92300000,4086.80000000,2026-06-09 20:39:59,3772.16963000,22
2026-06-09 20:40:00,0.92300000,0.92300000,0.92300000,0.92300000,3592.05000000,2026-06-09 20:44:59,3315.46215000,13
2026-06-09 20:45:00,0.92400000,0.92500000,0.92300000,0.92300000,3297.95000000,2026-06-09 20:49:59,3047.16525000,15
2026-06-09 20:50:00,0.92300000,0.92400000,0.92300000,0.92300000,3446.82000000,2026-06-09 20:54:59,3182.79326000,15
2026-06-09 20:55:00,0.92400000,0.92400000,0.92300000,0.92300000,118.72000000,2026-06-09 20:59:59,109.68294000,3
2026-06-09 21:00:00,0.92300000,0.92500000,0.92300000,0.92500000,350.47000000,2026-06-09 21:04:59,323.75238000,11
2026-06-09 21:05:00,0.92500000,0.92600000,0.92400000,0.92500000,744.84000000,2026-06-09 21:09:59,688.81247000,10
2026-06-09 21:10:00,0.92500000,0.92500000,0.92400000,0.92500000,2096.74000000,2026-06-09 21:14:59,1938.99481000,17
2026-06-09 21:15:00,0.92500000,0.92500000,0.92400000,0.92400000,1045.66000000,2026-06-09 21:19:59,966.63916000,17
2026-06-09 21:20:00,0.92500000,0.92500000,0.92300000,0.92400000,1033.29000000,2026-06-09 21:24:59,954.79966000,16
2026-06-09 21:25:00,0.92400000,0.92600000,0.92300000,0.92600000,2405.65000000,2026-06-09 21:29:59,2223.51617000,22
2026-06-09 21:30:00,0.92500000,0.92500000,0.92100000,0.92100000,4042.61000000,2026-06-09 21:34:59,3733.98460000,31
2026-06-09 21:35:00,0.92100000,0.92100000,0.91900000,0.92100000,3358.15000000,2026-06-09 21:39:59,3090.02868000,11
2026-06-09 21:40:00,0.92000000,0.92000000,0.91600000,0.91700000,2935.92000000,2026-06-09 21:44:59,2693.15224000,19
2026-06-09 21:45:00,0.91700000,0.92000000,0.91700000,0.92000000,6014.22000000,2026-06-09 21:49:59,5527.41365000,29
2026-06-09 21:50:00,0.92000000,0.92100000,0.91900000,0.92100000,2804.75000000,2026-06-09 21:54:59,2579.24627000,10
2026-06-09 21:55:00,0.92200000,0.92400000,0.92100000,0.92400000,5840.29000000,2026-06-09 21:59:59,5391.33855000,23
2026-06-09 22:00:00,0.92400000,0.92600000,0.92300000,0.92500000,3369.74000000,2026-06-09 22:04:59,3116.25874000,18
2026-06-09 22:05:00,0.92300000,0.92300000,0.92200000,0.92200000,1287.05000000,2026-06-09 22:09:59,1187.81395000,3
2026-06-09 22:10:00,0.92100000,0.92300000,0.92100000,0.92200000,1739.35000000,2026-06-09 22:14:59,1603.04555000,34
2026-06-09 22:15:00,0.92200000,0.92500000,0.92200000,0.92500000,2405.17000000,2026-06-09 22:19:59,2223.74018000,14
2026-06-09 22:20:00,0.92500000,0.92500000,0.92300000,0.92300000,3507.30000000,2026-06-09 22:24:59,3241.28439000,13
2026-06-09 22:25:00,0.92200000,0.92200000,0.92100000,0.92100000,1559.63000000,2026-06-09 22:29:59,1437.52348000,13
2026-06-09 22:30:00,0.92000000,0.92000000,0.91900000,0.92000000,685.66000000,2026-06-09 22:34:59,630.79681000,8
2026-06-09 22:35:00,0.92100000,0.92100000,0.91800000,0.91900000,2090.71000000,2026-06-09 22:39:59,1920.53644000,19
2026-06-09 22:40:00,0.91900000,0.91900000,0.91600000,0.91600000,7924.05000000,2026-06-09 22:44:59,7258.48156000,33
2026-06-09 22:45:00,0.91700000,0.92000000,0.91700000,0.92000000,1664.17000000,2026-06-09 22:49:59,1527.94157000,13
2026-06-09 22:50:00,0.92000000,0.92100000,0.91900000,0.92100000,4101.59000000,2026-06-09 22:54:59,3773.53150000,17
2026-06-09 22:55:00,0.92100000,0.92100000,0.92100000,0.92100000,875.85000000,2026-06-09 22:59:59,806.65785000,9
2026-06-09 23:00:00,0.92100000,0.92300000,0.92100000,0.92200000,1390.02000000,2026-06-09 23:04:59,1281.82160000,15
2026-06-09 23:05:00,0.92100000,0.92100000,0.92000000,0.92000000,1416.42000000,2026-06-09 23:09:59,1303.13082000,12
2026-06-09 23:10:00,0.91900000,0.91900000,0.91800000,0.91900000,2690.10000000,2026-06-09 23:14:59,2470.88212000,11
2026-06-09 23:15:00,0.91700000,0.91800000,0.91500000,0.91500000,6265.24000000,2026-06-09 23:19:59,5735.03667000,24
2026-06-09 23:20:00,0.91500000,0.91700000,0.91500000,0.91500000,726.34000000,2026-06-09 23:24:59,664.81122000,8
2026-06-09 23:25:00,0.91400000,0.91400000,0.91200000,0.91400000,4464.62000000,2026-06-09 23:29:59,4078.94279000,23
2026-06-09 23:30:00,0.91500000,0.91500000,0.91000000,0.91000000,5046.72000000,2026-06-09 23:34:59,4604.06896000,35
2026-06-09 23:35:00,0.91000000,0.91100000,0.91000000,0.91000000,1778.99000000,2026-06-09 23:39:59,1618.97910000,18
2026-06-09 23:40:00,0.91000000,0.91000000,0.91000000,0.91000000,1976.01000000,2026-06-09 23:44:59,1798.16910000,11
2026-06-09 23:45:00,0.91000000,0.91000000,0.90700000,0.90700000,6275.39000000,2026-06-09 23:49:59,5695.47926000,46
2026-06-09 23:50:00,0.90700000,0.90900000,0.90700000,0.90800000,565.88000000,2026-06-09 23:54:59,513.69925000,11
2026-06-09 23:55:00,0.90900000,0.91100000,0.90900000,0.91000000,4483.47000000,2026-06-09 23:59:59,4077.72110000,20
2026-06-10 00:00:00,0.90900000,0.91100000,0.90900000,0.91100000,159.97000000,2026-06-10 00:04:59,145.53034000,5
2026-06-10 00:05:00,0.91400000,0.91400000,0.91300000,0.91300000,336.82000000,2026-06-10 00:09:59,307.58560000,5
2026-06-10 00:10:00,0.91300000,0.91300000,0.91100000,0.91100000,1974.97000000,2026-06-10 00:14:59,1799.69971000,8
2026-06-10 00:15:00,0.91100000,0.91500000,0.91000000,0.91300000,2936.46000000,2026-06-10 00:19:59,2682.46558000,22
2026-06-10 00:20:00,0.91200000,0.91500000,0.91200000,0.91400000,2476.23000000,2026-06-10 00:24:59,2263.25550000,12
2026-06-10 00:25:00,0.91400000,0.91500000,0.91400000,0.91500000,1627.82000000,2026-06-10 00:29:59,1489.04534000,14
2026-06-10 00:30:00,0.91500000,0.91500000,0.91400000,0.91500000,7165.16000000,2026-06-10 00:34:59,6554.93907000,27
2026-06-10 00:35:00,0.91400000,0.91600000,0.91400000,0.91600000,79.67000000,2026-06-10 00:39:59,72.83584000,3
2026-06-10 00:40:00,0.91500000,0.91500000,0.91400000,0.91500000,3588.18000000,2026-06-10 00:44:59,3281.31155000,21
2026-06-10 00:45:00,0.91600000,0.91600000,0.91500000,0.91500000,1140.07000000,2026-06-10 00:49:59,1043.89187000,10
2026-06-10 00:50:00,0.91500000,0.91500000,0.91500000,0.91500000,18.59000000,2026-06-10 00:54:59,17.00985000,1
2026-06-10 00:55:00,0.91500000,0.91500000,0.91500000,0.91500000,113.58000000,2026-06-10 00:59:59,103.92570000,1
2026-06-10 01:00:00,0.91600000,0.91600000,0.91500000,0.91600000,426.90000000,2026-06-10 01:04:59,390.78526000,5
2026-06-10 01:05:00,0.91500000,0.91600000,0.91500000,0.91600000,1400.73000000,2026-06-10 01:09:59,1282.91756000,13
2026-06-10 01:10:00,0.91600000,0.91700000,0.91500000,0.91600000,1040.14000000,2026-06-10 01:14:59,952.43972000,12
2026-06-10 01:15:00,0.91600000,0.91600000,0.91600000,0.91600000,490.81000000,2026-06-10 01:19:59,449.58196000,4
2026-06-10 01:20:00,0.91600000,0.91600000,0.91500000,0.91500000,30.80000000,2026-06-10 01:24:59,28.20557000,3
2026-06-10 01:25:00,0.91800000,0.91800000,0.91700000,0.91700000,274.15000000,2026-06-10 01:29:59,251.59833000,6
2026-06-10 01:30:00,0.91500000,0.91500000,0.91100000,0.91100000,3212.89000000,2026-06-10 01:34:59,2930.11524000,15
2026-06-10 01:35:00,0.91100000,0.91100000,0.90900000,0.90900000,825.45000000,2026-06-10 01:39:59,751.28227000,12
2026-06-10 01:40:00,0.90900000,0.91000000,0.90800000,0.90900000,1131.87000000,2026-06-10 01:44:59,1028.96537000,11
2026-06-10 01:45:00,0.90800000,0.91100000,0.90800000,0.91100000,793.89000000,2026-06-10 01:49:59,721.89497000,7
2026-06-10 01:50:00,0.91100000,0.91100000,0.90900000,0.91000000,1322.67000000,2026-06-10 01:54:59,1204.05807000,10
2026-06-10 01:55:00,0.90900000,0.91000000,0.90900000,0.91000000,1378.27000000,2026-06-10 01:59:59,1254.14398000,9
2026-06-10 02:00:00,0.91000000,0.91200000,0.91000000,0.91100000,936.62000000,2026-06-10 02:04:59,853.48145000,14
2026-06-10 02:05:00,0.91100000,0.91100000,0.90900000,0.91000000,821.43000000,2026-06-10 02:09:59,747.47771000,6
2026-06-10 02:10:00,0.91000000,0.91000000,0.90900000,0.90900000,641.26000000,2026-06-10 02:14:59,582.93964000,12
2026-06-10 02:15:00,0.90800000,0.90800000,0.90500000,0.90500000,13845.82000000,2026-06-10 02:19:59,12547.45143000,65
2026-06-10 02:20:00,0.90500000,0.90800000,0.90500000,0.90800000,3911.39000000,2026-06-10 02:24:59,3545.84208000,25
2026-06-10 02:25:00,0.90900000,0.91100000,0.90900000,0.91100000,430.02000000,2026-06-10 02:29:59,391.38638000,6
2026-06-10 02:30:00,0.91200000,0.91300000,0.91000000,0.91200000,2102.77000000,2026-06-10 02:34:59,1916.40341000,19
2026-06-10 02:35:00,0.91100000,0.91100000,0.90900000,0.91100000,2237.35000000,2026-06-10 02:39:59,2037.66974000,9
2026-06-10 02:40:00,0.91200000,0.91500000,0.91100000,0.91500000,922.13000000,2026-06-10 02:44:59,841.17711000,13
2026-06-10 02:45:00,0.91500000,0.91500000,0.91200000,0.91200000,2803.23000000,2026-06-10 02:49:59,2559.65430000,22
2026-06-10 02:50:00,0.91100000,0.91200000,0.91100000,0.91200000,1214.53000000,2026-06-10 02:54:59,1106.59811000,9
2026-06-10 02:55:00,0.91100000,0.91100000,0.91000000,0.91000000,1033.64000000,2026-06-10 02:59:59,940.74909000,13
2026-06-10 03:00:00,0.90900000,0.91000000,0.90900000,0.90900000,1186.48000000,2026-06-10 03:04:59,1079.00422000,13
2026-06-10 03:05:00,0.90900000,0.91200000,0.90900000,0.91100000,4611.63000000,2026-06-10 03:09:59,4200.80951000,36
2026-06-10 03:10:00,0.91100000,0.91200000,0.91000000,0.91100000,4152.69000000,2026-06-10 03:14:59,3784.01055000,56
2026-06-10 03:15:00,0.91200000,0.91300000,0.91200000,0.91300000,2994.08000000,2026-06-10 03:19:59,2730.83896000,7
2026-06-10 03:20:00,0.91200000,0.91200000,0.91100000,0.91100000,3358.52000000,2026-06-10 03:24:59,3062.93987000,11
2026-06-10 03:25:00,0.91300000,0.91400000,0.91300000,0.91300000,2330.25000000,2026-06-10 03:29:59,2128.55272000,8
2026-06-10 03:30:00,0.91200000,0.91300000,0.90900000,0.90900000,3194.82000000,2026-06-10 03:34:59,2907.54415000,25
2026-06-10 03:35:00,0.90800000,0.91300000,0.90800000,0.91300000,2893.25000000,2026-06-10 03:39:59,2636.18080000,16
2026-06-10 03:40:00,0.91300000,0.91300000,0.91300000,0.91300000,267.59000000,2026-06-10 03:44:59,244.30967000,1
2026-06-10 03:45:00,0.91500000,0.91500000,0.91500000,0.91500000,1505.02000000,2026-06-10 03:49:59,1377.09330000,8
2026-06-10 03:50:00,0.91400000,0.91400000,0.91300000,0.91300000,1728.31000000,2026-06-10 03:54:59,1578.08105000,18
2026-06-10 03:55:00,0.91300000,0.91300000,0.91300000,0.91300000,475.54000000,2026-06-10 03:59:59,434.16802000,6
2026-06-10 04:00:00,0.91200000,0.91400000,0.91200000,0.91400000,577.98000000,2026-06-10 04:04:59,527.94969000,6
2026-06-10 04:05:00,0.91600000,0.91600000,0.91500000,0.91500000,1332.93000000,2026-06-10 04:09:59,1220.86568000,13
2026-06-10 04:10:00,0.91500000,0.91500000,0.91400000,0.91400000,4323.00000000,2026-06-10 04:14:59,3952.34870000,25
2026-06-10 04:15:00,0.91400000,0.91600000,0.91400000,0.91600000,2131.63000000,2026-06-10 04:19:59,1951.20820000,17
2026-06-10 04:20:00,0.91700000,0.91900000,0.91700000,0.91800000,3333.87000000,2026-06-10 04:24:59,3060.02010000,31
2026-06-10 04:25:00,0.91700000,0.91700000,0.91600000,0.91600000,1448.62000000,2026-06-10 04:29:59,1328.35150000,7
2026-06-10 04:30:00,0.91500000,0.91600000,0.91500000,0.91600000,892.99000000,2026-06-10 04:34:59,817.13835000,9
2026-06-10 04:35:00,0.91700000,0.91700000,0.91600000,0.91700000,2491.05000000,2026-06-10 04:39:59,2284.28526000,13
2026-06-10 04:40:00,0.91700000,0.91700000,0.91600000,0.91700000,1256.25000000,2026-06-10 04:44:59,1151.97069000,5
2026-06-10 04:45:00,0.91700000,0.91700000,0.91600000,0.91600000,1693.75000000,2026-06-10 04:49:59,1552.86580000,7
2026-06-10 04:50:00,0.91600000,0.91600000,0.91500000,0.91600000,796.96000000,2026-06-10 04:54:59,729.54401000,7
2026-06-10 04:55:00,0.91600000,0.91600000,0.91500000,0.91500000,1117.97000000,2026-06-10 04:59:59,1023.34370000,7
2026-06-10 05:00:00,0.91400000,0.91400000,0.91000000,0.91000000,1758.18000000,2026-06-10 05:04:59,1600.41352000,26
2026-06-10 05:05:00,0.91000000,0.91000000,0.90700000,0.90800000,6870.53000000,2026-06-10 05:09:59,6238.32766000,40
2026-06-10 05:10:00,0.90900000,0.91000000,0.90900000,0.90900000,2659.55000000,2026-06-10 05:14:59,2418.97877000,40
2026-06-10 05:15:00,0.91000000,0.91300000,0.90900000,0.91000000,3077.65000000,2026-06-10 05:19:59,2805.47302000,35
2026-06-10 05:20:00,0.91000000,0.91100000,0.90800000,0.90800000,1609.57000000,2026-06-10 05:24:59,1463.95623000,21
2026-06-10 05:25:00,0.90800000,0.90900000,0.90800000,0.90900000,1159.49000000,2026-06-10 05:29:59,1053.70079000,9
2026-06-10 05:30:00,0.90900000,0.91000000,0.90600000,0.90600000,5763.34000000,2026-06-10 05:34:59,5233.24868000,34
2026-06-10 05:35:00,0.90600000,0.90700000,0.90500000,0.90600000,1830.29000000,2026-06-10 05:39:59,1658.44042000,22
2026-06-10 05:40:00,0.90500000,0.90600000,0.90500000,0.90600000,1120.00000000,2026-06-10 05:44:59,1014.14810000,15
2026-06-10 05:45:00,0.90500000,0.90700000,0.90500000,0.90600000,1488.04000000,2026-06-10 05:49:59,1348.48461000,15
2026-06-10 05:50:00,0.90700000,0.90800000,0.90600000,0.90700000,1343.57000000,2026-06-10 05:54:59,1218.68272000,16
2026-06-10 05:55:00,0.90700000,0.90800000,0.90600000,0.90600000,1578.41000000,2026-06-10 05:59:59,1431.74013000,8
2026-06-10 06:00:00,0.90600000,0.90700000,0.90400000,0.90500000,1628.75000000,2026-06-10 06:04:59,1474.61299000,16
2026-06-10 06:05:00,0.90500000,0.90600000,0.90400000,0.90600000,3152.85000000,2026-06-10 06:09:59,2852.41477000,23
2026-06-10 06:10:00,0.90500000,0.90700000,0.90300000,0.90300000,3177.04000000,2026-06-10 06:14:59,2874.04829000,31
2026-06-10 06:15:00,0.90200000,0.90400000,0.90100000,0.90100000,2843.24000000,2026-06-10 06:19:59,2565.13486000,41
2026-06-10 06:20:00,0.90000000,0.90100000,0.89800000,0.89800000,20533.74000000,2026-06-10 06:24:59,18454.28346000,127
2026-06-10 06:25:00,0.89900000,0.90300000,0.89900000,0.90300000,2045.32000000,2026-06-10 06:29:59,1846.36235000,12
2026-06-10 06:30:00,0.90200000,0.90500000,0.90200000,0.90300000,1605.27000000,2026-06-10 06:34:59,1451.93064000,11
2026-06-10 06:35:00,0.90400000,0.90600000,0.90300000,0.90600000,2832.44000000,2026-06-10 06:39:59,2563.86075000,32
2026-06-10 06:40:00,0.90600000,0.90800000,0.90500000,0.90600000,6287.97000000,2026-06-10 06:44:59,5706.81826000,28
2026-06-10 06:45:00,0.90600000,0.90600000,0.90300000,0.90300000,1456.98000000,2026-06-10 06:49:59,1317.78369000,9
2026-06-10 06:50:00,0.90300000,0.90600000,0.90300000,0.90500000,3527.77000000,2026-06-10 06:54:59,3190.90947000,15
2026-06-10 06:55:00,0.90600000,0.90900000,0.90600000,0.90800000,2804.94000000,2026-06-10 06:59:59,2548.05057000,22
2026-06-10 07:00:00,0.90700000,0.90800000,0.90600000,0.90600000,1224.05000000,2026-06-10 07:04:59,1109.77573000,12
2026-06-10 07:05:00,0.90600000,0.90600000,0.90400000,0.90500000,1475.09000000,2026-06-10 07:09:59,1334.71801000,17
2026-06-10 07:10:00,0.90500000,0.90600000,0.90300000,0.90600000,2240.49000000,2026-06-10 07:14:59,2026.76628000,10
2026-06-10 07:15:00,0.90500000,0.90500000,0.90300000,0.90300000,2306.38000000,2026-06-10 07:19:59,2083.82197000,18
2026-06-10 07:20:00,0.90300000,0.90500000,0.90300000,0.90400000,2819.07000000,2026-06-10 07:24:59,2548.34918000,21
2026-06-10 07:25:00,0.90400000,0.90800000,0.90300000,0.90700000,595.96000000,2026-06-10 07:29:59,539.34443000,8
2026-06-10 07:30:00,0.90800000,0.90800000,0.90800000,0.90800000,179.95000000,2026-06-10 07:34:59,163.39460000,3
2026-06-10 07:35:00,0.90700000,0.90700000,0.90600000,0.90600000,4380.37000000,2026-06-10 07:39:59,3968.65843000,14
2026-06-10 07:40:00,0.90600000,0.90600000,0.90500000,0.90600000,1927.59000000,2026-06-10 07:44:59,1744.91195000,14
2026-06-10 07:45:00,0.90600000,0.90800000,0.90600000,0.90600000,3662.96000000,2026-06-10 07:49:59,3321.60077000,24
2026-06-10 07:50:00,0.90800000,0.90800000,0.90500000,0.90500000,212.58000000,2026-06-10 07:54:59,192.86630000,4
2026-06-10 07:55:00,0.90500000,0.90700000,0.90500000,0.90700000,632.16000000,2026-06-10 07:59:59,572.94564000,6
2026-06-10 08:00:00,0.90700000,0.90900000,0.89500000,0.89600000,22091.15000000,2026-06-10 08:04:59,19991.20180000,128
2026-06-10 08:05:00,0.89600000,0.89900000,0.89400000,0.89900000,11391.67000000,2026-06-10 08:09:59,10202.26723000,65
2026-06-10 08:10:00,0.89900000,0.90100000,0.89800000,0.90000000,2569.44000000,2026-06-10 08:14:59,2310.59061000,19
2026-06-10 08:15:00,0.90100000,0.90100000,0.89700000,0.89800000,1521.65000000,2026-06-10 08:19:59,1368.56717000,15
2026-06-10 08:20:00,0.89700000,0.89900000,0.89700000,0.89800000,2073.68000000,2026-06-10 08:24:59,1863.85288000,14
2026-06-10 08:25:00,0.89800000,0.89800000,0.89100000,0.89500000,7214.40000000,2026-06-10 08:29:59,6445.76232000,59
2026-06-10 08:30:00,0.89600000,0.89600000,0.89400000,0.89400000,832.75000000,2026-06-10 08:34:59,745.39481000,11
2026-06-10 08:35:00,0.89500000,0.89600000,0.89400000,0.89500000,11633.55000000,2026-06-10 08:39:59,10415.74887000,56
2026-06-10 08:40:00,0.89500000,0.89800000,0.89500000,0.89800000,2235.99000000,2026-06-10 08:44:59,2005.29905000,23
2026-06-10 08:45:00,0.89700000,0.90100000,0.89700000,0.89900000,4392.85000000,2026-06-10 08:49:59,3949.08316000,47
2026-06-10 08:50:00,0.89900000,0.90000000,0.89800000,0.89900000,3730.76000000,2026-06-10 08:54:59,3356.27714000,25
2026-06-10 08:55:00,0.89900000,0.89900000,0.89600000,0.89600000,1541.29000000,2026-06-10 08:59:59,1384.92503000,10
2026-06-10 09:00:00,0.89500000,0.89500000,0.89400000,0.89500000,3961.55000000,2026-06-10 09:04:59,3544.25336000,21
2026-06-10 09:05:00,0.89600000,0.89800000,0.89600000,0.89700000,11666.40000000,2026-06-10 09:09:59,10465.90473000,59
2026-06-10 09:10:00,0.89800000,0.90300000,0.89800000,0.90200000,14250.33000000,2026-06-10 09:14:59,12842.43505000,45
2026-06-10 09:15:00,0.90100000,0.90200000,0.89700000,0.89800000,2431.72000000,2026-06-10 09:19:59,2184.43083000,12
2026-06-10 09:20:00,0.89800000,0.89800000,0.89800000,0.89800000,0.00000000,2026-06-10 09:24:59,0.00000000,0
2026-06-10 09:25:00,0.89800000,0.90000000,0.89800000,0.90000000,3044.34000000,2026-06-10 09:29:59,2739.62966000,14
2026-06-10 09:30:00,0.90100000,0.91700000,0.89900000,0.91500000,30046.06000000,2026-06-10 09:34:59,27255.84895000,191
2026-06-10 09:35:00,0.91400000,0.91500000,0.91200000,0.91300000,17427.74000000,2026-06-10 09:39:59,15926.58627000,57
2026-06-10 09:40:00,0.91300000,0.91400000,0.91200000,0.91200000,1150.19000000,2026-06-10 09:44:59,1049.73569000,15
2026-06-10 09:45:00,0.91300000,0.91300000,0.91200000,0.91300000,555.23000000,2026-06-10 09:49:59,506.83873000,10
2026-06-10 09:50:00,0.91300000,0.91300000,0.91000000,0.91200000,3225.98000000,2026-06-10 09:54:59,2940.30361000,21
2026-06-10 09:55:00,0.91000000,0.91100000,0.91000000,0.91100000,1381.73000000,2026-06-10 09:59:59,1258.55128000,8
2026-06-10 10:00:00,0.91100000,0.91100000,0.91000000,0.91000000,259.14000000,2026-06-10 10:04:59,235.96665000,5
2026-06-10 10:05:00,0.91000000,0.91200000,0.91000000,0.91200000,2859.22000000,2026-06-10 10:09:59,2604.34077000,21
2026-06-10 10:10:00,0.91200000,0.91500000,0.91200000,0.91500000,8656.85000000,2026-06-10 10:14:59,7900.50906000,37
2026-06-10 10:15:00,0.91400000,0.91600000,0.91400000,0.91500000,2251.10000000,2026-06-10 10:19:59,2059.68333000,16
2026-06-10 10:20:00,0.91400000,0.91500000,0.91300000,0.91400000,2124.44000000,2026-06-10 10:24:59,1941.05936000,12
2026-06-10 10:25:00,0.91400000,0.91500000,0.91300000,0.91500000,3539.73000000,2026-06-10 10:29:59,3235.06560000,19
2026-06-10 10:30:00,0.91500000,0.92200000,0.91500000,0.92200000,36015.24000000,2026-06-10 10:34:59,33114.31162000,121
2026-06-10 10:35:00,0.92200000,0.92800000,0.92200000,0.92700000,9265.07000000,2026-06-10 10:39:59,8580.38317000,72
2026-06-10 10:40:00,0.92700000,0.93000000,0.92700000,0.92900000,5328.15000000,2026-06-10 10:44:59,4947.96814000,34
2026-06-10 10:45:00,0.93000000,0.93000000,0.92800000,0.93000000,2561.64000000,2026-06-10 10:49:59,2380.75886000,24
2026-06-10 10:50:00,0.92900000,0.92900000,0.92500000,0.92500000,2308.72000000,2026-06-10 10:54:59,2136.82420000,18
2026-06-10 10:55:00,0.92400000,0.92500000,0.92200000,0.92300000,4584.09000000,2026-06-10 10:59:59,4232.74922000,30
2026-06-10 11:00:00,0.92300000,0.92500000,0.92000000,0.92500000,2474.76000000,2026-06-10 11:04:59,2284.34409000,27
2026-06-10 11:05:00,0.92400000,0.92400000,0.92300000,0.92300000,2348.56000000,2026-06-10 11:09:59,2168.83494000,8
2026-06-10 11:10:00,0.92200000,0.92200000,0.91800000,0.91900000,10557.14000000,2026-06-10 11:14:59,9715.05304000,35
2026-06-10 11:15:00,0.91900000,0.92100000,0.91700000,0.91700000,8514.39000000,2026-06-10 11:19:59,7815.45326000,38
2026-06-10 11:20:00,0.91600000,0.92000000,0.91600000,0.92000000,983.41000000,2026-06-10 11:24:59,902.37757000,15
2026-06-10 11:25:00,0.92000000,0.92000000,0.91900000,0.91900000,3736.18000000,2026-06-10 11:29:59,3435.77825000,22
2026-06-10 11:30:00,0.91800000,0.92000000,0.91700000,0.92000000,515.63000000,2026-06-10 11:34:59,473.71504000,10
2026-06-10 11:35:00,0.92000000,0.92000000,0.91600000,0.91700000,2544.67000000,2026-06-10 11:39:59,2336.71016000,23
2026-06-10 11:40:00,0.92000000,0.92100000,0.91900000,0.91900000,2547.32000000,2026-06-10 11:44:59,2343.52240000,9
2026-06-10 11:45:00,0.91800000,0.91800000,0.91700000,0.91700000,1441.43000000,2026-06-10 11:49:59,1323.18185000,5
2026-06-10 11:50:00,0.91800000,0.91800000,0.91600000,0.91700000,13283.06000000,2026-06-10 11:54:59,12181.01486000,44
2026-06-10 11:55:00,0.91800000,0.91900000,0.91500000,0.91900000,3466.94000000,2026-06-10 11:59:59,3181.94202000,23
2026-06-10 12:00:00,0.92000000,0.92300000,0.92000000,0.92000000,849.72000000,2026-06-10 12:04:59,782.29557000,15
2026-06-10 12:05:00,0.91800000,0.91800000,0.91600000,0.91800000,1668.32000000,2026-06-10 12:09:59,1528.91797000,18
2026-06-10 12:10:00,0.91600000,0.91800000,0.91600000,0.91700000,1753.82000000,2026-06-10 12:14:59,1606.78664000,7
2026-06-10 12:15:00,0.91600000,0.91900000,0.91500000,0.91900000,609.06000000,2026-06-10 12:19:59,558.47516000,9
2026-06-10 12:20:00,0.92000000,0.92400000,0.92000000,0.92400000,587.75000000,2026-06-10 12:24:59,541.87530000,8
2026-06-10 12:25:00,0.92400000,0.92400000,0.92300000,0.92300000,1561.22000000,2026-06-10 12:29:59,1441.19750000,13
2026-06-10 12:30:00,0.92400000,0.92400000,0.92300000,0.92300000,1671.33000000,2026-06-10 12:34:59,1544.17434000,11
2026-06-10 12:35:00,0.92200000,0.92300000,0.92000000,0.92100000,2395.18000000,2026-06-10 12:39:59,2205.50606000,16
2026-06-10 12:40:00,0.92000000,0.92300000,0.91900000,0.92300000,1839.29000000,2026-06-10 12:44:59,1694.20467000,10
2026-06-10 12:45:00,0.92300000,0.92600000,0.91300000,0.91600000,18763.57000000,2026-06-10 12:49:59,17287.24877000,95
2026-06-10 12:50:00,0.91500000,0.92400000,0.91400000,0.92400000,4358.18000000,2026-06-10 12:54:59,3999.74958000,33
2026-06-10 12:55:00,0.92200000,0.92300000,0.92200000,0.92300000,1576.49000000,2026-06-10 12:59:59,1453.58283000,10
2026-06-10 13:00:00,0.92400000,0.92400000,0.92200000,0.92300000,1917.40000000,2026-06-10 13:04:59,1769.90456000,12
2026-06-10 13:05:00,0.92300000,0.92800000,0.92300000,0.92600000,24061.07000000,2026-06-10 13:09:59,22267.40636000,147
2026-06-10 13:10:00,0.92600000,0.92600000,0.92300000,0.92300000,6914.25000000,2026-06-10 13:14:59,6391.74219000,36
2026-06-10 13:15:00,0.92400000,0.92500000,0.92400000,0.92400000,2326.54000000,2026-06-10 13:19:59,2150.68405000,13
2026-06-10 13:20:00,0.92400000,0.92500000,0.92100000,0.92100000,4748.94000000,2026-06-10 13:24:59,4386.02872000,28
2026-06-10 13:25:00,0.92100000,0.92600000,0.92000000,0.92600000,2059.65000000,2026-06-10 13:29:59,1898.62229000,21
2026-06-10 13:30:00,0.92500000,0.92500000,0.92100000,0.92300000,5734.71000000,2026-06-10 13:34:59,5294.84103000,36
2026-06-10 13:35:00,0.92500000,0.92500000,0.92300000,0.92300000,7696.26000000,2026-06-10 13:39:59,7115.25065000,34
2026-06-10 13:40:00,0.92400000,0.92500000,0.92300000,0.92300000,823.89000000,2026-06-10 13:44:59,761.29595000,6
2026-06-10 13:45:00,0.91900000,0.91900000,0.91500000,0.91500000,1338.11000000,2026-06-10 13:49:59,1227.21596000,20
2026-06-10 13:50:00,0.91500000,0.91900000,0.91500000,0.91800000,3718.55000000,2026-06-10 13:54:59,3410.36113000,20
2026-06-10 13:55:00,0.91700000,0.91900000,0.91700000,0.91900000,574.31000000,2026-06-10 13:59:59,526.93402000,7
2026-06-10 14:00:00,0.91900000,0.92300000,0.91900000,0.92300000,684.83000000,2026-06-10 14:04:59,630.41141000,12
2026-06-10 14:05:00,0.92200000,0.92200000,0.91800000,0.91800000,2272.38000000,2026-06-10 14:09:59,2089.69081000,13
2026-06-10 14:10:00,0.91700000,0.91800000,0.91400000,0.91800000,4020.82000000,2026-06-10 14:14:59,3682.61497000,40
2026-06-10 14:15:00,0.91800000,0.92000000,0.91800000,0.91800000,2179.36000000,2026-06-10 14:19:59,2002.80569000,15
2026-06-10 14:20:00,0.91800000,0.91900000,0.91600000,0.91700000,6480.45000000,2026-06-10 14:24:59,5945.08196000,33
2026-06-10 14:25:00,0.91800000,0.91800000,0.91300000,0.91300000,2720.85000000,2026-06-10 14:29:59,2495.17943000,18
2026-06-10 14:30:00,0.91100000,0.91100000,0.90800000,0.91000000,3140.67000000,2026-06-10 14:34:59,2857.75145000,22
2026-06-10 14:35:00,0.91000000,0.91100000,0.90900000,0.91000000,2851.38000000,2026-06-10 14:39:59,2595.00894000,16
2026-06-10 14:40:00,0.91100000,0.91100000,0.90800000,0.91000000,10665.95000000,2026-06-10 14:44:59,9707.34923000,60
2026-06-10 14:45:00,0.90800000,0.91500000,0.90800000,0.91400000,4967.79000000,2026-06-10 14:49:59,4525.97454000,23
2026-06-10 14:50:00,0.91400000,0.91400000,0.90800000,0.90800000,3132.75000000,2026-06-10 14:54:59,2853.98456000,26
2026-06-10 14:55:00,0.91100000,0.91300000,0.91100000,0.91300000,339.47000000,2026-06-10 14:59:59,309.48857000,5
2026-06-10 15:00:00,0.91400000,0.91400000,0.91300000,0.91400000,2150.51000000,2026-06-10 15:04:59,1965.52321000,6
2026-06-10 15:05:00,0.91400000,0.91400000,0.91000000,0.91200000,511.40000000,2026-06-10 15:09:59,466.52240000,7
2026-06-10 15:10:00,0.91000000,0.91100000,0.90900000,0.91100000,740.76000000,2026-06-10 15:14:59,673.95645000,12
2026-06-10 15:15:00,0.91200000,0.91200000,0.90900000,0.90900000,3587.32000000,2026-06-10 15:19:59,3267.72955000,13
2026-06-10 15:20:00,0.91000000,0.91100000,0.90800000,0.91100000,2593.77000000,2026-06-10 15:24:59,2359.77176000,15
2026-06-10 15:25:00,0.91100000,0.91100000,0.90900000,0.91000000,854.57000000,2026-06-10 15:29:59,777.65870000,8
2026-06-10 15:30:00,0.91100000,0.91100000,0.90900000,0.90900000,960.60000000,2026-06-10 15:34:59,873.74986000,16
2026-06-10 15:35:00,0.90900000,0.90900000,0.90700000,0.90800000,2334.75000000,2026-06-10 15:39:59,2119.75837000,14
2026-06-10 15:40:00,0.90700000,0.90700000,0.90600000,0.90600000,1880.99000000,2026-06-10 15:44:59,1704.75100000,9
2026-06-10 15:45:00,0.90600000,0.91000000,0.90600000,0.90900000,3720.46000000,2026-06-10 15:49:59,3378.11781000,29
2026-06-10 15:50:00,0.90900000,0.91100000,0.90600000,0.91100000,5392.54000000,2026-06-10 15:54:59,4893.92836000,38
2026-06-10 15:55:00,0.91000000,0.91200000,0.91000000,0.91200000,2342.15000000,2026-06-10 15:59:59,2133.04581000,21
2026-06-10 16:00:00,0.91200000,0.91300000,0.91100000,0.91100000,1205.53000000,2026-06-10 16:04:59,1100.21879000,9
2026-06-10 16:05:00,0.90900000,0.91400000,0.90900000,0.91400000,975.74000000,2026-06-10 16:09:59,889.00342000,11
2026-06-10 16:10:00,0.91300000,0.91300000,0.90800000,0.90800000,1152.06000000,2026-06-10 16:14:59,1047.10111000,14
2026-06-10 16:15:00,0.90800000,0.90900000,0.90600000,0.90600000,1026.16000000,2026-06-10 16:19:59,931.35218000,14
2026-06-10 16:20:00,0.90700000,0.90700000,0.90400000,0.90600000,1184.74000000,2026-06-10 16:24:59,1072.68804000,20
2026-06-10 16:25:00,0.90700000,0.90700000,0.90400000,0.90600000,1692.79000000,2026-06-10 16:29:59,1534.39331000,17
2026-06-10 16:30:00,0.90600000,0.90800000,0.90600000,0.90800000,1812.21000000,2026-06-10 16:34:59,1643.04401000,20
2026-06-10 16:35:00,0.90700000,0.90700000,0.90500000,0.90500000,1277.57000000,2026-06-10 16:39:59,1157.27240000,24
2026-06-10 16:40:00,0.90500000,0.90500000,0.90400000,0.90400000,1192.06000000,2026-06-10 16:44:59,1078.41060000,19
2026-06-10 16:45:00,0.90400000,0.90400000,0.90100000,0.90100000,1087.46000000,2026-06-10 16:49:59,981.78485000,19
2026-06-10 16:50:00,0.90100000,0.90300000,0.89800000,0.90200000,6131.97000000,2026-06-10 16:54:59,5518.55390000,44
2026-06-10 16:55:00,0.90200000,0.90300000,0.90200000,0.90200000,589.00000000,2026-06-10 16:59:59,531.67060000,5
2026-06-10 17:00:00,0.90100000,0.90300000,0.89900000,0.90200000,1437.63000000,2026-06-10 17:04:59,1294.73206000,14
2026-06-10 17:05:00,0.90100000,0.90100000,0.89700000,0.89700000,1871.17000000,2026-06-10 17:09:59,1682.59513000,19
2026-06-10 17:10:00,0.89800000,0.90000000,0.89700000,0.89800000,10623.48000000,2026-06-10 17:14:59,9552.51310000,51
2026-06-10 17:15:00,0.89800000,0.90000000,0.89800000,0.90000000,6578.96000000,2026-06-10 17:19:59,5911.46313000,19
2026-06-10 17:20:00,0.89900000,0.90200000,0.89700000,0.90100000,2243.13000000,2026-06-10 17:24:59,2017.28024000,47
2026-06-10 17:25:00,0.90100000,0.90100000,0.90100000,0.90100000,6422.01000000,2026-06-10 17:29:59,5786.23101000,26
2026-06-10 17:30:00,0.90000000,0.90200000,0.89800000,0.90200000,3802.99000000,2026-06-10 17:34:59,3421.38504000,22
2026-06-10 17:35:00,0.90100000,0.90100000,0.89900000,0.89900000,10928.94000000,2026-06-10 17:39:59,9836.96317000,88
2026-06-10 17:40:00,0.89800000,0.89900000,0.89700000,0.89700000,8150.51000000,2026-06-10 17:44:59,7322.03683000,47
2026-06-10 17:45:00,0.89700000,0.89700000,0.89600000,0.89700000,1148.66000000,2026-06-10 17:49:59,1029.95630000,10
2026-06-10 17:50:00,0.89700000,0.89700000,0.89300000,0.89400000,12189.00000000,2026-06-10 17:54:59,10907.79461000,38
2026-06-10 17:55:00,0.89400000,0.89400000,0.89200000,0.89400000,1304.97000000,2026-06-10 17:59:59,1164.67957000,14
2026-06-10 18:00:00,0.89400000,0.89400000,0.89200000,0.89200000,561.00000000,2026-06-10 18:04:59,501.25553000,13
2026-06-10 18:05:00,0.89100000,0.89100000,0.88800000,0.89000000,15080.05000000,2026-06-10 18:09:59,13415.59147000,109
2026-06-10 18:10:00,0.89000000,0.89000000,0.88700000,0.88700000,22305.35000000,2026-06-10 18:14:59,19807.87628000,104
2026-06-10 18:15:00,0.88900000,0.89100000,0.88800000,0.89100000,6508.51000000,2026-06-10 18:19:59,5789.33550000,63
2026-06-10 18:20:00,0.89000000,0.89100000,0.88800000,0.88900000,1926.95000000,2026-06-10 18:24:59,1713.77545000,21
2026-06-10 18:25:00,0.89000000,0.89300000,0.89000000,0.89300000,1621.72000000,2026-06-10 18:29:59,1446.47647000,10
2026-06-10 18:30:00,0.89300000,0.89400000,0.89300000,0.89400000,512.36000000,2026-06-10 18:34:59,457.98218000,9
2026-06-10 18:35:00,0.89500000,0.89600000,0.89500000,0.89600000,873.18000000,2026-06-10 18:39:59,781.81479000,13
2026-06-10 18:40:00,0.89500000,0.89600000,0.89400000,0.89500000,1791.45000000,2026-06-10 18:44:59,1603.54266000,15
2026-06-10 18:45:00,0.89600000,0.89700000,0.89400000,0.89400000,968.60000000,2026-06-10 18:49:59,867.84543000,18
2026-06-10 18:50:00,0.89400000,0.89400000,0.88600000,0.88700000,4919.42000000,2026-06-10 18:54:59,4378.12327000,52
2026-06-10 18:55:00,0.88700000,0.88700000,0.88200000,0.88600000,5135.36000000,2026-06-10 18:59:59,4544.34760000,45
2026-06-10 19:00:00,0.88700000,0.88700000,0.88400000,0.88500000,5432.43000000,2026-06-10 19:04:59,4812.60783000,33
2026-06-10 19:05:00,0.88500000,0.88600000,0.88400000,0.88600000,237.66000000,2026-06-10 19:09:59,210.24546000,8
2026-06-10 19:10:00,0.88700000,0.88700000,0.88400000,0.88600000,7503.37000000,2026-06-10 19:14:59,6642.23439000,42
2026-06-10 19:15:00,0.88600000,0.88600000,0.88300000,0.88400000,3570.12000000,2026-06-10 19:19:59,3158.09306000,38
2026-06-10 19:20:00,0.88300000,0.88500000,0.88200000,0.88500000,5385.25000000,2026-06-10 19:24:59,4755.08741000,35
2026-06-10 19:25:00,0.88500000,0.88900000,0.88500000,0.88600000,6794.72000000,2026-06-10 19:29:59,6022.48519000,30
2026-06-10 19:30:00,0.88600000,0.89100000,0.88600000,0.88900000,4377.97000000,2026-06-10 19:34:59,3892.07327000,47
2026-06-10 19:35:00,0.89000000,0.89200000,0.89000000,0.89200000,8656.82000000,2026-06-10 19:39:59,7714.15291000,44
2026-06-10 19:40:00,0.89200000,0.89400000,0.89200000,0.89300000,7718.73000000,2026-06-10 19:44:59,6894.72542000,54
2026-06-10 19:45:00,0.89300000,0.89400000,0.89200000,0.89200000,1085.88000000,2026-06-10 19:49:59,969.75068000,11
2026-06-10 19:50:00,0.89300000,0.89300000,0.88900000,0.89100000,2802.03000000,2026-06-10 19:54:59,2495.34379000,27
2026-06-10 19:55:00,0.89100000,0.89100000,0.88800000,0.88800000,1165.43000000,2026-06-10 19:59:59,1036.70796000,13
2026-06-10 20:00:00,0.88800000,0.89000000,0.88700000,0.88700000,11665.32000000,2026-06-10 20:04:59,10363.87326000,67
2026-06-10 20:05:00,0.88900000,0.88900000,0.88700000,0.88700000,1898.23000000,2026-06-10 20:09:59,1686.26314000,20
2026-06-10 20:10:00,0.88600000,0.88700000,0.88600000,0.88600000,3705.59000000,2026-06-10 20:14:59,3286.51259000,15
2026-06-10 20:15:00,0.88600000,0.89200000,0.88500000,0.89100000,17709.62000000,2026-06-10 20:19:59,15736.91487000,100
2026-06-10 20:20:00,0.89100000,0.89500000,0.89100000,0.89400000,8310.01000000,2026-06-10 20:24:59,7423.79640000,45
2026-06-10 20:25:00,0.89300000,0.89700000,0.89300000,0.89700000,756.15000000,2026-06-10 20:29:59,677.56797000,14
2026-06-10 20:30:00,0.89700000,0.89900000,0.89400000,0.89600000,10607.62000000,2026-06-10 20:34:59,9499.09717000,70
2026-06-10 20:35:00,0.89700000,0.89800000,0.89700000,0.89700000,1806.76000000,2026-06-10 20:39:59,1620.95963000,11
2026-06-10 20:40:00,0.89600000,0.90000000,0.89600000,0.89900000,14438.45000000,2026-06-10 20:44:59,12949.55405000,59
2026-06-10 20:45:00,0.89900000,0.89900000,0.89700000,0.89700000,1658.10000000,2026-06-10 20:49:59,1488.25209000,10
2026-06-10 20:50:00,0.89700000,0.89900000,0.89700000,0.89900000,239.60000000,2026-06-10 20:54:59,215.03860000,4
2026-06-10 20:55:00,0.89900000,0.89900000,0.89800000,0.89900000,13847.93000000,2026-06-10 20:59:59,12438.72430000,39
2026-06-10 21:00:00,0.89900000,0.90300000,0.89900000,0.90200000,4999.34000000,2026-06-10 21:04:59,4502.73405000,40
2026-06-10 21:05:00,0.90200000,0.90200000,0.90000000,0.90100000,2619.05000000,2026-06-10 21:09:59,2360.15418000,26
2026-06-10 21:10:00,0.90200000,0.90300000,0.90200000,0.90300000,3085.14000000,2026-06-10 21:14:59,2785.76595000,21
2026-06-10 21:15:00,0.90400000,0.90700000,0.90400000,0.90600000,9121.67000000,2026-06-10 21:19:59,8259.02563000,47
2026-06-10 21:20:00,0.90500000,0.90600000,0.90300000,0.90300000,818.93000000,2026-06-10 21:24:59,741.05647000,15
2026-06-10 21:25:00,0.90300000,0.90500000,0.90300000,0.90500000,173.38000000,2026-06-10 21:29:59,156.83413000,6
2026-06-10 21:30:00,0.90600000,0.90700000,0.90500000,0.90500000,6218.79000000,2026-06-10 21:34:59,5634.86370000,42
2026-06-10 21:35:00,0.90400000,0.90500000,0.90300000,0.90300000,5462.37000000,2026-06-10 21:39:59,4938.57872000,26
2026-06-10 21:40:00,0.90300000,0.90500000,0.90300000,0.90300000,3734.10000000,2026-06-10 21:44:59,3372.89923000,22
2026-06-10 21:45:00,0.90400000,0.90500000,0.90400000,0.90500000,3311.57000000,2026-06-10 21:49:59,2995.87768000,19
2026-06-10 21:50:00,0.90500000,0.90500000,0.90300000,0.90300000,2396.47000000,2026-06-10 21:54:59,2167.54476000,10
2026-06-10 21:55:00,0.90300000,0.90500000,0.90300000,0.90500000,188.50000000,2026-06-10 21:59:59,170.27553000,7
2026-06-10 22:00:00,0.90500000,0.91100000,0.90500000,0.91000000,5368.20000000,2026-06-10 22:04:59,4878.25710000,62
2026-06-10 22:05:00,0.91000000,0.91100000,0.90800000,0.90800000,4049.99000000,2026-06-10 22:09:59,3681.27143000,28
2026-06-10 22:10:00,0.90800000,0.90900000,0.90800000,0.90900000,3388.84000000,2026-06-10 22:14:59,3077.17567000,15
2026-06-10 22:15:00,0.90900000,0.91100000,0.90900000,0.91100000,1438.32000000,2026-06-10 22:19:59,1307.62783000,11
2026-06-10 22:20:00,0.91000000,0.91000000,0.90800000,0.90900000,4210.96000000,2026-06-10 22:24:59,3827.10542000,23
2026-06-10 22:25:00,0.90900000,0.91000000,0.90900000,0.91000000,2348.79000000,2026-06-10 22:29:59,2136.94347000,32
2026-06-10 22:30:00,0.91000000,0.91100000,0.90800000,0.91000000,1391.00000000,2026-06-10 22:34:59,1265.71736000,15
2026-06-10 22:35:00,0.91000000,0.91000000,0.90800000,0.91000000,1373.68000000,2026-06-10 22:39:59,1249.74873000,18
2026-06-10 22:40:00,0.91100000,0.91300000,0.91100000,0.91200000,2574.29000000,2026-06-10 22:44:59,2348.09060000,23
2026-06-10 22:45:00,0.91100000,0.91100000,0.91100000,0.91100000,154.52000000,2026-06-10 22:49:59,140.76772000,4
2026-06-10 22:50:00,0.91100000,0.91200000,0.91100000,0.91100000,1314.90000000,2026-06-10 22:54:59,1199.00503000,14
2026-06-10 22:55:00,0.91000000,0.91100000,0.91000000,0.91100000,58.05000000,2026-06-10 22:59:59,52.85121000,4
2026-06-10 23:00:00,0.91100000,0.91200000,0.91000000,0.91200000,400.90000000,2026-06-10 23:04:59,365.45408000,6
2026-06-10 23:05:00,0.91200000,0.91200000,0.91100000,0.91100000,795.78000000,2026-06-10 23:09:59,725.16483000,10
2026-06-10 23:10:00,0.91000000,0.91000000,0.90900000,0.90900000,1655.79000000,2026-06-10 23:14:59,1505.22399000,10
2026-06-10 23:15:00,0.90900000,0.90900000,0.90800000,0.90900000,1156.24000000,2026-06-10 23:19:59,1051.00758000,11
2026-06-10 23:20:00,0.90900000,0.90900000,0.90700000,0.90700000,720.30000000,2026-06-10 23:24:59,653.41178000,9
2026-06-10 23:25:00,0.90700000,0.90700000,0.90700000,0.90700000,1393.74000000,2026-06-10 23:29:59,1264.12218000,5
2026-06-10 23:30:00,0.90600000,0.90600000,0.90500000,0.90500000,13334.63000000,2026-06-10 23:34:59,12080.41733000,30
2026-06-10 23:35:00,0.90600000,0.90600000,0.90600000,0.90600000,511.97000000,2026-06-10 23:39:59,463.84482000,7
2026-06-10 23:40:00,0.90700000,0.90800000,0.90700000,0.90700000,3200.12000000,2026-06-10 23:44:59,2903.00014000,24
2026-06-10 23:45:00,0.90600000,0.90600000,0.90600000,0.90600000,65.03000000,2026-06-10 23:49:59,58.91718000,2
2026-06-10 23:50:00,0.90700000,0.91000000,0.90700000,0.90900000,3413.72000000,2026-06-10 23:54:59,3103.60919000,25
2026-06-10 23:55:00,0.90900000,0.91000000,0.90800000,0.90900000,1422.31000000,2026-06-10 23:59:59,1293.18254000,22
2026-06-11 00:00:00,0.91000000,0.91000000,0.90900000,0.91000000,1026.72000000,2026-06-11 00:04:59,934.26810000,6
2026-06-11 00:05:00,0.90900000,0.90900000,0.90800000,0.90800000,1437.40000000,2026-06-11 00:09:59,1305.19201000,7
2026-06-11 00:10:00,0.90700000,0.90800000,0.90600000,0.90600000,435.17000000,2026-06-11 00:14:59,395.02247000,8
2026-06-11 00:15:00,0.90700000,0.91000000,0.90700000,0.90900000,744.31000000,2026-06-11 00:19:59,676.37390000,15
2026-06-11 00:20:00,0.90800000,0.90800000,0.90800000,0.90800000,730.01000000,2026-06-11 00:24:59,662.84908000,7
2026-06-11 00:25:00,0.90900000,0.91100000,0.90900000,0.91000000,2100.05000000,2026-06-11 00:29:59,1909.08003000,11
2026-06-11 00:30:00,0.91100000,0.91700000,0.91100000,0.91500000,14800.38000000,2026-06-11 00:34:59,13545.33586000,88
2026-06-11 00:35:00,0.91500000,0.91500000,0.91300000,0.91400000,1128.81000000,2026-06-11 00:39:59,1032.50305000,12
2026-06-11 00:40:00,0.91300000,0.91300000,0.91300000,0.91300000,1544.44000000,2026-06-11 00:44:59,1410.07372000,21
2026-06-11 00:45:00,0.91300000,0.91500000,0.91300000,0.91400000,4565.22000000,2026-06-11 00:49:59,4173.47055000,35
2026-06-11 00:50:00,0.91300000,0.91500000,0.91300000,0.91400000,2207.94000000,2026-06-11 00:54:59,2019.66106000,11
2026-06-11 00:55:00,0.91400000,0.92600000,0.91400000,0.92300000,38035.11000000,2026-06-11 00:59:59,35071.58027000,234
2026-06-11 01:00:00,0.92200000,0.92400000,0.92200000,0.92300000,1393.87000000,2026-06-11 01:04:59,1286.07056000,15
2026-06-11 01:05:00,0.92200000,0.92200000,0.92100000,0.92100000,576.34000000,2026-06-11 01:09:59,530.91408000,11
2026-06-11 01:10:00,0.92100000,0.92400000,0.92100000,0.92400000,3146.86000000,2026-06-11 01:14:59,2901.93976000,30
2026-06-11 01:15:00,0.92300000,0.92400000,0.92300000,0.92300000,2767.53000000,2026-06-11 01:19:59,2554.54607000,13
2026-06-11 01:20:00,0.92300000,0.92600000,0.92300000,0.92400000,1558.62000000,2026-06-11 01:24:59,1441.34376000,22
2026-06-11 01:25:00,0.92300000,0.92300000,0.92300000,0.92300000,371.93000000,2026-06-11 01:29:59,343.29139000,10
2026-06-11 01:30:00,0.92300000,0.92400000,0.92300000,0.92300000,146.47000000,2026-06-11 01:34:59,135.19814000,5
2026-06-11 01:35:00,0.92300000,0.92500000,0.92300000,0.92500000,1613.93000000,2026-06-11 01:39:59,1489.99533000,15
2026-06-11 01:40:00,0.92600000,0.92600000,0.92500000,0.92600000,449.52000000,2026-06-11 01:44:59,416.07537000,12
2026-06-11 01:45:00,0.92600000,0.92800000,0.92600000,0.92800000,1040.07000000,2026-06-11 01:49:59,964.67357000,25
2026-06-11 01:50:00,0.92800000,0.92900000,0.92800000,0.92800000,7585.31000000,2026-06-11 01:54:59,7040.57591000,44
2026-06-11 01:55:00,0.92900000,0.92900000,0.92700000,0.92700000,2907.26000000,2026-06-11 01:59:59,2697.99643000,12
2026-06-11 02:00:00,0.92600000,0.92700000,0.92400000,0.92600000,10276.11000000,2026-06-11 02:04:59,9504.15089000,36
2026-06-11 02:05:00,0.92500000,0.92600000,0.92400000,0.92500000,2920.99000000,2026-06-11 02:09:59,2702.55576000,19
2026-06-11 02:10:00,0.92600000,0.92600000,0.92500000,0.92500000,199.76000000,2026-06-11 02:14:59,184.80004000,5
2026-06-11 02:15:00,0.92500000,0.92600000,0.92400000,0.92400000,245.68000000,2026-06-11 02:19:59,227.34771000,9
2026-06-11 02:20:00,0.92500000,0.92500000,0.92400000,0.92400000,1351.72000000,2026-06-11 02:24:59,1250.23607000,12
2026-06-11 02:25:00,0.92300000,0.92300000,0.92100000,0.92100000,589.60000000,2026-06-11 02:29:59,543.22369000,11
2026-06-11 02:30:00,0.92100000,0.92200000,0.92100000,0.92100000,404.77000000,2026-06-11 02:34:59,372.90451000,8
2026-06-11 02:35:00,0.92100000,0.92300000,0.92000000,0.92200000,1132.90000000,2026-06-11 02:39:59,1044.30063000,17
2026-06-11 02:40:00,0.92200000,0.92300000,0.92200000,0.92200000,3700.82000000,2026-06-11 02:44:59,3412.16648000,10
2026-06-11 02:45:00,0.92200000,0.92300000,0.92100000,0.92100000,1699.83000000,2026-06-11 02:49:59,1568.16269000,8
2026-06-11 02:50:00,0.92100000,0.92200000,0.92100000,0.92100000,473.41000000,2026-06-11 02:54:59,436.13861000,8
2026-06-11 02:55:00,0.92100000,0.92100000,0.91900000,0.91900000,1882.55000000,2026-06-11 02:59:59,1731.03503000,11
2026-06-11 03:00:00,0.91900000,0.91900000,0.91800000,0.91800000,97.78000000,2026-06-11 03:04:59,89.82210000,3
2026-06-11 03:05:00,0.91700000,0.92000000,0.91700000,0.91900000,7318.82000000,2026-06-11 03:09:59,6725.37091000,26
2026-06-11 03:10:00,0.91900000,0.92200000,0.91900000,0.92100000,1460.67000000,2026-06-11 03:14:59,1345.18226000,16
2026-06-11 03:15:00,0.92200000,0.92200000,0.92000000,0.92000000,536.61000000,2026-06-11 03:19:59,494.16935000,10
2026-06-11 03:20:00,0.92100000,0.92500000,0.92100000,0.92500000,5122.42000000,2026-06-11 03:24:59,4729.64160000,38
2026-06-11 03:25:00,0.92400000,0.92400000,0.92200000,0.92300000,2926.67000000,2026-06-11 03:29:59,2699.12761000,27
2026-06-11 03:30:00,0.92200000,0.92700000,0.92200000,0.92600000,1557.00000000,2026-06-11 03:34:59,1440.18615000,24
2026-06-11 03:35:00,0.92600000,0.92600000,0.92500000,0.92600000,5148.72000000,2026-06-11 03:39:59,4767.40159000,15
2026-06-11 03:40:00,0.92500000,0.92500000,0.92400000,0.92500000,329.26000000,2026-06-11 03:44:59,304.55576000,5
2026-06-11 03:45:00,0.92400000,0.92600000,0.92400000,0.92400000,13715.33000000,2026-06-11 03:49:59,12682.56447000,85
2026-06-11 03:50:00,0.92400000,0.92500000,0.92300000,0.92300000,2463.32000000,2026-06-11 03:54:59,2275.17840000,18
2026-06-11 03:55:00,0.92200000,0.92200000,0.92200000,0.92200000,216.68000000,2026-06-11 03:59:59,199.77896000,3
2026-06-11 04:00:00,0.92200000,0.92400000,0.92100000,0.92400000,9728.25000000,2026-06-11 04:04:59,8974.24036000,32
2026-06-11 04:05:00,0.92300000,0.92300000,0.92200000,0.92300000,2239.36000000,2026-06-11 04:09:59,2066.83562000,9
2026-06-11 04:10:00,0.92400000,0.92400000,0.92300000,0.92300000,6085.73000000,2026-06-11 04:14:59,5619.56650000,28
2026-06-11 04:15:00,0.92300000,0.92600000,0.92300000,0.92600000,4154.07000000,2026-06-11 04:19:59,3839.04391000,30
2026-06-11 04:20:00,0.92700000,0.92800000,0.92400000,0.92500000,5644.77000000,2026-06-11 04:24:59,5223.21143000,30
2026-06-11 04:25:00,0.92400000,0.92500000,0.92300000,0.92500000,13432.43000000,2026-06-11 04:29:59,12413.06567000,43
2026-06-11 04:30:00,0.92500000,0.92500000,0.92300000,0.92300000,2366.71000000,2026-06-11 04:34:59,2185.51145000,9
2026-06-11 04:35:00,0.92300000,0.92300000,0.92000000,0.92000000,3864.25000000,2026-06-11 04:39:59,3562.21759000,13
2026-06-11 04:40:00,0.91900000,0.92000000,0.91900000,0.92000000,2823.72000000,2026-06-11 04:44:59,2595.01578000,9
2026-06-11 04:45:00,0.92000000,0.92100000,0.92000000,0.92100000,1213.94000000,2026-06-11 04:49:59,1117.47526000,12
2026-06-11 04:50:00,0.92100000,0.92100000,0.92000000,0.92000000,666.83000000,2026-06-11 04:54:59,614.03370000,8
2026-06-11 04:55:00,0.91900000,0.92100000,0.91900000,0.92000000,3159.28000000,2026-06-11 04:59:59,2907.75884000,16
2026-06-11 05:00:00,0.92100000,0.92200000,0.92000000,0.92200000,6404.85000000,2026-06-11 05:04:59,5899.99006000,21
2026-06-11 05:05:00,0.92100000,0.92200000,0.92100000,0.92100000,8155.41000000,2026-06-11 05:09:59,7511.20561000,30
2026-06-11 05:10:00,0.92200000,0.92400000,0.92200000,0.92400000,8968.50000000,2026-06-11 05:14:59,8269.10178000,17
2026-06-11 05:15:00,0.92400000,0.92500000,0.92400000,0.92400000,381.84000000,2026-06-11 05:19:59,352.82980000,6
2026-06-11 05:20:00,0.92400000,0.92600000,0.92400000,0.92500000,1343.94000000,2026-06-11 05:24:59,1242.48565000,10
2026-06-11 05:25:00,0.92600000,0.92700000,0.92600000,0.92700000,1173.54000000,2026-06-11 05:29:59,1087.10382000,9
2026-06-11 05:30:00,0.92800000,0.92900000,0.92800000,0.92900000,1031.17000000,2026-06-11 05:34:59,957.59408000,15
2026-06-11 05:35:00,0.92900000,0.92900000,0.92700000,0.92800000,3628.89000000,2026-06-11 05:39:59,3367.37379000,16
2026-06-11 05:40:00,0.92700000,0.92700000,0.92400000,0.92400000,5087.28000000,2026-06-11 05:44:59,4704.99347000,25
2026-06-11 05:45:00,0.92300000,0.92500000,0.92300000,0.92400000,3308.87000000,2026-06-11 05:49:59,3057.32562000,22
2026-06-11 05:50:00,0.92400000,0.92500000,0.92400000,0.92400000,2817.68000000,2026-06-11 05:54:59,2605.57306000,14
2026-06-11 05:55:00,0.92500000,0.92500000,0.92400000,0.92400000,3198.53000000,2026-06-11 05:59:59,2956.79877000,17
2026-06-11 06:00:00,0.92400000,0.92700000,0.92400000,0.92600000,4909.61000000,2026-06-11 06:04:59,4547.19320000,21
2026-06-11 06:05:00,0.92600000,0.92600000,0.92400000,0.92400000,4445.95000000,2026-06-11 06:09:59,4108.75646000,17
2026-06-11 06:10:00,0.92400000,0.92400000,0.92100000,0.92100000,2093.93000000,2026-06-11 06:14:59,1932.43819000,13
2026-06-11 06:15:00,0.92100000,0.92200000,0.92000000,0.92200000,6054.03000000,2026-06-11 06:19:59,5575.66105000,15
2026-06-11 06:20:00,0.92100000,0.92100000,0.92000000,0.92100000,3847.04000000,2026-06-11 06:24:59,3542.98522000,21
2026-06-11 06:25:00,0.92100000,0.92200000,0.92100000,0.92200000,315.66000000,2026-06-11 06:29:59,290.84979000,6
2026-06-11 06:30:00,0.92200000,0.92600000,0.92200000,0.92400000,6157.43000000,2026-06-11 06:34:59,5686.08610000,22
2026-06-11 06:35:00,0.92300000,0.92400000,0.92300000,0.92400000,6261.76000000,2026-06-11 06:39:59,5783.86562000,15
2026-06-11 06:40:00,0.92300000,0.92300000,0.92200000,0.92200000,114.27000000,2026-06-11 06:44:59,105.36287000,4
2026-06-11 06:45:00,0.92200000,0.92200000,0.92100000,0.92200000,108.10000000,2026-06-11 06:49:59,99.62342000,5
2026-06-11 06:50:00,0.92200000,0.92300000,0.92200000,0.92300000,6818.86000000,2026-06-11 06:54:59,6291.83898000,23
2026-06-11 06:55:00,0.92200000,0.92200000,0.92100000,0.92100000,2102.75000000,2026-06-11 06:59:59,1938.71705000,8
2026-06-11 07:00:00,0.92200000,0.92200000,0.92100000,0.92100000,4885.86000000,2026-06-11 07:04:59,4503.17855000,18
2026-06-11 07:05:00,0.92100000,0.92500000,0.92100000,0.92400000,5401.51000000,2026-06-11 07:09:59,4975.40200000,20
2026-06-11 07:10:00,0.92300000,0.92300000,0.92200000,0.92300000,1459.37000000,2026-06-11 07:14:59,1346.92772000,13
2026-06-11 07:15:00,0.92300000,0.92300000,0.92100000,0.92100000,9330.47000000,2026-06-11 07:19:59,8600.67860000,33
2026-06-11 07:20:00,0.92100000,0.92200000,0.92100000,0.92200000,8514.84000000,2026-06-11 07:24:59,7842.18464000,36
2026-06-11 07:25:00,0.92200000,0.92300000,0.92100000,0.92200000,5304.49000000,2026-06-11 07:29:59,4888.94582000,17
2026-06-11 07:30:00,0.92200000,0.92300000,0.92100000,0.92100000,4787.95000000,2026-06-11 07:34:59,4414.29445000,24
2026-06-11 07:35:00,0.92100000,0.92200000,0.92000000,0.92000000,3550.54000000,2026-06-11 07:39:59,3270.22260000,16
2026-06-11 07:40:00,0.92000000,0.92000000,0.91900000,0.92000000,1438.02000000,2026-06-11 07:44:59,1322.86959000,10
2026-06-11 07:45:00,0.92000000,0.92200000,0.92000000,0.92200000,10541.68000000,2026-06-11 07:49:59,9711.97900000,42
2026-06-11 07:50:00,0.92200000,0.92200000,0.92000000,0.92000000,15554.75000000,2026-06-11 07:54:59,14324.21330000,44
2026-06-11 07:55:00,0.92100000,0.92200000,0.92000000,0.92100000,15982.74000000,2026-06-11 07:59:59,14719.71800000,44
2026-06-11 08:00:00,0.92100000,0.92200000,0.91900000,0.92100000,854.45000000,2026-06-11 08:04:59,786.65202000,10
2026-06-11 08:05:00,0.92200000,0.92300000,0.91900000,0.92100000,6894.58000000,2026-06-11 08:09:59,6349.11134000,29
2026-06-11 08:10:00,0.92200000,0.92300000,0.92200000,0.92300000,2046.03000000,2026-06-11 08:14:59,1886.79142000,13
2026-06-11 08:15:00,0.92300000,0.92300000,0.92100000,0.92100000,1657.66000000,2026-06-11 08:19:59,1528.48347000,10
2026-06-11 08:20:00,0.92100000,0.92200000,0.92000000,0.92200000,8050.42000000,2026-06-11 08:24:59,7418.91780000,36
2026-06-11 08:25:00,0.92200000,0.92300000,0.92100000,0.92300000,2974.03000000,2026-06-11 08:29:59,2742.08742000,12
2026-06-11 08:30:00,0.92400000,0.92500000,0.92300000,0.92400000,8999.79000000,2026-06-11 08:34:59,8316.84793000,42
2026-06-11 08:35:00,0.92400000,0.92400000,0.92100000,0.92300000,1962.17000000,2026-06-11 08:39:59,1811.11235000,15
2026-06-11 08:40:00,0.92400000,0.92400000,0.92300000,0.92300000,119.63000000,2026-06-11 08:44:59,110.51081000,2
2026-06-11 08:45:00,0.92400000,0.92500000,0.92300000,0.92500000,789.34000000,2026-06-11 08:49:59,729.33503000,9
2026-06-11 08:50:00,0.92500000,0.92900000,0.92500000,0.92800000,6573.83000000,2026-06-11 08:54:59,6097.42896000,57
2026-06-11 08:55:00,0.92800000,0.92800000,0.92700000,0.92700000,1651.34000000,2026-06-11 08:59:59,1530.99835000,8
2026-06-11 09:00:00,0.92600000,0.92600000,0.92500000,0.92500000,3941.04000000,2026-06-11 09:04:59,3648.73594000,35
2026-06-11 09:05:00,0.92600000,0.92600000,0.92500000,0.92500000,3299.17000000,2026-06-11 09:09:59,3055.02550000,15
2026-06-11 09:10:00,0.92500000,0.92600000,0.92500000,0.92500000,3348.02000000,2026-06-11 09:14:59,3098.85902000,16
2026-06-11 09:15:00,0.92600000,0.92600000,0.92500000,0.92500000,6521.03000000,2026-06-11 09:19:59,6036.31528000,24
2026-06-11 09:20:00,0.92500000,0.92500000,0.91200000,0.91300000,44560.53000000,2026-06-11 09:24:59,40899.63865000,208
2026-06-11 09:25:00,0.91400000,0.91600000,0.91400000,0.91500000,4901.01000000,2026-06-11 09:29:59,4485.36801000,29
2026-06-11 09:30:00,0.91500000,0.91900000,0.91300000,0.91700000,27192.82000000,2026-06-11 09:34:59,24911.13115000,164
2026-06-11 09:35:00,0.91800000,0.92000000,0.91700000,0.92000000,3675.60000000,2026-06-11 09:39:59,3376.27505000,30
2026-06-11 09:40:00,0.91900000,0.92400000,0.91900000,0.92300000,8675.38000000,2026-06-11 09:44:59,7989.32009000,66
2026-06-11 09:45:00,0.92300000,0.92300000,0.92100000,0.92100000,3714.93000000,2026-06-11 09:49:59,3425.64483000,31
2026-06-11 09:50:00,0.92100000,0.92300000,0.92000000,0.92200000,2390.87000000,2026-06-11 09:54:59,2206.39871000,19
2026-06-11 09:55:00,0.92300000,0.92300000,0.92100000,0.92300000,1791.91000000,2026-06-11 09:59:59,1653.13697000,18
2026-06-11 10:00:00,0.92300000,0.92300000,0.92000000,0.92200000,3903.01000000,2026-06-11 10:04:59,3594.42926000,28
2026-06-11 10:05:00,0.92200000,0.92300000,0.92100000,0.92100000,447.16000000,2026-06-11 10:09:59,412.35907000,7
2026-06-11 10:10:00,0.92200000,0.92300000,0.92100000,0.92300000,1354.53000000,2026-06-11 10:14:59,1250.03829000,16
2026-06-11 10:15:00,0.92300000,0.92400000,0.92200000,0.92400000,2393.22000000,2026-06-11 10:19:59,2208.94253000,7
2026-06-11 10:20:00,0.92500000,0.92600000,0.92100000,0.92100000,5168.81000000,2026-06-11 10:24:59,4775.94638000,29
2026-06-11 10:25:00,0.92100000,0.92300000,0.92100000,0.92200000,2951.15000000,2026-06-11 10:29:59,2722.24502000,14
2026-06-11 10:30:00,0.92200000,0.92200000,0.92000000,0.92200000,4128.45000000,2026-06-11 10:34:59,3805.65115000,19
2026-06-11 10:35:00,0.92300000,0.92500000,0.92300000,0.92400000,1408.72000000,2026-06-11 10:39:59,1302.04404000,18
2026-06-11 10:40:00,0.92300000,0.92400000,0.92100000,0.92400000,1444.95000000,2026-06-11 10:44:59,1332.35980000,23
2026-06-11 10:45:00,0.92500000,0.93100000,0.92500000,0.92900000,8405.46000000,2026-06-11 10:49:59,7798.93644000,77
2026-06-11 10:50:00,0.92800000,0.93200000,0.92800000,0.92900000,11682.78000000,2026-06-11 10:54:59,10860.90871000,81
2026-06-11 10:55:00,0.92800000,0.92800000,0.92600000,0.92600000,616.57000000,2026-06-11 10:59:59,571.40534000,13
2026-06-11 11:00:00,0.92500000,0.92800000,0.92500000,0.92600000,2575.62000000,2026-06-11 11:04:59,2386.91877000,24
2026-06-11 11:05:00,0.92600000,0.92600000,0.92500000,0.92600000,192.92000000,2026-06-11 11:09:59,178.55593000,8
2026-06-11 11:10:00,0.92500000,0.92500000,0.92300000,0.92400000,2369.09000000,2026-06-11 11:14:59,2188.98743000,20
2026-06-11 11:15:00,0.92500000,0.92500000,0.92300000,0.92400000,2347.35000000,2026-06-11 11:19:59,2167.40925000,23
2026-06-11 11:20:00,0.92400000,0.92700000,0.92400000,0.92700000,5054.00000000,2026-06-11 11:24:59,4672.82781000,26
2026-06-11 11:25:00,0.92600000,0.92800000,0.92600000,0.92800000,3019.78000000,2026-06-11 11:29:59,2799.58417000,24
2026-06-11 11:30:00,0.92700000,0.92800000,0.92600000,0.92600000,918.53000000,2026-06-11 11:34:59,850.85668000,13
2026-06-11 11:35:00,0.92800000,0.93000000,0.92700000,0.92700000,3629.06000000,2026-06-11 11:39:59,3370.43979000,25
2026-06-11 11:40:00,0.92700000,0.92900000,0.92700000,0.92900000,2489.47000000,2026-06-11 11:44:59,2310.36440000,26
2026-06-11 11:45:00,0.92900000,0.93300000,0.92900000,0.93200000,13970.17000000,2026-06-11 11:49:59,13013.50884000,87
2026-06-11 11:50:00,0.93200000,0.93600000,0.93100000,0.93400000,11778.25000000,2026-06-11 11:54:59,11006.46003000,197
2026-06-11 11:55:00,0.93300000,0.93400000,0.93100000,0.93100000,6341.33000000,2026-06-11 11:59:59,5911.88732000,46
2026-06-11 12:00:00,0.93100000,0.93200000,0.92700000,0.93000000,17584.26000000,2026-06-11 12:04:59,16334.97920000,77
2026-06-11 12:05:00,0.93000000,0.93200000,0.92700000,0.93200000,13382.29000000,2026-06-11 12:09:59,12433.36695000,84
2026-06-11 12:10:00,0.93200000,0.93700000,0.93200000,0.93400000,6708.07000000,2026-06-11 12:14:59,6272.39462000,66
2026-06-11 12:15:00,0.93400000,0.93500000,0.93300000,0.93300000,1485.10000000,2026-06-11 12:19:59,1386.98730000,13
2026-06-11 12:20:00,0.93400000,0.93600000,0.93400000,0.93600000,2129.86000000,2026-06-11 12:24:59,1993.18418000,18
2026-06-11 12:25:00,0.93600000,0.93900000,0.93600000,0.93900000,1440.58000000,2026-06-11 12:29:59,1350.45589000,33
2026-06-11 12:30:00,0.93900000,0.94000000,0.93700000,0.93900000,2923.97000000,2026-06-11 12:34:59,2746.00002000,19
2026-06-11 12:35:00,0.94000000,0.94100000,0.93700000,0.93700000,5251.07000000,2026-06-11 12:39:59,4930.32386000,41
2026-06-11 12:40:00,0.93700000,0.93800000,0.93400000,0.93500000,5439.01000000,2026-06-11 12:44:59,5087.27055000,34
2026-06-11 12:45:00,0.93300000,0.93500000,0.93200000,0.93300000,2599.64000000,2026-06-11 12:49:59,2425.35858000,24
2026-06-11 12:50:00,0.93400000,0.93400000,0.93400000,0.93400000,262.83000000,2026-06-11 12:54:59,245.48322000,3
2026-06-11 12:55:00,0.93300000,0.93500000,0.93300000,0.93500000,2694.99000000,2026-06-11 12:59:59,2519.61449000,18
2026-06-11 13:00:00,0.93600000,0.93700000,0.93600000,0.93600000,2191.19000000,2026-06-11 13:04:59,2052.06360000,14
2026-06-11 13:05:00,0.93500000,0.93900000,0.93500000,0.93800000,589.85000000,2026-06-11 13:09:59,552.92021000,12
2026-06-11 13:10:00,0.93800000,0.93800000,0.93800000,0.93800000,1167.24000000,2026-06-11 13:14:59,1094.87112000,4
2026-06-11 13:15:00,0.93900000,0.93900000,0.93700000,0.93700000,1550.83000000,2026-06-11 13:19:59,1455.48116000,10
2026-06-11 13:20:00,0.93600000,0.93600000,0.93200000,0.93300000,12330.78000000,2026-06-11 13:24:59,11518.16259000,75
2026-06-11 13:25:00,0.93400000,0.93500000,0.93300000,0.93500000,2304.21000000,2026-06-11 13:29:59,2152.88016000,18
2026-06-11 13:30:00,0.93400000,0.93600000,0.93200000,0.93500000,6705.79000000,2026-06-11 13:34:59,6256.01980000,33
2026-06-11 13:35:00,0.93500000,0.93500000,0.93400000,0.93400000,1960.95000000,2026-06-11 13:39:59,1832.28063000,10
2026-06-11 13:40:00,0.93300000,0.93300000,0.93000000,0.93100000,439.43000000,2026-06-11 13:44:59,409.70201000,11
2026-06-11 13:45:00,0.93100000,0.93200000,0.93000000,0.93000000,2737.00000000,2026-06-11 13:49:59,2546.27197000,15
2026-06-11 13:50:00,0.92900000,0.92900000,0.92900000,0.92900000,642.88000000,2026-06-11 13:54:59,597.23552000,11
2026-06-11 13:55:00,0.92800000,0.92800000,0.92700000,0.92800000,4187.89000000,2026-06-11 13:59:59,3883.10403000,30
2026-06-11 14:00:00,0.92700000,0.92800000,0.92400000,0.92500000,15962.19000000,2026-06-11 14:04:59,14792.88215000,65
2026-06-11 14:05:00,0.92500000,0.92900000,0.92500000,0.92800000,9200.17000000,2026-06-11 14:09:59,8535.32290000,47
2026-06-11 14:10:00,0.92800000,0.92800000,0.92400000,0.92500000,931.57000000,2026-06-11 14:14:59,861.48365000,18
2026-06-11 14:15:00,0.92500000,0.92500000,0.92400000,0.92400000,1798.30000000,2026-06-11 14:19:59,1661.84439000,8
2026-06-11 14:20:00,0.92300000,0.92400000,0.92300000,0.92400000,1903.29000000,2026-06-11 14:24:59,1756.74262000,9
2026-06-11 14:25:00,0.92400000,0.94000000,0.92300000,0.94000000,41874.33000000,2026-06-11 14:29:59,38971.14446000,237
2026-06-11 14:30:00,0.93900000,0.94700000,0.93900000,0.94500000,29056.24000000,2026-06-11 14:34:59,27382.47863000,203
2026-06-11 14:35:00,0.94500000,0.95000000,0.94500000,0.94700000,11773.41000000,2026-06-11 14:39:59,11150.70574000,108
2026-06-11 14:40:00,0.94700000,0.94900000,0.94600000,0.94900000,7012.30000000,2026-06-11 14:44:59,6650.55447000,43
2026-06-11 14:45:00,0.95000000,0.95400000,0.94900000,0.95400000,20312.05000000,2026-06-11 14:49:59,19320.77731000,101
2026-06-11 14:50:00,0.95400000,0.95400000,0.94900000,0.95000000,10990.49000000,2026-06-11 14:54:59,10453.44164000,65
2026-06-11 14:55:00,0.94900000,0.95000000,0.94700000,0.95000000,12492.55000000,2026-06-11 14:59:59,11851.37150000,62
2026-06-11 15:00:00,0.95100000,0.95400000,0.94900000,0.94900000,4896.29000000,2026-06-11 15:04:59,4657.74502000,31
2026-06-11 15:05:00,0.94800000,0.94800000,0.94600000,0.94600000,1040.58000000,2026-06-11 15:09:59,985.62102000,14
2026-06-11 15:10:00,0.94600000,0.94900000,0.94600000,0.94900000,4284.88000000,2026-06-11 15:14:59,4064.58711000,18
2026-06-11 15:15:00,0.95000000,0.95200000,0.95000000,0.95000000,3110.57000000,2026-06-11 15:19:59,2956.15111000,22
2026-06-11 15:20:00,0.95100000,0.95100000,0.94300000,0.94300000,5804.76000000,2026-06-11 15:24:59,5483.47274000,56
2026-06-11 15:25:00,0.94300000,0.94300000,0.94200000,0.94200000,2748.93000000,2026-06-11 15:29:59,2589.57445000,16
2026-06-11 15:30:00,0.94200000,0.94300000,0.94200000,0.94300000,2480.54000000,2026-06-11 15:34:59,2338.00482000,14
2026-06-11 15:35:00,0.94400000,0.94500000,0.94300000,0.94400000,3386.41000000,2026-06-11 15:39:59,3196.96055000,19
2026-06-11 15:40:00,0.94300000,0.94400000,0.94300000,0.94300000,623.10000000,2026-06-11 15:44:59,587.67689000,8
2026-06-11 15:45:00,0.94400000,0.94400000,0.94300000,0.94300000,2226.26000000,2026-06-11 15:49:59,2101.58364000,8
2026-06-11 15:50:00,0.94200000,0.94300000,0.94200000,0.94300000,2986.80000000,2026-06-11 15:54:59,2815.02160000,18
2026-06-11 15:55:00,0.94300000,0.94300000,0.94200000,0.94200000,1977.37000000,2026-06-11 15:59:59,1864.61515000,12
2026-06-11 16:00:00,0.94100000,0.94300000,0.94000000,0.94100000,2338.20000000,2026-06-11 16:04:59,2203.70425000,18
2026-06-11 16:05:00,0.94100000,0.94100000,0.93900000,0.93900000,1847.45000000,2026-06-11 16:09:59,1735.79522000,16
2026-06-11 16:10:00,0.93900000,0.94400000,0.93900000,0.94100000,2987.66000000,2026-06-11 16:14:59,2814.21064000,36
2026-06-11 16:15:00,0.94200000,0.94300000,0.94200000,0.94300000,1657.76000000,2026-06-11 16:19:59,1563.26186000,10
2026-06-11 16:20:00,0.94400000,0.94500000,0.94300000,0.94400000,421.05000000,2026-06-11 16:24:59,397.46762000,10
2026-06-11 16:25:00,0.94400000,0.94400000,0.94300000,0.94300000,1176.81000000,2026-06-11 16:29:59,1110.02662000,12
2026-06-11 16:30:00,0.94300000,0.95000000,0.94300000,0.94900000,9552.15000000,2026-06-11 16:34:59,9037.63306000,69
2026-06-11 16:35:00,0.94900000,0.94900000,0.94500000,0.94500000,76.32000000,2026-06-11 16:39:59,72.27465000,7
2026-06-11 16:40:00,0.94700000,0.94800000,0.94700000,0.94700000,2527.30000000,2026-06-11 16:44:59,2395.35134000,15
2026-06-11 16:45:00,0.94700000,0.94700000,0.94700000,0.94700000,2724.33000000,2026-06-11 16:49:59,2579.94051000,17
2026-06-11 16:50:00,0.94700000,0.94700000,0.94600000,0.94600000,3564.02000000,2026-06-11 16:54:59,3373.37837000,19
2026-06-11 16:55:00,0.94500000,0.94700000,0.94500000,0.94600000,3815.28000000,2026-06-11 16:59:59,3612.11432000,18
2026-06-11 17:00:00,0.94600000,0.94700000,0.94600000,0.94600000,973.82000000,2026-06-11 17:04:59,921.34125000,8
2026-06-11 17:05:00,0.94700000,0.94700000,0.94600000,0.94600000,394.29000000,2026-06-11 17:09:59,373.34798000,7
2026-06-11 17:10:00,0.94500000,0.94600000,0.94500000,0.94600000,1322.82000000,2026-06-11 17:14:59,1251.11941000,18
2026-06-11 17:15:00,0.94500000,0.94600000,0.94500000,0.94600000,1770.67000000,2026-06-11 17:19:59,1673.70745000,13
2026-06-11 17:20:00,0.94600000,0.94600000,0.94500000,0.94500000,3592.69000000,2026-06-11 17:24:59,3395.19113000,18
2026-06-11 17:25:00,0.94500000,0.94500000,0.94100000,0.94200000,9483.00000000,2026-06-11 17:29:59,8936.94202000,52
2026-06-11 17:30:00,0.94100000,0.94300000,0.94100000,0.94300000,3756.59000000,2026-06-11 17:34:59,3539.91029000,22
2026-06-11 17:35:00,0.94200000,0.94200000,0.94100000,0.94100000,3839.35000000,2026-06-11 17:39:59,3615.47482000,16
2026-06-11 17:40:00,0.94100000,0.94200000,0.94100000,0.94100000,3167.39000000,2026-06-11 17:44:59,2981.53555000,9
2026-06-11 17:45:00,0.94200000,0.94300000,0.94200000,0.94300000,956.43000000,2026-06-11 17:49:59,901.07993000,27
2026-06-11 17:50:00,0.94300000,0.94500000,0.94300000,0.94500000,794.16000000,2026-06-11 17:54:59,749.15988000,13
2026-06-11 17:55:00,0.94600000,0.94600000,0.94600000,0.94600000,3560.71000000,2026-06-11 17:59:59,3368.43166000,19
2026-06-11 18:00:00,0.94600000,0.94800000,0.94600000,0.94800000,5861.82000000,2026-06-11 18:04:59,5551.02838000,22
2026-06-11 18:05:00,0.94800000,0.94900000,0.94800000,0.94800000,4657.20000000,2026-06-11 18:09:59,4415.11840000,15
2026-06-11 18:10:00,0.94900000,0.95100000,0.94900000,0.95100000,2424.31000000,2026-06-11 18:14:59,2302.15835000,19
2026-06-11 18:15:00,0.95000000,0.95000000,0.95000000,0.95000000,1139.25000000,2026-06-11 18:19:59,1082.28750000,5
2026-06-11 18:20:00,0.94900000,0.95000000,0.94900000,0.94900000,2389.53000000,2026-06-11 18:24:59,2268.63795000,10
2026-06-11 18:25:00,0.94900000,0.94900000,0.94900000,0.94900000,228.35000000,2026-06-11 18:29:59,216.70415000,3
2026-06-11 18:30:00,0.94900000,0.94900000,0.94900000,0.94900000,1226.76000000,2026-06-11 18:34:59,1164.19524000,3
2026-06-11 18:35:00,0.94900000,0.94900000,0.94900000,0.94900000,1384.40000000,2026-06-11 18:39:59,1313.79560000,8
2026-06-11 18:40:00,0.94900000,0.94900000,0.94900000,0.94900000,796.93000000,2026-06-11 18:44:59,756.28657000,3
2026-06-11 18:45:00,0.94900000,0.94900000,0.94900000,0.94900000,0.00000000,2026-06-11 18:49:59,0.00000000,0
2026-06-11 18:50:00,0.95000000,0.95100000,0.95000000,0.95000000,2702.60000000,2026-06-11 18:54:59,2568.90429000,16
2026-06-11 18:55:00,0.94900000,0.94900000,0.94700000,0.94700000,425.98000000,2026-06-11 18:59:59,403.80456000,5
2026-06-11 19:00:00,0.94700000,0.94900000,0.94700000,0.94900000,595.59000000,2026-06-11 19:04:59,564.62754000,10
2026-06-11 19:05:00,0.94800000,0.94900000,0.94700000,0.94900000,682.52000000,2026-06-11 19:09:59,647.50199000,4
2026-06-11 19:10:00,0.94500000,0.94600000,0.94500000,0.94600000,1691.88000000,2026-06-11 19:14:59,1599.48006000,9
2026-06-11 19:15:00,0.94600000,0.94600000,0.94600000,0.94600000,1198.14000000,2026-06-11 19:19:59,1133.44044000,5
2026-06-11 19:20:00,0.94600000,0.94600000,0.94400000,0.94400000,596.19000000,2026-06-11 19:24:59,562.88876000,13
2026-06-11 19:25:00,0.94400000,0.94500000,0.94400000,0.94400000,543.08000000,2026-06-11 19:29:59,512.68380000,5
2026-06-11 19:30:00,0.94500000,0.94800000,0.94500000,0.94500000,7415.27000000,2026-06-11 19:34:59,7015.42308000,26
2026-06-11 19:35:00,0.94500000,0.94500000,0.94400000,0.94400000,2029.80000000,2026-06-11 19:39:59,1917.39231000,13
2026-06-11 19:40:00,0.94400000,0.94400000,0.94200000,0.94200000,1108.11000000,2026-06-11 19:44:59,1044.92151000,21
2026-06-11 19:45:00,0.94100000,0.94200000,0.94100000,0.94200000,4937.88000000,2026-06-11 19:49:59,4650.30411000,136
2026-06-11 19:50:00,0.94300000,0.94300000,0.94300000,0.94300000,2719.42000000,2026-06-11 19:54:59,2564.41306000,5
2026-06-11 19:55:00,0.94300000,0.94400000,0.94300000,0.94300000,3700.31000000,2026-06-11 19:59:59,3491.00132000,20
2026-06-11 20:00:00,0.94200000,0.94200000,0.94000000,0.94000000,3456.62000000,2026-06-11 20:04:59,3254.46037000,13
2026-06-11 20:05:00,0.94200000,0.94200000,0.94000000,0.94000000,2369.25000000,2026-06-11 20:09:59,2229.39019000,18
2026-06-11 20:10:00,0.94100000,0.94200000,0.94100000,0.94200000,498.33000000,2026-06-11 20:14:59,469.20507000,6
2026-06-11 20:15:00,0.94200000,0.94200000,0.94100000,0.94200000,735.61000000,2026-06-11 20:19:59,692.92966000,11
2026-06-11 20:20:00,0.94200000,0.94300000,0.94200000,0.94300000,3423.86000000,2026-06-11 20:24:59,3227.25599000,17
2026-06-11 20:25:00,0.94300000,0.94300000,0.94000000,0.94100000,7418.43000000,2026-06-11 20:29:59,6981.63398000,35
2026-06-11 20:30:00,0.94000000,0.94400000,0.94000000,0.94300000,6595.73000000,2026-06-11 20:34:59,6210.67631000,21
2026-06-11 20:35:00,0.94300000,0.94400000,0.94100000,0.94400000,4492.64000000,2026-06-11 20:39:59,4233.56471000,22
2026-06-11 20:40:00,0.94200000,0.94600000,0.94200000,0.94500000,10078.33000000,2026-06-11 20:44:59,9515.01502000,34
2026-06-11 20:45:00,0.94300000,0.94300000,0.94200000,0.94200000,139.42000000,2026-06-11 20:49:59,131.46534000,4
2026-06-11 20:50:00,0.94200000,0.94300000,0.94100000,0.94300000,2553.86000000,2026-06-11 20:54:59,2405.81226000,18
2026-06-11 20:55:00,0.94300000,0.94300000,0.94300000,0.94300000,385.00000000,2026-06-11 20:59:59,363.05500000,5
2026-06-11 21:00:00,0.94400000,0.94400000,0.94000000,0.94000000,3036.60000000,2026-06-11 21:04:59,2861.54663000,27
2026-06-11 21:05:00,0.94100000,0.94600000,0.94100000,0.94400000,8487.79000000,2026-06-11 21:09:59,8011.30811000,39
2026-06-11 21:10:00,0.94400000,0.94600000,0.94400000,0.94500000,12389.33000000,2026-06-11 21:14:59,11707.81509000,43
2026-06-11 21:15:00,0.94400000,0.94500000,0.94400000,0.94500000,1656.35000000,2026-06-11 21:19:59,1564.80690000,8
2026-06-11 21:20:00,0.94500000,0.94600000,0.94400000,0.94400000,2239.45000000,2026-06-11 21:24:59,2116.58123000,11
2026-06-11 21:25:00,0.94400000,0.94600000,0.94300000,0.94600000,1132.30000000,2026-06-11 21:29:59,1069.96803000,15
2026-06-11 21:30:00,0.94600000,0.94900000,0.94600000,0.94900000,25897.37000000,2026-06-11 21:34:59,24520.88601000,112
2026-06-11 21:35:00,0.94900000,0.94900000,0.94800000,0.94800000,371.85000000,2026-06-11 21:39:59,352.88005000,8
2026-06-11 21:40:00,0.94700000,0.94800000,0.94700000,0.94800000,1759.15000000,2026-06-11 21:44:59,1667.63546000,7
2026-06-11 21:45:00,0.94900000,0.94900000,0.94800000,0.94800000,1285.02000000,2026-06-11 21:49:59,1218.21241000,6
2026-06-11 21:50:00,0.94800000,0.94800000,0.94700000,0.94700000,3608.33000000,2026-06-11 21:54:59,3417.66702000,19
2026-06-11 21:55:00,0.94700000,0.94700000,0.94600000,0.94600000,319.61000000,2026-06-11 21:59:59,302.36510000,5
2026-06-11 22:00:00,0.94400000,0.94400000,0.94100000,0.94400000,3095.79000000,2026-06-11 22:04:59,2917.26979000,24
2026-06-11 22:05:00,0.94400000,0.94400000,0.94400000,0.94400000,1133.44000000,2026-06-11 22:09:59,1069.96736000,4
2026-06-11 22:10:00,0.94200000,0.94300000,0.94100000,0.94100000,7497.63000000,2026-06-11 22:14:59,7059.28860000,20
2026-06-11 22:15:00,0.94100000,0.94100000,0.93900000,0.94100000,25776.03000000,2026-06-11 22:19:59,24241.14310000,156
2026-06-11 22:20:00,0.94000000,0.94000000,0.93900000,0.93900000,4141.56000000,2026-06-11 22:24:59,3890.47166000,64
2026-06-11 22:25:00,0.93900000,0.93900000,0.93600000,0.93800000,7709.74000000,2026-06-11 22:29:59,7226.30238000,78
2026-06-11 22:30:00,0.93700000,0.93800000,0.93700000,0.93800000,4907.95000000,2026-06-11 22:34:59,4602.52710000,27
2026-06-11 22:35:00,0.93800000,0.93800000,0.93600000,0.93800000,2134.01000000,2026-06-11 22:39:59,2000.35989000,13
2026-06-11 22:40:00,0.93800000,0.93900000,0.93800000,0.93900000,5297.93000000,2026-06-11 22:44:59,4971.05237000,32
2026-06-11 22:45:00,0.93900000,0.94000000,0.93800000,0.94000000,3010.55000000,2026-06-11 22:49:59,2828.04701000,25
2026-06-11 22:50:00,0.94000000,0.94000000,0.94000000,0.94000000,1022.24000000,2026-06-11 22:54:59,960.90560000,1
2026-06-11 22:55:00,0.94000000,0.94000000,0.93900000,0.94000000,2245.20000000,2026-06-11 22:59:59,2109.24184000,9
2026-06-11 23:00:00,0.94100000,0.94200000,0.94100000,0.94100000,1617.41000000,2026-06-11 23:04:59,1522.02179000,21
2026-06-11 23:05:00,0.94200000,0.94400000,0.94200000,0.94400000,335.68000000,2026-06-11 23:09:59,316.31846000,4
2026-06-11 23:10:00,0.94400000,0.94500000,0.94400000,0.94400000,7999.64000000,2026-06-11 23:14:59,7557.25182000,26
2026-06-11 23:15:00,0.94400000,0.94400000,0.94300000,0.94300000,6103.92000000,2026-06-11 23:19:59,5761.43983000,19
2026-06-11 23:20:00,0.94500000,0.94600000,0.94500000,0.94600000,2198.36000000,2026-06-11 23:24:59,2077.51445000,12
2026-06-11 23:25:00,0.94700000,0.94800000,0.94600000,0.94800000,7283.97000000,2026-06-11 23:29:59,6896.74395000,78
2026-06-11 23:30:00,0.94900000,0.95100000,0.94800000,0.94800000,11780.12000000,2026-06-11 23:34:59,11180.99080000,108
2026-06-11 23:35:00,0.94800000,0.95000000,0.94800000,0.94900000,2577.70000000,2026-06-11 23:39:59,2445.73879000,29
2026-06-11 23:40:00,0.94900000,0.95100000,0.94900000,0.95100000,2133.09000000,2026-06-11 23:44:59,2026.86319000,25
2026-06-11 23:45:00,0.95000000,0.95000000,0.94800000,0.94800000,2338.57000000,2026-06-11 23:49:59,2219.99137000,9
2026-06-11 23:50:00,0.94800000,0.94800000,0.94800000,0.94800000,210.97000000,2026-06-11 23:54:59,199.99956000,1
2026-06-11 23:55:00,0.94700000,0.94800000,0.94700000,0.94800000,7527.22000000,2026-06-11 23:59:59,7135.49621000,21
2026-06-12 00:00:00,0.94800000,0.94900000,0.94800000,0.94900000,2089.78000000,2026-06-12 00:04:59,1983.07909000,15
2026-06-12 00:05:00,0.94900000,0.94900000,0.94800000,0.94800000,248.46000000,2026-06-12 00:09:59,235.77854000,4
2026-06-12 00:10:00,0.94900000,0.95000000,0.94900000,0.94900000,2595.84000000,2026-06-12 00:14:59,2463.46794000,10
2026-06-12 00:15:00,0.94900000,0.94900000,0.94900000,0.94900000,19.52000000,2026-06-12 00:19:59,18.52448000,2
2026-06-12 00:20:00,0.94800000,0.94800000,0.94600000,0.94600000,1099.52000000,2026-06-12 00:24:59,1041.13110000,13
2026-06-12 00:25:00,0.94600000,0.94700000,0.94600000,0.94700000,1699.47000000,2026-06-12 00:29:59,1609.09867000,8
2026-06-12 00:30:00,0.94800000,0.94800000,0.94700000,0.94800000,3301.10000000,2026-06-12 00:34:59,3129.43221000,13
2026-06-12 00:35:00,0.94900000,0.95000000,0.94700000,0.94700000,1753.25000000,2026-06-12 00:39:59,1661.96713000,11
2026-06-12 00:40:00,0.94700000,0.94700000,0.94600000,0.94600000,3492.94000000,2026-06-12 00:44:59,3305.50575000,9
2026-06-12 00:45:00,0.94600000,0.94900000,0.94600000,0.94700000,2034.72000000,2026-06-12 00:49:59,1928.66374000,16
2026-06-12 00:50:00,0.94700000,0.94700000,0.94700000,0.94700000,1016.22000000,2026-06-12 00:54:59,962.36034000,4